pair,k1,k2,name1,name2,league,start_time,fair1,fair2,quote1,quote2,limit_usd,seen_at,obs_at,cutoff_at,version,mins_to_start,n_seen,matchup_id
abasolo|t|henning|p,abasolo|t,henning|p,Tomas Curras Abasolo,Philip Henning,ITF Men Setubal - R16,2026-09-24 12:00:00,0.06520145397293842,0.9347985460270616,0.08628127696289906,0.9510044096031357,350,2026-09-24 09:01:06,2026-09-24 08:56:18,2026-09-24 12:00:00,3740192927,178.9,37,
abasolo|t|schlossmann|f,abasolo|t,schlossmann|f,Tomas Curras Abasolo,Frederic Schlossmann,ITF Men Setubal - R1,2026-09-23 11:26:06,0.653912699311627,0.34608730068837296,0.6774193548387096,0.37037037037037035,450,2026-09-23 11:29:14,2026-09-23 11:17:47,2026-09-23 11:26:06,3739379511,-3.1,38,
abbagnato|a|malmkjaer|e,abbagnato|a,malmkjaer|e,Anastasia Abbagnato,Emma Kamper Malmkjaer,ITF Women Berkeley - R1,2026-09-23 18:00:00,0.4178885707669799,0.5821114292330201,0.4424778761061947,0.6062992125984252,450,2026-09-23 18:07:25,2026-09-23 17:53:58,2026-09-23 18:00:00,3739649255,-7.5,80,
abe|h|arakawa|h,abe|h,arakawa|h,Hiromi Abe,Haruna Arakawa,ITF Women Nanao - R1,2026-09-23 01:00:00,0.8678399320096677,0.13216006799033242,0.8888888888888888,0.1564945226917058,450,2026-09-23 00:58:42,2026-09-23 00:58:34,2026-09-23 01:00:00,3738976758,1.3,158,
abe|h|hosogi|s,abe|h,hosogi|s,Hiromi Abe,Sakura Hosogi,ITF Women Nanao - Final,2026-09-27 02:00:00,0.7754059332396981,0.2245940667603019,0.7983870967741935,0.24937655860349128,750,2026-09-27 01:08:21,2026-09-27 01:05:26,2026-09-27 02:00:00,3743697735,51.6,119,
abe|h|ishii|s,abe|h,ishii|s,Hiromi Abe,Sayaka Ishii,ITF Women Nanao - SF,2026-09-26 03:00:00,0.7177024109895731,0.282297589010427,0.7409326424870467,0.3067484662576687,550,2026-09-26 00:57:54,2026-09-26 00:56:29,2026-09-26 03:00:00,3741857635,122.1,103,
abe|h|lu|j,abe|h,lu|j,Hiromi Abe,Jia-Jing Lu,ITF Women Kyoto - Final,2026-09-20 01:30:00,0.414407843712335,0.585592156287665,0.43859649122807015,0.609375,750,2026-09-20 01:31:56,2026-09-20 01:31:14,2026-09-20 02:30:00,3735711541,-2.0,138,
abe|h|matsuda|r,abe|h,matsuda|r,Hiromi Abe,Rinko Matsuda,ITF Women Kyoto - SF,2026-09-19 01:13:27,0.5544122104497016,0.44558778955029815,0.5780590717299579,0.4694835680751174,750,2026-09-19 01:19:41,2026-09-19 01:07:09,2026-09-19 01:13:27,3733632883,-6.2,118,
abe|h|mushika|m,abe|h,mushika|m,Hiromi Abe,Mio Mushika,ITF Women Kyoto - R16,2026-09-17 01:00:00,0.8458525332773386,0.15414746672266152,0.8677248677248678,0.17889087656529518,450,2026-09-17 00:58:06,2026-09-17 00:48:49,2026-09-17 01:00:00,3731530574,1.9,39,
abe|h|sawashiro|k,abe|h,sawashiro|k,Hiromi Abe,Kanon Sawashiro,ITF Women Nanao - R16,2026-09-24 01:13:02,0.7855585347928299,0.21444146520717028,0.8084291187739464,0.23923444976076558,450,2026-09-24 01:10:36,2026-09-24 01:08:07,2026-09-24 01:13:02,3740028752,2.4,82,
abe|h|shimizu|e,abe|h,shimizu|e,Hiromi Abe,Eri Shimizu,ITF Women Nanao - QF,2026-09-25 01:00:00,0.72716790725985,0.27283209274014997,0.7506234413965087,0.2976190476190476,750,2026-09-25 01:01:04,2026-09-25 00:47:25,2026-09-25 01:00:00,3740894044,-1.1,103,
aboian|v|angelo|j,aboian|v,angelo|j,Valerio Aboian,Juan Carlos Prado Angelo,ATP Challenger Buenos Aires - R16,2026-09-24 21:22:38,0.3220568801834777,0.6779431198165223,0.3436426116838488,0.6987951807228916,1750,2026-09-24 21:27:44,2026-09-24 21:16:05,2026-09-24 21:22:38,3740811005,-5.1,76,
aboian|v|cundom|j,aboian|v,cundom|j,Valerio Aboian,Julian Cundom,ATP Challenger Buenos Aires - Qualifiers,2026-09-20 15:24:10,0.8746723156410136,0.12532768435898642,0.9025341130604289,0.1597444089456869,100,2026-09-20 15:27:30,2026-09-20 15:27:30,2026-09-20 15:24:10,3736749918,-3.4,42,
aboian|v|descotte|m,aboian|v,descotte|m,Valerio Aboian,Matias Franco Descotte,ATP Challenger Buenos Aires - Qualifiers,2026-09-21 15:25:00,0.8715699416850847,0.12843005831491522,0.8995983935742973,0.16286644951140067,125,2026-09-21 15:22:15,2026-09-21 15:15:27,2026-09-21 15:25:00,3737769892,2.7,40,
aboian|v|olivieri|g,aboian|v,olivieri|g,Valerio Aboian,Genaro Alberto Olivieri,ATP Challenger Buenos Aires - R1,2026-09-22 16:52:30,0.3613611880405896,0.6386388119594104,0.38314176245210724,0.6598639455782314,1750,2026-09-22 16:56:32,2026-09-22 16:43:10,2026-09-22 16:52:30,3738621584,-4.1,52,
abouelsaad|h|golovina|m,abouelsaad|h,golovina|m,Hania Abouelsaad,Maria Golovina,ITF Women Sharm El Sheikh - R16,2026-09-24 11:54:02,0.07716836037459929,0.9228316396254005,0.0992063492063492,0.9402985074626866,450,2026-09-24 11:57:16,2026-09-24 11:57:16,2026-09-24 11:54:02,3740370769,-3.3,44,
abouelsaad|h|lim|a,abouelsaad|h,lim|a,Hania Abouelsaad,Alize Lim,ITF Women Sharm El Sheikh - R1,2026-09-23 09:00:00,0.2512414537379262,0.7487585462620739,0.27624309392265195,0.7722095671981777,450,2026-09-23 07:59:40,2026-09-23 07:46:21,2026-09-23 09:00:00,3739137996,60.3,24,
adams|j|yaneva|e,adams|j,yaneva|e,Julia Adams,Elizara Yaneva,ITF Women Pazardzhik - QF,2026-09-17 09:00:00,0.06663779698830628,0.9333622030116937,0.08787346221441124,0.9497487437185929,550,2026-09-17 07:03:41,2026-09-17 06:51:13,2026-09-17 09:00:00,3731675849,116.3,36,
added|d|onclin|g,added|d,onclin|g,Dan Added,Gauthier Onclin,ATP Challenger Mouilleron-Le-Captif - R1,2026-09-28 15:07:31,0.24488963879626272,0.7551103612037373,0.267379679144385,0.7762863534675616,1750,2026-09-28 15:13:32,2026-09-28 15:02:32,2026-09-28 15:07:31,3745517897,-6.1,104,
adeshina|e|jamshidi|e,adeshina|e,jamshidi|e,Esther Adeshina,Elena Jamshidi,ITF Women Sharm El Sheikh - R16,2026-09-24 06:30:00,0.9318916050475726,0.06810839495242739,0.9484270242392986,0.08944543828264759,450,2026-09-24 06:34:42,2026-09-24 06:25:16,2026-09-24 06:30:00,3740115036,-4.7,30,
adeshina|e|pawlikowska|z,adeshina|e,pawlikowska|z,Esther Adeshina,Zuzanna Pawlikowska,ITF Women Sharm El Sheikh - QF,2026-09-25 07:30:00,0.34608730068837296,0.653912699311627,0.37037037037037035,0.6774193548387096,750,2026-09-25 06:38:22,2026-09-25 06:37:52,2026-09-25 06:46:22,3740998025,51.6,30,
adeshina|e|zelinskaya|d,adeshina|e,zelinskaya|d,Esther Adeshina,Daria Zelinskaya,ITF Women Sharm El Sheikh - R1,2026-09-23 06:48:39,0.5423142091883913,0.4576857908116087,0.5652173913043479,0.4807692307692307,450,2026-09-23 06:55:26,2026-09-23 06:43:35,2026-09-23 06:48:39,3739126924,-6.8,18,
agafonov|e|yilmaz|k,agafonov|e,yilmaz|k,Egor Agafonov,Kerem Yilmaz,ITF Men Baku - R1,2026-09-22 07:30:00,0.5192593015921397,0.4807406984078603,0.5433789954337899,0.504950495049505,450,2026-09-22 07:35:12,2026-09-22 07:21:45,2026-09-22 07:30:00,3738124201,-5.2,52,
agamenone|f|parisca|i,agamenone|f,parisca|i,Franco Agamenone,Ignacio Parisca,ATP Challenger Bari - Qualifiers,2026-09-27 09:42:31,0.6516036451076997,0.3483963548923003,0.6794871794871794,0.37735849056603776,175,2026-09-27 09:47:54,2026-09-27 09:34:37,2026-09-27 09:42:31,3744002606,-5.4,23,
agamenone|f|sperle|j,agamenone|f,sperle|j,Franco Agamenone,John Sperle,ATP Challenger Bari - Qualifiers,2026-09-28 09:00:00,0.6379344425304304,0.36206555746956964,0.6655518394648829,0.390625,350,2026-09-28 08:03:03,2026-09-28 08:01:53,2026-09-28 09:00:00,3745323039,56.9,69,
agostini|s|mano|a,agostini|s,mano|a,Simone Agostini,Alejandro Juan Mano,ATP Challenger Genoa - Qualifiers,2026-09-20 08:45:34,0.038399204187944125,0.9616007958120559,0.06752194463200539,0.9784529196293902,50,2026-09-20 08:49:59,2026-09-20 08:37:23,2026-09-20 08:45:34,3735944077,-4.4,39,
aguiard|e|atmane|t,aguiard|e,atmane|t,Enzo Aguiard,Terence Atmane,ATP Challenger Jingshan - Qualifiers,2026-09-29 05:10:00,0.12471552941891975,0.8752844705810807,0.151285930408472,0.8977505112474436,325,2026-09-29 05:04:10,2026-09-29 04:54:56,2026-09-29 05:03:15,3745824878,5.8,95,
aguiard|e|li|s,aguiard|e,li|s,Enzo Aguiard,Shanghui Li,ITF Men Yinchuan - R1,2026-09-23 02:13:06,0.984024026337186,0.015975973662814034,0.9911668580514088,0.02872737719046251,450,2026-09-23 02:10:35,2026-09-23 02:08:29,2026-09-23 02:13:06,3739005807,2.5,5,
aguiard|e|peliwo|f,aguiard|e,peliwo|f,Enzo Aguiard,Filip Peliwo,ITF Men Yinchuan - R16,2026-09-24 04:00:00,0.7703409506284279,0.22965904937157222,0.793388429752066,0.2544529262086514,450,2026-09-24 03:47:25,2026-09-24 03:39:08,2026-09-24 03:47:18,3740098984,12.6,71,
aguilar|d|garin|c,aguilar|d,garin|c,Daniel Merida Aguilar,Cristian Garin,Davis Cup - Qualifiers,2026-09-20 18:14:00,0.6596310878664752,0.3403689121335249,0.6784565916398714,0.3597122302158273,1750,2026-09-20 17:05:49,2026-09-20 17:03:01,2026-09-20 18:23:00,3736976015,68.2,64,
aguilar|d|tabilo|a,aguilar|d,tabilo|a,Daniel Merida Aguilar,Alejandro Tabilo,Davis Cup - Qualifiers,2026-09-19 16:24:04,0.4522267002956714,0.5477732997043286,0.4716981132075471,0.5670995670995671,1750,2026-09-19 16:30:27,2026-09-19 16:17:05,2026-09-19 16:24:04,3734934470,-6.4,61,
agwi|m|barrera|a,agwi|m,barrera|a,Michael Agwi,Adria Soriano Barrera,ITF Men Setubal - R1,2026-09-23 13:20:37,0.49772722576815714,0.5022727742318428,0.5215311004784688,0.5260663507109005,450,2026-09-23 13:18:06,2026-09-23 13:10:56,2026-09-23 13:20:37,3739493640,2.5,128,
agwi|m|murgett|f,agwi|m,murgett|f,Michael Agwi,Finn Murgett,ITF Men Setubal - QF,2026-09-25 09:42:15,0.6521602006833357,0.34783979931666453,0.6753246753246753,0.3717472118959108,750,2026-09-25 09:44:51,2026-09-25 09:35:49,2026-09-25 09:42:15,3741090497,-2.6,42,
agwi|m|rocha|f,agwi|m,rocha|f,Michael Agwi,Francisco Rocha,ITF Men Setubal - R16,2026-09-24 11:36:30,0.6074206348728012,0.39257936512719893,0.6309963099630996,0.4166666666666667,450,2026-09-24 11:40:21,2026-09-24 11:27:18,2026-09-24 11:36:30,3740356780,-3.9,52,
agwi|m|tabacco|g,agwi|m,tabacco|g,Michael Agwi,Giorgio Tabacco,ITF Men Sintra - R16,2026-09-17 11:52:09,0.5192593015921397,0.4807406984078603,0.5433789954337899,0.504950495049505,450,2026-09-17 11:56:28,2026-09-17 11:43:52,2026-09-17 11:52:09,3731879079,-4.3,59,
agwi|m|torre|i,agwi|m,torre|i,Michael Agwi,Inaki Montes-De La Torre,ITF Men Setubal - SF,2026-09-26 10:30:00,0.22214466530148713,0.777855334698513,0.2469135802469136,0.800796812749004,750,2026-09-26 09:39:04,2026-09-26 09:39:04,2026-09-26 09:40:39,3742229514,50.9,50,
ajdukovic|d|morillo|i,ajdukovic|d,morillo|i,Duje Ajdukovic,Imanol Lopez Morillo,ATP Challenger Bari - Qualifiers,2026-09-27 08:05:00,0.7610636974874307,0.2389363025125692,0.7885835095137421,0.26881720430107525,175,2026-09-27 08:02:10,2026-09-27 08:02:10,2026-09-27 08:05:00,3743925468,2.8,14,
akli|a|knutson|g,akli|a,knutson|g,Ayana Akli,Gabriela Knutson,WTA 125K Porto - R16,2026-09-23 11:30:00,0.35252455996517107,0.6474754400348289,0.37453183520599254,0.6688741721854304,1750,2026-09-23 11:39:30,2026-09-23 11:25:01,2026-09-23 11:30:00,3739217283,-9.5,47,
akli|a|koevermans|a,akli|a,koevermans|a,Ayana Akli,Anouk Koevermans,WTA 125K Porto - R1,2026-09-21 11:30:00,0.37690208337739506,0.623097916622605,0.39840637450199207,0.6441281138790036,1750,2026-09-21 11:34:36,2026-09-21 11:29:03,2026-09-21 11:30:00,3737587771,-4.6,101,
aksu|a|gjorcheska|l,aksu|a,gjorcheska|l,Ayla Aksu,Lina Gjorcheska,WTA 125K Ankara - R1,2026-09-21 16:00:00,0.543265052806315,0.45673494719368496,0.5670995670995671,0.4807692307692307,275,2026-09-21 10:30:24,2026-09-21 10:21:33,2026-09-21 16:00:00,3737606526,329.6,10,
aksu|a|naito|y,aksu|a,naito|y,Ayla Aksu,Yuki Naito,WTA 125K Ankara - R1,2026-09-21 17:18:18,0.6014305710296673,0.39856942897033276,0.6226415094339623,0.42016806722689076,1750,2026-09-21 17:24:23,2026-09-21 17:12:52,2026-09-21 17:18:18,3737838017,-6.1,44,
aksu|a|shi|h,aksu|a,shi|h,Ayla Aksu,Han Shi,WTA 125K Ankara - R16,2026-09-23 14:54:50,0.35946537724811495,0.6405346227518851,0.38167938931297707,0.6621621621621622,1750,2026-09-23 14:55:45,2026-09-23 14:49:09,2026-09-23 14:54:50,3739581549,-0.9,41,
aksu|s|yashina|e,aksu|s,yashina|e,Semra Aksu,Ekaterina Yashina,WTA 125K Ankara - Qualifiers,2026-09-20 09:10:00,0.154489026139778,0.8455109738602221,0.17921146953405018,0.8673740053050397,875,2026-09-20 09:03:02,2026-09-20 08:52:29,2026-09-20 09:10:00,3735961346,6.9,42,
akugue|n|crawley|f,akugue|n,crawley|f,Noma Noha Akugue,Fiona Crawley,WTA 125K Adana - R1,2026-09-28 10:55:07,0.4454044209699681,0.5545955790300319,0.4672897196261683,0.576271186440678,1750,2026-09-28 10:59:38,2026-09-28 10:47:56,2026-09-28 10:55:07,3745399784,-4.5,31,
akugue|n|rapolu|m,akugue|n,rapolu|m,Noma Noha Akugue,Malaika Rapolu,WTA 125k Caldas Da Rainha - R16,2026-09-17 13:00:00,0.5424996913979294,0.45750030860207047,0.5633187772925764,0.47846889952153115,1750,2026-09-17 12:09:54,2026-09-17 12:09:54,2026-09-17 12:10:35,3731891387,50.1,61,
alarcon|l|goto|r,alarcon|l,goto|r,Lucciana Perez Alarcon,Reina Goto,ITF Women Berkeley - R16,2026-09-24 19:00:00,0.5474182092080234,0.4525817907919766,0.5708154506437768,0.47619047619047616,450,2026-09-24 18:07:31,2026-09-24 17:59:50,2026-09-24 19:00:00,3740590421,52.5,88,
alarcon|l|koike|e,alarcon|l,koike|e,Lucciana Perez Alarcon,Ena Koike,ITF Women Berkeley - R1,2026-09-23 17:14:11,0.3932788855464865,0.6067211144535135,0.4166666666666667,0.6296296296296295,450,2026-09-23 17:22:52,2026-09-23 17:08:36,2026-09-23 17:14:11,3739707330,-8.7,73,
alarcon|l|malmkjaer|e,alarcon|l,malmkjaer|e,Lucciana Perez Alarcon,Emma Kamper Malmkjaer,ITF Women Berkeley - QF,2026-09-25 19:09:20,0.6035882093037451,0.39641179069625493,0.626865671641791,0.42016806722689076,750,2026-09-25 19:11:55,2026-09-25 19:03:04,2026-09-25 19:09:20,3741663494,-2.6,81,
alarcon|l|preston|j,alarcon|l,preston|j,Lucciana Perez Alarcon,Janae Preston,ITF Women Berkeley - SF,2026-09-26 19:00:00,0.38950601328645296,0.610493986713547,0.4132231404958678,0.6336996336996338,750,2026-09-26 17:15:39,2026-09-26 17:05:50,2026-09-26 17:12:56,3743131971,104.3,102,
albieri|s|moraes|m,albieri|s,moraes|m,Sofia Omati Albieri,Maria Moraes,ITF Women Belem - R1,2026-09-22 18:00:00,0.9568160315624131,0.04318396843758716,0.9700059988002399,0.06180469715698393,450,2026-09-22 17:59:41,2026-09-22 17:55:50,2026-09-22 19:00:00,3738672774,0.3,84,
albieri|s|sharma|a,albieri|s,sharma|a,Sofia Omati Albieri,Astra Sharma,ITF Women Belem - R16,2026-09-24 15:00:00,0.02635039442341625,0.9736496055765835,0.0501002004008016,0.9863032461306669,150,2026-09-24 02:29:17,2026-09-24 02:23:38,2026-09-24 15:00:00,3740069499,750.7,4,
albieri|s|vidal|l,albieri|s,vidal|l,Sofia Omati Albieri,Leticia Garcia Vidal,ITF Women Sao Luis - R16,2026-09-17 14:40:45,0.108695652173913,0.891304347826087,0.1322751322751323,0.9111111111111111,450,2026-09-17 14:46:02,2026-09-17 14:33:25,2026-09-17 14:40:45,3731999298,-5.3,77,
alcaraz|c|fritz|t,alcaraz|c,fritz|t,Carlos Alcaraz,Taylor Fritz,ATP Laver Cup,2026-09-26 18:30:00,0.7706061831358126,0.2293938168641871,0.7872340425531915,0.2469135802469136,2500,2026-09-26 18:26:43,2026-09-26 18:22:06,2026-09-26 18:29:27,3743277445,3.3,77,
alcaraz|c|minaur|a,alcaraz|c,minaur|a,Carlos Alcaraz,Alex De Minaur,ATP Laver Cup,2026-09-27 15:00:00,0.7401957996839682,0.2598042003160318,0.75669099756691,0.2770083102493075,2500,2026-09-27 15:26:16,2026-09-27 15:12:38,2026-09-27 15:00:00,3744526178,-26.3,51,
aleshchev|a|yilmaz|k,aleshchev|a,yilmaz|k,Alexey Aleshchev,Kerem Yilmaz,ITF Men Baku - R1,2026-09-29 06:39:52,0.18172569568307945,0.8182743043169204,0.2066115702479339,0.840764331210191,450,2026-09-29 06:36:32,2026-09-29 06:36:32,2026-09-29 06:39:52,3745856339,3.3,76,
alfano|f|giorgio|p,alfano|f,giorgio|p,Filippo Alfano,Pasquale De Giorgio,ITF Men Santa Margherita di Pula - R1,2026-09-22 09:25:19,0.3239006172634166,0.6760993827365833,0.3484320557491289,0.6996996996996997,450,2026-09-22 09:32:05,2026-09-22 09:18:23,2026-09-22 09:25:19,3738255730,-6.8,38,
alhogbani|a|krajci|m,alhogbani|a,krajci|m,Ammar Faleh Alhogbani,Michal Krajci,ITF Men Sharm El Sheikh - R1,2026-09-23 09:31:35,0.16671557851303107,0.8332844214869689,0.19157088122605365,0.8554913294797688,450,2026-09-23 09:31:00,2026-09-23 09:23:32,2026-09-23 09:31:35,3739255383,0.6,33,
aliassime|f|halys|q,aliassime|f,halys|q,Felix Auger-Aliassime,Quentin Halys,Davis Cup - Qualifiers,2026-09-18 23:02:00,0.7776951876937207,0.22230481230627935,0.7963340122199593,0.24213075060532688,1750,2026-09-18 23:10:53,2026-09-18 23:10:53,2026-09-18 23:02:00,3733549207,-9.0,101,
alkaya|m|cerundolo|f,alkaya|m,cerundolo|f,Mert Alkaya,Francisco Cerundolo,Davis Cup World - Group 1,2026-09-20 17:06:00,0.12477019680916078,0.875229803190839,0.14388489208633093,0.8921251348435815,1000,2026-09-20 16:12:08,2026-09-20 16:06:42,2026-09-20 16:13:38,3736860440,53.8,58,
alkaya|m|tirante|t,alkaya|m,tirante|t,Mert Alkaya,Thiago Agustin Tirante,Davis Cup World - Group 1,2026-09-19 16:49:00,0.16739421790989223,0.8326057820901076,0.18214936247723132,0.8463901689708141,2250,2026-09-19 17:05:01,2026-09-19 16:58:05,2026-09-19 17:05:21,3735041725,-16.0,57,
almeida|m|dellien|h,almeida|m,dellien|h,Matheus Pucinelli De Almeida,Hugo Dellien,ATP Challenger Buenos Aires - R1,2026-09-22 13:10:00,0.39856942897033276,0.6014305710296673,0.42016806722689076,0.6226415094339623,1750,2026-09-22 13:08:29,2026-09-22 13:08:29,2026-09-22 13:16:21,3738448714,1.4,48,
alopaeus|f|lane|l,alopaeus|f,lane|l,Felix Alopaeus,Lewie Lane,ITF Men Falun - R1,2026-09-22 12:00:00,0.49772722576815714,0.5022727742318428,0.5215311004784688,0.5260663507109005,450,2026-09-22 12:00:49,2026-09-22 11:53:35,2026-09-22 12:00:00,3738371241,-0.8,81,
altinel|a|shi|h,altinel|a,shi|h,Alya Naz Altinel,Han Shi,WTA 125K Ankara - R1,2026-09-22 12:30:00,0.01616524804213254,0.9838347519578677,0.03428179636612958,0.9924522605479658,200,2026-09-22 12:29:34,2026-09-22 12:23:45,2026-09-22 13:30:00,3738409885,0.4,17,
altmaier|d|cui|j,altmaier|d,cui|j,Daniel Altmaier,Jie Cui,ATP Beijing - Qualifiers,2026-09-28 11:00:00,0.7129660314007342,0.2870339685992657,0.7319034852546916,0.3067484662576687,1750,2026-09-28 10:01:41,2026-09-28 09:59:03,2026-09-28 11:00:00,3745373618,58.3,30,
altmaier|d|dodig|m,altmaier|d,dodig|m,Daniel Altmaier,Matej Dodig,Davis Cup - Qualifiers,2026-09-20 13:44:00,0.6288358175984872,0.37116418240151283,0.647887323943662,0.390625,1750,2026-09-20 13:50:17,2026-09-20 13:37:25,2026-09-20 13:44:00,3736471267,-6.3,80,
altmaier|d|prizmic|d,altmaier|d,prizmic|d,Daniel Altmaier,Dino Prizmic,Davis Cup - Qualifiers,2026-09-19 14:38:28,0.393710852826304,0.606289147173696,0.4132231404958678,0.6254681647940076,1750,2026-09-19 14:40:33,2026-09-19 14:30:29,2026-09-19 14:38:28,3734575938,-2.1,80,
alvarez|a|fabre|a,alvarez|a,fabre|a,Alejandro Turriziani Alvarez,Antoni Fabre,ITF Men Melilla - QF,2026-09-18 10:00:00,0.6074206348728012,0.39257936512719893,0.6309963099630996,0.4166666666666667,750,2026-09-18 09:58:42,2026-09-18 09:46:24,2026-09-18 10:00:00,3732569345,1.3,78,
alvarez|a|marino|p,alvarez|a,marino|p,Alejandro Turriziani Alvarez,Pietro Marino,ITF Men Melilla - SF,2026-09-19 08:00:00,0.49090608366129546,0.5090939163387046,0.5145631067961165,0.5327102803738317,750,2026-09-19 08:08:36,2026-09-19 08:06:58,2026-09-19 08:11:36,3733825798,-8.6,60,
alvarez|a|toffanin|n,alvarez|a,toffanin|n,Alejandro Turriziani Alvarez,Nicolo Toffanin,ITF Men Melilla - R16,2026-09-17 11:30:00,0.8330020045529123,0.16699799544708782,0.8552821997105645,0.19193857965451055,450,2026-09-17 10:41:18,2026-09-17 10:37:42,2026-09-17 10:41:02,3731826928,48.7,50,
alvarez|l|gulin|s,alvarez|l,gulin|s,Luis Carlos Alvarez,Svyatoslav Gulin,ATP Challenger Bari - Qualifiers,2026-09-27 13:59:45,0.3291810440997696,0.6708189559002303,0.35842293906810035,0.6987951807228916,350,2026-09-27 13:58:40,2026-09-27 13:47:08,2026-09-27 14:00:00,3744266266,1.1,49,
alves|m|chabalgoity|p,alves|m,chabalgoity|p,Mateus Alves,Pedro Henrique Chabalgoity,ITF Men Curitiba - R16,2026-09-24 19:41:08,0.9727386820411988,0.027261317958801146,0.9828473413379073,0.04306632213608958,450,2026-09-24 19:59:26,2026-09-24 19:45:30,2026-09-24 19:41:08,3740742427,-18.4,71,
alves|m|leite|w,alves|m,leite|w,Mateus Alves,Wilson Leite,ITF Men Curitiba - SF,2026-09-26 16:00:00,0.8932160773359792,0.10678392266402129,0.9129677980852916,0.1303780964797914,750,2026-09-26 15:19:41,2026-09-26 15:09:38,2026-09-26 16:00:00,3742833760,40.3,83,
alves|m|loureiro|j,alves|m,loureiro|j,Mateus Alves,Joao Victor Couto Loureiro,ITF Men Curitiba - QF,2026-09-25 16:50:49,0.9026602467052559,0.09733975329474409,0.9217527386541472,0.12048192771084336,750,2026-09-25 16:57:55,2026-09-25 16:46:12,2026-09-25 16:50:49,3741444988,-7.1,76,
alves|m|sakamoto|p,alves|m,sakamoto|p,Mateus Alves,Pedro Sakamoto,ITF Men Curitiba - Final,2026-09-27 14:15:19,0.7100162343665547,0.28998376563344525,0.7333333333333333,0.31446540880503143,750,2026-09-27 14:26:25,2026-09-27 14:11:27,2026-09-27 14:15:19,3744401002,-11.1,77,
alves|m|salvo|m,alves|m,salvo|m,Mateus Alves,Manuel Mouilleron Salvo,ITF Men Curitiba - R1,2026-09-23 21:55:21,0.9656279026606561,0.03437209733934386,0.9772416932180247,0.05159958720330238,450,2026-09-23 22:01:04,2026-09-23 21:51:49,2026-09-23 21:55:21,3739930433,-5.7,52,
amariei|i|janicijevic|s,amariei|i,janicijevic|s,Ilinca Dalina Amariei,Selena Janicijevic,ITF Women Plovdiv - R1,2026-09-23 10:58:16,0.44759153219289183,0.5524084678071083,0.4716981132075471,0.576271186440678,450,2026-09-23 11:00:20,2026-09-23 10:49:52,2026-09-23 10:58:16,3739348353,-2.1,109,
amariei|i|olmo|a,amariei|i,olmo|a,Ilinca Dalina Amariei,Ane Mintegi Del Olmo,ITF Women Plovdiv - QF,2026-09-25 09:30:00,0.21767546586745312,0.782324534132547,0.24271844660194175,0.8054474708171206,750,2026-09-25 10:34:04,2026-09-25 10:21:05,2026-09-25 09:30:00,3740996274,-64.1,71,
amariei|i|oz|i,amariei|i,oz|i,Ilinca Dalina Amariei,Ipek Oz,ITF Women Plovdiv - R16,2026-09-24 10:30:44,0.21537448041887156,0.7846255195811285,0.24038461538461536,0.8076923076923077,450,2026-09-24 10:33:52,2026-09-24 10:33:52,2026-09-24 10:30:44,3740307094,-3.2,41,
anavatan|m|lumsden|e,anavatan|m,lumsden|e,Melih Anavatan,Ewen Lumsden,ITF Men Monastir - R1,2026-09-23 12:30:14,0.2595381285663759,0.7404618714336239,0.2840909090909091,0.7635933806146572,450,2026-09-23 12:34:50,2026-09-23 12:25:33,2026-09-23 12:30:14,3739447325,-4.6,25,
andaloro|f|colasanto|f,andaloro|f,colasanto|f,Fabrizio Andaloro,Francesco Giuseppe Colasanto,ATP Challenger Bari - Qualifiers,2026-09-27 15:00:00,0.9637901704539188,0.036209829546081276,0.9800518651506084,0.0648508430609598,50,2026-09-27 13:58:40,2026-09-27 13:55:11,2026-09-27 15:00:00,3744210664,61.3,49,
andrade|a|basavareddy|n,andrade|a,basavareddy|n,Andres Andrade,Nishesh Basavareddy,ATP Challenger San Diego - QF,2026-09-26 02:00:00,0.3064803258182855,0.6935196741817142,0.3236245954692557,0.7101449275362319,2500,2026-09-26 01:59:53,2026-09-26 01:56:52,2026-09-26 03:00:00,3741950702,0.1,115,
andrade|a|blanch|d,andrade|a,blanch|d,Andres Andrade,Darwin Blanch,ATP Challenger San Diego - R16,2026-09-24 22:00:00,0.3273537521781721,0.6726462478218278,0.34965034965034963,0.6941896024464832,1750,2026-09-24 21:18:34,2026-09-24 21:04:29,2026-09-24 22:00:00,3740808778,41.4,68,
andrade|a|fery|a,andrade|a,fery|a,Andres Andrade,Arthur Fery,Davis Cup - Qualifiers,2026-09-20 12:55:00,0.25129230361655025,0.7487076963834498,0.2710027100271003,0.7674418604651163,1750,2026-09-20 12:53:09,2026-09-20 12:53:09,2026-09-20 12:55:00,3736316495,1.8,73,
andrade|a|samuel|t,andrade|a,samuel|t,Andres Andrade,Toby Samuel,Davis Cup - Qualifiers,2026-09-19 12:00:00,0.2017516302331391,0.798248369766861,0.22172949002217296,0.8168498168498168,1300,2026-09-19 12:05:37,2026-09-19 11:56:13,2026-09-19 12:00:00,3734119446,-5.6,63,
andrade|a|shelbayh|a,andrade|a,shelbayh|a,Andres Andrade,Abdullah Shelbayh,ATP Challenger San Diego - R1,2026-09-23 19:00:00,0.40341272558041175,0.5965872744195884,0.425531914893617,0.6183206106870228,1750,2026-09-23 18:07:25,2026-09-23 18:05:22,2026-09-23 18:14:16,3739767170,52.5,60,
andreescu|s|obradovic|d,andreescu|s,obradovic|d,Stefan Adrian Andreescu,Dusan Obradovic,ATP Challenger Plovdiv - Qualifiers,2026-09-20 10:20:00,0.45928759642724093,0.5407124035727591,0.48780487804878053,0.5689655172413793,350,2026-09-20 10:27:04,2026-09-20 10:19:34,2026-09-20 10:23:51,3736072801,-7.1,51,
andreeva|e|brantmeier|r,andreeva|e,brantmeier|r,Erika Andreeva,Reese Brantmeier,WTA 125K Porto - R1,2026-09-22 16:45:00,0.365469992621553,0.634530007378447,0.3891050583657587,0.6575342465753424,200,2026-09-22 16:25:59,2026-09-22 16:12:47,2026-09-22 16:45:00,3738569383,18.9,6,
andreeva|e|micic|e,andreeva|e,micic|e,Erika Andreeva,Elena Micic,WTA 125K Adana - Qualifiers,2026-09-27 13:12:08,0.6353918382350836,0.3646081617649165,0.6563573883161512,0.3861003861003861,1750,2026-09-27 13:16:37,2026-09-27 13:04:18,2026-09-27 13:12:08,3744262091,-4.5,130,
andreeva|m|fernandez|l,andreeva|m,fernandez|l,Mirra Andreeva,Leylah Fernandez,WTA Singapore - QF,2026-09-25 10:30:00,0.7720463622612462,0.2279536377387538,0.7840172786177105,0.24038461538461536,6000,2026-09-25 10:34:04,2026-09-25 10:26:22,2026-09-25 10:30:00,3741129816,-4.1,232,
andreeva|m|sasnovich|a,andreeva|m,sasnovich|a,Mirra Andreeva,Aliaksandra Sasnovich,WTA Singapore - R16,2026-09-23 10:43:22,0.8908135514279822,0.10918644857201776,0.9052132701421802,0.12547051442910917,1675,2026-09-23 10:49:02,2026-09-23 10:34:11,2026-09-23 10:43:22,3739332011,-5.7,131,
andreev|a|biletic|i,andreev|a,biletic|i,Adrian Andreev,Ivan Biletic,ITF Men Zlatibor - R1,2026-09-17 07:20:11,0.9445111518091228,0.05548884819087717,0.9595305544314042,0.075642965204236,450,2026-09-17 07:26:43,2026-09-17 07:11:47,2026-09-17 07:20:11,3731685882,-6.5,36,
andreev|a|forejtek|j,andreev|a,forejtek|j,Adrian Andreev,Jonas Forejtek,ATP Challenger Plovdiv - SF,2026-09-26 14:03:00,0.46892892961277427,0.5310710703872256,0.4854368932038835,0.5475113122171946,2500,2026-09-26 13:56:08,2026-09-26 13:56:08,2026-09-26 13:59:12,3742577450,6.8,77,
andreev|a|ivanov|i,andreev|a,ivanov|i,Adrian Andreev,Ivan Ivanov,ATP Challenger Plovdiv - R16,2026-09-24 10:14:53,0.533939444035328,0.466060555964672,0.5555555555555556,0.48780487804878053,1750,2026-09-24 10:24:27,2026-09-24 10:09:35,2026-09-24 10:14:53,3740286373,-9.6,100,
andreev|a|obradovic|d,andreev|a,obradovic|d,Adrian Andreev,Dusan Obradovic,ATP Challenger Plovdiv - Qualifiers,2026-09-21 10:40:42,0.6442644615668934,0.3557355384331067,0.6721311475409836,0.3846153846153846,350,2026-09-21 10:46:57,2026-09-21 10:36:41,2026-09-21 10:40:42,3737635247,-6.3,73,
andreev|a|prihodko|o,andreev|a,prihodko|o,Adrian Andreev,Oleg Prihodko,ATP Challenger Plovdiv - R1,2026-09-22 13:38:52,0.49770637375484983,0.50229362624515,0.5192307692307692,0.5238095238095238,1750,2026-09-22 13:33:29,2026-09-22 13:24:08,2026-09-22 13:46:00,3738465281,5.4,105,
andreev|a|tabata|r,andreev|a,tabata|r,Adrian Andreev,Ryo Tabata,ITF Men Zlatibor - R16,2026-09-18 10:00:00,0.8056992795461259,0.19430072045387395,0.8284734133790737,0.21929824561403508,350,2026-09-18 07:14:27,2026-09-18 07:11:08,2026-09-18 07:20:02,3732545050,165.5,28,
andreev|a|valiente|i,andreev|a,valiente|i,Adrian Andreev,Izan Almazan Valiente,ATP Challenger Plovdiv - QF,2026-09-25 16:00:00,0.5720962594132143,0.42790374058678565,0.5884773662551441,0.4444444444444444,2500,2026-09-25 15:59:58,2026-09-25 15:57:52,2026-09-25 16:03:26,3741379873,0.0,112,
andre|s|jansen|w,andre|s,jansen|w,Seydina Andre,William Jansen,ITF Men Columbia - R1,2026-09-23 21:42:19,0.2920662096338404,0.7079337903661596,0.3164556962025316,0.7311827956989247,450,2026-09-23 21:43:36,2026-09-23 21:36:44,2026-09-23 21:42:19,3739925827,-1.3,41,
angelini|l|comino|l,angelini|l,comino|l,Lorenzo Angelini,Lorenzo Comino,ITF Men Santa Margherita di Pula - R1,2026-09-22 10:30:00,0.6551129426811827,0.34488705731881736,0.6784565916398714,0.36900369003690037,450,2026-09-22 10:20:42,2026-09-22 10:07:50,2026-09-22 10:30:00,3738294762,9.3,65,
angelini|l|johns|g,angelini|l,johns|g,Lorenzo Angelini,Garrett Johns,ATP Challenger Bari - R1,2026-09-28 13:50:49,0.38633973523636356,0.6136602647636364,0.4081632653061224,0.635036496350365,1750,2026-09-28 13:57:40,2026-09-28 13:42:52,2026-09-28 13:50:49,3745479877,-6.9,48,
angelini|l|sciahbasi|m,angelini|l,sciahbasi|m,Lorenzo Angelini,Matteo Sciahbasi,ITF Men Santa Margherita di Pula - R16,2026-09-23 13:29:35,0.6591877099064806,0.34081229009351943,0.6825396825396826,0.36496350364963503,450,2026-09-23 13:30:13,2026-09-23 13:30:13,2026-09-23 13:29:35,3739502816,-0.7,55,
angelis|g|pieri|j,angelis|g,pieri|j,Ginevra De Angelis,Jessica Pieri,WTA 125k Tolentino - R1,2026-09-22 16:30:32,0.05501207072949394,0.9449879292705059,0.07974481658692185,0.9623635679337599,225,2026-09-22 16:36:23,2026-09-22 16:25:16,2026-09-22 16:30:32,3738605245,-5.9,49,
angeloni|l|bosio|g,angeloni|l,bosio|g,Leonardo Angeloni,Gabriele Bosio,ITF Men Telavi - R1,2026-09-29 06:00:00,0.1788671764730826,0.8211328235269174,0.20366598778004072,0.8435054773082943,450,2026-09-29 06:00:08,2026-09-29 05:55:19,2026-09-29 06:00:00,3745809189,-0.2,75,
angeloni|l|klok|d,angeloni|l,klok|d,Leonardo Angeloni,Denis Klok,ITF Men Telavi - R1,2026-09-23 08:35:00,0.3340639044670512,0.6659360955329487,0.35842293906810035,0.6894409937888198,450,2026-09-23 08:57:53,2026-09-23 08:46:47,2026-09-23 08:35:00,3739204579,-22.9,16,
angelo|j|barrena|a,angelo|j,barrena|a,Juan Carlos Prado Angelo,Alex Barrena,ATP Challenger Buenos Aires - QF,2026-09-25 21:24:57,0.5747694811024702,0.42523051889752983,0.5918367346938775,0.4424778761061947,2500,2026-09-25 21:31:32,2026-09-25 21:20:14,2026-09-25 21:24:57,3741816584,-6.6,96,
angelo|j|rodriguez|l,angelo|j,rodriguez|l,Juan Carlos Prado Angelo,Lorenzo Joaquin Rodriguez,ATP Challenger Buenos Aires - R1,2026-09-22 15:54:00,0.7548434248427914,0.2451565751572084,0.7757847533632287,0.267379679144385,1750,2026-09-22 15:57:09,2026-09-22 15:42:11,2026-09-22 17:00:00,3738550162,-3.2,46,
ansari|c|kostovic|t,ansari|c,kostovic|t,Carolyn Ansari,Teodora Kostovic,WTA 125K Ankara - R1,2026-09-22 11:00:00,0.19267645531513386,0.8073235446848661,0.2150537634408602,0.8278829604130808,1300,2026-09-22 10:59:29,2026-09-22 10:53:08,2026-09-22 11:00:00,3738202298,0.5,109,
anthrop|j|tabacco|f,anthrop|j,tabacco|f,Jack Anthrop,Fausto Tabacco,ITF Men Setubal - R1,2026-09-23 15:59:12,0.5068194501336398,0.4931805498663601,0.5305164319248826,0.5169082125603864,450,2026-09-23 15:59:56,2026-09-23 15:53:00,2026-09-23 15:59:12,3739638976,-0.7,129,
antonius|m|hance|k,antonius|m,hance|k,Michael Antonius,Keaton Hance,ATP Challenger Columbus - Qualifiers,2026-09-27 16:00:00,0.6968958048951607,0.3031041951048396,0.7245179063360881,0.33222591362126247,350,2026-09-27 15:41:27,2026-09-27 15:32:52,2026-09-27 15:38:53,3744595676,18.5,55,
an|l|chen|m,an|l,chen|m,Liuyan An,Meng-Yi Chen,ITF Women Maanshan - R1,2026-09-22 04:48:00,0.31678779462171375,0.6832122053782862,0.3412969283276451,0.7067448680351905,450,2026-09-22 04:52:27,2026-09-22 04:42:08,2026-09-22 04:48:00,3738108175,-4.5,94,
an|l|koyama|h,an|l,koyama|h,Liuyan An,Honori Koyama,ITF Women Maanshan - R1,2026-09-29 04:55:23,0.6428571428571429,0.35714285714285726,0.6666666666666666,0.38167938931297707,450,2026-09-29 05:04:10,2026-09-29 04:49:52,2026-09-29 04:55:23,3745822341,-8.8,95,
appleton|e|brace|c,appleton|e,brace|c,Emily Appleton,Cadence Brace,ITF Women Yecla - R1,2026-09-22 10:00:00,0.34081229009351943,0.6591877099064806,0.36496350364963503,0.6825396825396826,450,2026-09-22 09:01:49,2026-09-22 08:52:21,2026-09-22 10:00:00,3738238480,58.2,60,
appleton|e|hatouka|y,appleton|e,hatouka|y,Emily Appleton,Yuliya Hatouka,ITF Women Hurghada - R16,2026-09-17 09:00:00,0.698787359310419,0.30121264068958126,0.7222222222222222,0.32573289902280134,350,2026-09-17 05:58:56,2026-09-17 05:50:50,2026-09-17 09:00:00,3731651299,181.1,30,
appleton|e|kuzmova|k,appleton|e,kuzmova|k,Emily Appleton,Katarina Kuzmova,ITF Women Hurghada - QF,2026-09-18 07:00:00,0.4672514169971266,0.5327485830028734,0.49019607843137253,0.5555555555555556,750,2026-09-18 06:13:29,2026-09-18 06:09:25,2026-09-18 06:13:44,3732525823,46.5,28,
appleton|e|lazarenko|k,appleton|e,lazarenko|k,Emily Appleton,Kateryna Lazarenko,ITF Women Yecla - R16,2026-09-24 09:00:00,0.8268425740358402,0.17315742596415992,0.8491704374057315,0.19801980198019803,450,2026-09-24 09:01:06,2026-09-24 08:56:18,2026-09-24 10:00:00,3740229502,-1.1,42,
arakawa|h|kawaguchi|n,arakawa|h,kawaguchi|n,Haruna Arakawa,Natsumi Kawaguchi,ITF Women Kyoto - R16,2026-09-17 05:51:00,0.291686971365334,0.7083130286346659,0.3164556962025316,0.7319034852546916,450,2026-09-17 04:58:47,2026-09-17 04:50:24,2026-09-17 05:51:00,3731646695,52.2,57,
arakawa|n|hanatani|n,arakawa|n,hanatani|n,Natsuho Arakawa,Nagi Hanatani,ITF Women Wagga Wagga - R1,2026-09-29 04:28:33,0.3743388224539193,0.6256611775460806,0.39840637450199207,0.6491228070175439,450,2026-09-29 04:31:16,2026-09-29 04:24:43,2026-09-29 04:28:33,3745814221,-2.7,65,
arango|e|blinkova|a,arango|e,blinkova|a,Emiliana Arango,Anna Blinkova,WTA 125K Adana - R1,2026-09-28 08:30:00,0.29564493764094496,0.7043550623590553,0.31746031746031744,0.7252747252747253,1750,2026-09-28 08:37:07,2026-09-28 08:27:43,2026-09-28 08:30:00,3745324103,-7.1,21,
arcangioli|m|podrez|v,arcangioli|m,podrez|v,Manon Arcangioli,Veronika Podrez,ITF Women Le Neubourg - R16,2026-09-17 12:32:41,0.13316682419161388,0.8668331758083861,0.15748031496062992,0.8878923766816144,450,2026-09-17 12:34:04,2026-09-17 12:23:21,2026-09-17 12:32:41,3731908895,-1.4,60,
arifullina|a|ruchkina|k,arifullina|a,ruchkina|k,Arina Arifullina,Kseniia Ruchkina,ITF Women Monastir - R1,2026-09-23 12:26:15,0.3608967648381518,0.6391032351618482,0.3846153846153846,0.6621621621621622,450,2026-09-23 12:34:50,2026-09-23 12:20:11,2026-09-23 12:26:15,3739444326,-8.6,54,
arinc|k|mehra|r,arinc|k,mehra|r,Kaya Arinc,Rohan Mehra,ITF Men Baku - R1,2026-09-23 06:00:00,0.22965904937157222,0.7703409506284279,0.2544529262086514,0.793388429752066,450,2026-09-23 05:59:14,2026-09-23 05:45:30,2026-09-23 06:00:00,3739058499,0.8,103,
arnaboldi|f|broska|f,arnaboldi|f,broska|f,Federico Arnaboldi,Florian Broska,ATP Challenger Genoa - R1,2026-09-21 16:30:00,0.5413557111537128,0.4586442888462872,0.5633187772925764,0.4807692307692307,1750,2026-09-21 15:39:59,2026-09-21 15:30:33,2026-09-21 15:40:16,3737783689,50.0,40,
arnaboldi|f|gulin|s,arnaboldi|f,gulin|s,Federico Arnaboldi,Svyatoslav Gulin,ATP Challenger Bari - Qualifiers,2026-09-28 11:00:00,0.3869617373677087,0.6130382626322912,0.41493775933609955,0.6402877697841727,350,2026-09-28 10:01:41,2026-09-28 09:59:03,2026-09-28 10:08:57,3745376606,58.3,40,
arnaboldi|f|iannaccone|f,arnaboldi|f,iannaccone|f,Federico Arnaboldi,Federico Iannaccone,ATP Challenger Bari - Qualifiers,2026-09-27 10:00:00,0.47885111898580046,0.5211488810141994,0.5073891625615764,0.5495495495495495,175,2026-09-27 09:59:12,2026-09-27 09:53:42,2026-09-27 11:00:00,3744021753,0.8,25,
arnaboldi|f|moeller|m,arnaboldi|f,moeller|m,Federico Arnaboldi,Marvin Moeller,ATP Challenger Genoa - R16,2026-09-23 12:30:00,0.3076355210128226,0.6923644789871776,0.33222591362126247,0.7159090909090909,1300,2026-09-23 11:39:30,2026-09-23 11:25:01,2026-09-23 11:34:21,3739388051,50.5,33,
arseneault|a|voloshchuk|a,arseneault|a,voloshchuk|a,Ariana Arseneault,Angelina Voloshchuk,WTA 125K Porto - Qualifiers,2026-09-21 10:12:21,0.4133073464609251,0.5866926535390748,0.4347826086956522,0.607843137254902,1750,2026-09-21 10:16:19,2026-09-21 10:05:34,2026-09-21 10:12:21,3737620835,-4.0,100,
arutiunian|e|fenty|a,arutiunian|e,fenty|a,Erik Arutiunian,Andrew Fenty,ATP Challenger San Diego - Qualifiers,2026-09-21 19:30:00,0.5332835452655236,0.4667164547344765,0.5614035087719298,0.49504950495049505,350,2026-09-21 19:38:40,2026-09-21 19:29:16,2026-09-21 19:30:00,3737869296,-8.7,69,
arutiunian|e|staeheli|l,arutiunian|e,staeheli|l,Erik Arutiunian,Luca Staeheli,ATP Challenger San Diego - Qualifiers,2026-09-20 18:10:00,0.6237745442702375,0.37622545572976246,0.6515679442508712,0.40485829959514175,350,2026-09-20 18:06:01,2026-09-20 18:03:54,2026-09-20 18:13:10,3737087925,4.0,59,
arutiunian|e|svajda|t,arutiunian|e,svajda|t,Erik Arutiunian,Trevor Svajda,ATP Challenger San Diego - R1,2026-09-22 19:45:50,0.2789494345650103,0.7210505654349898,0.30120481927710846,0.7422680412371133,1750,2026-09-22 19:39:45,2026-09-22 19:26:26,2026-09-22 19:30:00,3738614219,6.0,67,
arystanbekova|a|sun|y,arystanbekova|a,sun|y,Asylzhan Arystanbekova,Yingqun Sun,ITF Women Maanshan - R1,2026-09-22 05:46:00,0.7018992023675551,0.29810079763244507,0.7252747252747253,0.3225806451612903,450,2026-09-22 04:52:27,2026-09-22 04:42:08,2026-09-22 05:46:00,3738108065,53.5,94,
arzhankin|a|ibrahim|k,arzhankin|a,ibrahim|k,Anton Arzhankin,Karim Ibrahim,ITF Men Sharm El Sheikh - R1,2026-09-23 09:00:00,0.8138377638338261,0.1861622361661739,0.8363338788870703,0.21097046413502107,450,2026-09-23 07:04:46,2026-09-23 07:04:46,2026-09-23 09:00:00,3739137728,115.2,23,
astakhova|d|inglis|m,astakhova|d,inglis|m,Darya Astakhova,Maddison Inglis,WTA Beijing - Qualifiers,2026-09-29 07:00:00,0.49536997338617694,0.5046300266138232,0.5145631067961165,0.5238095238095238,1700,2026-09-29 06:36:32,2026-09-29 06:25:31,2026-09-29 07:00:00,3745848089,23.4,61,
astakhova|d|kaji|h,astakhova|d,kaji|h,Darya Astakhova,Haruka Kaji,WTA Seoul - Qualifiers,2026-09-19 02:15:03,0.6099456835323753,0.3900543164676246,0.6309963099630996,0.41152263374485604,450,2026-09-19 02:18:30,2026-09-19 02:07:28,2026-09-19 02:15:03,3733669111,-3.5,7,
astakhova|d|korneeva|a,astakhova|d,korneeva|a,Darya Astakhova,Alina Korneeva,WTA Seoul - R16,2026-09-23 06:30:00,0.1475543907446032,0.8524456092553968,0.16447368421052633,0.8678996036988111,1500,2026-09-23 06:34:25,2026-09-23 06:21:23,2026-09-23 06:30:38,3739116679,-4.4,121,
astakhova|d|linette|m,astakhova|d,linette|m,Darya Astakhova,Magda Linette,WTA Seoul - R1,2026-09-21 09:08:23,0.3569729329435284,0.6430270670564717,0.3717472118959108,0.6575342465753424,2500,2026-09-21 09:03:17,2026-09-21 08:48:21,2026-09-21 07:30:00,3737553100,5.1,91,
astakhova|d|shubladze|a,astakhova|d,shubladze|a,Darya Astakhova,Alexandra Shubladze,WTA Seoul - Qualifiers,2026-09-20 02:10:00,0.20193244043180453,0.7980675595681955,0.22172949002217296,0.8165137614678898,1325,2026-09-20 02:00:25,2026-09-20 01:46:20,2026-09-20 02:10:00,3735718810,9.6,85,
atmane|t|faria|j,atmane|t,faria|j,Terence Atmane,Jaime Faria,ATP Hangzhou - R1,2026-09-24 05:45:55,0.5571408050578343,0.4428591949421658,0.5708154506437768,0.4566210045662101,3000,2026-09-24 05:48:42,2026-09-24 05:36:45,2026-09-24 05:45:55,3740129429,-2.8,241,
atmane|t|palan|d,atmane|t,palan|d,Terence Atmane,Dominik Palan,ATP Challenger Jingshan - Qualifiers,2026-09-28 05:19:26,0.9593171702708166,0.04068282972918331,0.9750124937531235,0.06557377049180328,100,2026-09-28 05:16:54,2026-09-28 05:10:17,2026-09-28 05:19:26,3745276384,2.5,18,
aubriot|a|hipfl|n,aubriot|a,hipfl|n,Alexandre Aubriot,Nico Hipfl,ITF Men Zlatibor - R16,2026-09-18 09:58:15,0.31478122028637373,0.6852187797136263,0.3389830508474576,0.7084548104956269,450,2026-09-18 09:58:42,2026-09-18 09:53:52,2026-09-18 09:58:15,3732634561,-0.5,44,
aubriot|a|lazarov|g,aubriot|a,lazarov|g,Alexandre Aubriot,George Lazarov,ITF Men Zlatibor - QF,2026-09-18 14:17:09,0.2946654494995391,0.705334550500461,0.3194888178913738,0.7289972899728998,750,2026-09-18 14:21:27,2026-09-18 14:10:52,2026-09-18 14:17:09,3732838874,-4.3,1,
aubriot|a|topo|m,aubriot|a,topo|m,Alexandre Aubriot,Marko Topo,ITF Men Zlatibor - SF,2026-09-19 10:00:00,0.17507960357339142,0.8249203964266086,0.2,0.8473282442748092,750,2026-09-19 08:08:36,2026-09-19 08:06:58,2026-09-19 08:15:24,3733826499,111.4,60,
austria||belgium|,austria|,belgium|,Austria,Belgium,Davis Cup - Tie Winner,2026-09-18 11:00:00,0.5494663621811026,0.4505336378188974,0.5726495726495727,0.4739336492890995,500,2026-09-18 13:28:24,2026-09-18 13:17:42,2026-09-18 11:00:00,3732619519,-148.4,67,
avanesyan|e|charaeva|a,avanesyan|e,charaeva|a,Elina Avanesyan,Alina Charaeva,WTA Sao Paulo - R16,2026-09-17 15:05:00,0.5365834906023977,0.46341650939760237,0.5515695067264574,0.47846889952153115,3000,2026-09-17 15:12:18,2026-09-17 15:12:18,2026-09-17 15:13:27,3732018678,-7.3,39,
avdeeva|j|crawley|f,avdeeva|j,crawley|f,Julia Avdeeva,Fiona Crawley,ITF Women Le Neubourg - QF,2026-09-18 10:35:47,0.4368809548479741,0.5631190451520258,0.4608294930875576,0.5867768595041323,750,2026-09-18 13:28:24,2026-09-18 13:17:42,2026-09-18 10:35:47,3732661656,-172.6,94,
avdeeva|j|klugman|h,avdeeva|j,klugman|h,Julia Avdeeva,Hannah Klugman,ITF Women Le Neubourg - R16,2026-09-17 13:40:52,0.4706694620874769,0.529330537912523,0.49504950495049505,0.5535714285714286,450,2026-09-17 13:45:59,2026-09-17 13:45:59,2026-09-17 13:40:52,3731957424,-5.1,66,
avdeeva|j|naito|y,avdeeva|j,naito|y,Julia Avdeeva,Yuki Naito,WTA 125K Ankara - R1,2026-09-21 09:30:00,0.6299719965957156,0.3700280034042845,0.6515679442508712,0.3921568627450981,1750,2026-09-21 09:30:13,2026-09-21 09:28:18,2026-09-21 09:30:00,3737606614,-0.2,33,
avram|g|bonding|o,avram|g,bonding|o,Gabe Avram,Oliver Bonding,ITF Men Columbia - SF,2026-09-26 15:00:00,0.15875512256049545,0.8412448774395047,0.18348623853211007,0.8632010943912449,750,2026-09-26 15:04:50,2026-09-26 15:04:02,2026-09-26 15:13:30,3742822226,-4.8,55,
avram|g|witz|a,avram|g,witz|a,Gabe Avram,Antonin Witz,ITF Men Columbia - QF,2026-09-25 16:00:00,0.42484989400518214,0.575150105994818,0.4484304932735426,0.5983935742971888,750,2026-09-25 15:59:58,2026-09-25 15:57:52,2026-09-25 17:00:00,3741381475,0.0,49,
ayeni|a|bigun|k,ayeni|a,bigun|k,Alafia Ayeni,Kaylan Bigun,ATP Challenger Columbus - Qualifiers,2026-09-28 18:22:06,0.5673710520021342,0.4326289479978657,0.5951417004048584,0.4608294930875576,350,2026-09-28 18:26:59,2026-09-28 18:14:40,2026-09-28 18:22:06,3745624997,-4.9,59,
ayeni|a|sobhy|m,ayeni|a,sobhy|m,Alafia Ayeni,Michael Bassem Sobhy,ATP Challenger Columbus - Qualifiers,2026-09-28 00:40:00,0.7273241571832159,0.2726758428167841,0.7549019607843137,0.3021148036253776,350,2026-09-28 00:13:29,2026-09-27 23:58:49,2026-09-28 00:40:00,3745170895,26.5,113,
ayeni|a|tu|l,ayeni|a,tu|l,Alafia Ayeni,Li Tu,ATP Challenger San Diego - Qualifiers,2026-09-20 20:55:54,0.42807505934871176,0.5719249406512882,0.4566210045662101,0.6000000000000001,350,2026-09-20 20:58:36,2026-09-20 20:50:48,2026-09-20 20:55:54,3737319875,-2.7,81,
ayeni|a|zhu|e,ayeni|a,zhu|e,Alafia Ayeni,Evan Zhu,ATP Challenger San Diego - Qualifiers,2026-09-21 18:14:35,0.42441739829977937,0.5755826017002206,0.45248868778280543,0.6031746031746031,350,2026-09-21 18:08:25,2026-09-21 18:01:30,2026-09-21 18:00:00,3737865142,6.1,85,
babel|o|paganetti|v,babel|o,paganetti|v,Oceane Babel,Vittoria Paganetti,ITF Women Santa Margherita di Pula - R1,2026-09-23 07:41:24,0.575150105994818,0.42484989400518214,0.5983935742971888,0.4484304932735426,450,2026-09-23 07:48:24,2026-09-23 07:37:15,2026-09-23 07:41:24,3739157834,-7.1,22,
babel|o|petkovic|a,babel|o,petkovic|a,Oceane Babel,Anna Petkovic,ITF Women Santa Margherita di Pula - R16,2026-09-17 07:42:24,0.6675514301841091,0.3324485698158909,0.691358024691358,0.35714285714285715,450,2026-09-17 07:47:09,2026-09-17 07:36:31,2026-09-17 07:42:24,3731700733,-4.8,38,
babel|o|pistola|i,babel|o,pistola|i,Oceane Babel,Ilary Pistola,ITF Women Santa Margherita di Pula - QF,2026-09-18 10:00:00,0.6771513899876959,0.3228486100123041,0.7005988023952096,0.3472222222222222,550,2026-09-18 08:00:01,2026-09-18 07:45:39,2026-09-18 10:00:00,3732555812,120.0,65,
bacaloni|a|filar|k,bacaloni|a,filar|k,Andrea Bacaloni,Karol Filar,ITF Men Baku - R1,2026-09-22 08:10:19,0.2946654494995391,0.705334550500461,0.3194888178913738,0.7289972899728998,450,2026-09-22 08:13:36,2026-09-22 08:07:02,2026-09-22 08:10:19,3738201651,-3.3,53,
back|d|joint|m,back|d,joint|m,Dayeon Back,Maya Joint,WTA Seoul - R16,2026-09-23 05:00:00,0.24212887755268606,0.7578711224473139,0.2570694087403599,0.7722095671981777,3000,2026-09-23 04:59:25,2026-09-23 04:56:59,2026-09-23 06:00:00,3739077233,0.6,114,
back|d|yuan|y,back|d,yuan|y,Dayeon Back,Yue Yuan,WTA Seoul - R1,2026-09-21 06:12:32,0.21293931282664763,0.7870606871733524,0.2277904328018223,0.8011928429423458,1875,2026-09-21 06:13:44,2026-09-21 06:05:18,2026-09-21 06:12:32,3737549838,-1.2,122,
badosa|p|mikulskyte|j,badosa|p,mikulskyte|j,Paula Badosa,Justina Mikulskyte,WTA Sao Paulo - R1,2026-09-16 22:55:45,0.9360319558119409,0.06396804418805915,0.9507146377525876,0.08264462809917356,300,2026-09-16 22:59:41,2026-09-16 22:48:02,2026-09-16 22:55:45,3731462382,-4.0,30,
badosa|p|ortenzi|j,badosa|p,ortenzi|j,Paula Badosa,Jasmin Ortenzi,WTA Sao Paulo - R16,2026-09-17 17:42:51,0.9311352118325636,0.0688647881674365,0.9463231347289319,0.08795074758135445,375,2026-09-17 17:45:28,2026-09-17 17:35:55,2026-09-17 17:42:51,3732164540,-2.6,56,
badosa|p|podoroska|n,badosa|p,podoroska|n,Paula Badosa,Nadia Podoroska,WTA Sao Paulo - SF,2026-09-19 18:53:59,0.8044183897120374,0.19558161028796256,0.8161764705882354,0.20790020790020788,3750,2026-09-19 18:56:26,2026-09-19 18:43:45,2026-09-19 19:00:00,3735247297,-2.5,111,
badosa|p|stoiana|m,badosa|p,stoiana|m,Paula Badosa,Mary Stoiana,WTA Sao Paulo - QF,2026-09-18 20:42:40,0.6825514005173722,0.3174485994826277,0.696969696969697,0.33222591362126247,4000,2026-09-18 20:50:05,2026-09-18 20:35:29,2026-09-18 20:42:40,3733490965,-7.4,117,
baez|s|brooksby|j,baez|s,brooksby|j,Sebastian Baez,Jenson Brooksby,ATP Chengdu Open - R1,2026-09-23 05:14:07,0.41881379724741347,0.5811862027525865,0.4329004329004329,0.5951417004048584,3000,2026-09-23 05:19:59,2026-09-23 05:05:33,2026-09-23 05:14:07,3739080986,-5.9,112,
bains|n|brantmeier|r,bains|n,brantmeier|r,Naiktha Bains,Reese Brantmeier,WTA 125K Porto - R16,2026-09-24 11:45:00,0.23388159001354988,0.7661184099864501,0.25641025641025644,0.7872340425531915,1750,2026-09-24 11:57:16,2026-09-24 11:56:02,2026-09-24 12:04:16,3740378778,-12.3,115,
bains|n|crawley|f,bains|n,crawley|f,Naiktha Bains,Fiona Crawley,ITF Women Le Neubourg - R16,2026-09-17 11:56:56,0.2702770340757912,0.7297229659242088,0.2949852507374631,0.7530864197530864,450,2026-09-17 11:56:28,2026-09-17 11:53:19,2026-09-17 11:56:56,3731882412,0.5,51,
bains|n|kasintseva|v,bains|n,kasintseva|v,Naiktha Bains,Victoria Jimenez Kasintseva,WTA 125K Porto - R1,2026-09-22 14:30:00,0.3476013154499509,0.6523986845500491,0.36900369003690037,0.673202614379085,1750,2026-09-22 14:33:04,2026-09-22 14:24:31,2026-09-22 14:30:00,3738513076,-3.1,36,
bains|n|yamalapalli|s,bains|n,yamalapalli|s,Naiktha Bains,Sahaja Yamalapalli,WTA 125K Porto - Qualifiers,2026-09-21 12:00:00,0.5670924140991269,0.43290758590087314,0.5884773662551441,0.45454545454545453,1750,2026-09-21 11:48:49,2026-09-21 11:44:08,2026-09-21 11:52:06,3737672831,11.2,101,
bai|z|hodzic|m,bai|z,hodzic|m,Zhuoxuan Bai,Mina Hodzic,WTA Beijing - Qualifiers,2026-09-28 04:00:00,0.75060587775173,0.24939412224826996,0.771689497716895,0.2717391304347826,775,2026-09-28 03:11:47,2026-09-28 03:08:51,2026-09-28 03:13:01,3745245605,48.2,12,
bai|z|wang|j,bai|z,wang|j,Zhuoxuan Bai,JiaYi Wang,WTA Beijing - Qualifiers,2026-09-29 03:00:00,0.8012055913841478,0.19879440861585193,0.8198198198198198,0.2188183807439825,1275,2026-09-29 03:14:34,2026-09-29 03:09:13,2026-09-29 03:15:15,3745791151,-14.6,63,
bai|z|wei|s,bai|z,wei|s,Zhuoxuan Bai,Sijia Wei,ITF Women Shenyang - R16,2026-09-17 04:53:00,0.7079337903661596,0.2920662096338404,0.7311827956989247,0.3164556962025316,450,2026-09-17 04:58:47,2026-09-17 04:58:47,2026-09-17 05:02:00,3731648148,-5.8,57,
baker|b|maxted|l,baker|b,maxted|l,Blu Baker,Lui Maxted,ITF Men Setubal - R1,2026-09-23 11:00:00,0.22635518765029924,0.7736448123497007,0.25125628140703515,0.7967479674796748,450,2026-09-23 09:15:35,2026-09-23 09:15:35,2026-09-23 11:00:00,3739235684,104.4,116,
bakhshaliev|i|balsekar|a,bakhshaliev|i,balsekar|a,Ilham Bakhshaliev,Aditya Vishal Balsekar,ITF Men Baku - R1,2026-09-23 06:00:00,0.020477591178207112,0.9795224088217932,0.03460207612456748,0.9879532586435369,450,2026-09-23 05:59:14,2026-09-23 05:45:30,2026-09-23 06:00:00,3739058792,0.8,103,
bakshi|a|dolzhenkov|d,bakshi|a,dolzhenkov|d,Aleksandre Bakshi,Dmitry Dolzhenkov,ITF Men Baku - R1,2026-09-23 06:00:00,0.8665790545985764,0.13342094540142355,0.8876404494382022,0.15772870662460567,450,2026-09-23 05:59:14,2026-09-23 05:45:30,2026-09-23 06:00:00,3739058792,0.8,24,
bakshi|a|iakubenko|v,bakshi|a,iakubenko|v,Aleksandre Bakshi,Volodymyr Iakubenko,ITF Men Baku - R1,2026-09-29 06:41:49,0.43307939147461577,0.5669206085253843,0.4566210045662101,0.5901639344262295,450,2026-09-29 06:36:32,2026-09-29 06:36:32,2026-09-29 06:41:49,3745857152,5.3,76,
balsekar|a|dolzhenkov|d,balsekar|a,dolzhenkov|d,Aditya Vishal Balsekar,Dmitry Dolzhenkov,ITF Men Baku - R16,2026-09-24 06:00:00,0.7941591126841496,0.20584088731585035,0.8171846435100548,0.23094688221709006,450,2026-09-24 06:00:04,2026-09-24 05:55:05,2026-09-24 06:00:00,3740106702,-0.1,30,
bandecchi|s|dodin|o,bandecchi|s,dodin|o,Susan Bandecchi,Oceane Dodin,WTA 125K Porto - R1,2026-09-21 15:25:57,0.720700627776581,0.279299372223419,0.7416020671834626,0.30120481927710846,1750,2026-09-21 15:22:15,2026-09-21 15:15:27,2026-09-21 16:15:00,3737773113,3.7,117,
bandecchi|s|pigato|l,bandecchi|s,pigato|l,Susan Bandecchi,Lisa Pigato,WTA 125k Caldas Da Rainha - QF,2026-09-18 16:11:51,0.6386388119594104,0.3613611880405896,0.6598639455782314,0.38314176245210724,1750,2026-09-18 16:20:55,2026-09-18 16:05:52,2026-09-18 16:11:51,3732970256,-9.1,123,
banerjee|s|bernet|h,banerjee|s,bernet|h,Samir Banerjee,Henry Bernet,ITF Men Falun - Final,2026-09-26 11:12:36,0.4464928788840142,0.5535071211159858,0.4694835680751174,0.576271186440678,750,2026-09-26 11:15:57,2026-09-26 11:15:57,2026-09-26 11:12:36,3742329683,-3.4,60,
banerjee|s|eldin|r,banerjee|s,eldin|r,Samir Banerjee,Robin Eldin,ITF Men Nevers - R16,2026-09-17 13:00:00,0.9734564253043966,0.026543574695603457,0.983402489626556,0.04219409282700422,450,2026-09-17 12:58:20,2026-09-17 12:53:32,2026-09-17 13:00:00,3731846405,1.6,67,
banerjee|s|massard|l,banerjee|s,massard|l,Samir Banerjee,Loann Massard,ITF Men Nevers - QF,2026-09-18 15:57:21,0.7518214054930511,0.24817859450694885,0.7752808988764045,0.27322404371584696,750,2026-09-18 16:03:26,2026-09-18 15:48:40,2026-09-18 15:57:21,3732955876,-6.1,106,
banerjee|s|mchugh|a,banerjee|s,mchugh|a,Samir Banerjee,Aidan Mchugh,ITF Men Nevers - Final,2026-09-20 12:46:19,0.6766830803572274,0.3233169196427726,0.6996996996996997,0.3472222222222222,750,2026-09-20 12:53:09,2026-09-20 12:53:09,2026-09-20 12:46:19,3736320821,-6.9,74,
banerjee|s|minasyan|m,banerjee|s,minasyan|m,Samir Banerjee,Michael Minasyan,ITF Men Falun - R16,2026-09-23 13:00:00,0.986201314442455,0.013798685557545123,0.9942502299908004,0.03274394237066143,225,2026-09-23 03:37:04,2026-09-23 03:25:06,2026-09-23 13:00:00,3739038129,562.9,3,
banerjee|s|petrovic|a,banerjee|s,petrovic|a,Samir Banerjee,Andreja Petrovic,ITF Men Nevers - SF,2026-09-19 14:53:00,0.8071580740893128,0.19284192591068716,0.8299319727891156,0.2178649237472767,750,2026-09-19 14:57:35,2026-09-19 14:45:37,2026-09-19 14:53:00,3734650063,-4.6,97,
banerjee|s|poulsen|o,banerjee|s,poulsen|o,Samir Banerjee,Oskar Brostrom Poulsen,ITF Men Falun - QF,2026-09-24 12:13:05,0.8192197627067904,0.18078023729320972,0.8417721518987341,0.20576131687242802,750,2026-09-24 12:16:10,2026-09-24 12:07:54,2026-09-24 12:13:05,3740385276,-3.1,44,
banerjee|s|vasa|e,banerjee|s,vasa|e,Samir Banerjee,Eero Vasa,ITF Men Falun - SF,2026-09-25 15:12:47,0.726084027289395,0.2739159727106049,0.7493734335839599,0.29850746268656714,750,2026-09-25 15:11:46,2026-09-25 15:07:52,2026-09-25 15:12:47,3741336490,1.0,72,
banuls|c|giaccio|j,banuls|c,giaccio|j,Charo Esquiva Banuls,Juliana Giaccio,ITF Women Yecla - R16,2026-09-24 16:14:48,0.7350028707810768,0.2649971292189232,0.7584541062801933,0.2898550724637681,450,2026-09-24 16:21:32,2026-09-24 16:11:54,2026-09-24 16:14:48,3740547185,-6.7,79,
banuls|c|guevara|c,banuls|c,guevara|c,Charo Esquiva Banuls,Carmen Gallardo Guevara,ITF Women Yecla - Final,2026-09-27 09:00:00,0.5947899023670464,0.40521009763295357,0.6183206106870228,0.4291845493562232,750,2026-09-27 09:00:30,2026-09-27 08:53:19,2026-09-27 09:00:00,3743833674,-0.6,63,
banuls|c|lazarenko|k,banuls|c,lazarenko|k,Charo Esquiva Banuls,Kateryna Lazarenko,ITF Women Yecla - SF,2026-09-26 15:17:16,0.7423993967694982,0.25760060323050193,0.765807962529274,0.2824858757062147,750,2026-09-26 15:19:41,2026-09-26 15:19:41,2026-09-26 15:17:16,3742832434,-2.4,57,
banuls|c|lemaitre|t,banuls|c,lemaitre|t,Charo Esquiva Banuls,Tiphanie Lemaitre,ITF Women Yecla - QF,2026-09-25 12:00:00,0.5714920741902716,0.4285079258097285,0.5951417004048584,0.45248868778280543,750,2026-09-25 11:57:40,2026-09-25 11:51:39,2026-09-25 12:00:00,3741176986,2.3,59,
banuls|c|vedder|e,banuls|c,vedder|e,Charo Esquiva Banuls,Eva Vedder,ITF Women Yecla - R1,2026-09-22 17:21:40,0.35208572681182987,0.6479142731881701,0.37593984962406013,0.6710526315789473,450,2026-09-22 17:20:30,2026-09-22 17:13:28,2026-09-22 17:21:40,3738643275,1.1,98,
barbulescu|b|boyden|m,barbulescu|b,boyden|m,Bianca Barbulescu,Melissa Boyden,ITF Women Constanta - R1,2026-09-23 09:37:47,0.8952427226997058,0.10475727730029456,0.9148211243611584,0.12820512820512822,450,2026-09-23 09:43:02,2026-09-23 09:32:05,2026-09-23 09:37:47,3739261172,-5.3,42,
barbulescu|b|schaefer|a,barbulescu|b,schaefer|a,Bianca Barbulescu,Anne Schaefer,ITF Women Constanta - R16,2026-09-24 07:10:37,0.22761997750745333,0.7723800224925468,0.25252525252525254,0.7955010224948876,450,2026-09-24 07:07:18,2026-09-24 07:04:33,2026-09-24 07:10:37,3740153801,3.3,38,
baris|o|marcondes|i,baris|o,marcondes|i,Ozan Baris,Igor Marcondes,ATP Challenger San Diego - R1,2026-09-22 18:00:00,0.6327020452423774,0.3672979547576227,0.6539792387543253,0.3891050583657587,1750,2026-09-22 17:59:41,2026-09-22 17:59:28,2026-09-22 18:00:00,3738676338,0.3,53,
baris|o|mitsui|s,baris|o,mitsui|s,Ozan Baris,Shunsuke Mitsui,ATP Challenger San Diego - Qualifiers,2026-09-20 20:00:00,0.6121937125645516,0.38780628743544854,0.6402877697841727,0.4166666666666667,350,2026-09-20 19:44:33,2026-09-20 19:38:04,2026-09-20 19:43:25,3737232912,15.4,71,
baris|o|rybakov|a,baris|o,rybakov|a,Ozan Baris,Alex Rybakov,ATP Challenger San Diego - Qualifiers,2026-09-21 18:14:50,0.6084614651646605,0.39153853483533935,0.6363636363636364,0.42016806722689076,350,2026-09-21 18:08:25,2026-09-21 18:01:30,2026-09-21 19:00:00,3737862697,6.4,85,
baris|o|shick|b,baris|o,shick|b,Ozan Baris,Braden Shick,ATP Challenger Columbus - R1,2026-09-28 20:55:55,0.40017080029205854,0.5998291997079415,0.42194092827004215,0.6212121212121212,1750,2026-09-28 20:59:02,2026-09-28 20:48:55,2026-09-28 20:55:55,3745702248,-3.1,56,
barrena|a|caniato|c,barrena|a,caniato|c,Alex Barrena,Carlo Alberto Caniato,ATP Challenger Biella - SF,2026-09-19 11:40:59,0.47791358511885973,0.5220864148811403,0.49504950495049505,0.5391705069124424,2500,2026-09-19 11:44:54,2026-09-19 11:35:52,2026-09-19 11:40:59,3734093991,-3.9,96,
barrena|a|cardozo|j,barrena|a,cardozo|j,Alex Barrena,Joaquin Aguilar Cardozo,ATP Challenger Buenos Aires - SF,2026-09-26 20:05:25,0.3533534790125199,0.6466465209874802,0.37037037037037035,0.6632996632996633,2500,2026-09-26 20:00:45,2026-09-26 19:56:49,2026-09-26 20:05:25,3743445240,4.7,117,
barrena|a|ficovich|j,barrena|a,ficovich|j,Alex Barrena,Juan Pablo Ficovich,ATP Challenger Buenos Aires - R16,2026-09-24 19:35:07,0.6181045687238731,0.381895431276127,0.6389891696750902,0.40322580645161293,1750,2026-09-24 19:41:56,2026-09-24 19:29:07,2026-09-24 19:35:07,3740734705,-6.8,63,
barrena|a|garay|v,barrena|a,garay|v,Alex Barrena,Valentin Garay,ATP Challenger Buenos Aires - R1,2026-09-22 20:00:00,0.9451991862782877,0.05480081372171252,0.9625327838141626,0.0794912559618442,225,2026-09-22 19:30:47,2026-09-22 19:16:28,2026-09-22 20:00:00,3738755357,29.2,68,
barrena|a|manzano|j,barrena|a,manzano|j,Alex Barrena,Juan Cruz Martin Manzano,ATP Challenger Biella - QF,2026-09-18 11:30:00,0.6283059267639721,0.371694073236028,0.6453900709219857,0.3891050583657587,2500,2026-09-18 13:28:24,2026-09-18 13:17:42,2026-09-18 11:30:00,3732653503,-118.4,100,
barrena|a|mena|f,barrena|a,mena|f,Alex Barrena,Facundo Mena,ATP Challenger Buenos Aires - Final,2026-09-27 20:31:46,0.47114313858531703,0.528856861414683,0.48780487804878053,0.5454545454545454,2500,2026-09-27 20:30:56,2026-09-27 20:22:36,2026-09-27 20:31:46,3745031052,0.8,107,
barrena|a|pieri|s,barrena|a,pieri|s,Alex Barrena,Samuele Pieri,ATP Challenger Biella - R16,2026-09-17 11:30:00,0.5632966018542762,0.4367033981457238,0.5850622406639003,0.4587155963302753,1750,2026-09-17 11:37:31,2026-09-17 11:28:52,2026-09-17 11:30:00,3731868196,-7.5,59,
barrera|a|tabacco|f,barrera|a,tabacco|f,Adria Soriano Barrera,Fausto Tabacco,ITF Men Sintra - R16,2026-09-17 09:14:37,0.4706694620874769,0.529330537912523,0.49504950495049505,0.5535714285714286,450,2026-09-17 09:08:45,2026-09-17 09:07:06,2026-09-17 09:14:37,3731752620,5.8,46,
barrere|v|covato|m,barrere|v,covato|m,Victor Barrere,Matteo Covato,ITF Men Forbach - R1,2026-09-22 11:18:00,0.6126927108448337,0.3873072891551664,0.6363636363636364,0.41152263374485604,450,2026-09-22 11:17:58,2026-09-22 11:08:14,2026-09-22 11:15:00,3738300235,0.0,74,
barry|m|sandhu|g,barry|m,sandhu|g,Monique Barry,Gurmanat Kaur Sandhu,ITF Women Wagga Wagga - R1,2026-09-29 04:15:00,0.7666275640551967,0.2333724359448033,0.7899159663865546,0.25839793281653745,450,2026-09-29 04:47:31,2026-09-29 04:39:49,2026-09-29 04:15:00,3745768139,-32.5,69,
barsukov|n|binda|a,barsukov|n,binda|a,Nikolai Barsukov,Alexandr Binda,ITF Men Yinchuan - R16,2026-09-24 04:41:31,0.3807126399800214,0.6192873600199787,0.40485829959514175,0.6428571428571428,450,2026-09-24 04:46:44,2026-09-24 04:32:14,2026-09-24 04:41:31,3740115270,-5.2,75,
barsukov|n|ehrenschneider|n,barsukov|n,ehrenschneider|n,Nikolai Barsukov,Nino Ehrenschneider,ITF Men Guiyang - QF,2026-09-18 02:00:00,0.37016078746953157,0.6298392125304685,0.39370078740157477,0.6527777777777778,750,2026-09-18 01:59:46,2026-09-18 01:58:28,2026-09-18 02:00:00,3732390683,0.2,95,
barsukov|n|han|s,barsukov|n,han|s,Nikolai Barsukov,Seon Yong Han,ITF Men Yinchuan - R1,2026-09-23 05:13:00,0.7207837216090557,0.27921627839094426,0.7442455242966751,0.303951367781155,450,2026-09-23 05:19:59,2026-09-23 05:12:05,2026-09-23 05:13:00,3739083810,-7.0,97,
barsukov|n|kachmazov|a,barsukov|n,kachmazov|a,Nikolai Barsukov,Alibek Kachmazov,ITF Men Guiyang - SF,2026-09-19 02:12:00,0.25466646815752353,0.7453335318424765,0.27932960893854747,0.7685185185185185,750,2026-09-19 02:18:30,2026-09-19 02:07:28,2026-09-19 02:12:00,3733669051,-6.5,102,
barsukov|n|xia|y,barsukov|n,xia|y,Nikolai Barsukov,Yue Xia,ITF Men Guiyang - R16,2026-09-17 03:53:34,0.9281092538870952,0.07189074611290497,0.9450549450549449,0.09354536950420955,450,2026-09-17 03:55:19,2026-09-17 03:50:01,2026-09-17 03:53:34,3731625011,-1.8,21,
bartashevich|y|dominguez|s,bartashevich|y,dominguez|s,Yaroslava Bartashevich,Sofia Elena Cabezas Dominguez,ITF Women Berkeley - R1,2026-09-23 20:14:54,0.3879874538822563,0.6120125461177437,0.41152263374485604,0.635036496350365,450,2026-09-23 20:19:54,2026-09-23 20:06:09,2026-09-23 20:14:54,3739884014,-5.0,80,
bartashevich|y|rogers|a,bartashevich|y,rogers|a,Yaroslava Bartashevich,Anna Rogers,ITF Women Berkeley - R16,2026-09-24 19:00:00,0.3356956711091377,0.6643043288908622,0.3597122302158273,0.6875,450,2026-09-24 19:07:16,2026-09-24 18:58:54,2026-09-24 19:00:00,3740591359,-7.3,93,
barthel|m|basiletti|n,barthel|m,basiletti|n,Mona Barthel,Noemi Basiletti,WTA 125K Ljubljana - SF,2026-09-19 12:42:26,0.5895791825606969,0.41042081743930314,0.6062992125984252,0.4273504273504274,2500,2026-09-19 12:42:25,2026-09-19 12:42:25,2026-09-19 12:42:26,3734218041,-0.0,91,
barthel|m|ristic|m,barthel|m,ristic|m,Mona Barthel,Mia Ristic,WTA 125K Ljubljana - QF,2026-09-18 08:00:00,0.44832427423365906,0.5516757257663409,0.4694835680751174,0.5726495726495727,1750,2026-09-18 08:00:01,2026-09-18 07:57:23,2026-09-18 09:00:00,3732564486,-0.0,175,
barthel|m|stefano|s,barthel|m,stefano|s,Mona Barthel,Samira De Stefano,WTA 125K Ljubljana - Final,2026-09-20 10:10:00,0.5827115743401114,0.41728842565988855,0.6000000000000001,0.4347826086956522,2500,2026-09-20 10:01:15,2026-09-20 09:49:24,2026-09-20 10:10:00,3735934875,8.7,73,
barton|h|kolar|z,barton|h,kolar|z,Hynek Barton,Zdenek Kolar,ATP Challenger Szczecin - R16,2026-09-17 19:00:00,0.5702531634702028,0.4297468365297971,0.5867768595041323,0.4464285714285714,2525,2026-09-17 18:31:25,2026-09-17 18:25:37,2026-09-17 19:00:00,3732186265,28.5,62,
basavareddy|n|dietrich|d,basavareddy|n,dietrich|d,Nishesh Basavareddy,Dylan Dietrich,ATP Challenger San Diego - SF,2026-09-27 00:05:00,0.6396716422205797,0.3603283577794201,0.6563573883161512,0.37735849056603776,2500,2026-09-27 00:13:21,2026-09-27 00:05:04,2026-09-27 00:20:00,3743642414,-8.4,131,
basavareddy|n|gorzny|s,basavareddy|n,gorzny|s,Nishesh Basavareddy,Sebastian Gorzny,ATP Challenger Tiburon - R16,2026-09-16 23:28:18,0.8165814338877971,0.18341856611220295,0.8327759197324415,0.2008032128514056,1900,2026-09-16 23:31:54,2026-09-16 23:22:52,2026-09-16 23:28:18,3731480336,-3.6,33,
basavareddy|n|hance|k,basavareddy|n,hance|k,Nishesh Basavareddy,Keaton Hance,ATP Challenger San Diego - R16,2026-09-25 01:30:00,0.8198978951302269,0.18010210486977318,0.840255591054313,0.20242914979757087,1300,2026-09-25 01:29:53,2026-09-25 01:17:36,2026-09-25 01:30:00,3740910537,0.1,73,
basavareddy|n|marcondes|i,basavareddy|n,marcondes|i,Nishesh Basavareddy,Igor Marcondes,ATP Challenger San Diego - Final,2026-09-27 20:14:02,0.8278086943848395,0.17219130561516066,0.84375,0.1893939393939394,1875,2026-09-27 20:21:42,2026-09-27 20:07:42,2026-09-27 20:14:02,3745009721,-7.7,90,
basavareddy|n|rottgering|m,basavareddy|n,rottgering|m,Nishesh Basavareddy,Mees Rottgering,ATP Challenger San Diego - R1,2026-09-22 22:39:20,0.7135444980959031,0.28645550190409663,0.7347480106100795,0.30864197530864196,1750,2026-09-22 22:42:27,2026-09-22 22:31:43,2026-09-22 22:39:20,3738903934,-3.1,87,
basilashvili|n|brooksby|j,basilashvili|n,brooksby|j,Nikoloz Basilashvili,Jenson Brooksby,ATP Chengdu Open - QF,2026-09-27 05:14:31,0.41351813982079844,0.5864818601792017,0.425531914893617,0.5983935742971888,5000,2026-09-27 05:21:36,2026-09-27 05:06:55,2026-09-27 05:14:31,3743835439,-7.1,212,
basilashvili|n|cina|f,basilashvili|n,cina|f,Nikoloz Basilashvili,Federico Cina,ATP Chengdu Open - Qualifiers,2026-09-23 07:05:00,0.38031243122660574,0.6196875687733944,0.4,0.6389891696750902,1750,2026-09-23 07:04:46,2026-09-23 06:51:45,2026-09-23 07:05:00,3739128864,0.2,99,
basilashvili|n|fokina|a,basilashvili|n,fokina|a,Nikoloz Basilashvili,Alejandro Davidovich Fokina,ATP Chengdu Open - SF,2026-09-28 10:00:00,0.31881321245575156,0.6811867875442486,0.33112582781456956,0.6932515337423313,6000,2026-09-28 09:08:06,2026-09-28 09:02:15,2026-09-28 10:00:00,3745348879,51.9,85,
basilashvili|n|kecmanovic|m,basilashvili|n,kecmanovic|m,Nikoloz Basilashvili,Miomir Kecmanovic,ATP Chengdu Open - R1,2026-09-24 09:45:00,0.41110300984562614,0.5888969901543739,0.425531914893617,0.6031746031746031,3000,2026-09-24 09:01:06,2026-09-24 08:50:55,2026-09-24 08:59:33,3740227234,43.9,118,
basilashvili|n|lu|h,basilashvili|n,lu|h,Nikoloz Basilashvili,Hanlei Lu,ATP Chengdu Open - Qualifiers,2026-09-22 09:00:00,0.9341513885107074,0.06584861148929261,0.9518072289156626,0.08936550491510277,225,2026-09-22 09:01:49,2026-09-22 08:52:21,2026-09-22 09:00:00,3738233962,-1.8,69,
basilashvili|n|zandschulp|b,basilashvili|n,zandschulp|b,Nikoloz Basilashvili,Botic Van de Zandschulp,ATP Chengdu Open - R16,2026-09-25 09:30:00,0.34890060852050436,0.6510993914794955,0.36363636363636365,0.6655518394648829,4000,2026-09-25 08:43:52,2026-09-25 08:39:42,2026-09-25 08:48:56,3741055156,46.1,102,
basiletti|n|gorgodze|e,basiletti|n,gorgodze|e,Noemi Basiletti,Ekaterine Gorgodze,WTA 125K Ljubljana - QF,2026-09-18 08:00:00,0.5434578148771262,0.4565421851228738,0.5652173913043479,0.47846889952153115,1750,2026-09-18 08:00:01,2026-09-18 07:57:23,2026-09-18 09:00:00,3732565082,-0.0,142,
basiletti|n|ristic|m,basiletti|n,ristic|m,Noemi Basiletti,Mia Ristic,WTA 125k Tolentino - R16,2026-09-23 19:00:00,0.43566572323645464,0.5643342767635452,0.4566210045662101,0.5850622406639003,1750,2026-09-23 18:07:25,2026-09-23 18:05:22,2026-09-23 18:14:28,3739767948,52.5,62,
basiletti|n|samson|l,basiletti|n,samson|l,Noemi Basiletti,Laura Samson,WTA 125k Tolentino - R1,2026-09-21 18:00:00,0.30785656115064225,0.6921434388493579,0.33003300330033003,0.7134670487106016,1750,2026-09-21 18:08:25,2026-09-21 17:58:19,2026-09-21 18:00:00,3737862786,-8.4,56,
basile|a|gschwendtner|j,basile|a,gschwendtner|j,Alessio Basile,Jeremy Gschwendtner,ITF Men Telavi - R1,2026-09-23 11:16:56,0.487548844597378,0.512451155402622,0.5121951219512195,0.5370370370370371,450,2026-09-23 11:18:42,2026-09-23 11:09:50,2026-09-23 11:16:56,3739370730,-1.8,29,
basile|p|oradini|g,basile|p,oradini|g,Pierluigi Basile,Giovanni Oradini,ATP Challenger Genoa - Qualifiers,2026-09-21 13:01:57,0.6626355849393754,0.3373644150606245,0.6904024767801857,0.3663003663003663,350,2026-09-21 12:59:46,2026-09-21 12:53:34,2026-09-21 13:01:57,3737703847,2.2,82,
basile|p|ovcharenko|o,basile|p,ovcharenko|o,Pierluigi Basile,Oleksandr Ovcharenko,ATP Challenger Bari - Qualifiers,2026-09-28 08:00:00,0.5755826017002206,0.42441739829977937,0.6031746031746031,0.45248868778280543,250,2026-09-28 08:03:03,2026-09-28 07:57:30,2026-09-28 08:00:00,3745315796,-3.1,20,
basile|p|wehnelt|k,basile|p,wehnelt|k,Pierluigi Basile,Kai Wehnelt,ATP Challenger Bari - Qualifiers,2026-09-27 10:55:48,0.6885766579092282,0.31142334209077177,0.7159090909090909,0.3401360544217687,250,2026-09-27 10:56:04,2026-09-27 10:52:20,2026-09-27 10:55:48,3744098096,-0.3,28,
basing|m|poljicak|m,basing|m,poljicak|m,Max Basing,Mili Poljicak,ATP Challenger Porto - R1,2026-09-28 13:00:00,0.6466465209874802,0.3533534790125199,0.6632996632996633,0.37037037037037035,1750,2026-09-28 12:59:11,2026-09-28 12:57:51,2026-09-28 14:00:00,3745458320,0.8,35,
batalla|o|canas|a,batalla|o,canas|a,Oriol Roca Batalla,Alejandro Moro Canas,ATP Challenger Biella - QF,2026-09-18 13:55:02,0.4216359527660841,0.5783640472339159,0.43859649122807015,0.5951417004048584,2500,2026-09-18 13:55:36,2026-09-18 13:47:53,2026-09-18 13:55:02,3732819806,-0.6,113,
batsabaken|y|faurel|t,batsabaken|y,faurel|t,Yannis Batsabaken,Thomas Faurel,ITF Men Nevers - R16,2026-09-17 18:15:00,0.07973500957538357,0.9202649904246162,0.1019367991845056,0.9379652605459058,600,2026-09-17 17:57:16,2026-09-17 17:55:25,2026-09-17 18:00:18,3732185278,17.7,112,
baum|s|cerny|m,baum|s,cerny|m,Stepan Baum,Matyas Cerny,ITF Men Pardubice - QF,2026-09-26 07:47:40,0.3066860359515865,0.6933139640484133,0.33112582781456956,0.71671388101983,750,2026-09-26 07:54:29,2026-09-26 07:44:02,2026-09-26 07:47:40,3742115138,-6.8,105,
baum|s|dominko|s,baum|s,dominko|s,Stepan Baum,Sebastian Dominko,ITF Men Pardubice - Final,2026-09-27 08:00:00,0.2025311572493042,0.7974688427506957,0.22727272727272727,0.8201438848920863,750,2026-09-27 08:02:10,2026-09-27 08:02:10,2026-09-27 09:00:00,3743925854,-2.2,103,
baum|s|pokorny|l,baum|s,pokorny|l,Stepan Baum,Lukas Pokorny,ITF Men Pardubice - SF,2026-09-26 11:00:00,0.31784785367327356,0.6821521463267264,0.3472222222222222,0.7101449275362319,550,2026-09-26 11:00:23,2026-09-26 10:53:02,2026-09-26 11:00:00,3742319340,-0.4,4,
baum|s|sorger|s,baum|s,sorger|s,Stepan Baum,Sebastian Sorger,ITF Men Pardubice - R1,2026-09-23 10:26:28,0.12275480341836602,0.877245196581634,0.14684287812041116,0.8978549540347293,450,2026-09-23 10:32:26,2026-09-23 10:19:51,2026-09-23 10:26:28,3739314899,-6.0,38,
baum|s|vrtilka|j,baum|s,vrtilka|j,Stepan Baum,Jakub Vrtilka,ITF Men Pardubice - R16,2026-09-24 08:27:33,0.8810862074000543,0.11891379259994575,0.9014778325123154,0.14285714285714285,450,2026-09-24 08:29:12,2026-09-24 08:20:36,2026-09-24 08:27:33,3740204483,-1.7,85,
bax|f|borisiouk|m,bax|f,borisiouk|m,Florent Bax,Martin Borisiouk,ATP Challenger Phan Thiet - R16,2026-09-17 04:00:00,0.5285202158717768,0.4714797841282233,0.5495495495495495,0.4926108374384236,1750,2026-09-17 03:06:14,2026-09-17 03:04:42,2026-09-17 04:00:00,3731598948,53.7,47,
bax|f|kouame|m,bax|f,kouame|m,Florent Bax,Moise Kouame,ATP Challenger Phan Thiet - QF,2026-09-18 05:00:00,0.2028947441539454,0.7971052558460547,0.22026431718061673,0.8134328358208955,1875,2026-09-18 04:28:22,2026-09-18 04:22:03,2026-09-18 04:28:52,3732501411,31.6,101,
beamish|n|nakajima|k,beamish|n,nakajima|k,Nick Beamish,Kazuki Nakajima,ITF Men Yinchuan - R1,2026-09-23 05:51:42,0.6383798762953181,0.3616201237046819,0.6621621621621622,0.3861003861003861,450,2026-09-23 05:59:14,2026-09-23 05:45:30,2026-09-23 05:51:42,3739097970,-7.5,99,
beamish|n|sasikumar|m,beamish|n,sasikumar|m,Nick Beamish,Mukund Sasikumar,ITF Men Yinchuan - R16,2026-09-24 04:00:00,0.05712983014905022,0.9428701698509501,0.07745933384972889,0.9581064097193129,350,2026-09-24 02:01:09,2026-09-24 01:53:26,2026-09-24 04:00:00,3739993392,118.8,64,
bejlek|s|bucsa|c,bejlek|s,bucsa|c,Sara Bejlek,Cristina Bucsa,WTA Guadalajara - QF,2026-09-17 19:13:40,0.6601140902562647,0.33988590974373534,0.6721311475409836,0.35211267605633806,6000,2026-09-17 19:16:04,2026-09-17 19:07:55,2026-09-17 19:13:40,3732262606,-2.4,96,
bekeni|m|dominko|s,bekeni|m,dominko|s,Marko Bekeni,Sebastian Dominko,ITF Men Pardubice - R16,2026-09-24 10:00:00,0.09385457864649493,0.9061454213535053,0.11682242990654207,0.9249812453113277,450,2026-09-24 08:01:11,2026-09-24 07:55:54,2026-09-24 10:00:00,3740134960,118.8,84,
bekeni|m|heinrich|s,bekeni|m,heinrich|s,Marko Bekeni,Sebastian Heinrich,ITF Men Pardubice - R1,2026-09-23 10:00:00,0.7268376744851951,0.2731623255148049,0.75,0.2976190476190476,450,2026-09-23 10:03:42,2026-09-23 09:48:52,2026-09-23 10:00:00,3739180200,-3.7,36,
belgium||ukraine|,belgium|,ukraine|,Belgium,Ukraine,Billie Jean King Cup - Tie,2026-09-24 02:05:00,0.14624460247569943,0.8537553975243005,0.17421602787456444,0.8778998778998779,100,2026-09-24 02:01:09,2026-09-24 02:00:06,2026-09-24 02:05:00,3740057603,3.8,221,
bellifemine|a|seghetti|s,bellifemine|a,seghetti|s,Alessandro Bellifemine,Samuele Seghetti,ITF Men Santa Margherita di Pula - R1,2026-09-22 14:00:00,0.43036086252918054,0.5696391374708195,0.45454545454545453,0.5934959349593496,450,2026-09-22 13:08:29,2026-09-22 13:08:29,2026-09-22 13:14:28,3738447036,51.4,81,
bellucci|m|majchrzak|k,bellucci|m,majchrzak|k,Mattia Bellucci,Kamil Majchrzak,ATP Hangzhou - R1,2026-09-24 08:42:03,0.46341650939760237,0.5365834906023977,0.47846889952153115,0.5515695067264574,3000,2026-09-24 08:46:21,2026-09-24 08:36:01,2026-09-24 08:42:03,3740214511,-4.3,262,
bellucci|m|peliwo|f,bellucci|m,peliwo|f,Mattia Bellucci,Filip Peliwo,ATP Challenger Jingshan - Qualifiers,2026-09-28 06:30:00,0.9421000663870489,0.05789993361295124,0.9611197511664076,0.08539709649871904,100,2026-09-28 05:59:46,2026-09-28 05:46:01,2026-09-28 06:30:00,3745280970,30.2,19,
bellucci|m|saitoh|k,bellucci|m,saitoh|k,Mattia Bellucci,Keisuke Saitoh,ATP Challenger Jingshan - Qualifiers,2026-09-29 04:49:46,0.9284997127651676,0.07150028723483276,0.9482133609528741,0.0979431929480901,125,2026-09-29 04:55:47,2026-09-29 04:41:48,2026-09-29 04:49:46,3745820840,-6.0,86,
belozertsev|n|nikolic|m,belozertsev|n,nikolic|m,Nikita Belozertsev,Marko Nikolic,ITF Men Zlatibor - R1,2026-09-17 11:00:00,0.8342420134457603,0.1657579865542395,0.8563218390804597,0.19047619047619047,450,2026-09-17 10:59:09,2026-09-17 10:52:48,2026-09-17 11:00:00,3731767189,0.8,57,
belozertsev|n|topo|m,belozertsev|n,topo|m,Nikita Belozertsev,Marko Topo,ITF Men Zlatibor - R16,2026-09-18 09:41:45,0.282297589010427,0.7177024109895731,0.3067484662576687,0.7409326424870467,450,2026-09-18 09:42:00,2026-09-18 09:31:19,2026-09-18 10:00:00,3732569108,-0.3,41,
bentzel|c|khorozov|m,bentzel|c,khorozov|m,Cezar Stefan Bentzel,Maxim Khorozov,ITF Men Slobozia - R1,2026-09-29 07:21:35,0.7140928400925477,0.28590715990745236,0.7375328083989502,0.3105590062111801,450,2026-09-29 07:27:35,2026-09-29 07:13:42,2026-09-29 07:21:35,3745873874,-6.0,27,
beraldo|l|michalski|d,beraldo|l,michalski|d,Lorenzo Beraldo,Daniel Michalski,ITF Men Santa Margherita di Pula - R1,2026-09-22 08:56:11,0.04592588113051842,0.9540741188694817,0.06493506493506493,0.9677106877623507,450,2026-09-22 09:01:49,2026-09-22 08:52:21,2026-09-22 08:56:11,3738235187,-5.6,58,
berecoechea|n|lazarenko|k,berecoechea|n,lazarenko|k,Nahia Berecoechea,Kateryna Lazarenko,ITF Women Yecla - QF,2026-09-25 10:43:22,0.754546126652322,0.24545387334767796,0.7777777777777779,0.27027027027027023,750,2026-09-25 10:49:46,2026-09-25 10:36:11,2026-09-25 10:43:22,3741138522,-6.4,51,
berecoechea|n|matoula|m,berecoechea|n,matoula|m,Nahia Berecoechea,Martha Matoula,ITF Women Yecla - R1,2026-09-22 10:00:00,0.44961353216888644,0.5503864678311137,0.4739336492890995,0.574468085106383,450,2026-09-22 09:01:49,2026-09-22 08:52:21,2026-09-22 09:00:00,3738233962,58.2,60,
berecoechea|n|tona|m,berecoechea|n,tona|m,Nahia Berecoechea,Miriana Tona,ITF Women Yecla - R16,2026-09-24 09:00:00,0.6620223041909029,0.33797769580909726,0.6855345911949686,0.3623188405797102,450,2026-09-24 09:01:06,2026-09-24 08:56:18,2026-09-24 09:00:00,3740154374,-1.1,42,
bergs|z|neumayer|l,bergs|z,neumayer|l,Zizou Bergs,Lukas Neumayer,Davis Cup - Qualifiers,2026-09-18 12:15:00,0.6611053006212773,0.33889469937872285,0.6825396825396826,0.36101083032490977,450,2026-09-18 13:28:24,2026-09-18 13:17:42,2026-09-18 12:15:00,3732657699,-73.4,34,
bergs|z|rodionov|j,bergs|z,rodionov|j,Zizou Bergs,Jurij Rodionov,Davis Cup - Qualifiers,2026-09-19 11:39:36,0.6071263905482052,0.3928736094517948,0.6254681647940076,0.41152263374485604,1750,2026-09-19 11:44:54,2026-09-19 11:33:36,2026-09-19 11:39:36,3734090672,-5.3,60,
bernard|a|lithen|j,bernard|a,lithen|j,Alexander Bernard,John Hallquist Lithen,ITF Men Columbia - R1,2026-09-23 17:23:15,0.2684937413692957,0.7315062586307044,0.29325513196480935,0.7549019607843137,450,2026-09-23 17:22:52,2026-09-23 17:13:41,2026-09-23 17:23:15,3739716619,0.4,29,
bernet|h|friberg|k,bernet|h,friberg|k,Henry Bernet,Karl Friberg,ITF Men Falun - QF,2026-09-24 13:00:00,0.7658373082370703,0.23416269176292973,0.7890295358649789,0.2590673575129534,750,2026-09-24 13:02:53,2026-09-24 12:57:51,2026-09-24 13:00:00,3740335356,-2.9,59,
bernet|h|frydrych|v,bernet|h,frydrych|v,Henry Bernet,Viktor Frydrych,ITF Men Falun - R1,2026-09-21 12:00:00,0.9593063637642558,0.04069363623574427,0.9720826353992182,0.05896226415094339,450,2026-09-21 12:00:41,2026-09-21 11:59:15,2026-09-21 12:00:00,3737621533,-0.7,49,
bernet|h|petrovic|a,bernet|h,petrovic|a,Henry Bernet,Andreja Petrovic,ITF Men Falun - SF,2026-09-25 16:00:00,0.7908036623683149,0.20919633763168513,0.8137802607076351,0.234192037470726,750,2026-09-25 15:11:46,2026-09-25 15:07:52,2026-09-25 15:11:56,3741336464,48.2,72,
bernet|h|sigsgaard|c,bernet|h,sigsgaard|c,Henry Bernet,Christian Sigsgaard,ITF Men Falun - R16,2026-09-23 16:23:34,0.792929317242744,0.20707068275725607,0.8158379373848987,0.23201856148491876,450,2026-09-23 16:22:52,2026-09-23 16:19:41,2026-09-23 16:23:34,3739661268,0.7,70,
bertacchi|a|blazkova|k,bertacchi|a,blazkova|k,Anastasia Bertacchi,Klara Blazkova,ITF Women Monastir - R1,2026-09-22 10:57:39,0.7437301757444048,0.25626982425559497,0.7668997668997669,0.2808988764044944,450,2026-09-22 10:59:29,2026-09-22 10:53:08,2026-09-22 10:57:39,3738334379,-1.9,73,
bertacchi|a|daniels|e,bertacchi|a,daniels|e,Anastasia Bertacchi,Ellie Daniels,ITF Women Monastir - R16,2026-09-24 11:00:00,0.5964331015883567,0.4035668984116433,0.6197718631178707,0.4273504273504274,450,2026-09-24 11:03:18,2026-09-24 10:57:07,2026-09-24 11:00:00,3740313949,-3.3,52,
bertea|e|kostovic|t,bertea|e,kostovic|t,Elena Ruxandra Bertea,Teodora Kostovic,WTA 125K Ankara - R16,2026-09-24 09:00:00,0.17607488568365112,0.823925114316349,0.1984126984126984,0.8442367601246107,1300,2026-09-24 09:01:06,2026-09-24 08:56:18,2026-09-24 10:00:00,3740227176,-1.1,97,
bertea|e|stefanini|l,bertea|e,stefanini|l,Elena Ruxandra Bertea,Lucrezia Stefanini,WTA 125K Adana - R1,2026-09-28 10:39:39,0.11705739560832525,0.8829426043916747,0.14347202295552366,0.9050332383665717,575,2026-09-28 10:46:50,2026-09-28 10:32:49,2026-09-28 10:39:39,3745391517,-7.2,29,
bertea|e|vogt|m,bertea|e,vogt|m,Elena Ruxandra Bertea,Marie Vogt,WTA 125K Ankara - R1,2026-09-22 14:00:00,0.533939444035328,0.466060555964672,0.5555555555555556,0.48780487804878053,1750,2026-09-22 13:49:03,2026-09-22 13:40:51,2026-09-22 13:49:48,3738480427,10.9,63,
bertimon|c|gretskiy|i,bertimon|c,gretskiy|i,Charles Bertimon,Ivan Gretskiy,ITF Men Hurghada - QF,2026-09-18 07:00:00,0.6441351105848953,0.35586488941510486,0.6677740863787376,0.3802281368821293,750,2026-09-18 06:13:29,2026-09-18 06:09:25,2026-09-18 07:00:00,3732526053,46.5,29,
bertimon|c|hurrion|m,bertimon|c,hurrion|m,Charles Bertimon,Millen Hurrion,ITF Men Hurghada - SF,2026-09-19 09:00:00,0.14267892405865867,0.8573210759413413,0.16722408026755853,0.8787878787878788,750,2026-09-19 06:00:10,2026-09-19 05:53:56,2026-09-19 09:00:00,3733752156,179.8,65,
bertimon|c|jubb|p,bertimon|c,jubb|p,Charles Bertimon,Paul Jubb,ITF Men Hurghada - Final,2026-09-20 09:00:00,0.09843006213571893,0.9015699378642815,0.12165450121654503,0.9207606973058637,550,2026-09-20 06:33:11,2026-09-20 06:33:11,2026-09-20 06:42:43,3735868925,146.8,127,
bertimon|c|poritskyy|a,bertimon|c,poritskyy|a,Charles Bertimon,Andriy Poritskyy,ITF Men Hurghada - R16,2026-09-17 07:44:23,0.9458107590604079,0.05418924093959212,0.9606454151908697,0.07418397626112759,450,2026-09-17 07:47:09,2026-09-17 07:36:31,2026-09-17 07:44:23,3731700429,-2.8,14,
bertimon|m|lumsden|e,bertimon|m,lumsden|e,Maxence Bertimon,Ewen Lumsden,ITF Men Monastir - R16,2026-09-17 08:42:55,0.5650282003368161,0.4349717996631839,0.5884773662551441,0.4587155963302753,450,2026-09-17 08:50:45,2026-09-17 08:36:54,2026-09-17 08:42:55,3731732161,-7.9,19,
bertola|r|jong|j,bertola|r,jong|j,Remy Bertola,Jesper De Jong,ATP Challenger St Tropez - R1,2026-09-22 12:04:33,0.3019135214231923,0.6980864785768078,0.3194888178913738,0.715099715099715,1750,2026-09-22 12:00:49,2026-09-22 11:54:45,2026-09-22 12:04:33,3738389022,3.7,232,
berto|l|bocchi|l,berto|l,bocchi|l,Lorenzo Berto,Lorenzo Bocchi,ATP Challenger Genoa - Qualifiers,2026-09-20 08:44:01,0.3027035246271354,0.6972964753728643,0.33222591362126247,0.7252747252747253,350,2026-09-20 08:49:59,2026-09-20 08:37:23,2026-09-20 08:44:01,3735942271,-6.0,38,
berto|l|caniato|c,berto|l,caniato|c,Lorenzo Berto,Carlo Alberto Caniato,ATP Challenger Genoa - R1,2026-09-22 10:44:39,0.06019774287691592,0.9398022571230841,0.0855431993156544,0.957983193277311,225,2026-09-22 10:48:03,2026-09-22 10:38:02,2026-09-22 10:44:39,3738322944,-3.4,36,
berto|l|sakellaridis|d,berto|l,sakellaridis|d,Lorenzo Berto,Dimitris Sakellaridis,ATP Challenger Genoa - Qualifiers,2026-09-21 11:00:00,0.3143860604774447,0.6856139395225554,0.3436426116838488,0.7134670487106016,350,2026-09-21 10:16:19,2026-09-21 10:05:34,2026-09-21 10:13:57,3737621492,43.7,37,
bertrand|r|cacao|t,bertrand|r,cacao|t,Robin Bertrand,Tiago Cacao,ITF Men Setubal - R1,2026-09-22 12:15:00,0.6126927108448337,0.3873072891551664,0.6363636363636364,0.41152263374485604,450,2026-09-22 12:00:49,2026-09-22 11:54:45,2026-09-22 12:15:00,3738388597,14.2,77,
bertrand|r|domingues|j,bertrand|r,domingues|j,Robin Bertrand,Joao Domingues,ITF Men Setubal - R16,2026-09-24 12:00:00,0.6866526517754356,0.3133473482245643,0.7101449275362319,0.33783783783783783,450,2026-09-24 11:57:16,2026-09-24 11:42:23,2026-09-24 12:00:00,3740283802,2.7,55,
bertrand|r|henning|p,bertrand|r,henning|p,Robin Bertrand,Philip Henning,ITF Men Setubal - QF,2026-09-25 11:00:00,0.4222336985875583,0.5777663014124417,0.4464285714285714,0.601593625498008,750,2026-09-25 11:01:37,2026-09-25 10:51:16,2026-09-25 11:00:00,3741114534,-1.6,51,
bertrand|r|matusevich|a,bertrand|r,matusevich|a,Robin Bertrand,Anton Matusevich,ATP Challenger Porto - Qualifiers,2026-09-28 12:20:00,0.39856942897033276,0.6014305710296673,0.42016806722689076,0.6226415094339623,1000,2026-09-28 12:09:30,2026-09-28 12:03:23,2026-09-28 12:30:00,3745437014,10.5,46,
bertrand|r|murgett|f,bertrand|r,murgett|f,Robin Bertrand,Finn Murgett,ITF Men Sintra - R16,2026-09-17 09:14:33,0.72716790725985,0.27283209274014997,0.7506234413965087,0.2976190476190476,450,2026-09-17 09:08:45,2026-09-17 09:07:06,2026-09-17 09:14:33,3731752444,5.8,46,
bertrand|r|schoen|p,bertrand|r,schoen|p,Robin Bertrand,Patrick Schoen,ITF Men Sintra - QF,2026-09-18 09:13:18,0.36221074548893245,0.6377892545110674,0.3861003861003861,0.6610169491525424,750,2026-09-18 09:21:31,2026-09-18 09:08:52,2026-09-18 09:13:18,3732601901,-8.2,72,
bertrand|r|valdoleiros|g,bertrand|r,valdoleiros|g,Robin Bertrand,Guilherme Valdoleiros,ATP Challenger Porto - Qualifiers,2026-09-27 14:59:00,0.978290549870297,0.02170945012970319,0.9882903981264638,0.03990422984836393,125,2026-09-27 14:53:57,2026-09-27 14:40:27,2026-09-27 14:59:00,3744424691,5.0,76,
bessonov|d|lagarrigue|f,bessonov|d,lagarrigue|f,Dmitry Bessonov,Florent Lagarrigue,ITF Men Tsaghkadzor - SF,2026-09-19 08:00:00,0.3675645788426883,0.6324354211573117,0.3921568627450981,0.6563573883161512,750,2026-09-19 08:08:36,2026-09-19 07:54:42,2026-09-19 08:00:00,3733772015,-8.6,60,
bessonov|d|monzon|i,bessonov|d,monzon|i,Dmitry Bessonov,Ignacio Monzon,ITF Men Tsaghkadzor - QF,2026-09-18 07:22:24,0.2512414537379262,0.7487585462620739,0.27624309392265195,0.7722095671981777,750,2026-09-18 07:30:05,2026-09-18 07:15:27,2026-09-18 07:22:24,3732550870,-7.7,61,
bessonov|d|popko|d,bessonov|d,popko|d,Dmitry Bessonov,Dmitry Popko,ITF Men Tsaghkadzor - Final,2026-09-20 07:15:18,0.10072623525928566,0.8992737647407144,0.1240694789081886,0.918633034987795,750,2026-09-20 07:10:25,2026-09-20 07:03:18,2026-09-20 08:00:00,3735875248,4.9,119,
betov|s|frydrych|v,betov|s,frydrych|v,Sergey Betov,Viktor Frydrych,ITF Men Hurghada - R16,2026-09-17 09:00:00,0.2795628036999412,0.7204371963000588,0.303951367781155,0.7435897435897436,350,2026-09-17 05:58:56,2026-09-17 05:50:50,2026-09-17 09:00:00,3731649862,181.1,30,
bicknell|b|milavsky|d,bicknell|b,milavsky|d,Blaise Bicknell,Daniel Milavsky,ATP Challenger Columbus - R1,2026-09-28 20:30:00,0.28645550190409663,0.7135444980959031,0.30864197530864196,0.7347480106100795,1750,2026-09-28 19:45:22,2026-09-28 19:36:16,2026-09-28 19:42:24,3745673031,44.6,50,
bicknell|b|vrba|j,bicknell|b,vrba|j,Blaise Bicknell,Jakub Vrba,ATP Challenger San Diego - Qualifiers,2026-09-20 20:00:00,0.7386754213132313,0.2613245786867687,0.7727272727272727,0.29850746268656714,350,2026-09-20 20:02:24,2026-09-20 19:50:06,2026-09-20 19:57:37,3737253597,-2.4,74,
bidzinashvili|n|grippo|v,bidzinashvili|n,grippo|v,Nika Bidzinashvili,Valentino Grippo,ITF Men Telavi - R1,2026-09-23 09:28:57,0.11357350748358329,0.8864264925164168,0.13736263736263735,0.9065420560747663,450,2026-09-23 09:31:00,2026-09-23 09:23:32,2026-09-23 09:28:57,3739252836,-2.1,17,
bieldiugin|t|opitz|j,bieldiugin|t,opitz|j,Tymur Bieldiugin,Jannik Opitz,ITF Men Slobozia - R1,2026-09-29 07:00:00,0.37926138015557614,0.620738619844424,0.40322580645161293,0.6441281138790036,450,2026-09-29 07:00:13,2026-09-29 06:55:44,2026-09-29 07:00:00,3745827376,-0.2,26,
bigun|k|fenty|a,bigun|k,fenty|a,Kaylan Bigun,Andrew Fenty,ATP Challenger San Diego - Qualifiers,2026-09-20 18:10:00,0.41228912257406675,0.5877108774259332,0.44052863436123346,0.6153846153846154,350,2026-09-20 18:06:01,2026-09-20 18:03:54,2026-09-20 19:10:00,3737088241,4.0,59,
bigun|k|zamora|n,bigun|k,zamora|n,Kaylan Bigun,Noah Zamora,ATP Challenger Columbus - Qualifiers,2026-09-27 23:15:37,0.5918482235628587,0.40815177643714146,0.6197718631178707,0.4366812227074236,350,2026-09-27 23:21:05,2026-09-27 23:07:30,2026-09-27 23:15:37,3745148054,-5.6,107,
bilardo|f|colmegna|m,bilardo|f,colmegna|m,Federica Bilardo,Martina Colmegna,ITF Women Santa Margherita di Pula - R1,2026-09-23 07:44:44,0.21201299205864654,0.7879870079413536,0.23696682464454974,0.8109640831758034,450,2026-09-23 07:48:24,2026-09-23 07:37:15,2026-09-23 07:44:44,3739160554,-3.8,22,
bilardo|j|malige|m,bilardo|j,malige|m,Jacopo Bilardo,Mae Malige,ITF Men Monastir - R1,2026-09-23 10:30:00,0.39799718640119486,0.6020028135988053,0.42194092827004215,0.6254681647940076,450,2026-09-23 10:32:26,2026-09-23 10:17:22,2026-09-23 10:30:00,3739207045,-2.5,24,
bilardo|j|ogunsakin|o,bilardo|j,ogunsakin|o,Jacopo Bilardo,Oluwaseun Peter Ogunsakin,ITF Men Monastir - R16,2026-09-17 08:42:25,0.6697601948126828,0.3302398051873172,0.6932515337423313,0.35460992907801414,450,2026-09-17 08:50:45,2026-09-17 08:36:54,2026-09-17 08:42:25,3731731072,-8.4,74,
bilardo|j|ruggeri|s,bilardo|j,ruggeri|s,Jacopo Bilardo,Samuel Vincent Ruggeri,ITF Men Monastir - QF,2026-09-18 09:00:17,0.3254335255763404,0.6745664744236597,0.34965034965034963,0.6978851963746223,750,2026-09-18 09:00:14,2026-09-18 08:53:52,2026-09-18 09:00:17,3732593621,0.0,37,
bilardo|j|willwerth|b,bilardo|j,willwerth|b,Jacopo Bilardo,Benjamin Willwerth,ITF Men Monastir - SF,2026-09-19 15:09:42,0.2879309599577679,0.7120690400422321,0.3125,0.7354497354497355,750,2026-09-19 15:19:48,2026-09-19 15:05:56,2026-09-19 15:09:42,3734702368,-10.1,69,
binda|a|chen|k,binda|a,chen|k,Alexandr Binda,Kuan Shou Chen,ITF Men Yinchuan - SF,2026-09-26 04:42:07,0.4672514169971266,0.5327485830028734,0.49019607843137253,0.5555555555555556,750,2026-09-26 04:44:56,2026-09-26 04:33:19,2026-09-26 04:42:07,3742027131,-2.8,86,
binda|a|chung|y,binda|a,chung|y,Alexandr Binda,Yun Seong Chung,ITF Men Yinchuan - R1,2026-09-23 03:57:09,0.4212542720038407,0.5787457279961594,0.4444444444444444,0.601593625498008,450,2026-09-23 03:59:37,2026-09-23 03:49:40,2026-09-23 03:57:09,3739053697,-2.5,88,
binda|a|flores|j,binda|a,flores|j,Alexandr Binda,Jesse Flores,ITF Men Yinchuan - QF,2026-09-25 03:00:00,0.7407587907618135,0.25924120923818644,0.7641509433962264,0.2840909090909091,750,2026-09-25 02:14:12,2026-09-25 02:02:54,2026-09-25 02:12:25,3740928057,45.8,84,
binda|a|rawat|s,binda|a,rawat|s,Alexandr Binda,Sidharth Rawat,ATP Challenger Jingshan - Qualifiers,2026-09-28 05:00:00,0.6681659010658343,0.33183409893416543,0.691358024691358,0.35587188612099646,600,2026-09-28 04:58:08,2026-09-28 04:45:38,2026-09-28 05:00:00,3745260919,1.8,17,
binda|a|sun|f,binda|a,sun|f,Alexandr Binda,Fajing Sun,ATP Challenger Guangzhou - R16,2026-09-17 07:46:35,0.26919001350730487,0.7308099864926952,0.28653295128939826,0.7474747474747475,2525,2026-09-17 07:53:15,2026-09-17 07:41:51,2026-09-17 07:46:35,3731701234,-6.7,38,
binda|a|tomic|b,binda|a,tomic|b,Alexandr Binda,Bernard Tomic,ATP Challenger Guangzhou - QF,2026-09-18 11:00:00,0.17209887392819567,0.8279011260718044,0.1869158878504673,0.8417721518987341,2250,2026-09-18 13:28:24,2026-09-18 13:17:42,2026-09-18 11:00:00,3732662546,-148.4,121,
binda|a|walton|a,binda|a,walton|a,Alexandr Binda,Adam Walton,ATP Challenger Jingshan - Qualifiers,2026-09-29 03:12:14,0.06259467256660697,0.9374053274333931,0.08818342151675485,0.9559277214631996,125,2026-09-29 03:14:34,2026-09-29 03:03:52,2026-09-29 03:12:14,3745790694,-2.3,87,
bini|v|damazio|l,bini|v,damazio|l,Victor Bini,Livas Eduardo De Carvalho Damazio,ITF Men Belem - QF,2026-09-18 03:00:00,0.38580546100794577,0.6141945389920542,0.4098360655737705,0.6376811594202898,550,2026-09-18 02:57:59,2026-09-18 02:57:59,2026-09-18 03:00:00,3732472341,2.0,4,
bini|v|echazu|m,bini|v,echazu|m,Victor Bini,Mauricio Echazu,ITF Men Belem - R16,2026-09-17 18:16:52,0.18186668750743654,0.8181333124925636,0.2066115702479339,0.8405103668261563,450,2026-09-17 18:13:15,2026-09-17 18:10:31,2026-09-17 18:16:52,3732201043,3.6,65,
bini|v|pagotto|v,bini|v,pagotto|v,Victor Bini,Victor Hugo Remondy Pagotto,ITF Men Curitiba - R1,2026-09-23 17:11:51,0.12841717863347019,0.8715828213665299,0.15267175572519084,0.89247311827957,450,2026-09-23 17:10:11,2026-09-23 17:05:00,2026-09-23 17:11:51,3739705150,1.6,50,
biro|m|herazo|m,biro|m,herazo|m,Melinda Biro,Maria Herazo,ITF Women Constanta - R16,2026-09-24 09:56:01,0.7058210566145043,0.2941789433854955,0.7289972899728998,0.3184713375796178,450,2026-09-24 09:56:39,2026-09-24 09:51:32,2026-09-24 09:56:01,3740270527,-0.6,77,
biro|m|safta|a,biro|m,safta|a,Melinda Biro,Anastasia Safta,ITF Women Constanta - R1,2026-09-23 08:00:00,0.6466635764698324,0.35333642353016753,0.66996699669967,0.37735849056603776,450,2026-09-23 07:04:46,2026-09-23 07:01:03,2026-09-23 08:00:00,3739132537,55.2,84,
birrell|k|bondar|a,birrell|k,bondar|a,Kimberly Birrell,Anna Bondar,WTA Seoul - SF,2026-09-26 06:58:53,0.5234379000984571,0.47656209990154297,0.5370370370370371,0.49019607843137253,700,2026-09-26 06:57:55,2026-09-26 06:51:07,2026-09-26 06:58:53,3742091200,0.9,11,
birrell|k|joint|m,birrell|k,joint|m,Kimberly Birrell,Maya Joint,WTA Seoul - Final,2026-09-27 07:30:00,0.38343393705674944,0.6165660629432506,0.39525691699604737,0.6282527881040892,8000,2026-09-27 06:33:03,2026-09-27 06:22:24,2026-09-27 07:30:00,3743877824,56.9,104,
birrell|k|ma|y,birrell|k,ma|y,Kimberly Birrell,Yexin Ma,WTA Seoul - R16,2026-09-24 03:00:00,0.6835582116567918,0.3164417883432082,0.6978851963746223,0.33112582781456956,3000,2026-09-24 02:59:44,2026-09-24 02:53:50,2026-09-24 03:00:00,3740079024,0.2,190,
birrell|k|volynets|k,birrell|k,volynets|k,Kimberly Birrell,Katie Volynets,WTA Seoul - QF,2026-09-25 03:00:00,0.25696086876609026,0.7430391312339095,0.2717391304347826,0.7572815533980582,4000,2026-09-25 02:59:51,2026-09-25 02:48:13,2026-09-25 03:00:00,3740904531,0.1,101,
birrell|k|zidansek|t,birrell|k,zidansek|t,Kimberly Birrell,Tamara Zidansek,WTA Seoul - R1,2026-09-22 07:45:00,0.6372288964306669,0.3627711035693332,0.6515679442508712,0.37735849056603776,2500,2026-09-22 06:46:09,2026-09-22 06:44:20,2026-09-22 06:52:04,3738157967,58.8,201,
biryukov|p|honda|n,biryukov|p,honda|n,Petr Bar Biryukov,Naoya Honda,ATP Challenger Guangzhou - R16,2026-09-17 07:47:27,0.6824059915645753,0.3175940084354247,0.6987951807228916,0.33444816053511706,2525,2026-09-17 07:53:15,2026-09-17 07:41:51,2026-09-17 07:47:27,3731701791,-5.8,39,
biryukov|p|ilagan|a,biryukov|p,ilagan|a,Petr Bar Biryukov,Andre Ilagan,ATP Chengdu Open - Qualifiers,2026-09-22 06:05:00,0.3203578887649049,0.6796421112350952,0.3401360544217687,0.6987951807228916,1750,2026-09-22 05:13:41,2026-09-22 05:05:51,2026-09-22 05:13:16,3738114329,51.3,56,
biryukov|p|leong|m,biryukov|p,leong|m,Petr Bar Biryukov,Mitsuki Wei Kang Leong,ATP Challenger Guangzhou - QF,2026-09-18 09:30:00,0.4591532875844507,0.5408467124155495,0.4739336492890995,0.5555555555555556,3000,2026-09-18 09:58:42,2026-09-18 09:53:52,2026-09-18 10:01:33,3732636657,-28.7,101,
biryukov|p|muller|a,biryukov|p,muller|a,Petr Bar Biryukov,Alexandre Muller,ATP Chengdu Open - Qualifiers,2026-09-23 05:00:00,0.31528789381226446,0.6847121061877357,0.33444816053511706,0.7032640949554896,1750,2026-09-23 04:59:25,2026-09-23 04:56:59,2026-09-23 05:00:00,3739076871,0.6,92,
biryukov|p|sharipov|m,biryukov|p,sharipov|m,Petr Bar Biryukov,Marat Sharipov,ATP Challenger Guangzhou - SF,2026-09-19 09:30:00,0.20832191257128785,0.7916780874287122,0.2232142857142857,0.8058252427184467,2250,2026-09-19 09:39:18,2026-09-19 09:25:18,2026-09-19 09:30:00,3733847069,-9.3,93,
blancaneaux|g|valiente|i,blancaneaux|g,valiente|i,Geoffrey Blancaneaux,Izan Almazan Valiente,ATP Challenger Plovdiv - R1,2026-09-22 08:15:10,0.4704628101253603,0.5295371898746397,0.4926108374384236,0.5515695067264574,1750,2026-09-22 08:13:36,2026-09-22 08:07:20,2026-09-22 08:15:10,3738205790,1.5,77,
blanchet|u|glinka|d,blanchet|u,glinka|d,Ugo Blanchet,Daniil Glinka,ATP Challenger St Tropez - R16,2026-09-23 11:00:00,0.49766350038102364,0.5023364996189763,0.5145631067961165,0.5192307692307692,2525,2026-09-23 10:22:06,2026-09-23 10:16:55,2026-09-23 10:21:05,3739307041,37.9,95,
blanchet|u|mejia|n,blanchet|u,mejia|n,Ugo Blanchet,Nicolas Mejia,ATP Challenger St Tropez - R1,2026-09-22 08:10:00,0.5510451791845434,0.4489548208154567,0.5670995670995671,0.46511627906976744,1750,2026-09-22 08:13:36,2026-09-22 08:07:02,2026-09-22 08:16:07,3738205201,-3.6,90,
blanchet|u|wayenburg|s,blanchet|u,wayenburg|s,Ugo Blanchet,Sascha Gueymard Wayenburg,ATP Challenger Rennes - R16,2026-09-16 20:12:24,0.515130120777729,0.48486987922227104,0.5327102803738317,0.5024875621890548,2525,2026-09-16 20:19:10,2026-09-16 20:05:52,2026-09-16 20:12:24,3731385099,-6.8,10,
blanch|d|donald|m,blanch|d,donald|m,Dali Blanch,Matthew William Donald,ATP Challenger Genoa - R16,2026-09-23 14:10:37,0.6293468251375385,0.37065317486246147,0.6503496503496503,0.3921568627450981,1750,2026-09-23 14:15:24,2026-09-23 14:03:50,2026-09-23 14:10:37,3739540818,-4.8,37,
blanch|d|gomez|f,blanch|d,gomez|f,Darwin Blanch,Federico Agustin Gomez,ATP Challenger Tiburon - R16,2026-09-17 18:14:23,0.6324157890772831,0.367584210922717,0.6491228070175439,0.3846153846153846,2525,2026-09-17 18:13:15,2026-09-17 18:06:55,2026-09-17 18:14:23,3732198327,1.1,59,
blanch|d|kopp|s,blanch|d,kopp|s,Dali Blanch,Sandro Kopp,ATP Challenger Genoa - R1,2026-09-21 13:00:00,0.40252495447336917,0.5974750455266308,0.42372881355932196,0.6183206106870228,1750,2026-09-21 12:59:46,2026-09-21 12:59:38,2026-09-21 13:00:00,3737686113,0.2,53,
blanch|d|mmoh|m,blanch|d,mmoh|m,Darwin Blanch,Michael Mmoh,ATP Challenger Tiburon - Final,2026-09-20 22:10:00,0.4952825989835406,0.5047174010164595,0.5098039215686274,0.5192307692307692,3000,2026-09-20 22:03:35,2026-09-20 21:53:56,2026-09-20 22:10:00,3737353680,6.4,60,
blanch|d|moeller|m,blanch|d,moeller|m,Dali Blanch,Marvin Moeller,ATP Challenger Genoa - QF,2026-09-25 11:41:02,0.4667355196782166,0.5332644803217834,0.48309178743961345,0.5495495495495495,2500,2026-09-25 11:46:38,2026-09-25 11:36:33,2026-09-25 11:41:02,3741183672,-5.6,100,
blanch|d|nakashima|b,blanch|d,nakashima|b,Darwin Blanch,Bryce Nakashima,ATP Challenger Tiburon - QF,2026-09-18 19:14:27,0.6616688414493582,0.3383311585506419,0.6763754045307443,0.35335689045936397,3000,2026-09-18 19:18:26,2026-09-18 19:04:55,2026-09-18 19:14:27,3733336746,-4.0,104,
blanch|d|wolf|j,blanch|d,wolf|j,Darwin Blanch,Jeffrey John Wolf,ATP Challenger San Diego - R1,2026-09-22 23:43:21,0.40746461957700825,0.5925353804229917,0.4291845493562232,0.613899613899614,1750,2026-09-22 23:44:31,2026-09-22 23:36:11,2026-09-22 23:43:21,3738931275,-1.2,91,
blanch|d|zheng|m,blanch|d,zheng|m,Darwin Blanch,Michael Zheng,ATP Challenger Tiburon - SF,2026-09-19 21:11:59,0.28624493638481135,0.7137550636151887,0.30120481927710846,0.7282608695652174,3000,2026-09-19 21:15:21,2026-09-19 21:08:03,2026-09-19 21:11:59,3735508319,-3.4,134,
blaydes|b|domingos|d,blaydes|b,domingos|d,Billy Blaydes,Daniel Domingos,ITF Men Monastir - R1,2026-09-23 08:45:51,0.803106852180997,0.19689314781900305,0.8257839721254355,0.22172949002217296,450,2026-09-23 08:52:31,2026-09-23 08:38:03,2026-09-23 08:45:51,3739210607,-6.7,15,
blaydes|b|makhlouf|m,blaydes|b,makhlouf|m,Billy Blaydes,Mohamed Nazim Makhlouf,ITF Men Monastir - R16,2026-09-17 11:00:00,0.8656270093621466,0.13437299063785338,0.8867497168742923,0.15873015873015872,450,2026-09-17 10:41:18,2026-09-17 10:29:33,2026-09-17 10:39:10,3731822184,18.7,49,
blinkova|a|charaeva|a,blinkova|a,charaeva|a,Anna Blinkova,Alina Charaeva,WTA Sao Paulo - QF,2026-09-18 19:00:00,0.6066208112510169,0.3933791887489831,0.6212121212121212,0.4081632653061224,4000,2026-09-18 18:08:39,2026-09-18 18:04:33,2026-09-18 18:11:21,3733173244,51.3,99,
blinkova|a|quevedo|k,blinkova|a,quevedo|k,Anna Blinkova,Kaitlin Quevedo,WTA Sao Paulo - SF,2026-09-19 16:10:00,0.5988957670954711,0.4011042329045289,0.6108949416342413,0.4132231404958678,5000,2026-09-19 16:10:15,2026-09-19 16:10:15,2026-09-19 16:12:49,3734907899,-0.3,104,
blinkova|a|valdmannova|v,blinkova|a,valdmannova|v,Anna Blinkova,Vendula Valdmannova,WTA Sao Paulo - R16,2026-09-17 17:44:59,0.6455626528008697,0.3544373471991304,0.6598639455782314,0.36900369003690037,3000,2026-09-17 17:45:28,2026-09-17 17:35:55,2026-09-17 17:44:59,3732166591,-0.5,56,
blomqvist|c|dapkute|i,blomqvist|c,dapkute|i,Clarissa Blomqvist,Iveta Dapkute,ITF Women Monastir - R16,2026-09-17 08:46:57,0.36221074548893245,0.6377892545110674,0.3861003861003861,0.6610169491525424,450,2026-09-17 08:50:45,2026-09-17 08:37:54,2026-09-17 08:46:57,3731733227,-3.8,31,
bobichon|m|durasovic|v,bobichon|m,durasovic|v,Matisse Bobichon,Viktor Durasovic,ATP Challenger Mouilleron-Le-Captif - Qualifiers,2026-09-27 12:59:05,0.5266239470324517,0.4733760529675483,0.5555555555555556,0.5024875621890548,350,2026-09-27 12:59:38,2026-09-27 12:54:38,2026-09-27 12:59:05,3744246739,-0.6,65,
bobichon|m|mannarino|a,bobichon|m,mannarino|a,Matisse Bobichon,Adrian Mannarino,ATP Challenger Rennes - R16,2026-09-17 16:35:43,0.19048942392276552,0.8095105760772345,0.20790020790020788,0.8257839721254355,1900,2026-09-17 16:42:47,2026-09-17 16:30:52,2026-09-17 16:35:43,3732087728,-7.1,49,
bobichon|m|schoolkate|t,bobichon|m,schoolkate|t,Matisse Bobichon,Tristan Schoolkate,ATP Challenger Rennes - QF,2026-09-18 14:45:01,0.21638812317121342,0.7836118768287865,0.23148148148148145,0.797979797979798,3000,2026-09-18 14:47:34,2026-09-18 14:35:06,2026-09-18 14:45:01,3732866613,-2.6,61,
bobo|d|bonding|o,bobo|d,bonding|o,Dakotah Bobo,Oliver Bonding,ITF Men Columbia - R1,2026-09-23 14:14:10,0.10966719146384095,0.8903328085361591,0.13333333333333333,0.9102333931777379,450,2026-09-23 14:15:24,2026-09-23 14:05:20,2026-09-23 14:14:10,3739542147,-1.2,17,
boehner|l|oktiabreva|a,boehner|l,oktiabreva|a,Laura Boehner,Alisa Oktiabreva,ITF Women Santa Margherita di Pula - R16,2026-09-17 07:45:09,0.025587031935574732,0.9744129680644252,0.04101722723543889,0.9841345391083612,450,2026-09-17 07:53:15,2026-09-17 07:41:51,2026-09-17 07:45:09,3731700733,-8.1,40,
boehner|l|spiteri|d,boehner|l,spiteri|d,Laura Boehner,Dalila Spiteri,WTA 125k Tolentino - Qualifiers,2026-09-20 12:40:00,0.09081391499658592,0.9091860850034139,0.11862396204033215,0.9309868875086266,300,2026-09-20 12:35:54,2026-09-20 12:27:23,2026-09-20 12:35:06,3736295142,4.1,66,
boisson|l|crawley|f,boisson|l,crawley|f,Lois Boisson,Fiona Crawley,WTA 125K Adana - Qualifiers,2026-09-27 13:45:40,0.646222608581628,0.353777391418372,0.6677740863787376,0.37593984962406013,1750,2026-09-27 13:53:01,2026-09-27 13:40:05,2026-09-27 13:45:40,3744340082,-7.4,86,
bojica|s|breaz|a,bojica|s,breaz|a,Stefania Bojica,Alesia Breaz,ITF Women Constanta - R16,2026-09-24 07:00:00,0.41098509125970634,0.5890149087402937,0.4347826086956522,0.6124031007751938,450,2026-09-24 11:20:15,2026-09-24 11:15:25,2026-09-24 11:24:42,3740346715,-260.3,84,
bojica|s|proietti|v,bojica|s,proietti|v,Stefania Bojica,Virginia Proietti,ITF Women Constanta - R1,2026-09-23 10:00:00,0.867266150725974,0.13273384927402604,0.888268156424581,0.15698587127158556,450,2026-09-23 10:03:42,2026-09-23 09:48:52,2026-09-23 10:00:00,3739179946,-3.7,51,
bolt|a|jasika|o,bolt|a,jasika|o,Alex Bolt,Omar Jasika,ATP Hangzhou - Qualifiers,2026-09-22 05:00:00,0.6245188910193935,0.37548110898060655,0.6453900709219857,0.3968253968253968,1050,2026-09-22 03:59:32,2026-09-22 03:56:30,2026-09-22 05:00:00,3738095978,60.5,17,
bolt|a|marozsan|f,bolt|a,marozsan|f,Alex Bolt,Fabian Marozsan,ATP Hangzhou - R1,2026-09-24 07:02:18,0.27155061288070154,0.7284493871192985,0.28653295128939826,0.7429305912596401,3000,2026-09-24 07:07:18,2026-09-24 06:55:29,2026-09-24 07:02:18,3740150715,-5.0,109,
bolt|a|pankin|s,bolt|a,pankin|s,Alex Bolt,Semen Pankin,ATP Challenger Jingshan - R1,2026-09-29 06:55:58,0.7148260135101969,0.28517398648980313,0.7311827956989247,0.3021148036253776,1750,2026-09-29 07:00:13,2026-09-29 06:50:52,2026-09-29 06:55:58,3745862965,-4.3,63,
bolt|a|santillan|a,bolt|a,santillan|a,Alex Bolt,Akira Santillan,ATP Hangzhou - Qualifiers,2026-09-23 04:13:38,0.6308409183235736,0.36915908167642636,0.6503496503496503,0.3891050583657587,1750,2026-09-23 04:23:57,2026-09-23 04:10:59,2026-09-23 04:13:38,3739061281,-10.3,89,
boluda|a|guevara|c,boluda|a,guevara|c,Angela Fita Boluda,Carmen Gallardo Guevara,ITF Women Yecla - SF,2026-09-26 08:30:00,0.6648098194119202,0.33519018058807987,0.6884735202492213,0.3597122302158273,750,2026-09-26 08:37:19,2026-09-26 08:29:19,2026-09-26 08:30:00,3742080314,-7.3,46,
boluda|a|milovanovic|e,boluda|a,milovanovic|e,Angela Fita Boluda,Elena Milovanovic,ITF Women Yecla - R1,2026-09-22 12:00:00,0.6358675067297743,0.3641324932702258,0.6587030716723549,0.38759689922480617,450,2026-09-22 12:00:49,2026-09-22 11:53:35,2026-09-22 12:00:00,3738292724,-0.8,56,
boluda|a|pavlova|k,boluda|a,pavlova|k,Angela Fita Boluda,Kira Pavlova,ITF Women Yecla - QF,2026-09-25 15:44:00,0.4505336378188974,0.5494663621811026,0.4739336492890995,0.5726495726495727,750,2026-09-25 15:49:01,2026-09-25 15:38:03,2026-09-25 15:44:00,3741366635,-5.0,75,
boluda|a|rojas|s,boluda|a,rojas|s,Angela Fita Boluda,Sofia Camila Rojas,ITF Women Yecla - R16,2026-09-24 13:42:02,0.789084255789981,0.21091574421001896,0.81203007518797,0.23584905660377356,450,2026-09-24 13:55:34,2026-09-24 13:42:08,2026-09-24 13:42:02,3740443557,-13.6,63,
bondar|a|charaeva|a,bondar|a,charaeva|a,Anna Bondar,Alina Charaeva,WTA Seoul - R16,2026-09-24 03:00:00,0.6264504697527468,0.3735495302472534,0.6402877697841727,0.38759689922480617,3000,2026-09-24 02:59:44,2026-09-24 02:53:50,2026-09-24 04:00:00,3740082504,0.2,190,
bondar|a|ruse|e,bondar|a,ruse|e,Anna Bondar,Elena-Gabriela Ruse,WTA Seoul - QF,2026-09-26 02:00:00,0.3757017322820506,0.6242982677179495,0.390625,0.6389891696750902,4000,2026-09-26 01:59:53,2026-09-26 01:56:52,2026-09-26 02:00:00,3741899200,0.1,215,
bondar|a|zarazua|r,bondar|a,zarazua|r,Anna Bondar,Renata Zarazua,WTA Seoul - R1,2026-09-22 04:30:00,0.6535220592117224,0.34647794078827765,0.6677740863787376,0.36101083032490977,2500,2026-09-22 04:35:17,2026-09-22 04:27:02,2026-09-22 05:30:00,3738105005,-5.3,191,
bonding|o|daryabeigi|s,bonding|o,daryabeigi|s,Oliver Bonding,Sean Daryabeigi,ITF Men Columbia - Final,2026-09-27 15:13:22,0.7188541804537161,0.281145819546284,0.7422680412371133,0.3058103975535168,750,2026-09-27 15:15:21,2026-09-27 15:05:29,2026-09-27 15:13:22,3744542834,-2.0,90,
bonding|o|novakovic|n,bonding|o,novakovic|n,Oliver Bonding,Novak Novakovic,ITF Men Columbia - R16,2026-09-25 00:30:00,0.8778267184029686,0.12217328159703147,0.8983739837398373,0.14619883040935672,450,2026-09-25 00:14:32,2026-09-25 00:02:07,2026-09-25 00:30:00,3740861463,15.4,60,
bonding|o|swaine|c,bonding|o,swaine|c,Oliver Bonding,Charlie Swaine,ITF Men Columbia - QF,2026-09-25 16:00:00,0.9072039290412521,0.09279607095874781,0.9259807549962991,0.11574074074074073,750,2026-09-25 15:59:58,2026-09-25 15:53:09,2026-09-25 16:00:00,3741288064,0.0,51,
bonzi|b|holmgren|a,bonzi|b,holmgren|a,Benjamin Bonzi,August Holmgren,ATP Challenger Porto - R1,2026-09-28 12:08:45,0.7364453772838313,0.26355462271616875,0.7530864197530864,0.2808988764044944,1750,2026-09-28 12:09:30,2026-09-28 12:03:23,2026-09-28 12:08:45,3745436029,-0.8,37,
boogaard|t|campos|a,boogaard|t,campos|a,Thijs Boogaard,Alberto Barroso Campos,ATP Challenger Mouilleron-Le-Captif - Qualifiers,2026-09-27 16:00:00,0.7832228332709231,0.21677716672907685,0.8106060606060607,0.2469135802469136,250,2026-09-27 14:34:22,2026-09-27 14:25:21,2026-09-27 14:33:35,3744448401,85.6,75,
boogaard|t|nyqvist|l,boogaard|t,nyqvist|l,Thijs Boogaard,Love Nyqvist,ITF Men Falun - R1,2026-09-22 12:00:00,0.9765797900215796,0.023420209978420422,0.9857752489331436,0.038328861632809505,450,2026-09-22 12:00:49,2026-09-22 11:53:35,2026-09-22 12:00:00,3738293475,-0.8,81,
boogaard|t|renard|l,boogaard|t,renard|l,Thijs Boogaard,Lucas Renard,ITF Men Falun - R16,2026-09-23 12:00:00,0.9611491802301151,0.03885081976988494,0.9735938737787166,0.056818181818181816,450,2026-09-23 11:56:28,2026-09-23 11:48:01,2026-09-23 12:00:00,3739296948,3.5,48,
borges|n|carabelli|c,borges|n,carabelli|c,Nuno Borges,Camilo Ugo Carabelli,ATP Chengdu Open - R1,2026-09-24 06:00:00,0.7817565272795225,0.21824347272047748,0.7959183673469388,0.2331002331002331,3000,2026-09-24 05:19:55,2026-09-24 05:06:19,2026-09-24 06:00:00,3740120284,40.1,248,
borg|l|chung|y,borg|l,chung|y,Leo Borg,Yun Seong Chung,ITF Men Guiyang - QF,2026-09-18 02:00:00,0.49090608366129546,0.5090939163387046,0.5145631067961165,0.5327102803738317,750,2026-09-18 01:59:46,2026-09-18 01:58:28,2026-09-18 03:00:00,3732447723,0.2,95,
borg|l|shin|m,borg|l,shin|m,Leo Borg,Maxim Shin,ITF Men Guiyang - R16,2026-09-17 02:00:00,0.8428258375241994,0.1571741624758005,0.8646820027063599,0.18181818181818182,450,2026-09-17 01:58:41,2026-09-17 01:49:14,2026-09-17 02:00:00,3731511185,1.3,42,
borrelli|l|xilas|i,borrelli|l,xilas|i,Leonardo Borrelli,Ioannis Xilas,ITF Men Sabadell - R1,2026-09-23 10:02:41,0.06862388957764759,0.9313761104223525,0.09000900090009001,0.9479708636836628,450,2026-09-23 10:03:42,2026-09-23 09:53:56,2026-09-23 10:02:41,3739287864,-1.0,37,
bosio|g|ligniere|e,bosio|g,ligniere|e,Gabriele Bosio,Edoardo Cherie Ligniere,ITF Men Telavi - R1,2026-09-23 10:57:00,0.5714920741902716,0.4285079258097285,0.5951417004048584,0.45248868778280543,450,2026-09-23 11:18:42,2026-09-23 11:18:42,2026-09-23 10:57:00,3739355745,-21.7,29,
boskovic|l|lemaitre|t,boskovic|l,lemaitre|t,Lea Boskovic,Tiphanie Lemaitre,ITF Women Yecla - R16,2026-09-24 10:00:00,0.6842187083481804,0.3157812916518197,0.7076023391812866,0.3401360544217687,450,2026-09-24 10:08:53,2026-09-24 09:56:42,2026-09-24 10:00:00,3740192927,-8.9,48,
boskovic|l|nilsson|l,boskovic|l,nilsson|l,Lea Boskovic,Lea Nilsson,ITF Women Yecla - R1,2026-09-22 09:00:00,0.5402006468896929,0.45979935311030706,0.5633187772925764,0.48309178743961345,450,2026-09-22 09:01:49,2026-09-22 08:52:21,2026-09-22 09:00:00,3738233962,-1.8,60,
bouchelaghem|c|martineau|m,bouchelaghem|c,martineau|m,Cesar Bouchelaghem,Matteo Martineau,ATP Challenger St Tropez - Qualifiers,2026-09-20 09:45:22,0.4310344827586208,0.5689655172413792,0.45248868778280543,0.5901639344262295,1000,2026-09-20 09:49:34,2026-09-20 09:38:31,2026-09-20 09:45:22,3736019041,-4.2,42,
boulais|j|kaouk|m,boulais|j,kaouk|m,Justin Boulais,Mickael Kaouk,ATP Challenger St Tropez - Qualifiers,2026-09-20 08:14:09,0.7108603303017711,0.28913966969822874,0.7340425531914894,0.31347962382445144,750,2026-09-20 08:15:24,2026-09-20 08:07:01,2026-09-20 08:14:09,3735916064,-1.4,34,
boulais|j|martineau|m,boulais|j,martineau|m,Justin Boulais,Matteo Martineau,ATP Challenger St Tropez - Qualifiers,2026-09-21 08:00:00,0.3734331062655066,0.6265668937344935,0.39525691699604737,0.647887323943662,1000,2026-09-21 07:58:36,2026-09-21 07:57:44,2026-09-21 09:00:00,3737574000,1.4,63,
boulais|j|mayot|h,boulais|j,mayot|h,Justin Boulais,Harold Mayot,ATP Challenger St Tropez - R1,2026-09-22 14:00:00,0.18933279107853435,0.8106672089214658,0.2092050209205021,0.8290598290598291,100,2026-09-22 14:00:18,2026-09-22 13:54:20,2026-09-22 14:03:31,3738490856,-0.3,6,
boulais|j|reco|a,boulais|j,reco|a,Justin Boulais,Alexandre Reco,ATP Challenger Mouilleron-Le-Captif - Qualifiers,2026-09-27 08:05:00,0.6817085847356132,0.3182914152643868,0.7093023255813954,0.3472222222222222,350,2026-09-27 08:02:10,2026-09-27 07:52:58,2026-09-27 08:05:00,3743869002,2.8,36,
boullay|o|kurt|i,boullay|o,kurt|i,Ophelie Boullay,Irem Kurt,ITF Women Monastir - R16,2026-09-24 11:00:00,0.6351321400101436,0.3648678599898564,0.6587030716723549,0.3891050583657587,450,2026-09-24 08:46:21,2026-09-24 08:41:11,2026-09-24 08:46:00,3740220409,133.6,38,
boullay|o|newberry|l,boullay|o,newberry|l,Ophelie Boullay,Lois Newberry,ITF Women Monastir - R1,2026-09-23 10:25:55,0.9050974751199599,0.09490252488004014,0.9240121580547112,0.11792452830188678,450,2026-09-23 10:32:26,2026-09-23 10:17:22,2026-09-23 10:25:55,3739312908,-6.5,32,
boulter|k|noskova|l,boulter|k,noskova|l,Katie Boulter,Linda Noskova,Billie Jean King Cup - Finals,2026-09-22 12:50:43,0.13540361984105564,0.8645963801589444,0.15220700152207,0.8798076923076924,800,2026-09-22 12:47:51,2026-09-22 12:39:36,2026-09-22 13:40:00,3738425345,2.8,4,
boussaffir|s|medvedeva|m,boussaffir|s,medvedeva|m,Sarah Boussaffir,Miroslava Medvedeva,ITF Women Monastir - R16,2026-09-17 08:30:00,0.4349717996631839,0.5650282003368161,0.4587155963302753,0.5884773662551441,450,2026-09-17 08:27:18,2026-09-17 08:21:50,2026-09-17 08:30:00,3731674109,2.7,30,
boutleux|n|seifert|s,boutleux|n,seifert|s,Noah Boutleux,Stefan Seifert,ITF Men Forbach - SF,2026-09-26 12:00:00,0.14436356899584835,0.8556364310041517,0.16891891891891891,0.8771498771498772,750,2026-09-26 12:06:42,2026-09-26 12:00:38,2026-09-26 13:00:00,3742399546,-6.8,67,
boutleux|n|visser|m,boutleux|n,visser|m,Noah Boutleux,Mac Visser,ITF Men Forbach - R1,2026-09-22 08:08:00,0.2920662096338404,0.7079337903661596,0.3164556962025316,0.7311827956989247,450,2026-09-22 08:13:36,2026-09-22 08:07:02,2026-09-22 08:08:00,3738205528,-5.6,57,
boutleux|n|zeuch|t,boutleux|n,zeuch|t,Noah Boutleux,Tom Zeuch,ITF Men Forbach - R16,2026-09-24 17:01:00,0.21201299205864654,0.7879870079413536,0.23696682464454974,0.8109640831758034,450,2026-09-24 17:08:43,2026-09-24 16:57:15,2026-09-24 17:01:00,3740585333,-7.7,124,
boyer|t|gorzny|s,boyer|t,gorzny|s,Tristan Boyer,Sebastian Gorzny,ATP Challenger San Diego - R16,2026-09-24 20:00:00,0.5624209799926835,0.43757902000731635,0.5833333333333333,0.4587155963302753,1750,2026-09-24 19:07:16,2026-09-24 19:00:14,2026-09-24 20:00:00,3740701758,52.7,194,
boyer|t|johnson|s,boyer|t,johnson|s,Tristan Boyer,Spencer Johnson,ATP Challenger San Diego - R1,2026-09-22 21:00:00,0.47372136302232526,0.5262786369776747,0.49504950495049505,0.5475113122171946,1750,2026-09-22 20:57:48,2026-09-22 20:47:55,2026-09-22 21:00:00,3738874091,2.2,76,
boyer|t|legout|t,boyer|t,legout|t,Tristan Boyer,Timo Legout,ATP Challenger San Diego - QF,2026-09-25 21:24:34,0.5197859544359869,0.48021404556401315,0.5370370370370371,0.49751243781094534,2500,2026-09-25 21:24:34,2026-09-25 21:24:34,2026-09-25 21:24:34,3741816437,-0.0,109,
bracci|v|vanshelboim|e,bracci|v,vanshelboim|e,Valerio Bracci,Eric Vanshelboim,ITF Men Santa Margherita di Pula - R1,2026-09-21 10:53:00,0.0255489867007523,0.9744510132992477,0.04096681687832855,0.9841621792841305,450,2026-09-21 09:58:11,2026-09-21 09:50:33,2026-09-21 09:58:03,3737615720,54.8,36,
braga|b|zanellato|n,braga|b,zanellato|n,Breno Braga,Nicolas Zanellato,ITF Men Curitiba - R1,2026-09-23 14:17:06,0.04389016893916226,0.956109831060838,0.06261740763932373,0.9694189602446482,450,2026-09-23 14:15:24,2026-09-23 14:11:40,2026-09-23 14:17:06,3739544494,1.7,44,
braga|v|cunha|v,braga|v,cunha|v,Victor Braga,Vitor Machado De Melo Cunha,ITF Men Belem - R1,2026-09-16 21:08:35,0.39257936512719893,0.6074206348728012,0.4166666666666667,0.6309963099630996,450,2026-09-16 21:10:26,2026-09-16 21:02:23,2026-09-16 21:08:35,3731424978,-1.9,16,
braga|v|loureiro|j,braga|v,loureiro|j,Victor Braga,Joao Victor Couto Loureiro,ITF Men Curitiba - R1,2026-09-22 13:18:54,0.06568918363255204,0.934310816367448,0.08680555555555555,0.9505684626791894,450,2026-09-22 13:24:29,2026-09-22 13:24:29,2026-09-22 13:18:54,3738450970,-5.6,18,
brancaccio|n|grabher|j,brancaccio|n,grabher|j,Nuria Brancaccio,Julia Grabher,WTA 125k Tolentino - QF,2026-09-25 17:45:49,0.42468335458583334,0.5753166454141667,0.4464285714285714,0.5967741935483871,1750,2026-09-25 17:52:42,2026-09-25 17:38:48,2026-09-25 17:45:49,3741519969,-6.9,92,
brancatelli|g|funk|a,brancatelli|g,funk|a,Gabriele Brancatelli,Aaron Funk,ITF Men Hurghada - R16,2026-09-17 09:00:00,0.3192758131561478,0.6807241868438522,0.3436426116838488,0.7041420118343195,450,2026-09-17 07:53:15,2026-09-17 07:42:12,2026-09-17 07:51:48,3731703610,66.7,32,
brancatelli|g|ivanov|s,brancatelli|g,ivanov|s,Gabriele Brancatelli,Saveliy Ivanov,ITF Men Hurghada - QF,2026-09-18 07:00:00,0.5524084678071083,0.44759153219289183,0.576271186440678,0.4716981132075471,750,2026-09-18 06:13:29,2026-09-18 06:09:25,2026-09-18 06:13:15,3732525842,46.5,74,
branchetti|g|schiessl|j,branchetti|g,schiessl|j,Giovanni Branchetti,Joao Eduardo Schiessl,ITF Men Curitiba - R16,2026-09-24 21:04:35,0.19768042841674097,0.8023195715832588,0.22271714922048996,0.8251748251748252,450,2026-09-24 21:00:35,2026-09-24 21:00:10,2026-09-24 21:04:35,3740806885,4.0,66,
branger|l|donnet|e,branger|l,donnet|e,Liam Branger,Etienne Donnet,ITF Men Monastir - QF,2026-09-25 10:51:27,0.3709205302772907,0.6290794697227093,0.39525691699604737,0.6527777777777778,750,2026-09-25 10:55:17,2026-09-25 10:40:31,2026-09-25 10:00:00,3741104844,-3.9,50,
branger|l|makk|p,branger|l,makk|p,Liam Branger,Peter Makk,ITF Men Monastir - R16,2026-09-24 08:30:00,0.16508731707928578,0.8349126829207143,0.18975332068311196,0.8569384835479256,450,2026-09-24 08:29:12,2026-09-24 08:26:05,2026-09-24 08:30:00,3740143986,0.8,34,
branstine|c|malmkjaer|e,branstine|c,malmkjaer|e,Carson Branstine,Emma Kamper Malmkjaer,ITF Women Berkeley - R16,2026-09-24 19:00:00,0.865033451308596,0.13496654869140384,0.8861047835990888,0.1592356687898089,450,2026-09-24 19:07:16,2026-09-24 18:58:54,2026-09-24 19:00:00,3740591359,-7.3,93,
branstine|c|osuigwe|w,branstine|c,osuigwe|w,Carson Branstine,Whitney Osuigwe,ITF Women Berkeley - R1,2026-09-23 19:30:00,0.5830726139710743,0.41692738602892576,0.6062992125984252,0.44052863436123346,450,2026-09-23 19:35:23,2026-09-23 19:20:52,2026-09-23 19:30:00,3739737960,-5.4,87,
brantmeier|r|gimbrere|j,brantmeier|r,gimbrere|j,Reese Brantmeier,Jasmijn Gimbrere,WTA 125K Porto - Qualifiers,2026-09-20 11:23:12,0.9391076780003176,0.06089232199968237,0.957374254049446,0.08628127696289906,225,2026-09-20 11:27:18,2026-09-20 11:16:52,2026-09-20 11:23:12,3736168034,-4.1,66,
brantmeier|r|johnson|s,brantmeier|r,johnson|s,Reese Brantmeier,Sofia Johnson,WTA 125K Porto - Qualifiers,2026-09-21 10:11:07,0.631342109743061,0.3686578902569389,0.6527777777777778,0.390625,1750,2026-09-21 10:16:19,2026-09-21 10:05:34,2026-09-21 10:11:07,3737621079,-5.2,100,
brantmeier|r|kraus|s,brantmeier|r,kraus|s,Reese Brantmeier,Sinja Kraus,WTA 125K Porto - SF,2026-09-26 10:00:00,0.540712403572759,0.4592875964272408,0.5575221238938054,0.47619047619047616,2500,2026-09-26 10:02:46,2026-09-26 09:59:52,2026-09-26 10:09:14,3742261394,-2.8,90,
brantmeier|r|timofeeva|m,brantmeier|r,timofeeva|m,Reese Brantmeier,Maria Timofeeva,WTA 125K Porto - Final,2026-09-27 10:00:00,0.3866691323956914,0.6133308676043085,0.40322580645161293,0.6296296296296295,2500,2026-09-27 09:59:12,2026-09-27 09:53:42,2026-09-27 11:00:00,3744020680,0.8,110,
brantmeier|r|voloshchuk|a,brantmeier|r,voloshchuk|a,Reese Brantmeier,Angelina Voloshchuk,WTA 125K Porto - QF,2026-09-25 12:00:00,0.6721599840401763,0.32784001595982376,0.6932515337423313,0.34965034965034963,1750,2026-09-25 11:57:40,2026-09-25 11:57:33,2026-09-25 13:00:00,3741200697,2.3,102,
braswell|m|goode|g,braswell|m,goode|g,Micah Braswell,Gavin Goode,ITF Men Columbia - R1,2026-09-23 20:00:00,0.7276510239422493,0.27234897605775077,0.7635933806146572,0.3115264797507788,50,2026-09-23 18:49:19,2026-09-23 18:37:52,2026-09-23 20:00:00,3739805865,70.7,2,
braynin|a|marek|w,braynin|a,marek|w,Aleksandr Braynin,Wojciech Marek,ITF Men Falun - R1,2026-09-22 12:00:00,0.43307939147461577,0.5669206085253843,0.4566210045662101,0.5901639344262295,450,2026-09-22 12:00:49,2026-09-22 11:53:35,2026-09-22 12:00:00,3738293475,-0.8,81,
breaz|a|djokic|a,breaz|a,djokic|a,Alesia Breaz,Aleksandra Djokic,ITF Women Constanta - R1,2026-09-23 07:00:00,0.9467610148183322,0.053238985181667975,0.9614791987673343,0.07315288953913679,450,2026-09-23 07:04:46,2026-09-23 07:01:03,2026-09-23 07:10:53,3739137454,-4.8,8,
breaz|a|popa|g,breaz|a,popa|g,Alesia Breaz,Giulia Safina Popa,ITF Women Constanta - Final,2026-09-27 08:00:00,0.4396836310351271,0.5603163689648729,0.4629629629629629,0.5833333333333333,750,2026-09-27 08:02:10,2026-09-27 08:02:10,2026-09-27 09:00:00,3743925898,-2.2,116,
breaz|a|sevcikova|l,breaz|a,sevcikova|l,Alesia Breaz,Linda Sevcikova,ITF Women Constanta - QF,2026-09-25 08:00:00,0.747198485999769,0.25280151400023104,0.7706422018348623,0.2777777777777778,750,2026-09-25 06:58:26,2026-09-25 06:53:03,2026-09-25 08:00:00,3741001588,61.5,57,
breaz|a|todoni|c,breaz|a,todoni|c,Alesia Breaz,Cristiana Nicoleta Todoni,ITF Women Constanta - SF,2026-09-26 09:00:00,0.529330537912523,0.4706694620874769,0.5535714285714286,0.49504950495049505,750,2026-09-26 08:37:19,2026-09-26 08:37:19,2026-09-26 08:41:25,3742160878,22.7,101,
brengle|m|lutkemeyer|a,brengle|m,lutkemeyer|a,Madison Brengle,Anne-Christine Lutkemeyer,ITF Women Berkeley - R1,2026-09-22 21:44:00,0.6923644789871776,0.3076355210128226,0.7159090909090909,0.33222591362126247,450,2026-09-22 21:56:24,2026-09-22 21:46:07,2026-09-22 21:52:00,3738892221,-12.4,104,
brengle|m|maklakova|e,brengle|m,maklakova|e,Madison Brengle,Ekaterina Maklakova,ITF Women Berkeley - R16,2026-09-24 19:00:00,0.7816380790365862,0.21836192096341353,0.8046875000000001,0.24330900243309006,450,2026-09-24 17:21:54,2026-09-24 17:12:29,2026-09-24 17:17:10,3740596101,98.1,82,
brengle|m|mcdonald|e,brengle|m,mcdonald|e,Madison Brengle,Ella McDonald,ITF Women Berkeley - QF,2026-09-25 17:00:00,0.6428571428571429,0.35714285714285726,0.6666666666666666,0.38167938931297707,750,2026-09-25 16:57:55,2026-09-25 16:53:31,2026-09-25 17:00:00,3741338211,2.1,80,
britain|g|republic|c,britain|g,republic|c,Great Britain,Czech Republic,Billie Jean King Cup - Tie,2026-09-22 09:00:00,0.11176255642474647,0.8882374435752536,0.13774104683195593,0.9098286744815148,500,2026-09-22 09:47:57,2026-09-22 09:37:38,2026-09-22 09:00:00,3738227998,-48.0,33,
broadus|s|mcdonald|e,broadus|s,mcdonald|e,Savannah Broadus,Ella McDonald,ITF Women Berkeley - R16,2026-09-24 19:00:00,0.6284570183863017,0.37154298161369825,0.6515679442508712,0.39525691699604737,450,2026-09-24 19:07:16,2026-09-24 18:58:54,2026-09-24 19:00:00,3740591359,-7.3,93,
broadus|s|okalova|m,broadus|s,okalova|m,Savannah Broadus,Martina Okalova,ITF Women Berkeley - R1,2026-09-23 18:00:00,0.8581069493143795,0.14189305068562055,0.8795180722891566,0.1663893510815308,450,2026-09-23 18:07:25,2026-09-23 17:53:58,2026-09-23 18:00:00,3739649255,-7.5,80,
broek|i|cherubini|d,broek|i,cherubini|d,Isis Louise Van Den Broek,Diletta Cherubini,ITF Women Yecla - R1,2026-09-22 10:00:00,0.6441351105848953,0.35586488941510486,0.6677740863787376,0.3802281368821293,450,2026-09-22 09:59:24,2026-09-22 09:52:45,2026-09-22 10:00:00,3738202298,0.6,64,
brooksby|j|sonego|l,brooksby|j,sonego|l,Jenson Brooksby,Lorenzo Sonego,ATP Chengdu Open - R16,2026-09-25 05:00:00,0.5141622964513647,0.4858377035486353,0.5283018867924528,0.5,4000,2026-09-25 05:02:36,2026-09-25 04:48:59,2026-09-25 05:00:00,3740973798,-2.6,92,
brown|o|filar|k,brown|o,filar|k,Oscar Brown,Karol Filar,ITF Men Baku - QF,2026-09-25 07:39:44,0.4368809548479741,0.5631190451520258,0.4608294930875576,0.5867768595041323,750,2026-09-25 07:46:54,2026-09-25 07:35:02,2026-09-25 07:39:44,3741020065,-7.2,87,
brown|o|singh|d,brown|o,singh|d,Oscar Brown,Digvijay Pratap Singh,ITF Men Baku - SF,2026-09-26 08:00:00,0.47619047619047616,0.5238095238095238,0.5,0.5475113122171946,750,2026-09-26 07:59:55,2026-09-26 07:59:11,2026-09-26 09:00:00,3742124511,0.1,107,
brown|o|skvortcov|p,brown|o,skvortcov|p,Oscar Brown,Pavel Skvortcov,ITF Men Baku - R1,2026-09-29 06:00:00,0.8891196196099246,0.11088038039007558,0.9090909090909091,0.13458950201884254,450,2026-09-29 06:00:08,2026-09-29 05:55:19,2026-09-29 06:00:00,3745809142,-0.2,75,
brown|o|yilmaz|k,brown|o,yilmaz|k,Oscar Brown,Kerem Yilmaz,ITF Men Baku - R16,2026-09-24 06:00:00,0.5260764679970158,0.47392353200298415,0.5495495495495495,0.49751243781094534,450,2026-09-24 06:00:04,2026-09-24 05:55:05,2026-09-24 06:00:00,3740106489,-0.1,84,
bruna|n|taverna|s,bruna|n,taverna|s,Nicolas Bruna,Santiago Rodriguez Taverna,ATP Challenger Buenos Aires - Qualifiers,2026-09-20 17:55:00,0.17324005996439093,0.826759940035609,0.2032520325203252,0.8531571218795888,250,2026-09-20 17:56:08,2026-09-20 17:52:22,2026-09-20 17:58:09,3737066557,-1.2,72,
brunold|m|caniato|c,brunold|m,caniato|c,Mika Brunold,Carlo Alberto Caniato,ATP Challenger Biella - QF,2026-09-18 11:30:00,0.6921371153750436,0.3078628846249564,0.7084548104956269,0.3246753246753247,2500,2026-09-18 13:28:24,2026-09-18 13:17:42,2026-09-18 11:30:00,3732656359,-118.4,109,
brunold|m|forti|f,brunold|m,forti|f,Mika Brunold,Francesco Forti,ATP Challenger Biella - R16,2026-09-17 10:11:54,0.6773697900464455,0.32263020995355446,0.6987951807228916,0.3448275862068966,1750,2026-09-17 10:16:48,2026-09-17 10:07:30,2026-09-17 10:11:54,3731804271,-4.9,51,
bublik|a|jodar|r,bublik|a,jodar|r,Alexander Bublik,Rafael Jodar,ATP Laver Cup,2026-09-25 18:30:08,0.393710852826304,0.606289147173696,0.4132231404958678,0.6254681647940076,2500,2026-09-25 18:34:10,2026-09-25 18:24:05,2026-09-25 18:30:08,3741592014,-4.1,116,
bucsa|c|jovic|i,bucsa|c,jovic|i,Cristina Bucsa,Iva Jovic,WTA Guadalajara - SF,2026-09-18 23:00:00,0.22389634244811046,0.7761036575518896,0.23640661938534277,0.788135593220339,8000,2026-09-18 23:10:53,2026-09-18 23:06:23,2026-09-18 23:13:18,3733552943,-11.0,136,
bucsa|c|noskova|l,bucsa|c,noskova|l,Cristina Bucsa,Linda Noskova,Billie Jean King Cup - Finals,2026-09-25 11:35:00,0.1648022250121923,0.8351977749878078,0.17953321364452424,0.8489425981873111,1500,2026-09-25 11:29:37,2026-09-25 11:21:28,2026-09-25 11:27:19,3741174286,5.4,15,
bucsa|c|putintseva|y,bucsa|c,putintseva|y,Cristina Bucsa,Yulia Putintseva,Billie Jean King Cup - Finals,2026-09-23 10:45:00,0.4905626768653605,0.5094373231346395,0.504950495049505,0.5238095238095238,1400,2026-09-23 10:49:02,2026-09-23 10:39:29,2026-09-23 10:45:00,3739335839,-4.0,8,
buculei|i|rybas|f,buculei|i,rybas|f,Iulia Maria Buculei,Felitsata Dorofeeva-Rybas,ITF Women Constanta - R1,2026-09-22 11:59:17,0.0877173746420972,0.9122826253579028,0.11037527593818984,0.9306518723994452,450,2026-09-22 12:29:34,2026-09-22 12:23:45,2026-09-22 11:59:17,3738385289,-30.3,70,
buculei|i|sevcikova|l,buculei|i,sevcikova|l,Iulia Maria Buculei,Linda Sevcikova,ITF Women Constanta - R16,2026-09-24 07:00:00,0.5535071211159858,0.4464928788840142,0.576271186440678,0.4694835680751174,450,2026-09-24 08:01:11,2026-09-24 07:55:54,2026-09-24 07:00:00,3740088103,-61.2,68,
bueno|g|roncadelli|f,bueno|g,roncadelli|f,Gonzalo Bueno,Franco Roncadelli,ATP Challenger Buenos Aires - R1,2026-09-22 15:00:00,0.6466635764698324,0.35333642353016753,0.66996699669967,0.37735849056603776,1050,2026-09-22 13:24:29,2026-09-22 13:24:29,2026-09-22 15:00:00,3738434817,95.5,29,
bulatova|a|day|k,bulatova|a,day|k,Arina Bulatova,Kayla Day,ITF Women Berkeley - R1,2026-09-23 21:04:56,0.051985392734010365,0.9480146072659894,0.07173601147776183,0.9625468164794007,450,2026-09-23 21:06:36,2026-09-23 20:56:20,2026-09-23 21:04:56,3739910877,-1.7,88,
bulgaru|m|koning|l,bulgaru|m,koning|l,Miriam Bulgaru,Loes Ebeling Koning,ITF Women Plovdiv - R1,2026-09-23 12:18:20,0.3265023454604076,0.6734976545395924,0.3508771929824561,0.696969696969697,450,2026-09-23 12:10:43,2026-09-23 12:10:43,2026-09-23 12:18:20,3739437433,7.6,112,
burcescu|m|craciun|g,burcescu|m,craciun|g,Maia Ilinca Burcescu,Georgia Andreea Craciun,ITF Women Constanta - R1,2026-09-23 10:00:00,0.590705001295145,0.4092949987048551,0.613899613899614,0.4329004329004329,450,2026-09-23 10:49:02,2026-09-23 10:34:11,2026-09-23 10:40:31,3739328952,-49.0,25,
burcescu|m|schaefer|a,burcescu|m,schaefer|a,Maia Ilinca Burcescu,Anne Schaefer,ITF Women Constanta - QF,2026-09-25 08:42:33,0.4886304879179552,0.5113695120820447,0.5121951219512195,0.5348837209302326,750,2026-09-25 08:43:52,2026-09-25 08:35:26,2026-09-25 08:42:33,3741051667,-1.3,61,
burcescu|m|zhenikhova|s,burcescu|m,zhenikhova|s,Maia Ilinca Burcescu,Sonja Zhenikhova,ITF Women Constanta - R16,2026-09-24 07:11:21,0.650939444563123,0.349060555436877,0.6742671009771988,0.373134328358209,450,2026-09-24 07:07:18,2026-09-24 07:04:33,2026-09-24 07:11:21,3740154230,4.0,63,
burel|c|linana|a,burel|c,linana|a,Clara Burel,Alicia Herrero Linana,WTA 125k Valencia - Final,2026-09-20 15:30:00,0.7064965051290931,0.2935034948709067,0.7229916897506925,0.3105590062111801,2500,2026-09-20 15:34:46,2026-09-20 15:21:26,2026-09-20 15:30:00,3736677412,-4.8,112,
burel|c|reales|g,burel|c,reales|g,Clara Burel,Guiomar Maristany Zuleta De Reales,WTA 125k Valencia - QF,2026-09-18 11:00:00,0.6456522776599742,0.35434772234002576,0.6666666666666666,0.37593984962406013,1750,2026-09-18 13:28:24,2026-09-18 13:17:42,2026-09-18 11:00:00,3732598236,-148.4,64,
burel|c|steur|j,burel|c,steur|j,Clara Burel,Joelle Lilly Sophie Steur,WTA 125k Valencia - SF,2026-09-19 15:12:17,0.7411786552116099,0.2588213447883901,0.7578692493946732,0.27624309392265195,2500,2026-09-19 15:19:48,2026-09-19 15:05:56,2026-09-19 15:12:17,3734712462,-7.5,97,
burrage|j|sramkova|r,burrage|j,sramkova|r,Jodie Burrage,Rebecca Sramkova,WTA Beijing - Qualifiers,2026-09-28 08:48:15,0.35230152566597633,0.6476984743340236,0.3717472118959108,0.6666666666666666,1700,2026-09-28 08:55:44,2026-09-28 08:42:49,2026-09-28 08:48:15,3745341308,-7.6,19,
buse|i|vallejo|a,buse|i,vallejo|a,Ignacio Buse,Adolfo Daniel Vallejo,Davis Cup World - Group 1,2026-09-19 22:21:00,0.7036089294702363,0.2963910705297638,0.7183098591549296,0.3115264797507788,3000,2026-09-19 21:37:18,2026-09-19 21:29:46,2026-09-19 21:36:20,3735525950,43.7,92,
busta|p|mannarino|a,busta|p,mannarino|a,Pablo Carreno Busta,Adrian Mannarino,ATP Beijing - Qualifiers,2026-09-29 06:03:00,0.6146004763234836,0.3853995236765163,0.6336996336996338,0.40485829959514175,1750,2026-09-29 06:00:08,2026-09-29 05:55:19,2026-09-29 06:13:00,3745840961,2.8,75,
busta|p|zhou|y,busta|p,zhou|y,Pablo Carreno Busta,Yi Zhou,ATP Beijing - Qualifiers,2026-09-28 09:39:39,0.7331028573125578,0.2668971426874421,0.7518610421836228,0.28653295128939826,1750,2026-09-28 09:37:19,2026-09-28 09:32:27,2026-09-28 09:39:39,3745362656,2.3,28,
butvilas|e|dimitrov|g,butvilas|e,dimitrov|g,Edas Butvilas,Grigor Dimitrov,ATP Challenger St Tropez - R1,2026-09-22 16:38:19,0.34664355827505444,0.6533564417249456,0.36363636363636365,0.66996699669967,1750,2026-09-22 16:36:23,2026-09-22 16:27:44,2026-09-22 17:30:00,3738609293,1.9,262,
butvilas|e|kecmanovic|m,butvilas|e,kecmanovic|m,Edas Butvilas,Miomir Kecmanovic,Davis Cup World - Group 1,2026-09-19 13:00:00,0.29464006161089346,0.7053599383891064,0.30959752321981426,0.7198879551820728,3000,2026-09-19 12:05:37,2026-09-19 12:03:57,2026-09-19 13:00:00,3734147389,54.4,65,
butvilas|e|mayot|h,butvilas|e,mayot|h,Edas Butvilas,Harold Mayot,ATP Challenger St Tropez - R16,2026-09-24 13:30:00,0.5588508436358314,0.44114915636416874,0.576271186440678,0.4587155963302753,2525,2026-09-24 13:02:53,2026-09-24 12:56:39,2026-09-24 13:04:23,3740419284,27.1,110,
butvilas|e|medjedovic|h,butvilas|e,medjedovic|h,Edas Butvilas,Hamad Medjedovic,Davis Cup World - Group 1,2026-09-20 15:07:00,0.19559974881355133,0.8044002511864486,0.21052631578947367,0.8185117967332124,2250,2026-09-20 14:02:26,2026-09-20 13:59:41,2026-09-20 15:07:00,3736525245,64.6,82,
buyukakcay|c|dilek|d,buyukakcay|c,dilek|d,Cagla Buyukakcay,Deniz Dilek,WTA 125K Ankara - R16,2026-09-24 14:17:45,0.3969809066381952,0.6030190933618048,0.4184100418410042,0.6240601503759399,1750,2026-09-24 14:23:32,2026-09-24 14:10:01,2026-09-24 14:17:45,3740470626,-5.8,125,
buyukakcay|c|kuzmova|k,buyukakcay|c,kuzmova|k,Cagla Buyukakcay,Katarina Kuzmova,WTA 125K Ankara - R1,2026-09-22 14:14:31,0.2922599880765493,0.7077400119234507,0.31446540880503143,0.7289972899728998,1750,2026-09-22 14:20:58,2026-09-22 14:09:26,2026-09-22 14:14:31,3738499685,-6.5,126,
bu|y|majchrzak|k,bu|y,majchrzak|k,Yunchaokete Bu,Kamil Majchrzak,ATP Hangzhou - R16,2026-09-26 09:00:00,0.4488317217336616,0.5511682782663384,0.4629629629629629,0.5652173913043479,4000,2026-09-26 08:25:18,2026-09-26 08:14:13,2026-09-26 08:23:43,3742140376,34.7,212,
bu|y|safiullin|r,bu|y,safiullin|r,Yunchaokete Bu,Roman Safiullin,ATP Hangzhou - QF,2026-09-27 11:30:00,0.477642087547884,0.5223579124521158,0.49019607843137253,0.5348837209302326,5000,2026-09-27 11:04:18,2026-09-27 10:54:04,2026-09-27 11:30:00,3744087874,25.7,92,
bu|y|zheng|m,bu|y,zheng|m,Yunchaokete Bu,Michael Zheng,ATP Hangzhou - R1,2026-09-24 09:15:00,0.45705105154036924,0.5429489484596308,0.4716981132075471,0.5575221238938054,3000,2026-09-24 08:29:12,2026-09-24 08:20:36,2026-09-24 09:15:00,3740199878,45.8,261,
bynoe|e|jansen|w,bynoe|e,jansen|w,Evan Bynoe,William Jansen,ITF Men Columbia - QF,2026-09-25 16:00:00,0.2710149968810477,0.7289850031189524,0.2958579881656805,0.7524752475247525,750,2026-09-25 15:59:58,2026-09-25 15:53:09,2026-09-25 17:00:00,3741378229,0.0,69,
bynoe|e|miguel|l,bynoe|e,miguel|l,Evan Bynoe,Luis Felipe Miguel,ITF Men Columbia - R16,2026-09-24 10:00:00,0.35959235854434446,0.6404076414556555,0.38314176245210724,0.6632996632996633,450,2026-09-24 10:08:53,2026-09-24 09:56:42,2026-09-24 10:00:00,3740204021,-8.9,39,
bynoe|e|tudorica|a,bynoe|e,tudorica|a,Evan Bynoe,Alvin Nicholas Tudorica,ITF Men Columbia - R1,2026-09-23 19:30:26,0.46193268577601715,0.5380673142239828,0.4854368932038835,0.5614035087719298,450,2026-09-23 19:35:23,2026-09-23 19:20:52,2026-09-23 19:30:26,3739847701,-5.0,34,
cabrera|l|kraus|s,cabrera|l,kraus|s,Lizette Cabrera,Sinja Kraus,WTA 125K Porto - R1,2026-09-21 13:00:00,0.20042949433694396,0.7995705056630561,0.22271714922048996,0.8201438848920863,1300,2026-09-21 12:59:46,2026-09-21 12:59:38,2026-09-21 13:00:00,3737621133,0.2,108,
cabrera|m|gimbrere|m,cabrera|m,gimbrere|m,Madeleine Brooks / Lizette Cabrera,Michaela Bayerlova / Jasmijn Gimbrere,WTA 125K Porto - Doubles,2026-09-23 13:00:00,0.602925680385888,0.39707431961411194,0.6376811594202898,0.4329004329004329,500,2026-09-23 17:39:33,2026-09-23 17:28:49,2026-09-23 13:00:00,3739474842,-279.6,58,
cacao|t|deckers|a,cacao|t,deckers|a,Tiago Cacao,Alec Deckers,ITF Men Sintra - QF,2026-09-18 11:00:00,0.43120350787471884,0.5687964921252813,0.45454545454545453,0.5918367346938775,750,2026-09-18 13:28:24,2026-09-18 13:17:42,2026-09-18 11:00:00,3732623778,-148.4,97,
cacao|t|matusevich|a,cacao|t,matusevich|a,Tiago Cacao,Anton Matusevich,ATP Challenger Porto - Qualifiers,2026-09-27 15:02:00,0.2820300146959044,0.7179699853040956,0.303951367781155,0.7389033942558746,1000,2026-09-27 14:58:41,2026-09-27 14:55:33,2026-09-27 15:01:52,3744525134,3.3,77,
cacao|t|schoen|p,cacao|t,schoen|p,Tiago Cacao,Patrick Schoen,ITF Men Sintra - SF,2026-09-19 11:00:00,0.3109508586114788,0.689049141388521,0.33557046979865773,0.7126436781609194,750,2026-09-19 11:44:54,2026-09-19 11:35:52,2026-09-19 11:42:32,3734098052,-44.9,83,
cacao|t|torres|t,cacao|t,torres|t,Tiago Cacao,Tiago Torres,ITF Men Sintra - R16,2026-09-17 09:15:53,0.32757827101419984,0.6724217289858002,0.35211267605633806,0.6960486322188449,450,2026-09-17 09:08:45,2026-09-17 09:07:06,2026-09-17 09:15:53,3731753743,7.1,46,
cadenasso|g|donald|m,cadenasso|g,donald|m,Gianluca Cadenasso,Matthew William Donald,ATP Challenger Genoa - R1,2026-09-22 18:41:10,0.6265668937344935,0.3734331062655066,0.647887323943662,0.39525691699604737,1750,2026-09-22 18:37:48,2026-09-22 18:30:02,2026-09-22 19:30:00,3738716413,3.4,152,
cado|z|mcdonald|n,cado|z,mcdonald|n,Zaccharie Cado,Niels Mcdonald,ATP Challenger Mouilleron-Le-Captif - Qualifiers,2026-09-27 09:58:33,0.05980912443213252,0.9401908755678675,0.09250693802035152,0.9618174875906834,50,2026-09-27 09:59:12,2026-09-27 09:53:42,2026-09-27 09:58:33,3744021753,-0.7,47,
cakarevic|s|lukas|t,cakarevic|s,lukas|t,Sara Cakarevic,Tena Lukas,ITF Women Santa Margherita di Pula - R16,2026-09-24 10:00:39,0.32180347370681905,0.678196526293181,0.34602076124567477,0.7014925373134329,450,2026-09-24 10:08:53,2026-09-24 09:56:42,2026-09-24 10:00:39,3740274566,-8.2,42,
cakarevic|s|maines|n,cakarevic|s,maines|n,Sara Cakarevic,Noemi Maines,ITF Women Santa Margherita di Pula - R1,2026-09-23 09:55:48,0.7574701311792226,0.24252986882077748,0.7807017543859649,0.267379679144385,450,2026-09-23 10:03:42,2026-09-23 09:48:52,2026-09-23 09:55:48,3739280325,-7.9,34,
campos|a|deckers|a,campos|a,deckers|a,Alberto Barroso Campos,Alec Deckers,ITF Men Setubal - R1,2026-09-22 10:13:21,0.34081229009351943,0.6591877099064806,0.36496350364963503,0.6825396825396826,450,2026-09-22 10:20:42,2026-09-22 10:07:50,2026-09-22 10:13:21,3738295643,-7.4,65,
campos|a|erhard|m,campos|a,erhard|m,Alberto Barroso Campos,Mathys Erhard,ATP Challenger Mouilleron-Le-Captif - Qualifiers,2026-09-28 12:30:00,0.21207651642313838,0.7879234835768616,0.24213075060532688,0.8151571164510166,250,2026-09-28 12:09:30,2026-09-28 12:03:23,2026-09-28 12:30:00,3745391675,20.5,46,
canada||france|,canada|,france|,Canada,France,Davis Cup - Tie Winner,2026-09-18 20:00:00,0.35459611154987597,0.6454038884501241,0.37878787878787884,0.6688741721854304,500,2026-09-19 23:01:10,2026-09-19 23:00:18,2026-09-18 20:00:00,3733007756,-1621.2,296,
canas|a|caniato|c,canas|a,caniato|c,Alejandro Moro Canas,Carlo Alberto Caniato,ATP Challenger Biella - Final,2026-09-20 09:43:03,0.5458670501228922,0.45413294987710784,0.5633187772925764,0.4716981132075471,2500,2026-09-20 09:49:34,2026-09-20 09:38:31,2026-09-20 09:43:03,3736016373,-6.5,71,
canas|a|clarke|j,canas|a,clarke|j,Alejandro Moro Canas,Jay Clarke,ATP Challenger Biella - SF,2026-09-19 13:22:54,0.5702531634702028,0.4297468365297971,0.5867768595041323,0.4464285714285714,2500,2026-09-19 13:17:44,2026-09-19 13:04:30,2026-09-19 13:00:00,3734270101,5.1,97,
caniato|c|clarke|j,caniato|c,clarke|j,Carlo Alberto Caniato,Jay Clarke,ATP Challenger Genoa - QF,2026-09-25 16:00:00,0.5354373850855276,0.46456261491447237,0.5515695067264574,0.4807692307692307,2500,2026-09-25 15:59:58,2026-09-25 15:57:52,2026-09-25 17:00:00,3741380588,0.0,76,
caniato|c|forti|f,caniato|c,forti|f,Carlo Alberto Caniato,Francesco Forti,ATP Challenger Genoa - SF,2026-09-26 12:30:00,0.6484684769415353,0.35153152305846475,0.6655518394648829,0.36900369003690037,2500,2026-09-26 13:13:12,2026-09-26 13:00:59,2026-09-26 12:30:00,3742431241,-43.2,71,
caniato|c|gentzsch|t,caniato|c,gentzsch|t,Carlo Alberto Caniato,Tom Gentzsch,ATP Challenger Genoa - R16,2026-09-24 18:00:00,0.47598450736712633,0.5240154926328736,0.49751243781094534,0.5454545454545454,1750,2026-09-24 18:07:31,2026-09-24 18:07:31,2026-09-24 18:12:43,3740641458,-7.5,271,
caniato|c|mikrut|l,caniato|c,mikrut|l,Carlo Alberto Caniato,Luka Mikrut,ATP Challenger Genoa - Final,2026-09-27 14:12:24,0.3912184046324592,0.6087815953675407,0.4081632653061224,0.6254681647940076,2500,2026-09-27 14:15:08,2026-09-27 14:04:45,2026-09-27 14:12:24,3744393235,-2.7,121,
caniato|c|valiente|i,caniato|c,valiente|i,Carlo Alberto Caniato,Izan Almazan Valiente,ATP Challenger Biella - R16,2026-09-17 10:00:00,0.631342109743061,0.3686578902569389,0.6527777777777778,0.390625,1750,2026-09-17 09:58:25,2026-09-17 09:58:25,2026-09-17 11:00:00,3731794460,1.6,50,
carabelli|c|cina|f,carabelli|c,cina|f,Camilo Ugo Carabelli,Federico Cina,ATP Chengdu Open - R1,2026-09-24 07:42:00,0.4234255751309999,0.5765744248690002,0.44052863436123346,0.5934959349593496,600,2026-09-24 07:41:30,2026-09-24 07:35:01,2026-09-24 07:42:00,3740175817,0.5,10,
carabelli|c|hijikata|r,carabelli|c,hijikata|r,Camilo Ugo Carabelli,Rinky Hijikata,ATP Tokyo - Qualifiers,2026-09-28 02:00:00,0.30051149138807126,0.6994885086119287,0.3225806451612903,0.7206703910614525,450,2026-09-28 02:03:46,2026-09-28 01:59:34,2026-09-28 03:00:00,3745231325,-3.8,9,
carboni|l|michalski|d,carboni|l,michalski|d,Lorenzo Carboni,Daniel Michalski,ITF Men Santa Margherita di Pula - QF,2026-09-24 09:00:00,0.2776547100884193,0.7223452899115808,0.3021148036253776,0.7455470737913487,750,2026-09-24 09:01:06,2026-09-24 08:56:18,2026-09-24 09:00:00,3740214394,-1.1,37,
carboni|l|mordini|t,carboni|l,mordini|t,Lorenzo Carboni,Tobia Costanzo Baragiola Mordini,ITF Men Santa Margherita di Pula - R1,2026-09-21 11:55:00,0.7886338189303684,0.21136618106963165,0.8116760828625235,0.23640661938534277,450,2026-09-21 10:57:54,2026-09-21 10:57:54,2026-09-21 11:03:20,3737647793,57.1,42,
carboni|l|pennaforti|g,carboni|l,pennaforti|g,Lorenzo Carboni,Gabriele Pennaforti,ITF Men Santa Margherita di Pula - R16,2026-09-23 09:15:14,0.7031841795696836,0.29681582043031624,0.7267759562841529,0.3215434083601286,450,2026-09-23 09:15:35,2026-09-23 09:08:24,2026-09-23 09:15:14,3739238908,-0.4,32,
cardozo|f|dickerson|r,cardozo|f,dickerson|r,Federico Aguilar Cardozo,Ryan Dickerson,ATP Challenger Buenos Aires - Qualifiers,2026-09-20 17:15:00,0.5692466734531842,0.43075332654681575,0.5967741935483871,0.4587155963302753,350,2026-09-20 17:05:49,2026-09-20 17:03:01,2026-09-20 17:10:44,3736973087,9.2,65,
cardozo|j|comesana|f,cardozo|j,comesana|f,Joaquin Aguilar Cardozo,Francisco Comesana,ATP Challenger Buenos Aires - R16,2026-09-23 23:27:29,0.2531341463802834,0.7468658536197168,0.27548209366391185,0.7679814385150813,1750,2026-09-23 23:34:21,2026-09-23 23:22:23,2026-09-23 23:27:29,3739967740,-6.9,98,
cardozo|j|pino|m,cardozo|j,pino|m,Joaquin Aguilar Cardozo,Mateo Del Pino,ATP Challenger Buenos Aires - Qualifiers,2026-09-21 13:05:00,0.9723334271516534,0.02766657284834676,0.9860296172115116,0.05405405405405406,50,2026-09-21 12:59:46,2026-09-21 12:59:38,2026-09-21 14:05:00,3737705535,5.2,52,
cardozo|j|varillas|j,cardozo|j,varillas|j,Joaquin Aguilar Cardozo,Juan Pablo Varillas,ATP Challenger Buenos Aires - QF,2026-09-25 19:33:33,0.5818981069193763,0.41810189308062373,0.5983935742971888,0.4347826086956522,2500,2026-09-25 19:38:10,2026-09-25 19:24:28,2026-09-25 19:33:33,3741711018,-4.6,143,
cardozo|j|zarate|c,cardozo|j,zarate|c,Joaquin Aguilar Cardozo,Carlos Maria Zarate,ATP Challenger Buenos Aires - R1,2026-09-22 14:00:00,0.7711429593041842,0.22885704069581586,0.7920997920997921,0.25125628140703515,1750,2026-09-22 13:08:29,2026-09-22 13:08:29,2026-09-22 13:13:38,3738447450,51.4,48,
car|h|cassone|m,car|h,cassone|m,Hugo Car,Murphy Cassone,ATP Challenger St Tropez - Qualifiers,2026-09-20 14:32:52,0.2569882749154285,0.7430117250845715,0.27932960893854747,0.7641509433962264,1000,2026-09-20 14:32:32,2026-09-20 14:23:11,2026-09-20 14:32:52,3736600080,0.3,77,
car|h|donnet|e,car|h,donnet|e,Hugo Car,Etienne Donnet,ITF Men Nevers - R16,2026-09-17 13:50:07,0.5631190451520258,0.4368809548479741,0.5867768595041323,0.4608294930875576,450,2026-09-17 13:57:14,2026-09-17 13:45:36,2026-09-17 13:50:07,3731963360,-7.1,67,
casanova|h|dellien|m,casanova|h,dellien|m,Hernan Casanova,Murkel Dellien,ATP Challenger Buenos Aires - R1,2026-09-22 17:10:00,0.6386388119594104,0.3613611880405896,0.6598639455782314,0.38314176245210724,1750,2026-09-22 16:10:22,2026-09-22 15:57:23,2026-09-22 16:10:00,3738546174,59.6,47,
cassone|m|harris|b,cassone|m,harris|b,Murphy Cassone,Billy Harris,ATP Challenger St Tropez - R16,2026-09-24 09:30:00,0.4906509381324186,0.5093490618675814,0.5073891625615764,0.5260663507109005,2525,2026-09-24 08:46:21,2026-09-24 08:41:11,2026-09-24 08:44:57,3740216297,43.6,91,
cassone|m|masur|d,cassone|m,masur|d,Murphy Cassone,Daniel Masur,ATP Challenger St Tropez - QF,2026-09-25 10:00:00,0.6271057299197212,0.37289427008027876,0.6415770609318996,0.38759689922480617,3000,2026-09-25 08:59:29,2026-09-25 08:50:31,2026-09-25 10:00:00,3741062345,60.5,82,
cassone|m|mayot|h,cassone|m,mayot|h,Murphy Cassone,Harold Mayot,ATP Challenger St Tropez - SF,2026-09-26 12:00:00,0.3792262326573185,0.6207737673426815,0.39370078740157477,0.635036496350365,3000,2026-09-26 12:06:42,2026-09-26 12:00:38,2026-09-26 13:00:00,3742396980,-6.8,66,
cassone|m|tabur|c,cassone|m,tabur|c,Murphy Cassone,Clement Tabur,ATP Challenger St Tropez - R1,2026-09-22 16:55:25,0.5,0.5,0.5169082125603864,0.5169082125603864,1750,2026-09-22 16:56:32,2026-09-22 16:43:10,2026-09-22 17:30:00,3738609877,-1.2,76,
cassone|m|zahraj|p,cassone|m,zahraj|p,Murphy Cassone,Patrick Zahraj,ATP Challenger St Tropez - Qualifiers,2026-09-21 10:30:00,0.7226071203713984,0.2773928796286017,0.7435897435897436,0.29940119760479045,1000,2026-09-21 12:00:41,2026-09-21 11:59:15,2026-09-21 12:04:35,3737677847,-90.7,83,
castagnola|l|hrazdil|j,castagnola|l,hrazdil|j,Luca Castagnola,Jan Hrazdil,ITF Men Sharm El Sheikh - R1,2026-09-23 09:00:00,0.7716285548074991,0.22837144519250094,0.7946611909650925,0.2531645569620253,450,2026-09-23 08:57:53,2026-09-23 08:46:47,2026-09-23 09:00:00,3739138235,2.1,32,
castagnola|l|zakaria|f,castagnola|l,zakaria|f,Luca Castagnola,Fares Zakaria,ITF Men Sharm El Sheikh - R16,2026-09-24 07:21:05,0.38136960195911584,0.6186303980408843,0.40485829959514175,0.6415770609318996,450,2026-09-24 07:28:13,2026-09-24 07:28:13,2026-09-24 07:21:05,3740158861,-7.1,31,
castelnuovo|l|kotov|p,castelnuovo|l,kotov|p,Luca Castelnuovo,Pavel Kotov,ATP Chengdu Open - Qualifiers,2026-09-22 07:50:50,0.2627385598287023,0.7372614401712977,0.2824858757062147,0.7560975609756098,1750,2026-09-22 07:51:42,2026-09-22 07:36:51,2026-09-22 07:45:00,3738188374,-0.9,68,
castro|l|chabalgoity|p,castro|l,chabalgoity|p,Leonel Cesar Castro,Pedro Henrique Chabalgoity,ITF Men Curitiba - R1,2026-09-23 15:00:00,0.512451155402622,0.487548844597378,0.5370370370370371,0.5121951219512195,450,2026-09-23 15:54:35,2026-09-23 15:42:35,2026-09-23 15:51:08,3739632149,-54.6,52,
catanzarite|a|cinalli|l,catanzarite|a,cinalli|l,Ava Catanzarite,Luna Maria Cinalli,ITF Women Sao Luis - R16,2026-09-17 15:09:39,0.27500879573394504,0.724991204266055,0.29940119760479045,0.7481108312342569,450,2026-09-17 15:12:18,2026-09-17 15:02:25,2026-09-17 15:09:39,3732016489,-2.7,77,
catanzarite|a|estevez|j,catanzarite|a,estevez|j,Ava Catanzarite,Josefina Estevez,ITF Women Sao Luis - SF,2026-09-19 15:00:00,0.46311087120684624,0.5368891287931538,0.48780487804878053,0.5614035087719298,750,2026-09-19 13:45:09,2026-09-19 13:41:55,2026-09-19 13:45:20,3734378911,74.8,85,
catanzarite|a|risso|l,catanzarite|a,risso|l,Ava Catanzarite,Leyla Fiorella Britez Risso,ITF Women Sao Luis - Final,2026-09-20 15:00:00,0.1838448430926627,0.8161551569073374,0.20876826722338204,0.8387096774193549,750,2026-09-20 13:12:35,2026-09-20 13:05:39,2026-09-20 13:14:08,3736375173,107.4,76,
catanzarite|a|sanchez|a,catanzarite|a,sanchez|a,Ava Catanzarite,Ana Sofia Sanchez,ITF Women Belem - R16,2026-09-24 17:00:00,0.18172569568307945,0.8182743043169204,0.2066115702479339,0.840764331210191,450,2026-09-24 17:08:43,2026-09-24 16:59:26,2026-09-24 17:00:00,3740505111,-8.7,81,
catanzarite|a|vidal|l,catanzarite|a,vidal|l,Ava Catanzarite,Leticia Garcia Vidal,ITF Women Sao Luis - QF,2026-09-18 15:43:39,0.8539112025880087,0.1460887974119914,0.87546699875467,0.1706484641638225,750,2026-09-18 15:50:14,2026-09-18 15:35:36,2026-09-18 15:43:39,3732936877,-6.6,73,
catarina|l|vasa|e,catarina|l,vasa|e,Lucas Catarina,Eero Vasa,Davis Cup World - Group 1,2026-09-19 16:43:00,0.17974768362195953,0.8202523163780405,0.19455252918287938,0.8341625207296849,2250,2026-09-19 16:44:24,2026-09-19 16:32:26,2026-09-19 16:43:00,3734975433,-1.4,102,
catini|n|rapagnetta|d,catini|n,rapagnetta|d,Niccolo Catini,Daniele Rapagnetta,ITF Men Santa Margherita di Pula - R1,2026-09-22 09:30:00,0.18350326382032886,0.8164967361796712,0.20833333333333334,0.8389694041867954,450,2026-09-22 09:01:49,2026-09-22 08:52:21,2026-09-22 09:30:00,3738219940,28.2,58,
catry|r|han|s,catry|r,han|s,Robin Catry,Seonyong Han,ITF Men Guiyang - R16,2026-09-17 02:00:00,0.7459855528372662,0.2540144471627336,0.76905311778291,0.2785515320334262,450,2026-09-17 01:58:41,2026-09-17 01:49:14,2026-09-17 02:00:00,3731511337,1.3,42,
catry|r|kachmazov|a,catry|r,kachmazov|a,Robin Catry,Alibek Kachmazov,ITF Men Guiyang - QF,2026-09-18 04:52:27,0.2710149968810477,0.7289850031189524,0.2958579881656805,0.7524752475247525,750,2026-09-18 04:54:32,2026-09-18 04:44:31,2026-09-18 04:52:27,3732507357,-2.1,109,
catry|r|sasikumar|m,catry|r,sasikumar|m,Robin Catry,Mukund Sasikumar,ITF Men Yinchuan - R1,2026-09-22 05:18:38,0.5592495835328655,0.44075041646713453,0.5833333333333333,0.46511627906976744,450,2026-09-22 05:13:41,2026-09-22 05:12:28,2026-09-22 05:18:38,3738116065,4.9,88,
cecchinato|m|moeller|m,cecchinato|m,moeller|m,Marco Cecchinato,Marvin Moeller,ATP Challenger Szczecin - R16,2026-09-17 12:00:00,0.598604452136781,0.40139554786321896,0.6153846153846154,0.4184100418410042,2525,2026-09-17 11:17:53,2026-09-17 11:07:55,2026-09-17 11:13:09,3731847846,42.1,56,
cecchinato|m|trungelliti|m,cecchinato|m,trungelliti|m,Marco Cecchinato,Marco Trungelliti,ATP Challenger Szczecin - QF,2026-09-18 13:00:00,0.40444095407052155,0.5955590459294785,0.4184100418410042,0.609375,3000,2026-09-18 13:28:24,2026-09-18 13:17:42,2026-09-18 13:00:00,3732656070,-28.4,99,
cekirge|k|jong|s,cekirge|k,jong|s,Kuzey Cekirge,Sander Jong,ITF Men Sabadell - R16,2026-09-24 10:30:00,0.08245455411790731,0.9175454458820926,0.10482180293501049,0.935483870967742,450,2026-09-24 10:33:52,2026-09-24 10:26:53,2026-09-24 10:30:00,3740214112,-3.9,45,
cekirge|k|sheyngezikht|l,cekirge|k,sheyngezikht|l,Kuzey Cekirge,Leonid Sheyngezikht,ITF Men Sabadell - R1,2026-09-23 11:47:26,0.30574244644357285,0.6942575535564274,0.33003300330033003,0.7175141242937854,450,2026-09-23 11:50:58,2026-09-23 11:40:11,2026-09-23 11:47:26,3739402946,-3.6,39,
cengiz|b|dilek|d,cengiz|b,dilek|d,Berfu Cengiz,Deniz Dilek,WTA 125K Ankara - SF,2026-09-26 13:45:00,0.634387585314352,0.3656124146856479,0.6515679442508712,0.38314176245210724,2500,2026-09-26 12:58:23,2026-09-26 12:46:48,2026-09-26 12:56:24,3742468266,46.6,70,
cengiz|b|kubka|m,cengiz|b,kubka|m,Berfu Cengiz,Martyna Kubka,WTA 125K Ankara - R1,2026-09-22 10:56:51,0.34005260096635076,0.6599473990336493,0.3623188405797102,0.6815286624203821,1750,2026-09-22 10:59:29,2026-09-22 10:50:02,2026-09-22 10:56:51,3738332429,-2.7,101,
cengiz|b|mert|a,cengiz|b,mert|a,Berfu Cengiz,Aysegul Mert,WTA 125K Ankara - R16,2026-09-23 13:12:55,0.7462191819335112,0.2537808180664887,0.7674418604651163,0.27624309392265195,1750,2026-09-23 13:18:06,2026-09-23 13:05:17,2026-09-23 13:12:55,3739487615,-5.2,115,
cengiz|b|shi|h,cengiz|b,shi|h,Berfu Cengiz,Han Shi,WTA 125K Ankara - QF,2026-09-25 11:12:18,0.38702319206201974,0.6129768079379804,0.4081632653061224,0.6336996336996338,1750,2026-09-25 11:19:07,2026-09-25 11:06:22,2026-09-25 11:12:18,3741163173,-6.8,97,
ceolin|j|martins|e,ceolin|j,martins|e,Joao Vitor Goncalves Ceolin,Eric Martins,ITF Men Curitiba - R1,2026-09-23 20:25:19,0.9561708721855998,0.04382912781440013,0.9694656488549619,0.06253908692933083,450,2026-09-23 20:30:37,2026-09-23 20:21:16,2026-09-23 20:25:19,3739890695,-5.3,82,
ceolin|j|sakamoto|p,ceolin|j,sakamoto|p,Joao Vitor Goncalves Ceolin,Pedro Sakamoto,ATP Challenger Curitiba - Qualifiers,2026-09-27 20:00:00,0.20944863176918593,0.7905513682308141,0.23923444976076558,0.8175182481751824,250,2026-09-27 19:00:46,2026-09-27 18:57:00,2026-09-27 20:00:00,3744916138,59.2,96,
ceolin|j|zanellato|n,ceolin|j,zanellato|n,Joao Vitor Goncalves Ceolin,Nicolas Zanellato,ITF Men Belem - R16,2026-09-18 00:53:49,0.5192593015921397,0.4807406984078603,0.5433789954337899,0.504950495049505,450,2026-09-18 00:56:57,2026-09-18 00:46:55,2026-09-18 00:53:49,3732412879,-3.2,78,
cerny|m|petrofsky|d,cerny|m,petrofsky|d,Matyas Cerny,David Petrofsky,ITF Men Pardubice - R16,2026-09-24 14:16:13,0.9625759992948908,0.0374240007051093,0.9747602221100454,0.05515719801434087,450,2026-09-24 14:23:32,2026-09-24 14:10:01,2026-09-24 14:16:13,3740468134,-7.3,118,
cerny|m|planinsek|f,cerny|m,planinsek|f,Matyas Cerny,Filip Jeff Planinsek,ITF Men Pardubice - R1,2026-09-22 08:11:14,0.49090608366129546,0.5090939163387046,0.5145631067961165,0.5327102803738317,450,2026-09-22 08:13:36,2026-09-22 08:07:02,2026-09-22 08:11:14,3738202253,-2.4,59,
cerundolo|f|erel|y,cerundolo|f,erel|y,Francisco Cerundolo,Yanki Erel,Davis Cup World - Group 1,2026-09-19 15:24:26,0.8252867342824238,0.17471326571757617,0.8412698412698413,0.19193857965451055,1700,2026-09-19 15:27:22,2026-09-19 15:16:15,2026-09-19 15:24:26,3734750781,-3.0,44,
cerundolo|f|ruud|c,cerundolo|f,ruud|c,Francisco Cerundolo,Casper Ruud,Men's Exhibition Laver Cup,2026-09-25 13:00:00,0.4836273228795081,0.5163726771204921,0.5,0.5327102803738317,2500,2026-09-25 12:19:36,2026-09-25 12:12:45,2026-09-25 13:00:00,3741211632,40.4,82,
cerundolo|j|fokina|a,cerundolo|j,fokina|a,Juan Manuel Cerundolo,Alejandro Davidovich Fokina,ATP Chengdu Open - R16,2026-09-26 05:16:06,0.40941694450458627,0.5905830554954137,0.42372881355932196,0.6047430830039526,4000,2026-09-26 05:10:42,2026-09-26 05:10:02,2026-09-26 05:16:06,3742039527,5.4,117,
cerundolo|j|zhou|y,cerundolo|j,zhou|y,Juan Manuel Cerundolo,Yi Zhou,ATP Chengdu Open - R1,2026-09-24 13:30:00,0.6599771864007309,0.34002281359926906,0.6742671009771988,0.35460992907801414,3000,2026-09-24 12:55:33,2026-09-24 12:42:46,2026-09-24 12:51:05,3740411009,34.4,286,
cerundolo|n|wallner|j,cerundolo|n,wallner|j,Nuno Borges / Juan Manuel Cerundolo,Jakob Schnaitter / Mark Wallner,ATP Chengdu Open - Doubles,2026-09-25 06:30:00,0.3723088760619887,0.6276911239380114,0.3968253968253968,0.6515679442508712,500,2026-09-25 05:43:20,2026-09-25 05:34:19,2026-09-25 06:30:00,3740975400,46.6,70,
ceuca|a|desai|z,ceuca|a,desai|z,Ann Akasha Ceuca,Zeel Desai,ITF Women Hurghada - R16,2026-09-17 09:00:00,0.5769556166295517,0.4230443833704483,0.6000000000000001,0.4464285714285714,350,2026-09-17 05:58:56,2026-09-17 05:50:50,2026-09-17 09:00:00,3731651299,181.1,30,
ceuca|a|hrabavets|u,ceuca|a,hrabavets|u,Ann Akasha Ceuca,Ulyana Hrabavets,ITF Women Sharm El Sheikh - R1,2026-09-23 09:00:00,0.581318844741608,0.418681155258392,0.6047430830039526,0.4424778761061947,450,2026-09-23 12:58:54,2026-09-23 12:55:46,2026-09-23 13:04:33,3739479511,-238.9,29,
ceuca|a|pawlikowska|z,ceuca|a,pawlikowska|z,Ann Akasha Ceuca,Zuzanna Pawlikowska,ITF Women Hurghada - QF,2026-09-18 06:12:55,0.195394961283276,0.8046050387167241,0.22026431718061673,0.8272884283246977,750,2026-09-18 06:13:29,2026-09-18 06:09:25,2026-09-18 06:12:55,3732525689,-0.6,28,
chang|h|evans|k,chang|h,evans|k,Hanna Chang,Kailey Evans,ITF Women Berkeley - R1,2026-09-22 20:52:50,0.7129013272419068,0.28709867275809325,0.7361477572559366,0.3115264797507788,450,2026-09-22 20:57:48,2026-09-22 20:47:55,2026-09-22 20:52:50,3738874191,-5.0,54,
chang|h|preston|j,chang|h,preston|j,Hanna Chang,Janae Preston,ITF Women Berkeley - QF,2026-09-25 17:11:07,0.39641179069625493,0.6035882093037451,0.42016806722689076,0.626865671641791,750,2026-09-25 17:12:02,2026-09-25 17:01:33,2026-09-25 17:11:07,3741467201,-0.9,81,
chang|h|shcherbinina|a,chang|h,shcherbinina|a,Hanna Chang,Alina Shcherbinina,ITF Women Berkeley - R16,2026-09-24 19:00:00,0.44075041646713453,0.5592495835328655,0.46511627906976744,0.5833333333333333,450,2026-09-24 19:07:16,2026-09-24 18:58:54,2026-09-24 19:00:00,3740646850,-7.3,92,
chan|d|hance|k,chan|d,hance|k,Duncan Chan,Keaton Hance,ATP Challenger Columbus - Qualifiers,2026-09-28 16:53:53,0.5719249406512882,0.42807505934871176,0.6000000000000001,0.4566210045662101,350,2026-09-28 17:01:01,2026-09-28 16:50:10,2026-09-28 16:53:53,3745578263,-7.2,57,
chan|d|petak|d,chan|d,petak|d,Duncan Chan,Denis Petak,ATP Challenger Columbus - Qualifiers,2026-09-27 18:17:43,0.7996580522017505,0.2003419477982495,0.826689774696707,0.2304147465437788,250,2026-09-27 18:26:33,2026-09-27 18:11:43,2026-09-27 18:17:43,3744862114,-8.9,64,
chan|f|herbert|b,chan|f,herbert|b,Felix Auger-Aliassime / Duncan Chan,Benjamin Bonzi / Pierre-Hugues Herbert,Davis Cup - Doubles,2026-09-19 17:00:00,0.3608967648381518,0.6391032351618482,0.3846153846153846,0.6621621621621622,1250,2026-09-19 18:20:37,2026-09-19 18:13:34,2026-09-19 17:00:00,3735039909,-80.6,75,
chan|j|maklakova|e,chan|j,maklakova|e,Jo-Yee Chan,Ekaterina Maklakova,ITF Women Berkeley - R1,2026-09-22 22:32:55,0.5113695120820447,0.4886304879179552,0.5348837209302326,0.5121951219512195,450,2026-09-22 22:42:27,2026-09-22 22:27:36,2026-09-22 22:32:55,3738902893,-9.5,62,
charaeva|a|kenin|s,charaeva|a,kenin|s,Alina Charaeva,Sofia Kenin,WTA Seoul - R1,2026-09-22 09:25:29,0.4478840810215514,0.5521159189784487,0.4629629629629629,0.5670995670995671,2500,2026-09-22 09:32:05,2026-09-22 09:18:23,2026-09-22 09:25:29,3738257909,-6.6,209,
charrier|a|mi|l,charrier|a,mi|l,Amahee Charrier,Lan Mi,ITF Women Monastir - R16,2026-09-17 09:50:00,0.15152335109216133,0.848476648907839,0.17605633802816903,0.8701298701298701,450,2026-09-17 09:58:25,2026-09-17 09:44:04,2026-09-17 09:46:00,3731779164,-8.4,50,
chauhan|h|rahmani|k,chauhan|h,rahmani|k,Hitesh Chauhan,Kasra Rahmani,ITF Men Monastir - R16,2026-09-17 08:46:40,0.1414015360753875,0.8585984639246123,0.16583747927031509,0.8799519807923168,450,2026-09-17 08:50:45,2026-09-17 08:36:54,2026-09-17 08:46:40,3731733029,-4.1,74,
chauhan|h|weekes|j,chauhan|h,weekes|j,Hitesh Chauhan,Jaden Weekes,ITF Men Monastir - R1,2026-09-22 12:04:00,0.4212542720038407,0.5787457279961594,0.4444444444444444,0.601593625498008,450,2026-09-22 12:00:49,2026-09-22 11:53:35,2026-09-22 11:56:00,3738341704,3.2,52,
chavez|t|daryabeigi|s,chavez|t,daryabeigi|s,Tito Chavez,Sean Daryabeigi,ITF Men Columbia - QF,2026-09-25 16:00:00,0.4505336378188974,0.5494663621811026,0.4739336492890995,0.5726495726495727,750,2026-09-25 15:59:58,2026-09-25 15:57:52,2026-09-25 16:00:00,3741381989,0.0,51,
chavez|t|sobhy|m,chavez|t,sobhy|m,Tito Chavez,Michael Bassem Sobhy,ITF Men Columbia - R16,2026-09-24 10:00:00,0.414407843712335,0.585592156287665,0.43859649122807015,0.609375,450,2026-09-24 10:08:53,2026-09-24 09:56:42,2026-09-24 10:00:00,3740193207,-8.9,39,
chayka|a|vrtilka|j,chayka|a,vrtilka|j,Aleksander Chayka,Jakub Vrtilka,ITF Men Pardubice - R1,2026-09-22 11:22:08,0.543265052806315,0.45673494719368496,0.5670995670995671,0.4807692307692307,450,2026-09-22 11:17:58,2026-09-22 11:09:09,2026-09-22 12:15:00,3738351147,4.1,76,
chazal|m|forejtek|j,chazal|m,forejtek|j,Maxime Chazal,Jonas Forejtek,ATP Challenger Plovdiv - R16,2026-09-24 13:00:00,0.3734331062655066,0.6265668937344935,0.39525691699604737,0.647887323943662,1750,2026-09-24 13:02:53,2026-09-24 12:57:51,2026-09-24 13:00:00,3740380777,-2.9,115,
chazal|m|schwaerzler|j,chazal|m,schwaerzler|j,Maxime Chazal,Joel Josef Schwaerzler,ATP Challenger Plovdiv - R1,2026-09-22 11:00:00,0.29017286842441914,0.7098271315755809,0.3125,0.7311827956989247,1750,2026-09-22 10:48:03,2026-09-22 10:38:02,2026-09-22 10:44:53,3738321419,11.9,104,
chen|c|colombo|a,chen|c,colombo|a,Charles Chen,Andrea Colombo,ITF Men Monastir - R1,2026-09-23 08:42:34,0.24872139410802818,0.7512786058919718,0.27322404371584696,0.7742663656884875,450,2026-09-23 08:52:31,2026-09-23 08:38:03,2026-09-23 08:42:34,3739207741,-10.0,15,
chen|k|kachmazov|a,chen|k,kachmazov|a,Kuan Shou Chen,Alibek Kachmazov,ITF Men Yinchuan - Final,2026-09-27 02:00:00,0.2768805206955862,0.7231194793044139,0.30120481927710846,0.7461928934010152,750,2026-09-27 01:58:33,2026-09-27 01:50:42,2026-09-27 02:00:00,3743643338,1.4,65,
chen|k|liu|s,chen|k,liu|s,Kuan Shou Chen,Shaoyun Liu,ITF Men Yinchuan - R16,2026-09-24 04:00:00,0.8991291748852912,0.10087082511470885,0.9185004074979625,0.12422360248447203,450,2026-09-24 03:59:17,2026-09-24 03:57:02,2026-09-24 04:04:55,3740104845,0.7,73,
chen|k|palan|d,chen|k,palan|d,Kuan Shou Chen,Dominik Palan,ITF Men Yinchuan - R1,2026-09-23 02:12:37,0.590705001295145,0.4092949987048551,0.613899613899614,0.4329004329004329,450,2026-09-23 02:10:35,2026-09-23 02:08:29,2026-09-23 02:12:37,3739006044,2.0,82,
chen|k|peliwo|f,chen|k,peliwo|f,Kuan Shou Chen,Filip Peliwo,ITF Men Yinchuan - QF,2026-09-25 03:45:00,0.6089633980875238,0.39103660191247636,0.6323529411764706,0.41493775933609955,750,2026-09-25 03:59:39,2026-09-25 03:52:26,2026-09-25 03:55:00,3740964889,-14.7,92,
chen|m|negishi|y,chen|m,negishi|y,Meng-Yi Chen,Yuzuha Negishi,ITF Women Maanshan - R1,2026-09-29 05:58:00,0.8458525332773386,0.15414746672266152,0.8677248677248678,0.17889087656529518,450,2026-09-29 06:00:08,2026-09-29 05:55:19,2026-09-29 06:04:47,3745844327,-2.2,100,
chen|m|yang|y,chen|m,yang|y,Meng-Yi Chen,Yidi Yang,ITF Women Shenyang - R16,2026-09-17 05:19:00,0.10363203334006511,0.8963679666599349,0.12706480304955528,0.9158957106812448,450,2026-09-17 04:35:59,2026-09-17 04:24:52,2026-09-17 04:30:55,3731638741,43.0,54,
chen|m|zhang|r,chen|m,zhang|r,Meng-Yi Chen,Ruien Zhang,ITF Women Maanshan - R16,2026-09-24 02:08:00,0.177497037475022,0.8225029625249781,0.20242914979757087,0.8449612403100775,450,2026-09-24 02:01:09,2026-09-24 02:00:06,2026-09-24 02:08:00,3740057603,6.8,67,
chen|x|peliwo|f,chen|x,peliwo|f,Xing Dao Chen,Filip Peliwo,ITF Men Yinchuan - R1,2026-09-22 05:00:00,0.2001923000574007,0.7998076999425993,0.22522522522522526,0.822695035460993,450,2026-09-22 04:57:47,2026-09-22 04:50:44,2026-09-22 05:00:00,3738110267,2.2,88,
chepelev|a|comino|l,chepelev|a,comino|l,Andrey Chepelev,Lorenzo Comino,ITF Men Santa Margherita di Pula - QF,2026-09-17 11:16:18,0.759490930888789,0.2405090691112109,0.782608695652174,0.26525198938992045,750,2026-09-17 11:17:53,2026-09-17 11:07:55,2026-09-17 11:16:18,3731850539,-1.6,58,
chepelev|a|marchi|a,chepelev|a,marchi|a,Andrey Chepelev,Andrea De Marchi,ITF Men Santa Margherita di Pula - SF,2026-09-18 08:00:00,0.6409904369851078,0.3590095630148923,0.6644295302013422,0.38314176245210724,750,2026-09-18 08:00:01,2026-09-18 07:57:23,2026-09-18 09:00:00,3732565759,-0.0,66,
chepelev|a|rehberg|m,chepelev|a,rehberg|m,Andrey Chepelev,Max Hans Rehberg,ITF Men Santa Margherita di Pula - Final,2026-09-19 09:00:00,0.17242556113776736,0.8275744388622326,0.1972386587771203,0.8498498498498499,750,2026-09-19 08:27:06,2026-09-19 08:27:06,2026-09-19 09:00:00,3733829431,32.9,61,
chepelev|a|wiskandt|m,chepelev|a,wiskandt|m,Andrey Chepelev,Max Wiskandt,ATP Challenger Plovdiv - R1,2026-09-22 07:20:00,0.5114739289470405,0.4885260710529596,0.5327102803738317,0.5098039215686274,1750,2026-09-22 07:01:11,2026-09-22 06:51:33,2026-09-22 07:20:00,3738162377,18.8,84,
cherubini|d|perez|g,cherubini|d,perez|g,Diletta Cherubini,Georgina Garcia Perez,ITF Women Yecla - R16,2026-09-24 09:00:00,0.5182059240487615,0.48179407595123863,0.5412844036697247,0.504950495049505,450,2026-09-24 09:01:06,2026-09-24 08:56:18,2026-09-24 09:00:00,3740204574,-1.1,42,
chidekh|c|mayot|h,chidekh|c,mayot|h,Clement Chidekh,Harold Mayot,ATP Challenger Rennes - QF,2026-09-18 12:00:00,0.5854827244396449,0.4145172755603552,0.6000000000000001,0.4291845493562232,3000,2026-09-18 13:28:24,2026-09-18 13:17:42,2026-09-18 12:00:00,3732655533,-88.4,108,
chiesa|e|senica|a,chiesa|e,senica|a,Enola Chiesa,Alja Senica,WTA 125k Tolentino - Qualifiers,2026-09-20 11:40:00,0.49082259725794164,0.5091774027420585,0.5121951219512195,0.5305164319248826,1750,2026-09-20 11:40:21,2026-09-20 11:35:04,2026-09-20 11:42:02,3736201109,-0.4,61,
chiesa|e|zaar|l,chiesa|e,zaar|l,Enola Chiesa,Lisa Zaar,WTA 125k Tolentino - Qualifiers,2026-09-21 08:00:00,0.1496670742338588,0.850332925766141,0.17421602787456444,0.8719590268886044,875,2026-09-21 07:58:36,2026-09-21 07:57:44,2026-09-21 08:00:00,3737573951,1.4,83,
chikaraishi|y|itaya|r,chikaraishi|y,itaya|r,Yui Chikaraishi,Rion Itaya,ITF Women Nanao - R1,2026-09-23 05:37:54,0.38136960195911584,0.6186303980408843,0.40485829959514175,0.6415770609318996,450,2026-09-23 05:41:44,2026-09-23 05:30:25,2026-09-23 05:37:54,3739090234,-3.8,10,
chile||spain|,chile|,spain|,Chile,Spain,Davis Cup - Tie Winner,2026-09-19 16:00:00,0.3192758131561478,0.6807241868438522,0.3436426116838488,0.7041420118343195,500,2026-09-20 16:56:39,2026-09-20 16:47:42,2026-09-19 16:00:00,3734892876,-1496.7,257,
china||italy|,china|,italy|,China,Italy,Billie Jean King Cup - Tie,2026-09-24 09:30:00,0.568415272861592,0.4315847271384081,0.5951417004048584,0.4587155963302753,100,2026-09-24 21:27:44,2026-09-24 21:15:25,2026-09-24 09:30:00,3740256250,-717.8,325,
choi|o|li|x,choi|o,li|x,Onyu Choi,Xiaowei Li,ITF Women Maanshan - R1,2026-09-23 02:55:00,0.800785953553467,0.19921404644653296,0.8236331569664903,0.2242152466367713,450,2026-09-23 02:59:58,2026-09-23 02:59:22,2026-09-23 03:03:00,3739033550,-5.0,167,
choi|s|zhang|r,choi|s,zhang|r,Seo Yun Choi,Ruien Zhang,ITF Women Maanshan - R1,2026-09-22 05:51:09,0.18962486742169438,0.8103751325783056,0.2145922746781116,0.8330550918196995,450,2026-09-22 05:57:21,2026-09-22 05:42:47,2026-09-22 05:51:09,3738128912,-6.2,80,
chopra|k|gretskiy|i,chopra|k,gretskiy|i,Keshav Chopra,Ivan Gretskiy,ITF Men Hurghada - R16,2026-09-17 09:00:00,0.828000773745142,0.17199922625485803,0.8502994011976048,0.19685039370078738,350,2026-09-17 05:58:56,2026-09-17 05:50:50,2026-09-17 09:00:00,3731649862,181.1,30,
chopra|k|safonov|a,chopra|k,safonov|a,Keshav Chopra,Aristarkh Safonov,ITF Men Sharm El Sheikh - R1,2026-09-23 13:28:18,0.8942965094162346,0.10570349058376541,0.9139414802065403,0.12919896640826872,450,2026-09-23 13:30:13,2026-09-23 13:19:29,2026-09-23 13:28:18,3739501237,-1.9,40,
cho|i|yuan|e,cho|i,yuan|e,I-Hsuan Cho / Yi Tsen Cho,En Shuo Liang / Yue Yuan,WTA Seoul - Doubles,2026-09-21 06:00:00,0.4852813742385703,0.5147186257614297,0.5098039215686274,0.5391705069124424,1500,2026-09-21 08:26:52,2026-09-21 08:12:50,2026-09-21 06:00:00,3737515135,-146.9,82,
cho|i|zhang|y,cho|i,zhang|y,I-Hsuan Cho / Yi Tsen Cho,Yu-Yun Li / Ying Zhang,WTA 125k Jingshan - Doubles,2026-09-28 07:45:00,0.6190643628767947,0.38093563712320555,0.6551724137931035,0.4184100418410042,1125,2026-09-28 08:37:07,2026-09-28 08:32:04,2026-09-28 07:45:00,3745317647,-52.1,12,
chung|h|nagal|s,chung|h,nagal|s,Hyeon Chung,Sumit Nagal,Davis Cup - Qualifiers,2026-09-18 07:51:37,0.35434772234002576,0.6456522776599742,0.37593984962406013,0.6666666666666666,1000,2026-09-18 07:54:11,2026-09-18 07:44:56,2026-09-18 07:51:37,3732562348,-2.6,43,
chung|h|suresh|d,chung|h,suresh|d,Hyeon Chung,Dhakshineswar Suresh,Davis Cup - Qualifiers,2026-09-19 06:51:00,0.33526384996690667,0.6647361500330933,0.35460992907801414,0.6835443037974683,1750,2026-09-19 06:56:31,2026-09-19 06:45:23,2026-09-19 06:51:00,3733786826,-5.5,76,
chung|y|ferguson|c,chung|y,ferguson|c,Yun Seong Chung,Chase Ferguson,ITF Men Guiyang - SF,2026-09-19 02:19:47,0.675040435685387,0.32495956431461315,0.6987951807228916,0.34965034965034963,750,2026-09-19 02:18:30,2026-09-19 02:07:28,2026-09-19 03:08:00,3733670053,1.3,102,
chung|y|han|x,chung|y,han|x,Yun Seong Chung,Xirui Han,ITF Men Guiyang - R16,2026-09-17 02:00:00,0.8947717596779637,0.10522824032203608,0.9143835616438356,0.1287001287001287,450,2026-09-17 01:58:41,2026-09-17 01:49:14,2026-09-17 02:00:00,3731511337,1.3,42,
chung|y|kachmazov|a,chung|y,kachmazov|a,Yun Seong Chung,Alibek Kachmazov,ITF Men Guiyang - Final,2026-09-20 04:12:33,0.37717741170555596,0.622822588294444,0.4016064257028112,0.646643109540636,750,2026-09-20 04:08:51,2026-09-20 04:02:11,2026-09-20 05:00:00,3735802543,3.7,158,
chwalinska|m|fernandez|l,chwalinska|m,fernandez|l,Maja Chwalinska,Leylah Fernandez,WTA Singapore - SF,2026-09-26 10:00:00,0.42855612347385974,0.5714438765261404,0.44052863436123346,0.5833333333333333,8000,2026-09-26 10:02:46,2026-09-26 09:59:52,2026-09-26 10:00:00,3742239083,-2.8,94,
chwalinska|m|mertens|e,chwalinska|m,mertens|e,Maja Chwalinska,Elise Mertens,WTA Singapore - QF,2026-09-25 06:00:00,0.33145478826065566,0.6685452117393446,0.3436426116838488,0.6805111821086262,6000,2026-09-25 05:02:36,2026-09-25 04:51:08,2026-09-25 06:00:00,3740975170,57.4,224,
chwalinska|m|oliynykova|o,chwalinska|m,oliynykova|o,Maja Chwalinska,Oleksandra Oliynykova,WTA Singapore - R16,2026-09-23 05:12:49,0.7028992309968427,0.29710076900315724,0.715099715099715,0.30959752321981426,5000,2026-09-23 05:19:59,2026-09-23 05:05:33,2026-09-23 05:12:49,3739080641,-7.2,114,
chwalinska|m|sramkova|r,chwalinska|m,sramkova|r,Maja Chwalinska,Rebecca Sramkova,WTA Singapore - R1,2026-09-21 07:30:00,0.6498752675482733,0.3501247324517268,0.6644295302013422,0.36496350364963503,3000,2026-09-21 07:11:48,2026-09-21 07:11:48,2026-09-21 07:30:00,3737560498,18.2,135,
ciavarella|n|dagostino|s,ciavarella|n,dagostino|s,Niccolo Ciavarella,Stefano D'agostino,ATP Challenger Genoa - Qualifiers,2026-09-20 13:50:53,0.2745125679782649,0.725487432021735,0.303951367781155,0.7530864197530864,350,2026-09-20 13:55:34,2026-09-20 13:44:31,2026-09-20 13:50:53,3736488782,-4.7,65,
cigarran|t|martinez|t,cigarran|t,martinez|t,Thiago Cigarran,Tomas Martinez,ATP Challenger Buenos Aires - Qualifiers,2026-09-21 15:00:00,0.6557589227151152,0.34424107728488484,0.6835443037974683,0.373134328358209,350,2026-09-21 15:09:32,2026-09-21 14:56:33,2026-09-21 15:00:00,3737756760,-9.6,64,
cigarran|t|pesino|s,cigarran|t,pesino|s,Thiago Cigarran,Santiago Pesino,ATP Challenger Buenos Aires - Qualifiers,2026-09-20 15:32:11,0.8481293357393628,0.15187066426063747,0.8756218905472637,0.1841620626151013,350,2026-09-20 15:40:36,2026-09-20 15:31:32,2026-09-20 15:32:11,3736763557,-8.4,44,
cinalli|l|lopez|p,cinalli|l,lopez|p,Luna Maria Cinalli,Paola Lopez,ITF Women Belem - QF,2026-09-25 21:28:04,0.8710416722008969,0.12895832779910318,0.891891891891892,0.15313935681470137,750,2026-09-25 21:31:32,2026-09-25 21:20:14,2026-09-25 21:28:04,3741817852,-3.5,68,
cinalli|l|santos|s,cinalli|l,santos|s,Luna Maria Cinalli,Sophia Santos,ITF Women Belem - R16,2026-09-24 18:00:00,0.9687819187496564,0.031218081250343716,0.982894286691755,0.0563063063063063,225,2026-09-24 08:01:11,2026-09-24 07:55:54,2026-09-24 18:00:00,3740134826,598.8,19,
cina|f|muller|a,cina|f,muller|a,Federico Cina,Alexandre Muller,ATP Chengdu Open - R16,2026-09-26 07:30:00,0.4655780484336885,0.5344219515663116,0.4807692307692307,0.5495495495495495,4000,2026-09-26 06:23:34,2026-09-26 06:20:48,2026-09-26 07:30:00,3742075295,66.4,225,
cina|f|uchida|k,cina|f,uchida|k,Federico Cina,Kaichi Uchida,ATP Chengdu Open - Qualifiers,2026-09-22 09:00:00,0.917849946107328,0.082150053892672,0.9373040752351097,0.10695187165775401,300,2026-09-22 08:34:45,2026-09-22 08:32:10,2026-09-22 08:40:28,3738222214,25.2,71,
cirez|c|gennaro|c,cirez|c,gennaro|c,Carlota Martinez Cirez,Camilla Gennaro,ITF Women Santa Margherita di Pula - R1,2026-09-23 13:34:02,0.6817464182346908,0.3182535817653091,0.7050147492625369,0.3424657534246575,450,2026-09-23 13:30:13,2026-09-23 13:26:08,2026-09-23 13:34:02,3739507281,3.8,37,
cirotte|a|dotsenko|e,cirotte|a,dotsenko|e,Astrid Cirotte,Ekaterina Dotsenko,ITF Women Monastir - QF,2026-09-25 10:00:00,0.2720842815358264,0.7279157184641736,0.29673590504451036,0.7512437810945274,750,2026-09-25 11:46:38,2026-09-25 11:36:33,2026-09-25 11:45:26,3741187302,-106.7,52,
cirotte|a|ezzedine|m,cirotte|a,ezzedine|m,Astrid Cirotte,Meriem Ben Ezzedine,ITF Women Monastir - R1,2026-09-23 13:17:57,0.9376324072000316,0.06236759279996852,0.9535099953509996,0.0831946755407654,450,2026-09-23 13:18:06,2026-09-23 13:10:56,2026-09-23 13:17:57,3739491284,-0.2,54,
cirotte|a|matsumoto|y,cirotte|a,matsumoto|y,Astrid Cirotte,Yuka Matsumoto,ITF Women Monastir - R16,2026-09-24 11:00:00,0.754546126652322,0.24545387334767796,0.7777777777777779,0.27027027027027023,450,2026-09-24 11:03:18,2026-09-24 10:57:07,2026-09-24 11:00:00,3740234500,-3.3,52,
cirstea|j|popa|g,cirstea|j,popa|g,Joulia Cristiana Cirstea,Giulia Safina Popa,ITF Women Constanta - R1,2026-09-23 08:00:00,0.08135614794581601,0.918643852054184,0.10362694300518134,0.9364675984752224,450,2026-09-23 07:48:24,2026-09-23 07:37:15,2026-09-23 08:00:00,3739107372,11.5,87,
cizek|j|dujka|d,cizek|j,dujka|d,Jiri Cizek,Dominik Dujka,ITF Men Pardubice - R1,2026-09-22 11:00:00,0.8450674165903722,0.15493258340962784,0.866844207723036,0.17953321364452424,450,2026-09-22 12:29:34,2026-09-22 12:23:45,2026-09-22 12:32:31,3738411967,-89.6,76,
cizek|j|piening|c,cizek|j,piening|c,Jiri Cizek,Claus Piening,ITF Men Pardubice - QF,2026-09-26 07:43:13,0.7920589388539717,0.20794106114602826,0.8151571164510166,0.2331002331002331,750,2026-09-26 07:49:12,2026-09-26 07:34:52,2026-09-26 07:43:13,3742113199,-6.0,39,
cizek|j|tsitsipas|p,cizek|j,tsitsipas|p,Jiri Cizek,Petros Tsitsipas,ITF Men Pardubice - R16,2026-09-24 10:00:00,0.5402006468896929,0.45979935311030706,0.5633187772925764,0.48309178743961345,450,2026-09-24 19:53:50,2026-09-24 19:45:31,2026-09-24 10:00:00,3740221784,-593.8,152,
clarke|j|gill|f,clarke|j,gill|f,Jay Clarke,Felix Gill,ATP Challenger Biella - QF,2026-09-18 13:00:00,0.4614117323941385,0.5385882676058615,0.47846889952153115,0.5555555555555556,2500,2026-09-18 13:28:24,2026-09-18 13:17:42,2026-09-18 13:00:00,3732653560,-28.4,109,
clarke|j|sperle|j,clarke|j,sperle|j,Jay Clarke,John Sperle,ATP Challenger Genoa - R1,2026-09-22 11:00:00,0.7521257616622801,0.24787423833772004,0.7732426303854876,0.27027027027027023,1750,2026-09-22 10:32:04,2026-09-22 10:22:56,2026-09-22 10:27:41,3738307224,27.9,34,
clarke|j|vela|g,clarke|j,vela|g,Jay Clarke,Giuseppe La Vela,ATP Challenger Genoa - R16,2026-09-24 15:00:49,0.820690270363014,0.17930972963698602,0.8410174880763116,0.20161290322580647,1300,2026-09-24 14:58:48,2026-09-24 14:56:01,2026-09-24 15:00:49,3740498199,2.0,128,
clerc|d|reco|a,clerc|d,reco|a,Damien Clerc,Alexandre Reco,ITF Men Nevers - R16,2026-09-17 09:13:47,0.21856937963135578,0.7814306203686444,0.24330900243309006,0.8043052837573386,450,2026-09-17 09:08:45,2026-09-17 09:07:06,2026-09-17 09:13:47,3731752005,5.0,46,
clerc|d|thomas|f,clerc|d,thomas|f,Damien Clerc,Flynn Thomas,ITF Men Forbach - R1,2026-09-23 11:27:09,0.33134047422654417,0.6686595257734561,0.35587188612099646,0.6923076923076923,450,2026-09-23 11:29:14,2026-09-23 11:17:47,2026-09-23 11:27:09,3739380461,-2.1,16,
cobolli|f|tien|l,cobolli|f,tien|l,Flavio Cobolli,Learner Tien,ATP Laver Cup,2026-09-26 13:00:00,0.3579432295220788,0.6420567704779213,0.37735849056603776,0.6610169491525424,1875,2026-09-26 12:29:41,2026-09-26 12:21:52,2026-09-26 12:29:43,3742429495,30.3,37,
cocciaretto|e|zhang|s,cocciaretto|e,zhang|s,Elisabetta Cocciaretto,Shuai Zhang,Billie Jean King Cup - Finals,2026-09-24 10:15:00,0.5312069086717481,0.468793091328252,0.5454545454545454,0.48309178743961345,800,2026-09-24 10:24:27,2026-09-24 10:11:47,2026-09-24 10:15:00,3740291163,-9.5,7,
cocola|s|marchi|a,cocola|s,marchi|a,Sebastiano Cocola,Andrea De Marchi,ITF Men Santa Margherita di Pula - R1,2026-09-21 09:53:12,0.2677694027022032,0.7322305972977969,0.29239766081871343,0.7555012224938876,450,2026-09-21 09:58:11,2026-09-21 09:43:23,2026-09-21 09:53:12,3737613802,-5.0,36,
cocola|s|vanshelboim|e,cocola|s,vanshelboim|e,Sebastiano Cocola,Eric Vanshelboim,ITF Men Santa Margherita di Pula - QF,2026-09-17 09:17:21,0.20982981975378134,0.7901701802462188,0.2347417840375587,0.8130841121495328,750,2026-09-17 09:08:45,2026-09-17 09:08:45,2026-09-17 09:17:21,3731754791,8.6,46,
cogan|r|oh|c,cogan|r,oh|c,Ryoma Cogan,Chan-Yeong Oh,ITF Men Yinchuan - R1,2026-09-23 05:00:00,0.05165292889128881,0.9483470711087113,0.07137758743754462,0.9628390932738758,450,2026-09-23 05:59:14,2026-09-23 05:57:52,2026-09-23 06:01:42,3739102742,-59.2,6,
colby|r|mitsui|s,colby|r,mitsui|s,Ryan Colby,Shunsuke Mitsui,ATP Challenger Columbus - Qualifiers,2026-09-27 15:05:00,0.293096484578179,0.7069035154218208,0.3225806451612903,0.7347480106100795,350,2026-09-27 14:15:08,2026-09-27 14:10:17,2026-09-27 14:15:18,3744403590,49.9,46,
colin|p|domingos|d,colin|p,domingos|d,Paul Colin,Daniel Domingos,ITF Men Monastir - QF,2026-09-25 08:41:00,0.5090939163387046,0.49090608366129546,0.5327102803738317,0.5145631067961165,750,2026-09-25 08:43:52,2026-09-25 08:35:26,2026-09-25 08:41:00,3741052124,-2.9,37,
colin|p|donnet|e,colin|p,donnet|e,Paul Colin,Etienne Donnet,ITF Men Monastir - Final,2026-09-27 08:44:16,0.41614086745611734,0.5838591325438827,0.44052863436123346,0.607843137254902,750,2026-09-27 08:48:40,2026-09-27 08:38:14,2026-09-27 08:44:16,3743953035,-4.4,88,
colin|p|martin|t,colin|p,martin|t,Paul Colin,Toby Martin,ITF Men Monastir - SF,2026-09-26 08:46:31,0.575150105994818,0.42484989400518214,0.5983935742971888,0.4484304932735426,750,2026-09-26 08:53:13,2026-09-26 08:42:57,2026-09-26 08:46:31,3742171736,-6.7,44,
colin|p|verwerft|l,colin|p,verwerft|l,Paul Colin,Lars Goran Verwerft,ITF Men Monastir - R16,2026-09-24 10:56:35,0.44759153219289183,0.5524084678071083,0.4716981132075471,0.576271186440678,450,2026-09-24 11:03:18,2026-09-24 10:52:13,2026-09-24 10:56:35,3740323522,-6.7,49,
collins|k|gomez|j,collins|k,gomez|j,Kylie Collins,Jessica Hinojosa Gomez,WTA 125K Porto - Qualifiers,2026-09-20 11:15:34,0.9336447674496702,0.06635523255032974,0.9526963103122045,0.09233610341643582,225,2026-09-20 11:19:35,2026-09-20 11:11:23,2026-09-20 11:15:34,3736154871,-4.0,65,
collins|k|pohankova|m,collins|k,pohankova|m,Kylie Collins,Mia Pohankova,WTA 125k Caldas Da Rainha - QF,2026-09-18 11:10:00,0.24787423833772004,0.7521257616622801,0.27027027027027023,0.7732426303854876,1750,2026-09-18 13:28:24,2026-09-18 13:17:42,2026-09-18 11:10:00,3732573230,-138.4,121,
collins|k|steiner|v,collins|k,steiner|v,Kylie Collins,Valentina Steiner,WTA 125K Porto - Qualifiers,2026-09-21 11:00:00,0.7299782417034761,0.2700217582965239,0.7512437810945274,0.29239766081871343,1750,2026-09-21 10:16:19,2026-09-21 10:07:58,2026-09-21 10:15:49,3737623245,43.7,94,
collins|r|jorge|f,collins|r,jorge|f,Reese Brantmeier / Kylie Collins,Francisca Jorge / Matilde Jorge,WTA 125K Porto - Doubles,2026-09-24 15:30:00,0.33170294244053494,0.6682970575594651,0.36764705882352944,0.7023809523809524,500,2026-09-24 15:18:29,2026-09-24 15:18:29,2026-09-24 15:32:00,3740514564,11.5,35,
colmegna|m|horvit|m,colmegna|m,horvit|m,Martina Colmegna,Mia Horvit,ITF Women Santa Margherita di Pula - R16,2026-09-24 09:00:00,0.7242273899259166,0.27577261007408344,0.7474747474747475,0.3003003003003003,450,2026-09-24 09:01:06,2026-09-24 08:56:18,2026-09-24 09:00:00,3740153967,-1.1,40,
colmegna|m|kovackova|a,colmegna|m,kovackova|a,Martina Colmegna,Alena Kovackova,ITF Women Santa Margherita di Pula - QF,2026-09-25 09:45:03,0.24025581137679217,0.7597441886232079,0.26525198938992045,0.7830802603036876,750,2026-09-25 09:51:17,2026-09-25 09:41:11,2026-09-25 09:45:03,3741092942,-6.3,5,
colombo|a|ruggeri|s,colombo|a,ruggeri|s,Andrea Colombo,Samuel Vincent Ruggeri,ITF Men Monastir - QF,2026-09-25 08:30:00,0.37154298161369825,0.6284570183863017,0.39525691699604737,0.6515679442508712,750,2026-09-25 08:27:51,2026-09-25 08:20:20,2026-09-25 08:30:00,3740997285,2.1,36,
colombo|a|weekes|j,colombo|a,weekes|j,Andrea Colombo,Jaden Weekes,ITF Men Monastir - R16,2026-09-24 11:00:00,0.7622987335548452,0.23770126644515477,0.7854077253218884,0.26246719160104987,450,2026-09-24 10:33:52,2026-09-24 10:33:52,2026-09-24 10:35:48,3740306950,26.1,45,
comesana|f|estevez|j,comesana|f,estevez|j,Francisco Comesana,Juan Estevez,ATP Challenger Buenos Aires - R1,2026-09-22 18:00:00,0.8559343381251606,0.14406566187483932,0.877450980392157,0.16863406408094436,875,2026-09-22 17:06:22,2026-09-22 16:55:27,2026-09-22 18:00:00,3738629608,53.6,53,
compagnucci|t|manzano|j,compagnucci|t,manzano|j,Tommaso Compagnucci,Juan Cruz Martin Manzano,ATP Challenger Biella - R16,2026-09-17 11:33:49,0.5689655172413792,0.4310344827586208,0.5901639344262295,0.45248868778280543,1750,2026-09-17 11:37:31,2026-09-17 11:28:52,2026-09-17 11:33:49,3731867835,-3.7,59,
compagnucci|t|milev|y,compagnucci|t,milev|y,Tommaso Compagnucci,Yanaki Milev,ATP Challenger Plovdiv - R1,2026-09-22 09:22:19,0.5585431885572955,0.44145681144270454,0.5798319327731092,0.4629629629629629,1750,2026-09-22 09:22:06,2026-09-22 09:07:27,2026-09-22 09:37:00,3738239443,0.2,82,
compagnucci|t|tiffon|p,compagnucci|t,tiffon|p,Tommaso Compagnucci,Pol Martin Tiffon,ATP Challenger Plovdiv - R16,2026-09-23 10:58:08,0.3327186555060539,0.6672813444939457,0.35460992907801414,0.6884735202492213,1750,2026-09-23 11:00:20,2026-09-23 10:49:52,2026-09-23 10:58:08,3739348264,-2.2,100,
connel|j|larue|l,connel|j,larue|l,James Connel,Louis Larue,ITF Men Baku - R1,2026-09-23 10:02:32,0.8554240811934632,0.14457591880653678,0.8769987699876998,0.1692047377326565,450,2026-09-23 10:03:42,2026-09-23 09:53:56,2026-09-23 10:02:32,3739288031,-1.2,113,
connel|j|nordquist|a,connel|j,nordquist|a,James Connel,Arvid Nordquist,ITF Men Baku - R16,2026-09-24 07:30:00,0.5890149087402937,0.41098509125970634,0.6124031007751938,0.4347826086956522,450,2026-09-24 07:28:13,2026-09-24 07:25:41,2026-09-24 07:30:00,3740128318,1.8,29,
connel|j|salvestre|d,connel|j,salvestre|d,James Connel,Damien Salvestre,ITF Men Monastir - R16,2026-09-17 08:43:36,0.6020028135988053,0.39799718640119486,0.6254681647940076,0.42194092827004215,450,2026-09-17 08:50:45,2026-09-17 08:36:54,2026-09-17 08:43:36,3731732103,-7.2,39,
coppejans|k|cuenin|s,coppejans|k,cuenin|s,Kimmer Coppejans,Sean Cuenin,ATP Challenger Genoa - R1,2026-09-22 08:43:38,0.5624209799926835,0.43757902000731635,0.5833333333333333,0.4587155963302753,1750,2026-09-22 08:48:09,2026-09-22 08:37:15,2026-09-22 08:43:38,3738224636,-4.5,93,
coppejans|k|mikrut|l,coppejans|k,mikrut|l,Kimmer Coppejans,Luka Mikrut,ATP Challenger Genoa - R16,2026-09-23 10:00:00,0.34584670499918624,0.6541532950008139,0.36764705882352944,0.6753246753246753,1750,2026-09-23 10:03:42,2026-09-23 10:02:17,2026-09-23 10:11:19,3739296526,-3.7,94,
corbinais|s|donnet|e,corbinais|s,donnet|e,Sven Corbinais,Etienne Donnet,ITF Men Monastir - R1,2026-09-23 09:30:00,0.18859486014608048,0.8114051398539196,0.2136752136752137,0.8341625207296849,450,2026-09-23 09:31:00,2026-09-23 09:17:00,2026-09-23 09:30:00,3739158510,-1.0,18,
cordoba|c|donald|m,cordoba|c,donald|m,Carles Cordoba,Matthew William Donald,ATP Challenger Bari - Qualifiers,2026-09-27 13:55:51,0.2662835940303962,0.7337164059696039,0.2958579881656805,0.7613365155131264,350,2026-09-27 13:58:40,2026-09-27 13:47:08,2026-09-27 13:55:51,3744368147,-2.8,49,
cordoba|c|fernandez|m,cordoba|c,fernandez|m,Carles Cordoba,Mario Arce Fernandez,ITF Men Melilla - R16,2026-09-17 11:30:00,0.7430665276068873,0.25693347239311276,0.7663551401869159,0.28169014084507044,450,2026-09-17 10:41:18,2026-09-17 10:27:51,2026-09-17 10:35:19,3731820696,48.7,50,
cordoba|c|navarro|b,cordoba|c,navarro|b,Carles Cordoba,Bruno Pujol Navarro,ITF Men Sabadell - R1,2026-09-23 10:00:00,0.8208081616998065,0.17919183830019353,0.8432601880877744,0.2040816326530612,350,2026-09-23 07:59:40,2026-09-23 07:46:21,2026-09-23 10:00:00,3739107583,120.3,27,
cordoba|c|rapagnetta|d,cordoba|c,rapagnetta|d,Carles Cordoba,Daniele Rapagnetta,ITF Men Melilla - SF,2026-09-19 09:00:00,0.40193707752592206,0.598062922474078,0.425531914893617,0.6212121212121212,750,2026-09-19 08:08:36,2026-09-19 08:06:58,2026-09-19 08:11:27,3733822106,51.4,60,
cordoba|c|rojas|c,cordoba|c,rojas|c,Carles Cordoba,Carles Rojas,ITF Men Melilla - QF,2026-09-18 08:39:26,0.8915195163711451,0.10848048362885448,0.9113475177304964,0.1321003963011889,750,2026-09-18 08:39:36,2026-09-18 08:30:56,2026-09-18 08:39:26,3732581020,-0.2,69,
coria|f|ratti|l,coria|f,ratti|l,Federico Coria,Lucio Ratti,ATP Challenger Buenos Aires - R1,2026-09-22 20:30:00,0.43290758590087314,0.5670924140991269,0.45454545454545453,0.5884773662551441,1750,2026-09-22 19:45:18,2026-09-22 19:31:56,2026-09-22 20:30:00,3738800997,44.7,70,
coria|f|ribeiro|e,coria|f,ribeiro|e,Federico Coria,Eduardo Ribeiro,ATP Challenger Buenos Aires - R16,2026-09-24 17:51:29,0.43479715083663617,0.5652028491633639,0.4566210045662101,0.5867768595041323,1750,2026-09-24 17:56:13,2026-09-24 17:44:44,2026-09-24 17:51:29,3740624557,-4.8,55,
corley|c|gimbrere|m,corley|c,gimbrere|m,Carmen Corley / Ivana Corley,Michaela Bayerlova / Jasmijn Gimbrere,WTA 125K Porto - Doubles,2026-09-24 10:10:00,0.7157744698947712,0.28422553010522883,0.7512437810945274,0.3225806451612903,500,2026-09-24 10:08:53,2026-09-24 09:56:42,2026-09-24 10:10:00,3740275323,1.1,8,
corley|c|jorge|f,corley|c,jorge|f,Carmen Corley / Ivana Corley,Francisca Jorge / Matilde Jorge,WTA 125K Porto - Doubles,2026-09-25 15:00:00,0.23296905758443748,0.7670309424155626,0.2695417789757412,0.8,1250,2026-09-25 15:49:01,2026-09-25 15:38:03,2026-09-25 15:00:00,3741227808,-49.0,41,
corley|c|sebestova|a,corley|c,sebestova|a,Carmen Corley / Ivana Corley,Adrienn Nagy / Ivana Sebestova,WTA 125K Porto - Doubles,2026-09-21 15:28:00,0.7038417497061019,0.2961582502938982,0.7375328083989502,0.33222591362126247,500,2026-09-21 15:22:15,2026-09-21 15:15:27,2026-09-21 15:28:00,3737772800,5.7,34,
cosano|j|ruffino|e,cosano|j,ruffino|e,Javier Barranco Cosano,Elia Ruffino,ATP Challenger Genoa - Qualifiers,2026-09-20 09:50:00,0.9838904116999224,0.016109588300077537,0.993292192111618,0.038182512409316534,50,2026-09-20 09:55:14,2026-09-20 09:49:24,2026-09-20 09:50:00,3735963808,-5.2,31,
cosano|j|sperle|j,cosano|j,sperle|j,Javier Barranco Cosano,John Sperle,ATP Challenger Genoa - Qualifiers,2026-09-21 10:00:00,0.5901639344262295,0.40983606557377056,0.6183206106870228,0.43859649122807015,350,2026-09-21 09:58:11,2026-09-21 09:58:11,2026-09-21 11:00:00,3737618221,1.8,36,
costoulas|s|mladenovic|k,costoulas|s,mladenovic|k,Sofia Costoulas,Kristina Mladenovic,WTA 125k Jingshan - R1,2026-09-29 03:13:46,0.8280747744791206,0.1719252255208795,0.8482549317147192,0.1941747572815534,1300,2026-09-29 03:14:34,2026-09-29 03:07:31,2026-09-29 03:13:46,3745791305,-0.8,184,
costoulas|s|prozorova|t,costoulas|s,prozorova|t,Sofia Costoulas,Tatiana Prozorova,WTA Singapore - R1,2026-09-22 05:30:00,0.41532919123743756,0.5846708087625624,0.4291845493562232,0.5983935742971888,3000,2026-09-22 05:57:21,2026-09-22 05:42:47,2026-09-22 05:30:00,3738107772,-27.4,199,
covato|m|seifert|s,covato|m,seifert|s,Matteo Covato,Stefan Seifert,ITF Men Forbach - R16,2026-09-24 08:00:00,0.11673488920798164,0.8832651107920184,0.14064697609001406,0.9035679845708775,450,2026-09-24 08:01:11,2026-09-24 08:01:11,2026-09-24 09:00:00,3740191111,-1.2,75,
cox|n|witz|a,cox|n,witz|a,Nathan Cox,Antonin Witz,ITF Men Columbia - R1,2026-09-23 17:00:00,0.6631672144270151,0.336832785572985,0.6865203761755486,0.36101083032490977,450,2026-09-23 17:10:11,2026-09-23 16:58:27,2026-09-23 17:00:00,3739596083,-10.2,32,
craig|c|jansen|w,craig|c,jansen|w,Corey Craig,William Jansen,ITF Men Columbia - R16,2026-09-24 11:00:00,0.23440284497257452,0.7655971550274255,0.2590673575129534,0.7885835095137421,450,2026-09-24 14:53:24,2026-09-24 14:43:34,2026-09-24 11:00:00,3740234500,-233.4,68,
craig|c|karahan|a,craig|c,karahan|a,Corey Craig,Atakan Karahan,ITF Men Columbia - R1,2026-09-23 19:06:59,0.7729017601611996,0.2270982398388006,0.7959183673469388,0.2518891687657431,450,2026-09-23 19:01:23,2026-09-23 18:59:49,2026-09-23 19:06:59,3739826814,5.6,33,
crawley|f|leonard|m,crawley|f,leonard|m,Fiona Crawley,Manon Leonard,ITF Women Le Neubourg - SF,2026-09-19 14:52:35,0.7124369913103329,0.28756300868966705,0.7361477572559366,0.3125,750,2026-09-19 14:57:35,2026-09-19 14:45:37,2026-09-19 14:52:35,3734657231,-5.0,76,
crawley|f|monnet|c,crawley|f,monnet|c,Fiona Crawley,Carole Monnet,WTA 125K Ankara - R1,2026-09-22 10:30:00,0.6245188910193935,0.37548110898060655,0.6453900709219857,0.3968253968253968,1750,2026-09-22 10:32:04,2026-09-22 10:22:56,2026-09-22 10:30:00,3738261441,-2.1,105,
crawley|f|siskova|a,crawley|f,siskova|a,Fiona Crawley,Anna Siskova,ITF Women Le Neubourg - Final,2026-09-20 13:00:00,0.5359139283125437,0.4640860716874564,0.5594713656387665,0.48780487804878053,750,2026-09-20 14:02:26,2026-09-20 13:59:41,2026-09-20 14:05:13,3736526988,-62.4,78,
crisostomo|g|michalski|d,crisostomo|g,michalski|d,Giacomo Crisostomo,Daniel Michalski,ITF Men Santa Margherita di Pula - R16,2026-09-23 10:02:50,0.037263678421497665,0.9627363215785023,0.05497526113249038,0.9748932965101682,450,2026-09-23 10:03:42,2026-09-23 09:53:56,2026-09-23 10:02:50,3739288031,-0.9,37,
crisostomo|g|mura|m,crisostomo|g,mura|m,Giacomo Crisostomo,Matteo Mura,ITF Men Santa Margherita di Pula - R1,2026-09-22 09:21:25,0.5204888922942454,0.4795111077057545,0.5433789954337899,0.5024875621890548,450,2026-09-22 09:22:06,2026-09-22 09:07:27,2026-09-22 09:12:00,3738247594,-0.7,59,
crivellaro|g|marchi|a,crivellaro|g,marchi|a,Gabriele Crivellaro,Andrea De Marchi,ITF Men Santa Margherita di Pula - R16,2026-09-23 12:10:00,0.3763920645146644,0.6236079354853357,0.4,0.646643109540636,450,2026-09-23 12:58:54,2026-09-23 12:58:54,2026-09-23 12:57:55,3739474177,-48.9,53,
crivellaro|g|minighini|d,crivellaro|g,minighini|d,Gabriele Crivellaro,Daniele Minighini,ITF Men Santa Margherita di Pula - R1,2026-09-22 11:19:42,0.8134862993654802,0.18651370063451975,0.8360655737704918,0.2114164904862579,450,2026-09-22 11:17:58,2026-09-22 11:08:14,2026-09-22 12:00:00,3738340549,1.7,71,
croatia||germany|,croatia|,germany|,Croatia,Germany,Davis Cup - Tie Winner,2026-09-19 12:00:00,0.22859949169432334,0.7714005083056766,0.2531645569620253,0.794238683127572,500,2026-09-20 15:57:38,2026-09-20 15:46:41,2026-09-19 12:00:00,3733770423,-1677.7,251,
cucu|s|zhenikhova|s,cucu|s,zhenikhova|s,Simona Cucu,Sonja Zhenikhova,ITF Women Constanta - R1,2026-09-23 09:52:55,0.1467029870373971,0.8532970129626029,0.17123287671232876,0.8748435544430538,450,2026-09-23 09:55:44,2026-09-23 09:47:10,2026-09-23 09:52:55,3739277216,-2.8,91,
cui|j|kjaer|n,cui|j,kjaer|n,Jie Cui,Nicolai Budkov Kjaer,Davis Cup World - Group 1,2026-09-18 18:14:02,0.07217931640726233,0.9278206835927376,0.09149130832570906,0.943310657596372,375,2026-09-18 18:08:39,2026-09-18 18:04:33,2026-09-18 18:14:02,3733178556,5.4,59,
cui|j|vallejo|a,cui|j,vallejo|a,Jie Cui,Adolfo Daniel Vallejo,ATP Hangzhou - R1,2026-09-24 10:17:17,0.2783152045083814,0.7216847954916188,0.29325513196480935,0.7361477572559366,3000,2026-09-24 10:24:27,2026-09-24 10:09:35,2026-09-24 10:17:17,3740290173,-7.2,266,
cui|j|zandschulp|b,cui|j,zandschulp|b,Jie Cui,Botic Van de Zandschulp,ATP Beijing - Qualifiers,2026-09-29 06:00:00,0.17821729029891772,0.8217827097010826,0.19801980198019803,0.84,1300,2026-09-29 05:24:04,2026-09-29 05:10:01,2026-09-29 05:19:47,3745829893,35.9,71,
cunha|v|sakamoto|p,cunha|v,sakamoto|p,Vitor Machado De Melo Cunha,Pedro Sakamoto,ITF Men Belem - R16,2026-09-17 20:37:29,0.030481677265390274,0.96951832273461,0.046970408642555195,0.9803381832481323,450,2026-09-17 20:40:51,2026-09-17 20:40:51,2026-09-17 20:37:29,3732331821,-3.4,89,
curbelo|i|potenza|l,curbelo|i,potenza|l,Ivan Marrero Curbelo,Luca Potenza,ATP Challenger Porto - Qualifiers,2026-09-27 16:34:46,0.3686578902569389,0.631342109743061,0.390625,0.6527777777777778,1000,2026-09-27 16:40:57,2026-09-27 16:26:05,2026-09-27 16:34:46,3744695845,-6.2,87,
dagostino|s|neumayer|l,dagostino|s,neumayer|l,Stefano D'agostino,Lukas Neumayer,ATP Challenger Genoa - R1,2026-09-22 10:00:00,0.13827943560062653,0.8617205643993737,0.1652892561983471,0.8849252013808976,650,2026-09-22 09:59:24,2026-09-22 09:52:45,2026-09-22 10:01:26,3738284538,0.6,32,
dagostino|s|rottoli|l,dagostino|s,rottoli|l,Stefano D'agostino,Lorenzo Rottoli,ATP Challenger Genoa - Qualifiers,2026-09-21 13:01:35,0.37559984814317776,0.6244001518568222,0.40485829959514175,0.6527777777777778,350,2026-09-21 12:59:46,2026-09-21 12:53:34,2026-09-21 13:01:35,3737703730,1.8,82,
dahlin|m|tseng|c,dahlin|m,tseng|c,Max Dahlin,Chun Hsin Tseng,Davis Cup World - Group 1,2026-09-19 04:40:00,0.27081318457076026,0.7291868154292397,0.2857142857142857,0.7435897435897436,3000,2026-09-19 09:30:26,2026-09-19 09:22:46,2026-09-19 04:40:00,3733738615,-290.5,115,
damazio|l|santos|p,damazio|l,santos|p,Livas Eduardo De Carvalho Damazio,Paulo Andre Saraiva Dos Santos,ITF Men Belem - SF,2026-09-19 16:43:46,0.10797978520653402,0.8920202147934659,0.13157894736842105,0.9118165784832452,750,2026-09-19 16:44:24,2026-09-19 16:44:24,2026-09-19 16:43:46,3734996469,-0.7,102,
damazio|l|tosetto|r,damazio|l,tosetto|r,Livas Eduardo De Carvalho Damazio,Rafael Tosetto,ITF Men Belem - R16,2026-09-17 18:15:56,0.22072777787841769,0.7792722221215824,0.24570024570024568,0.8023715415019763,450,2026-09-17 18:13:15,2026-09-17 18:10:31,2026-09-17 18:15:56,3732199919,2.7,65,
damm|m|fils|a,damm|m,fils|a,Martin Damm,Arthur Fils,ATP Tokyo - Qualifiers,2026-09-28 04:03:41,0.1815653060150882,0.8184346939849119,0.2040816326530612,0.8389694041867954,800,2026-09-28 04:00:40,2026-09-28 04:00:21,2026-09-28 04:03:41,3745259542,3.0,15,
damm|m|hurkacz|h,damm|m,hurkacz|h,Martin Damm,Hubert Hurkacz,ATP Chengdu Open - R16,2026-09-26 07:00:00,0.31995965118298164,0.6800403488170181,0.33444816053511706,0.6941896024464832,4000,2026-09-26 06:57:55,2026-09-26 06:57:55,2026-09-26 06:57:59,3742090150,2.1,202,
damm|m|mochizuki|s,damm|m,mochizuki|s,Martin Damm,Shintaro Mochizuki,ATP Chengdu Open - R1,2026-09-24 11:45:00,0.6661960618512887,0.33380393814871134,0.6805111821086262,0.3484320557491289,3000,2026-09-24 10:49:48,2026-09-24 10:45:07,2026-09-24 10:54:39,3740321476,55.2,125,
dang|y|you|x,dang|y,you|x,Yiming Dang,Xiaodi You,WTA Beijing - Qualifiers,2026-09-28 05:00:00,0.07249065380043866,0.9275093461995615,0.09900990099009901,0.9473407056345444,250,2026-09-28 04:46:27,2026-09-28 04:38:51,2026-09-28 04:44:44,3745268158,13.5,17,
daniels|e|dotsenko|e,daniels|e,dotsenko|e,Ellie Daniels,Ekaterina Dotsenko,ITF Women Monastir - Final,2026-09-27 11:00:00,0.27577261007408344,0.7242273899259166,0.3003003003003003,0.7474747474747475,550,2026-09-27 08:39:32,2026-09-27 08:33:53,2026-09-27 08:42:42,3743949946,140.4,40,
daniels|e|kroitor|k,daniels|e,kroitor|k,Ellie Daniels,Kristina Kroitor,ITF Women Monastir - SF,2026-09-26 08:43:27,0.1759656774296679,0.8240343225703319,0.2008032128514056,0.8463901689708141,750,2026-09-26 08:47:08,2026-09-26 08:37:08,2026-09-26 08:43:27,3742164930,-3.7,45,
daniels|e|luciano|l,daniels|e,luciano|l,Ellie Daniels,Lavinia Luciano,ITF Women Monastir - R1,2026-09-23 11:32:16,0.4285079258097285,0.5714920741902716,0.45248868778280543,0.5951417004048584,450,2026-09-23 11:39:30,2026-09-23 11:25:01,2026-09-23 11:32:16,3739385867,-7.3,49,
daniels|e|maloney|e,daniels|e,maloney|e,Ellie Daniels,Eliz Maloney,ITF Women Monastir - QF,2026-09-25 10:00:00,0.2660189780058198,0.7339810219941801,0.29069767441860467,0.7572815533980582,750,2026-09-25 10:09:16,2026-09-25 10:05:59,2026-09-25 10:15:13,3741116193,-9.3,67,
daniel|f|kubka|i,daniel|f,kubka|i,Fiona Crawley / Jaeda Daniel,Isabelle Haverlag / Martyna Kubka,WTA 125K Ankara - Doubles,2026-09-24 15:40:00,0.25414088400544516,0.7458591159945549,0.29069767441860467,0.7792494481236203,500,2026-09-24 16:21:32,2026-09-24 16:14:10,2026-09-24 15:40:00,3740522598,-41.5,40,
daniel|t|delaney|j,daniel|t,delaney|j,Taro Daniel,Jake Delaney,ATP Hangzhou - Qualifiers,2026-09-22 05:00:00,0.8003241443898961,0.19967585561010398,0.8211091234347048,0.2222222222222222,800,2026-09-22 03:59:32,2026-09-22 03:56:30,2026-09-22 05:00:00,3738095817,60.5,16,
daniel|t|marozsan|f,daniel|t,marozsan|f,Taro Daniel,Fabian Marozsan,ATP Hangzhou - R16,2026-09-25 07:37:55,0.32997668123595175,0.6700233187640482,0.3448275862068966,0.6845425867507886,4000,2026-09-25 07:36:01,2026-09-25 07:23:35,2026-09-25 07:30:00,3741017105,1.9,103,
daniel|t|matsuoka|h,daniel|t,matsuoka|h,Taro Daniel,Hayato Matsuoka,ATP Hangzhou - Qualifiers,2026-09-23 04:00:00,0.6225681264288583,0.3774318735711419,0.6415770609318996,0.3968253968253968,1750,2026-09-23 03:59:37,2026-09-23 03:55:31,2026-09-23 04:00:00,3739055798,0.4,87,
daniel|t|sweeny|d,daniel|t,sweeny|d,Taro Daniel,Dane Sweeny,ATP Hangzhou - R1,2026-09-24 05:15:03,0.6027542141767981,0.3972457858232019,0.6168582375478928,0.41152263374485604,3000,2026-09-24 05:19:55,2026-09-24 05:06:19,2026-09-24 05:15:03,3740122423,-4.9,101,
daniel|t|vallejo|a,daniel|t,vallejo|a,Taro Daniel,Adolfo Daniel Vallejo,ATP Tokyo - Qualifiers,2026-09-28 08:40:00,0.5394152912901289,0.4605847087098711,0.5594713656387665,0.4807692307692307,1750,2026-09-28 08:37:07,2026-09-28 08:32:04,2026-09-28 08:39:01,3745336490,2.9,28,
danilova|o|perelygina|e,danilova|o,perelygina|e,Olga Danilova,Ekaterina Perelygina,ITF Women Hurghada - R16,2026-09-17 06:00:00,0.10120177193192534,0.8987982280680746,0.12453300124533,0.9181669394435352,450,2026-09-17 05:58:56,2026-09-17 05:58:56,2026-09-17 07:00:00,3731664577,1.1,33,
dapkute|i|dotsenko|e,dapkute|i,dotsenko|e,Iveta Dapkute,Ekaterina Dotsenko,ITF Women Monastir - R16,2026-09-24 10:47:11,0.2602187220104202,0.7397812779895799,0.2849002849002849,0.7630331753554502,450,2026-09-24 10:49:48,2026-09-24 10:42:00,2026-09-24 10:47:11,3740315439,-2.6,45,
dapkute|i|mi|l,dapkute|i,mi|l,Iveta Dapkute,Lan Mi,ITF Women Monastir - QF,2026-09-18 08:46:19,0.20235431198089296,0.7976456880191071,0.22727272727272727,0.8204667863554758,750,2026-09-18 08:55:12,2026-09-18 08:43:57,2026-09-18 08:46:19,3732585421,-8.9,69,
dapkute|i|schnyder|s,dapkute|i,schnyder|s,Iveta Dapkute,Sarina Schnyder,ITF Women Monastir - R1,2026-09-23 10:30:00,0.42484989400518214,0.575150105994818,0.4484304932735426,0.5983935742971888,450,2026-09-23 10:32:26,2026-09-23 10:17:22,2026-09-23 10:30:00,3739207213,-2.5,36,
dart|h|lemaitre|t,dart|h,lemaitre|t,Harriet Dart,Tiphanie Lemaitre,WTA Beijing - Qualifiers,2026-09-28 03:15:51,0.8809029371233773,0.11909706287662272,0.9031007751937985,0.14556040756914118,250,2026-09-28 03:11:47,2026-09-28 03:09:26,2026-09-28 03:15:51,3745246259,4.0,12,
dart|h|ma|y,dart|h,ma|y,Harriet Dart,Yexin Ma,WTA Beijing - Qualifiers,2026-09-29 03:00:00,0.6482673060042066,0.35173269399579343,0.6677740863787376,0.3717472118959108,1700,2026-09-29 02:57:29,2026-09-29 02:54:06,2026-09-29 03:00:00,3745752585,2.5,69,
dart|j|siniakova|k,dart|j,siniakova|k,Jodie Burrage / Harriet Dart,Karolina Muchova / Katerina Siniakova,Billie Jean King Cup - Doubles,2026-09-22 13:15:00,0.12360109825802058,0.8763989017419798,0.1519756838905775,0.9000999000999002,175,2026-09-22 14:33:04,2026-09-22 14:24:31,2026-09-22 13:15:00,3738429849,-78.1,14,
daryabeigi|s|jansen|w,daryabeigi|s,jansen|w,Sean Daryabeigi,William Jansen,ITF Men Columbia - SF,2026-09-26 16:00:00,0.3113838737669906,0.6886161262330092,0.33557046979865773,0.7118155619596541,750,2026-09-26 15:04:50,2026-09-26 15:04:02,2026-09-26 15:13:02,3742820565,55.2,86,
daryabeigi|s|pieczkowski|o,daryabeigi|s,pieczkowski|o,Sean Daryabeigi,Olaf Pieczkowski,ITF Men Columbia - R16,2026-09-24 10:00:00,0.35643672943662796,0.6435632705633721,0.3802281368821293,0.6666666666666666,450,2026-09-24 10:08:53,2026-09-24 09:56:42,2026-09-24 10:00:00,3740192927,-8.9,41,
davidov|t|sobhy|m,davidov|t,sobhy|m,Teodor Davidov,Michael Bassem Sobhy,ITF Men Columbia - R1,2026-09-23 14:00:00,0.3888209531209442,0.6111790468790559,0.4132231404958678,0.635036496350365,450,2026-09-23 13:57:59,2026-09-23 13:50:52,2026-09-23 14:00:00,3739530163,2.0,16,
day|k|laskevich|e,day|k,laskevich|e,Kayla Day,Evialina Laskevich,ITF Women Berkeley - R16,2026-09-24 19:00:00,0.8386260614922091,0.1613739385077909,0.8607242339832869,0.186219739292365,450,2026-09-24 19:07:16,2026-09-24 18:58:54,2026-09-24 19:00:00,3740590950,-7.3,92,
day|k|mcdonald|e,day|k,mcdonald|e,Kayla Day,Ella McDonald,ITF Women Berkeley - SF,2026-09-26 20:00:00,0.8539112025880087,0.1460887974119914,0.87546699875467,0.1706484641638225,750,2026-09-26 20:18:17,2026-09-26 20:09:08,2026-09-26 20:15:39,3743460374,-18.3,122,
day|k|preston|j,day|k,preston|j,Kayla Day,Janae Preston,ITF Women Berkeley - Final,2026-09-27 20:15:56,0.7966361580833285,0.20336384191667145,0.8194945848375451,0.22831050228310504,750,2026-09-27 20:21:42,2026-09-27 20:07:42,2026-09-27 20:15:56,3745011775,-5.8,41,
day|k|rogers|a,day|k,rogers|a,Kayla Day,Anna Rogers,ITF Women Berkeley - QF,2026-09-25 20:41:36,0.9318258547251981,0.06817414527480196,0.9483737738771295,0.08952551477170993,750,2026-09-25 20:46:48,2026-09-25 20:34:29,2026-09-25 20:41:36,3741794787,-5.2,82,
day|k|samsonova|l,day|k,samsonova|l,Kayla Day,Liudmila Samsonova,WTA Guadalajara - R16,2026-09-17 01:00:00,0.28979508222559913,0.7102049177744009,0.3021148036253776,0.7222222222222222,5000,2026-09-17 00:11:09,2026-09-17 00:03:31,2026-09-17 01:00:00,3731494009,48.8,38,
deckers|a|fellows|j,deckers|a,fellows|j,Alec Deckers,Jake Fellows,ITF Men Setubal - R16,2026-09-24 12:00:00,0.8247901267308162,0.17520987326918375,0.8470948012232417,0.2,450,2026-09-24 11:57:16,2026-09-24 11:42:23,2026-09-24 12:00:00,3740283438,2.7,55,
deckers|a|henning|p,deckers|a,henning|p,Alec Deckers,Philip Henning,ITF Men Setubal - SF,2026-09-26 11:00:00,0.26745277015649355,0.7325472298435064,0.29239766081871343,0.7560975609756098,750,2026-09-26 11:44:09,2026-09-26 11:44:09,2026-09-26 11:39:51,3742366923,-44.2,64,
deckers|a|morais|d,deckers|a,morais|d,Alec Deckers,Diogo Morais,ITF Men Setubal - QF,2026-09-25 09:42:37,0.6996977644793823,0.3003022355206178,0.7229916897506925,0.3246753246753247,750,2026-09-25 09:44:51,2026-09-25 09:35:49,2026-09-25 09:42:37,3741090955,-2.2,42,
deckers|a|pietri|b,deckers|a,pietri|b,Alec Deckers,Benjamin Pietri,ITF Men Sintra - R16,2026-09-17 11:23:06,0.6713386257515117,0.32866137424848835,0.6951219512195121,0.35335689045936397,450,2026-09-17 11:28:26,2026-09-17 11:15:10,2026-09-17 11:23:06,3731856519,-5.4,58,
deckers|a|torre|i,deckers|a,torre|i,Alec Deckers,Inaki Montes-De La Torre,ITF Men Setubal - Final,2026-09-27 09:42:52,0.2512414537379262,0.7487585462620739,0.27624309392265195,0.7722095671981777,750,2026-09-27 09:53:35,2026-09-27 09:38:37,2026-09-27 09:42:52,3744003464,-10.7,112,
dedura|d|monteiro|t,dedura|d,monteiro|t,Diego Dedura,Thiago Monteiro,ATP Challenger Szczecin - QF,2026-09-18 11:00:00,0.5365834906023977,0.46341650939760237,0.5515695067264574,0.47846889952153115,3000,2026-09-18 13:28:24,2026-09-18 13:17:42,2026-09-18 11:00:00,3732655947,-148.4,108,
dekkers|f|garcia|m,dekkers|f,garcia|m,Florentine Dekkers,Meritxell Teixido Garcia,ITF Women Monastir - R16,2026-09-17 09:51:00,0.2499750041658613,0.7500249958341387,0.2747252747252747,0.7732426303854876,450,2026-09-17 09:58:25,2026-09-17 09:44:04,2026-09-17 09:46:00,3731737065,-7.4,50,
dekkers|f|kroitor|k,dekkers|f,kroitor|k,Florentine Dekkers,Kristina Kroitor,ITF Women Monastir - R16,2026-09-24 11:00:00,0.06596662546300801,0.934033374536992,0.08710801393728222,0.9503229011425732,450,2026-09-24 08:46:21,2026-09-24 08:41:11,2026-09-24 08:46:21,3740217727,133.6,38,
dekkers|f|kujovic|k,dekkers|f,kujovic|k,Florentine Dekkers,Katarina Kujovic,ITF Women Monastir - R1,2026-09-22 10:30:00,0.23688665060059524,0.7631133493994046,0.2617801047120419,0.7863247863247863,450,2026-09-22 10:32:04,2026-09-22 10:22:56,2026-09-22 10:30:00,3738223352,-2.1,69,
dekkers|f|luciano|l,dekkers|f,luciano|l,Florentine Dekkers,Lavinia Luciano,ITF Women Monastir - QF,2026-09-18 08:47:57,0.27283209274014997,0.72716790725985,0.2976190476190476,0.7506234413965087,750,2026-09-18 08:55:12,2026-09-18 08:43:57,2026-09-18 08:47:57,3732588484,-7.3,69,
delaney|j|tomic|b,delaney|j,tomic|b,Jake Delaney,Bernard Tomic,ATP Challenger Guangzhou - R16,2026-09-17 12:00:00,0.2258012619028691,0.774198738097131,0.24330900243309006,0.7907949790794978,2525,2026-09-17 10:59:09,2026-09-17 10:57:51,2026-09-17 11:06:07,3731843549,60.8,55,
delicata|l|kirci|k,delicata|l,kirci|k,Liam Delicata,Koray Kirci,ITF Men Baku - R16,2026-09-24 09:38:00,0.4028310260658934,0.5971689739341067,0.4273504273504274,0.6212121212121212,450,2026-09-24 09:34:18,2026-09-24 09:29:52,2026-09-24 09:38:00,3740255719,3.7,38,
delicata|l|neimanis|r,delicata|l,neimanis|r,Liam Delicata,Rihards Neimanis,ITF Men Baku - R1,2026-09-22 06:13:07,0.4931805498663601,0.5068194501336398,0.5169082125603864,0.5305164319248826,450,2026-09-22 06:19:18,2026-09-22 06:06:15,2026-09-22 06:13:07,3738138844,-6.2,67,
dellavedova|m|heck|h,dellavedova|m,heck|h,Matthew Dellavedova,Hunter Heck,ATP Challenger Phan Thiet - QF,2026-09-18 03:10:37,0.6925744860491276,0.3074255139508724,0.7093023255813954,0.3246753246753247,2500,2026-09-18 03:16:19,2026-09-18 03:05:19,2026-09-18 03:10:37,3732475334,-5.7,95,
dellavedova|m|sun|f,dellavedova|m,sun|f,Matthew Dellavedova,Fajing Sun,ATP Hangzhou - Qualifiers,2026-09-22 08:38:37,0.39442790799358995,0.6055720920064102,0.4132231404958678,0.6240601503759399,1750,2026-09-22 08:34:45,2026-09-22 08:32:10,2026-09-22 08:38:37,3738220909,3.8,37,
delledera|f|lizunova|a,delledera|f,lizunova|a,Francesca Dell'edera,Anastasia Lizunova,ITF Women Sharm El Sheikh - R1,2026-09-23 09:00:00,0.0915554856716153,0.9084445143283848,0.11441647597254004,0.9271137026239066,450,2026-09-23 08:57:53,2026-09-23 08:46:47,2026-09-23 09:00:00,3739138235,2.1,28,
dellien|h|kicker|n,dellien|h,kicker|n,Hugo Dellien,Nicolas Kicker,ATP Challenger Buenos Aires - R16,2026-09-23 22:00:00,0.7679985132509363,0.2320014867490637,0.7890295358649789,0.2544529262086514,1750,2026-09-23 20:56:29,2026-09-23 20:51:27,2026-09-23 21:01:05,3739909529,63.5,79,
dellien|m|varillas|j,dellien|m,varillas|j,Murkel Dellien,Juan Pablo Varillas,ATP Challenger Buenos Aires - R16,2026-09-23 15:16:23,0.1719252255208795,0.8280747744791206,0.1941747572815534,0.8482549317147192,1300,2026-09-23 15:21:24,2026-09-23 15:07:11,2026-09-23 15:16:23,3739599462,-5.0,43,
dencheva|r|mazzola|a,dencheva|r,mazzola|a,Rositsa Dencheva,Alessandra Mazzola,ITF Women Plovdiv - R1,2026-09-23 06:30:00,0.8809414628541653,0.1190585371458348,0.9013806706114399,0.14306151645207438,450,2026-09-23 06:34:25,2026-09-23 06:30:51,2026-09-23 06:39:39,3739120698,-4.4,26,
deng|t|kitahara|y,deng|t,kitahara|y,Tiana Tian Deng,Yuno Kitahara,ITF Women Nanao - R1,2026-09-23 02:00:00,0.622822588294444,0.37717741170555596,0.646643109540636,0.4016064257028112,450,2026-09-23 02:10:35,2026-09-23 01:58:59,2026-09-23 02:00:00,3738992919,-10.6,82,
deng|t|lu|j,deng|t,lu|j,Tiana Tian Deng,Jia-Jing Lu,ITF Women Nanao - R16,2026-09-24 02:00:00,0.2842704519585321,0.7157295480414679,0.30864197530864196,0.7389033942558746,450,2026-09-24 01:10:36,2026-09-24 01:03:32,2026-09-24 02:00:00,3740028542,49.4,82,
deng|t|ozeki|m,deng|t,ozeki|m,Tiana Tian Deng,Michika Ozeki,ITF Women Nanao - QF,2026-09-25 01:00:00,0.7924950528636372,0.20750494713636264,0.8154981549815498,0.23255813953488372,750,2026-09-25 01:01:04,2026-09-25 00:47:25,2026-09-25 01:00:00,3740866577,-1.1,103,
deng|t|yoshimoto|n,deng|t,yoshimoto|n,Tiana Tian Deng,Natsuki Yoshimoto,ITF Women Kyoto - R16,2026-09-17 02:43:41,0.4464928788840142,0.5535071211159858,0.4694835680751174,0.576271186440678,450,2026-09-17 02:50:03,2026-09-17 02:38:52,2026-09-17 02:43:41,3731589176,-6.4,40,
derepasko|t|dimic|m,derepasko|t,dimic|m,Timofei Derepasko,Matic Dimic,ITF Men Telavi - R1,2026-09-28 12:34:51,0.767175859006347,0.23282414099365323,0.790356394129979,0.2577319587628866,450,2026-09-28 12:39:25,2026-09-28 12:30:51,2026-09-28 12:34:51,3745447231,-4.6,28,
derepasko|t|ferrari|f,derepasko|t,ferrari|f,Timofei Derepasko,Francesco Ferrari,ITF Men Telavi - R1,2026-09-23 08:30:00,0.6454038884501241,0.35459611154987597,0.6688741721854304,0.37878787878787884,450,2026-09-23 07:39:59,2026-09-23 07:31:15,2026-09-23 07:37:47,3739155641,50.0,10,
dessi|m|lokoli|l,dessi|m,lokoli|l,Marco Dessi,Laurent Lokoli,ITF Men Santa Margherita di Pula - R1,2026-09-22 10:00:00,0.01994613984067807,0.9800538601593219,0.033921302578018994,0.9883409117407019,350,2026-09-22 06:46:09,2026-09-22 06:36:27,2026-09-22 10:00:00,3738137607,193.8,47,
dessolis|b|mettraux|m,dessolis|b,mettraux|m,Barbara Dessolis,Marie Mettraux,ITF Women Santa Margherita di Pula - R1,2026-09-23 11:49:00,0.14406566187483932,0.8559343381251606,0.16863406408094436,0.877450980392157,450,2026-09-23 11:56:28,2026-09-23 11:48:01,2026-09-23 11:49:00,3739414121,-7.5,46,
desvignes|e|okamura|k,desvignes|e,okamura|k,Eva Marie Desvignes,Kyoka Okamura,WTA Singapore - Qualifiers,2026-09-19 06:40:00,0.2584060758670876,0.7415939241329124,0.2785515320334262,0.7607655502392345,1750,2026-09-19 06:30:16,2026-09-19 06:24:08,2026-09-19 06:40:00,3733779446,9.7,32,
dhamne|m|durasovic|v,dhamne|m,durasovic|v,Manas Dhamne,Viktor Durasovic,ATP Challenger Mouilleron-Le-Captif - Qualifiers,2026-09-28 10:40:05,0.4345211632061638,0.5654788367938364,0.4629629629629629,0.5934959349593496,350,2026-09-28 10:46:50,2026-09-28 10:32:49,2026-09-28 10:40:05,3745391839,-6.8,38,
dhamne|m|janvier|m,dhamne|m,janvier|m,Manas Dhamne,Maxime Janvier,ATP Challenger Mouilleron-Le-Captif - Qualifiers,2026-09-27 12:55:43,0.46237314857923467,0.5376268514207653,0.49019607843137253,0.5652173913043479,350,2026-09-27 12:59:38,2026-09-27 12:59:38,2026-09-27 12:55:43,3744242748,-3.9,65,
dias|b|sharma|a,dias|b,sharma|a,Beatriz Dias,Astra Sharma,ITF Women Belem - R1,2026-09-22 18:00:00,0.01263097037368676,0.9873690296263136,0.03096934035305048,0.9949054969687707,150,2026-09-22 04:57:47,2026-09-22 04:50:44,2026-09-22 18:00:00,3738085265,782.2,14,
dias|p|mena|f,dias|p,mena|f,Pedro Boscardin Dias,Facundo Mena,ATP Challenger Buenos Aires - SF,2026-09-26 17:30:00,0.3648946311832238,0.6351053688167763,0.38167938931297707,0.6515679442508712,2500,2026-09-26 17:39:41,2026-09-26 17:25:42,2026-09-26 17:30:00,3743078058,-9.7,100,
dias|p|ribeiro|e,dias|p,ribeiro|e,Pedro Boscardin Dias,Eduardo Ribeiro,ATP Challenger Buenos Aires - QF,2026-09-25 15:10:00,0.5140297289698113,0.4859702710301888,0.5305164319248826,0.5024875621890548,2500,2026-09-25 15:11:46,2026-09-25 15:07:52,2026-09-25 16:10:00,3741339552,-1.8,70,
dias|p|roncadelli|f,dias|p,roncadelli|f,Pedro Boscardin Dias,Franco Roncadelli,ATP Challenger Buenos Aires - R16,2026-09-24 15:00:00,0.4931179625016478,0.5068820374983521,0.5145631067961165,0.5283018867924528,1750,2026-09-24 14:58:48,2026-09-24 14:58:39,2026-09-24 16:00:00,3740499299,1.2,37,
dias|p|taverna|s,dias|p,taverna|s,Pedro Boscardin Dias,Santiago Rodriguez Taverna,ATP Challenger Buenos Aires - R1,2026-09-22 15:23:23,0.6166346137659728,0.3833653862340274,0.6376811594202898,0.40485829959514175,1750,2026-09-22 15:23:06,2026-09-22 15:09:49,2026-09-22 16:00:00,3738546789,0.3,41,
dias|s|estevez|j,dias|s,estevez|j,Sabrina Dias,Josefina Estevez,ITF Women Sao Luis - R16,2026-09-17 14:32:21,0.1028731336666583,0.8971268663333417,0.12626262626262627,0.9165971643035863,450,2026-09-17 14:38:48,2026-09-17 14:24:08,2026-09-17 14:32:21,3731992676,-6.5,97,
dias|s|lopez|p,dias|s,lopez|p,Sabrina Dias,Paola Lopez,ITF Women Belem - R16,2026-09-24 18:06:31,0.2336107493433905,0.7663892506566095,0.25839793281653745,0.7894736842105263,450,2026-09-24 18:07:31,2026-09-24 17:59:50,2026-09-24 18:06:31,3740637584,-1.0,70,
dias|s|rodrigues|b,dias|s,rodrigues|b,Sabrina Dias,Beatriz Nahmias Melo Rodrigues,ITF Women Belem - R1,2026-09-22 18:00:00,0.50454583026496,0.49545416973504003,0.5283018867924528,0.5192307692307692,450,2026-09-22 17:59:41,2026-09-22 17:59:28,2026-09-22 19:00:00,3738676523,0.3,88,
dias|t|voloshchuk|a,dias|t,voloshchuk|a,Teresa Franco Dias,Angelina Voloshchuk,WTA 125K Porto - R1,2026-09-22 10:00:00,0.010255855444372085,0.9897441445556281,0.020781379883624274,0.9949660206393155,200,2026-09-22 07:01:11,2026-09-22 06:59:29,2026-09-22 10:00:00,3738164651,178.8,16,
diatlova|k|pawlikowska|z,diatlova|k,pawlikowska|z,Kateryna Diatlova,Zuzanna Pawlikowska,ITF Women Hurghada - R16,2026-09-17 06:00:00,0.24606295260445682,0.7539370473955433,0.2710027100271003,0.7772828507795101,450,2026-09-17 05:58:56,2026-09-17 05:50:50,2026-09-17 06:00:00,3731657347,1.1,32,
diaz|e|giustino|l,diaz|e,giustino|l,Enrique Carrascosa Diaz,Lorenzo Giustino,ITF Men Sabadell - R1,2026-09-23 10:00:00,0.13541424493846235,0.8645857550615379,0.1597444089456869,0.8857142857142858,450,2026-09-23 10:03:42,2026-09-23 09:48:52,2026-09-23 10:00:00,3739179946,-3.7,37,
diaz|m|martin|t,diaz|m,martin|t,Maxi Carrascosa Diaz,Toby Martin,ITF Men Monastir - R1,2026-09-22 12:58:25,0.29939736687352225,0.7006026331264779,0.3236245954692557,0.7237569060773481,450,2026-09-22 12:56:42,2026-09-22 12:53:56,2026-09-22 12:58:25,3738434565,1.7,70,
diaz|m|willwerth|b,diaz|m,willwerth|b,Maxi Carrascosa Diaz,Benjamin Willwerth,ITF Men Monastir - R16,2026-09-17 11:00:00,0.17763113767489294,0.8223688623251069,0.20242914979757087,0.84472049689441,450,2026-09-17 10:41:18,2026-09-17 10:27:51,2026-09-17 11:00:00,3731818334,18.7,49,
dickerson|r|pereira|j,dickerson|r,pereira|j,Ryan Dickerson,Jose Pereira,ATP Challenger Curitiba - Qualifiers,2026-09-28 16:00:05,0.5111662806170902,0.4888337193829098,0.5391705069124424,0.5169082125603864,350,2026-09-28 17:48:53,2026-09-28 17:35:27,2026-09-28 16:00:05,3745542688,-108.8,61,
dickerson|r|vialle|h,dickerson|r,vialle|h,Ryan Dickerson,Henrique Pissetti Vialle,ATP Challenger Curitiba - Qualifiers,2026-09-27 16:43:22,0.8984349125375136,0.10156508746248642,0.9259259259259258,0.13774104683195593,50,2026-09-27 16:47:23,2026-09-27 16:36:14,2026-09-27 16:43:22,3744712179,-4.0,27,
dietrich|d|dinev|d,dietrich|d,dinev|d,Dylan Dietrich,Dinko Dinev,ATP Challenger San Diego - R1,2026-09-21 21:10:00,0.9399293459381624,0.060070654061837606,0.9580888516345347,0.08539709649871904,225,2026-09-21 21:04:55,2026-09-21 21:02:38,2026-09-21 22:10:00,3737959990,5.1,55,
dietrich|d|searle|h,dietrich|d,searle|h,Dylan Dietrich,Henry Searle,ATP Challenger San Diego - QF,2026-09-26 00:15:00,0.6351053688167763,0.3648946311832238,0.6515679442508712,0.38167938931297707,2500,2026-09-26 00:12:32,2026-09-26 00:11:11,2026-09-26 01:15:00,3741891638,2.5,175,
dietrich|d|smith|k,dietrich|d,smith|k,Dylan Dietrich,Keegan Smith,ATP Challenger San Diego - R16,2026-09-24 00:30:00,0.584179586241993,0.41582041375800705,0.6047430830039526,0.4366812227074236,1750,2026-09-23 23:57:57,2026-09-23 23:57:57,2026-09-24 00:04:57,3739988572,32.0,94,
dilek|d|gasanova|a,dilek|d,gasanova|a,Deniz Dilek,Anastasia Gasanova,WTA 125K Ankara - QF,2026-09-25 13:44:39,0.17412837472399498,0.8258716252760051,0.19646365422396858,0.8461538461538461,1300,2026-09-25 13:49:23,2026-09-25 13:37:18,2026-09-25 13:44:39,3741264095,-4.8,67,
dilek|d|sierra|s,dilek|d,sierra|s,Deniz Dilek,Solana Sierra,WTA 125K Ankara - R1,2026-09-22 16:34:15,0.1484854518435432,0.8515145481564569,0.17301038062283736,0.8730964467005076,875,2026-09-22 16:36:23,2026-09-22 16:25:16,2026-09-22 16:34:15,3738607747,-2.2,139,
dimic|m|ligniere|e,dimic|m,ligniere|e,Matic Dimic,Edoardo Cherie Ligniere,ITF Men Telavi - R16,2026-09-24 08:00:00,0.18926167136142816,0.8107383286385721,0.21413276231263384,0.8333333333333334,450,2026-09-24 08:01:11,2026-09-24 07:55:54,2026-09-24 08:00:00,3740135327,-1.2,35,
dimic|m|villoslada|e,dimic|m,villoslada|e,Matic Dimic,Edouard Villoslada,ITF Men Telavi - R1,2026-09-23 09:30:00,0.5260764679970158,0.47392353200298415,0.5495495495495495,0.49751243781094534,450,2026-09-23 09:31:00,2026-09-23 09:17:00,2026-09-23 09:30:00,3739157834,-1.0,18,
dimitrov|g|grenier|h,dimitrov|g,grenier|h,Grigor Dimitrov,Hugo Grenier,ATP Challenger Porto - R1,2026-09-28 09:00:00,0.797242895276086,0.20275710472391403,0.8158379373848987,0.22271714922048996,100,2026-09-27 23:50:36,2026-09-27 23:38:58,2026-09-28 09:00:00,3745171883,549.4,2,
dimitrov|g|moller|e,dimitrov|g,moller|e,Grigor Dimitrov,Elmer Moller,Davis Cup World - Group 1,2026-09-18 14:22:55,0.7591070765269806,0.24089292347301938,0.7757847533632287,0.25839793281653745,1800,2026-09-18 14:31:13,2026-09-18 14:18:06,2026-09-18 14:22:55,3732845305,-8.3,35,
dimitrov|g|rincon|d,dimitrov|g,rincon|d,Grigor Dimitrov,Daniel Rincon,ATP Challenger Porto - R1,2026-09-28 13:40:00,0.7486037711931106,0.2513962288068894,0.7652582159624413,0.26881720430107525,1750,2026-09-28 14:14:54,2026-09-28 14:01:40,2026-09-28 13:40:00,3745432975,-34.9,44,
dios|f|pereira|j,dios|f,pereira|j,Felipe De Dios,Jose Pereira,ITF Men Curitiba - R1,2026-09-23 17:27:16,0.27577261007408344,0.7242273899259166,0.3003003003003003,0.7474747474747475,450,2026-09-23 17:30:52,2026-09-23 17:20:05,2026-09-23 17:27:16,3739721038,-3.6,50,
djere|l|mikrut|l,djere|l,mikrut|l,Laslo Djere,Luka Mikrut,ATP Challenger Szczecin - R16,2026-09-16 20:00:00,0.6660396078865112,0.3339603921134888,0.6825396825396826,0.3508771929824561,2525,2026-09-16 19:53:19,2026-09-16 19:40:56,2026-09-16 19:50:41,3731366210,6.7,8,
djere|l|mmoh|m,djere|l,mmoh|m,Laslo Djere,Michael Mmoh,ATP Challenger Porto - R1,2026-09-28 14:10:00,0.43275032255559504,0.567249677444405,0.45248868778280543,0.5867768595041323,1300,2026-09-28 14:14:54,2026-09-28 14:04:08,2026-09-28 14:13:59,3745490377,-4.9,24,
djuric|b|duhan|c,djuric|b,duhan|c,Branko Djuric,Chirag Duhan,ITF Men Sharm El Sheikh - QF,2026-09-25 07:16:40,0.8658107616905165,0.13418923830948323,0.8868778280542986,0.1584786053882726,750,2026-09-25 07:20:40,2026-09-25 07:08:28,2026-09-25 07:16:40,3741006479,-4.0,31,
djuric|b|safonov|a,djuric|b,safonov|a,Branko Djuric,Aristarkh Safonov,ITF Men Sharm El Sheikh - R16,2026-09-24 10:50:57,0.9192533218576223,0.08074667814237768,0.9370277078085643,0.10298661174047373,450,2026-09-24 11:20:15,2026-09-24 11:12:14,2026-09-24 10:50:57,3740318378,-29.3,37,
djuric|b|strombachs|r,djuric|b,strombachs|r,Branko Djuric,Robert Strombachs,ITF Men Sharm El Sheikh - SF,2026-09-26 08:00:00,0.48981477987157646,0.5101852201284235,0.5145631067961165,0.5348837209302326,750,2026-09-26 07:13:48,2026-09-26 07:11:23,2026-09-26 08:00:00,3742099085,46.1,94,
dmitrichenko|y|katsumi|n,dmitrichenko|y,katsumi|n,Yekaterina Dmitrichenko,Nanari Katsumi,ITF Women Monastir - QF,2026-09-18 08:41:46,0.7698074364787674,0.23019256352123274,0.7929606625258799,0.25510204081632654,550,2026-09-18 08:39:36,2026-09-18 08:30:56,2026-09-18 11:00:00,3732540707,2.1,67,
dmitrichenko|y|luciano|l,dmitrichenko|y,luciano|l,Yekaterina Dmitrichenko,Lavinia Luciano,ITF Women Monastir - SF,2026-09-19 11:00:00,0.7754059332396981,0.2245940667603019,0.7983870967741935,0.24937655860349128,750,2026-09-19 11:06:58,2026-09-19 10:55:51,2026-09-19 11:00:00,3733887972,-7.0,81,
dmitrichenko|y|mariani|m,dmitrichenko|y,mariani|m,Yekaterina Dmitrichenko,Matilde Mariani,ITF Women Monastir - Final,2026-09-20 08:46:09,0.7374138169500907,0.2625861830499094,0.7607655502392345,0.28735632183908044,750,2026-09-20 08:49:59,2026-09-20 08:37:23,2026-09-20 08:46:09,3735944737,-3.9,47,
dmitrichenko|y|mascoll|s,dmitrichenko|y,mascoll|s,Yekaterina Dmitrichenko,Savannah Dada-Mascoll,ITF Women Monastir - R16,2026-09-17 09:30:00,0.4126893128131789,0.5873106871868211,0.4366812227074236,0.6108949416342413,450,2026-09-17 09:37:34,2026-09-17 09:23:54,2026-09-17 09:30:00,3731699158,-7.6,35,
dodig|m|zverev|a,dodig|m,zverev|a,Matej Dodig,Alexander Zverev,Davis Cup - Qualifiers,2026-09-19 12:23:52,0.04554602457035457,0.9544539754296454,0.066711140760507,0.9691262735412164,225,2026-09-19 12:28:38,2026-09-19 12:19:08,2026-09-19 12:23:52,3734182190,-4.8,64,
dodin|o|malygina|e,dodin|o,malygina|e,Oceane Dodin,Elena Malygina,WTA 125K Porto - R16,2026-09-23 11:00:00,0.5604906939007871,0.43950930609921285,0.5815899581589958,0.4608294930875576,1750,2026-09-23 10:03:42,2026-09-23 10:02:17,2026-09-23 10:09:43,3739297157,56.3,89,
dolehide|c|frech|m,dolehide|c,frech|m,Caroline Dolehide,Magdalena Frech,WTA Guadalajara - R16,2026-09-16 20:00:00,0.3347888307744799,0.6652111692255201,0.3472222222222222,0.6774193548387096,5000,2026-09-16 19:18:25,2026-09-16 19:05:51,2026-09-16 19:14:22,3731314892,41.6,3,
dolzhenkov|d|majdandzic|m,dolzhenkov|d,majdandzic|m,Dmitry Dolzhenkov,Marc Majdandzic,ITF Men Baku - QF,2026-09-25 07:00:00,0.1498951165879075,0.8501048834120924,0.17452006980802792,0.8717948717948718,750,2026-09-25 06:06:04,2026-09-25 06:04:28,2026-09-25 06:09:37,3740988070,53.9,32,
dolzhenkov|d|nordquist|a,dolzhenkov|d,nordquist|a,Dmitry Dolzhenkov,Arvid Nordquist,ITF Men Baku - SF,2026-09-26 06:19:43,0.12034367937246764,0.8796563206275324,0.14430014430014432,0.9000999000999002,750,2026-09-26 06:23:34,2026-09-26 06:13:27,2026-09-26 06:19:43,3742069673,-3.9,97,
domenc|m|jade|d,domenc|m,jade|d,Mathys Domenc,Daniel Jade,ATP Challenger St Tropez - Qualifiers,2026-09-21 08:00:00,0.301422122476415,0.6985778775235851,0.3236245954692557,0.7198879551820728,1000,2026-09-21 07:58:36,2026-09-21 07:57:44,2026-09-21 08:00:00,3737563505,1.4,63,
domenc|m|ribecai|m,domenc|m,ribecai|m,Mathys Domenc,Michele Ribecai,ATP Challenger St Tropez - Qualifiers,2026-09-20 08:12:16,0.19156218532407238,0.8084378146759277,0.21645021645021645,0.8310810810810811,550,2026-09-20 08:15:24,2026-09-20 08:03:44,2026-09-20 08:12:16,3735914638,-3.2,34,
domenc|m|rossi|l,domenc|m,rossi|l,Mathys Domenc,Leonardo Rossi,ITF Men Nevers - R16,2026-09-17 09:14:29,0.30121264068958126,0.698787359310419,0.32573289902280134,0.7222222222222222,450,2026-09-17 09:08:45,2026-09-17 09:07:06,2026-09-17 09:14:29,3731752566,5.7,46,
domingos|d|hernandez|c,domingos|d,hernandez|c,Daniel Domingos,Carles Hernandez,ITF Men Monastir - R16,2026-09-24 11:45:11,0.23770126644515477,0.7622987335548452,0.26246719160104987,0.7854077253218884,450,2026-09-24 11:51:32,2026-09-24 11:37:39,2026-09-24 11:45:11,3740364111,-6.4,52,
domingos|d|ruggeri|s,domingos|d,ruggeri|s,Daniel Domingos,Samuel Vincent Ruggeri,ITF Men Monastir - R16,2026-09-17 08:43:38,0.4092949987048551,0.590705001295145,0.4329004329004329,0.613899613899614,450,2026-09-17 08:50:45,2026-09-17 08:36:54,2026-09-17 08:43:38,3731732575,-7.1,39,
domingues|j|geerts|m,domingues|j,geerts|m,Joao Domingues,Michael Geerts,ATP Challenger Porto - Qualifiers,2026-09-28 14:52:06,0.3797767603383945,0.6202232396616055,0.4016064257028112,0.6415770609318996,1000,2026-09-28 14:57:40,2026-09-28 14:47:23,2026-09-28 14:52:06,3745511030,-5.6,47,
domingues|j|luque|r,domingues|j,luque|r,Joao Domingues,Rafael Izquierdo Luque,ITF Men Setubal - R1,2026-09-22 10:15:39,0.5622495340673253,0.4377504659326747,0.5850622406639003,0.4608294930875576,450,2026-09-22 10:20:42,2026-09-22 10:07:50,2026-09-22 10:15:39,3738296458,-5.1,43,
dominko|s|michnev|p,dominko|s,michnev|p,Sebastian Dominko,Petr Michnev,ITF Men Pardubice - R1,2026-09-23 12:00:47,0.8079076464722905,0.19209235352770956,0.8305084745762712,0.2169197396963124,450,2026-09-23 11:56:28,2026-09-23 11:55:13,2026-09-23 12:00:47,3739418243,4.3,37,
dominko|s|molleker|r,dominko|s,molleker|r,Sebastian Dominko,Rudolf Molleker,ITF Men Pardubice - QF,2026-09-26 08:30:00,0.4576857908116087,0.5423142091883913,0.4807692307692307,0.5652173913043479,750,2026-09-26 07:43:32,2026-09-26 07:34:51,2026-09-26 07:40:57,3742111517,46.4,38,
donald|m|sakellaridis|d,donald|m,sakellaridis|d,Matthew William Donald,Dimitris Sakellaridis,ATP Challenger Bari - Qualifiers,2026-09-28 12:00:00,0.7696297466665157,0.2303702533334843,0.7971602434077079,0.2604166666666667,350,2026-09-28 10:59:38,2026-09-28 10:59:36,2026-09-28 12:00:00,3745405509,60.3,44,
dong|z|ferguson|c,dong|z,ferguson|c,Zhenxiong Dong,Chase Ferguson,ITF Men Guiyang - R16,2026-09-17 06:10:00,0.16458243141635873,0.8354175685836412,0.1893939393939394,0.8575498575498576,450,2026-09-17 05:18:39,2026-09-17 05:10:47,2026-09-17 05:17:01,3731652728,51.3,58,
donnet|e|ogunsakin|o,donnet|e,ogunsakin|o,Etienne Donnet,Oluwaseun Peter Ogunsakin,ITF Men Monastir - R16,2026-09-24 10:45:55,0.7703409506284279,0.22965904937157222,0.793388429752066,0.2544529262086514,450,2026-09-24 10:49:48,2026-09-24 10:42:00,2026-09-24 10:45:55,3740314604,-3.9,41,
donnet|e|reco|a,donnet|e,reco|a,Etienne Donnet,Alexandre Reco,ITF Men Nevers - QF,2026-09-18 10:12:26,0.3995954180020959,0.6004045819979041,0.42372881355932196,0.6240601503759399,750,2026-09-18 10:17:43,2026-09-18 10:08:52,2026-09-18 10:12:26,3732644025,-5.3,79,
donnet|e|ruggeri|s,donnet|e,ruggeri|s,Etienne Donnet,Samuel Vincent Ruggeri,ITF Men Monastir - SF,2026-09-26 08:43:24,0.418681155258392,0.581318844741608,0.4424778761061947,0.6047430830039526,750,2026-09-26 08:47:08,2026-09-26 08:37:08,2026-09-26 08:43:24,3742166268,-3.7,43,
donski|a|quilez|a,donski|a,quilez|a,Alexander Donski,Alejo Sanchez Quilez,ATP Challenger Porto - Qualifiers,2026-09-27 11:05:00,0.30881224395601686,0.6911877560439832,0.33112582781456956,0.7126436781609194,1000,2026-09-27 10:17:59,2026-09-27 10:08:47,2026-09-27 10:14:03,3744034546,47.0,46,
dotsenko|e|medvedeva|m,dotsenko|e,medvedeva|m,Ekaterina Dotsenko,Miroslava Medvedeva,ITF Women Monastir - R1,2026-09-23 10:12:24,0.9366633939596872,0.06333660604031288,0.952651515151515,0.08424599831508003,450,2026-09-23 10:22:06,2026-09-23 10:09:07,2026-09-23 10:12:24,3739297481,-9.7,30,
dotsenko|e|ruchkina|k,dotsenko|e,ruchkina|k,Ekaterina Dotsenko,Kseniia Ruchkina,ITF Women Monastir - SF,2026-09-26 09:30:00,0.6042979911565869,0.39570200884341317,0.6282527881040892,0.42016806722689076,750,2026-09-26 08:37:19,2026-09-26 08:37:19,2026-09-26 08:42:00,3742161439,52.7,19,
dougaz|a|komagata|r,dougaz|a,komagata|r,Aziz Dougaz,Reiya Komagata,ITF Men Yinchuan - R1,2026-09-23 03:33:00,0.9563252150753695,0.04367478492463023,0.9696048632218845,0.06238303181534622,450,2026-09-23 03:59:37,2026-09-23 03:55:31,2026-09-23 04:00:34,3739054615,-26.6,91,
dourado|j|estevez|j,dourado|j,estevez|j,Jennifer Rosa Dourado,Josefina Estevez,ITF Women Belem - QF,2026-09-25 19:57:36,0.046998144533933014,0.9530018554660671,0.06613756613756615,0.9667994687915006,750,2026-09-25 19:56:03,2026-09-25 19:48:53,2026-09-25 19:57:36,3741748504,1.5,69,
dourado|j|ferreira|g,dourado|j,ferreira|g,Jennifer Rosa Dourado,Giulia Gomes Ferreira,ITF Women Belem - R16,2026-09-24 15:00:00,0.7509265386698654,0.24907346133013458,0.7742663656884875,0.273972602739726,450,2026-09-24 14:58:48,2026-09-24 14:58:39,2026-09-24 15:00:00,3740423843,1.2,68,
dourado|j|sanchez|m,dourado|j,sanchez|m,Jennifer Rosa Dourado,Maria Jose Rico Sanchez,ITF Women Belem - R1,2026-09-22 22:12:02,0.9780851993154622,0.021914800684537435,0.9868955575940244,0.03642987249544627,450,2026-09-22 22:05:29,2026-09-22 22:04:28,2026-09-22 22:12:02,3738896976,6.5,83,
dourado|j|soares|m,dourado|j,soares|m,Jennifer Rosa Dourado,Mariana Soares,ITF Women Sao Luis - R16,2026-09-17 13:00:00,0.7888913402421395,0.21110865975786036,0.8116760828625235,0.23584905660377356,450,2026-09-17 12:58:20,2026-09-17 12:53:32,2026-09-17 13:00:00,3731846015,1.6,97,
draxl|l|kennedy|j,draxl|l,kennedy|j,Liam Draxl,Jack Kennedy,ATP Challenger San Diego - R1,2026-09-22 20:52:14,0.7194763002042505,0.2805236997957496,0.7409326424870467,0.30303030303030304,1750,2026-09-22 20:57:48,2026-09-22 20:47:55,2026-09-22 20:52:14,3738874796,-5.6,70,
draxl|l|rinderknech|a,draxl|l,rinderknech|a,Liam Draxl,Arthur Rinderknech,Davis Cup - Qualifiers,2026-09-18 22:16:00,0.2143154288191777,0.7856845711808222,0.234192037470726,0.8043052837573386,1300,2026-09-18 21:26:13,2026-09-18 21:14:52,2026-09-18 21:21:53,3733512241,49.8,87,
draxl|l|searle|h,draxl|l,searle|h,Liam Draxl,Henry Searle,ATP Challenger San Diego - R16,2026-09-23 19:00:00,0.5908615918544071,0.4091384081455929,0.6124031007751938,0.43103448275862066,1750,2026-09-23 18:07:25,2026-09-23 18:05:22,2026-09-23 18:13:27,3739766126,52.5,60,
drayton|t|gretskiy|i,drayton|t,gretskiy|i,Thomas Drayton,Ivan Gretskiy,ITF Men Baku - R1,2026-09-22 08:11:56,0.28590715990745236,0.7140928400925477,0.3105590062111801,0.7375328083989502,450,2026-09-22 08:13:36,2026-09-22 08:07:02,2026-09-22 08:11:56,3738202877,-1.7,53,
droguet|t|gojo|b,droguet|t,gojo|b,Titouan Droguet,Borna Gojo,ATP Challenger St Tropez - R16,2026-09-23 16:30:00,0.6283059267639721,0.371694073236028,0.6453900709219857,0.3891050583657587,2525,2026-09-23 15:42:30,2026-09-23 15:34:23,2026-09-23 16:30:00,3739620584,47.4,47,
droguet|t|lajal|m,droguet|t,lajal|m,Titouan Droguet,Mark Lajal,ATP Challenger St Tropez - QF,2026-09-25 17:30:00,0.5333978715923762,0.46660212840762383,0.5475113122171946,0.4807692307692307,3000,2026-09-25 17:12:02,2026-09-25 17:08:37,2026-09-25 17:16:36,3741475190,17.9,128,
droguet|t|mayot|h,droguet|t,mayot|h,Titouan Droguet,Harold Mayot,ATP Challenger St Tropez - Final,2026-09-27 12:46:24,0.5979542942192602,0.40204570578073967,0.6124031007751938,0.4166666666666667,3000,2026-09-27 12:54:04,2026-09-27 12:39:43,2026-09-27 12:46:24,3744230100,-7.7,87,
droguet|t|poling|k,droguet|t,poling|k,Titouan Droguet,Karl Poling,ATP Challenger St Tropez - R1,2026-09-22 12:00:00,0.8859854548920093,0.11401454510799072,0.9043062200956938,0.13531799729364005,575,2026-09-22 11:17:58,2026-09-22 11:08:14,2026-09-22 11:14:25,3738346960,42.0,93,
droguet|t|prizmic|d,droguet|t,prizmic|d,Titouan Droguet,Dino Prizmic,ATP Challenger St Tropez - SF,2026-09-26 14:44:08,0.4519400252538551,0.5480599747461449,0.4672897196261683,0.5633187772925764,3000,2026-09-26 14:50:38,2026-09-26 14:37:52,2026-09-26 14:44:08,3742733392,-6.5,80,
droguet|t|rincon|d,droguet|t,rincon|d,Titouan Droguet,Daniel Rincon,ATP Challenger Rennes - R16,2026-09-17 19:30:00,0.7454486754440733,0.25455132455592666,0.7619047619047619,0.2717391304347826,2525,2026-09-17 18:31:25,2026-09-17 18:25:37,2026-09-17 19:30:00,3732215587,58.5,62,
droguet|t|wayenburg|s,droguet|t,wayenburg|s,Titouan Droguet,Sascha Gueymard Wayenburg,ATP Challenger Rennes - SF,2026-09-19 13:30:00,0.6903659343524666,0.3096340656475335,0.7050147492625369,0.3246753246753247,3000,2026-09-19 13:39:34,2026-09-19 13:36:51,2026-09-19 13:46:30,3734380940,-9.6,75,
duckworth|j|kasnikowski|m,duckworth|j,kasnikowski|m,James Duckworth,Maks Kasnikowski,Davis Cup World - Group 1,2026-09-20 07:51:00,0.6559112126661653,0.3440887873338348,0.66996699669967,0.35842293906810035,3000,2026-09-20 09:03:02,2026-09-20 08:49:00,2026-09-20 07:51:00,3735902413,-72.1,120,
duckworth|j|majchrzak|k,duckworth|j,majchrzak|k,James Duckworth,Kamil Majchrzak,Davis Cup World - Group 1,2026-09-19 05:30:00,0.4086295698191187,0.5913704301808814,0.42372881355932196,0.6062992125984252,3000,2026-09-19 04:42:52,2026-09-19 04:31:57,2026-09-19 04:41:15,3733742809,47.1,96,
duckworth|j|sonego|l,duckworth|j,sonego|l,James Duckworth,Lorenzo Sonego,ATP Chengdu Open - R1,2026-09-24 07:42:42,0.43998742925126694,0.560012570748733,0.45454545454545453,0.574468085106383,3000,2026-09-24 07:41:30,2026-09-24 07:35:01,2026-09-24 07:42:42,3740176244,1.2,255,
duckworth|j|te|r,duckworth|j,te|r,James Duckworth,Rigele Te,ATP Beijing - Qualifiers,2026-09-28 03:34:06,0.8971748873588412,0.10282511264115882,0.92,0.13123359580052493,250,2026-09-28 03:35:25,2026-09-28 03:24:32,2026-09-28 03:34:06,3745251525,-1.3,14,
duda|a|gundacker|j,duda|a,gundacker|j,Adam Duda,Jonas Gundacker,ITF Men Pardubice - R1,2026-09-22 07:30:00,0.1516609040289862,0.8483390959710138,0.1763668430335097,0.8701298701298701,450,2026-09-22 07:35:12,2026-09-22 07:21:45,2026-09-22 07:30:00,3738124481,-5.2,26,
dugardin|r|nagel|a,dugardin|r,nagel|a,Remy Dugardin,Arthur Nagel,ITF Men Forbach - R1,2026-09-23 09:33:13,0.15265684889379702,0.847343151106203,0.1773049645390071,0.869109947643979,450,2026-09-23 09:31:00,2026-09-23 09:23:32,2026-09-23 09:33:13,3739256801,2.2,16,
duhan|c|elsayed|a,duhan|c,elsayed|a,Chirag Duhan,Amr Elsayed,ITF Men Sharm El Sheikh - R1,2026-09-23 09:00:00,0.40521009763295357,0.5947899023670464,0.4291845493562232,0.6183206106870228,450,2026-09-23 08:42:17,2026-09-23 08:31:40,2026-09-23 08:37:58,3739203171,17.7,30,
duhan|c|hurrion|m,duhan|c,hurrion|m,Chirag Duhan,Millen Hurrion,ITF Men Hurghada - QF,2026-09-18 06:00:00,0.11946453350951763,0.8805354664904828,0.14347202295552366,0.9009900990099009,750,2026-09-18 05:56:38,2026-09-18 05:44:53,2026-09-18 06:00:00,3732496180,3.3,73,
duhan|c|karthik|p,duhan|c,karthik|p,Chirag Duhan,Pranav Karthik,ITF Men Hurghada - R16,2026-09-17 09:00:00,0.6760993827365833,0.3239006172634166,0.6996996996996997,0.3484320557491289,350,2026-09-17 05:58:56,2026-09-17 05:50:50,2026-09-17 09:00:00,3731651299,181.1,30,
dumitru|k|jaeger|e,dumitru|k,jaeger|e,Karina Elena Gabriela Dumitru,Estella Jaeger,ITF Women Constanta - R1,2026-09-23 07:00:00,0.5368891287931538,0.46311087120684624,0.5614035087719298,0.48780487804878053,450,2026-09-23 07:04:46,2026-09-23 07:01:03,2026-09-23 07:10:53,3739137454,-4.8,36,
durand|y|hudd|e,durand|y,hudd|e,Yanis Ghazouani Durand,Emile Hudd,ATP Challenger Mouilleron-Le-Captif - Qualifiers,2026-09-27 15:59:00,0.6319750437739869,0.3680249562260131,0.6598639455782314,0.3968253968253968,350,2026-09-27 15:52:41,2026-09-27 15:50:48,2026-09-27 15:55:54,3744631395,6.3,85,
durand|y|maestrelli|f,durand|y,maestrelli|f,Yanis Ghazouani Durand,Francesco Maestrelli,ATP Challenger Rennes - R16,2026-09-17 12:00:00,0.28969918579232184,0.7103008142076781,0.3067484662576687,0.7267759562841529,2525,2026-09-17 11:56:28,2026-09-17 11:43:52,2026-09-17 11:52:21,3731878999,3.5,59,
durand|y|poling|k,durand|y,poling|k,Yanis Ghazouani Durand,Karl Poling,ATP Challenger St Tropez - Qualifiers,2026-09-20 13:33:38,0.6136602647636364,0.38633973523636356,0.635036496350365,0.4081632653061224,1000,2026-09-20 13:29:46,2026-09-20 13:22:15,2026-09-20 14:30:00,3736426380,3.8,65,
durand|y|rossi|l,durand|y,rossi|l,Yanis Ghazouani Durand,Leonardo Rossi,ATP Challenger Mouilleron-Le-Captif - Qualifiers,2026-09-28 12:53:09,0.5975405212243465,0.4024594787756535,0.6254681647940076,0.43103448275862066,350,2026-09-28 12:59:11,2026-09-28 12:46:08,2026-09-28 12:53:09,3745455179,-6.1,48,
duran|a|molteni|g,duran|a,molteni|g,Arda Azkara / Tuncay Duran,Guido Andreozzi / Andres Molteni,Davis Cup - Doubles,2026-09-20 14:00:00,0.0981858205681865,0.9018141794318135,0.12453300124533,0.9230769230769231,1500,2026-09-20 18:53:29,2026-09-20 18:41:16,2026-09-20 14:00:00,3736529026,-293.5,65,
dvalishvili|l|pawlikowska|z,dvalishvili|l,pawlikowska|z,Liana Dvalishvili,Zuzanna Pawlikowska,ITF Women Sharm El Sheikh - R1,2026-09-23 06:30:00,0.02454589931845298,0.9754541006815471,0.03972983710766786,0.9849261380765751,450,2026-09-23 06:34:25,2026-09-23 06:28:28,2026-09-23 06:30:00,3739088590,-4.4,26,
eala|a|prozorova|t,eala|a,prozorova|t,Alexandra Eala,Tatiana Prozorova,WTA Singapore - R16,2026-09-24 10:44:59,0.832560130438799,0.167439869561201,0.8439937597503899,0.17953321364452424,3750,2026-09-24 10:49:48,2026-09-24 10:37:06,2026-09-24 10:44:59,3740314703,-4.8,227,
ebster|a|herazo|m,ebster|a,herazo|m,Anna Lena Ebster,Maria Herazo,ITF Women Constanta - R1,2026-09-23 07:00:00,0.13820585686976766,0.8617941431302322,0.16260162601626016,0.8830409356725146,450,2026-09-23 07:04:46,2026-09-23 06:58:44,2026-09-23 07:00:00,3739088490,-4.8,92,
echargui|m|masur|d,echargui|m,masur|d,Moez Echargui,Daniel Masur,ATP Challenger St Tropez - R1,2026-09-22 11:00:00,0.5469685919592471,0.45303140804075304,0.5633187772925764,0.4694835680751174,1750,2026-09-22 10:59:29,2026-09-22 10:53:08,2026-09-22 11:00:00,3738277002,0.5,41,
echargui|m|poling|k,echargui|m,poling|k,Moez Echargui,Karl Poling,ATP Challenger St Tropez - Qualifiers,2026-09-21 10:45:00,0.719122696147899,0.28087730385210113,0.7402597402597403,0.30303030303030304,1000,2026-09-21 10:16:19,2026-09-21 10:13:38,2026-09-21 10:23:02,3737626213,28.7,68,
echargui|m|potenza|l,echargui|m,potenza|l,Moez Echargui,Luca Potenza,ATP Challenger St Tropez - Qualifiers,2026-09-20 13:17:55,0.6299719965957156,0.3700280034042845,0.6515679442508712,0.3921568627450981,1000,2026-09-20 13:22:56,2026-09-20 13:12:47,2026-09-20 13:17:55,3736383487,-5.0,68,
echazu|m|osorio|j,echazu|m,osorio|j,Mauricio Echazu,Juan Sebastian Osorio,ITF Men Curitiba - R16,2026-09-24 17:18:26,0.3066860359515865,0.6933139640484133,0.33112582781456956,0.71671388101983,450,2026-09-24 17:21:54,2026-09-24 17:14:31,2026-09-24 17:18:26,3740596344,-3.5,56,
echazu|m|schenekenberg|g,echazu|m,schenekenberg|g,Mauricio Echazu,Gabriel Schenekenberg,ITF Men Curitiba - R1,2026-09-22 16:06:25,0.5714920741902716,0.4285079258097285,0.5951417004048584,0.45248868778280543,450,2026-09-22 16:10:22,2026-09-22 15:57:23,2026-09-22 16:06:25,3738586620,-4.0,24,
echeverria|j|prata|v,echeverria|j,prata|v,John Echeverria,Vasco Leote Prata,ITF Men Sintra - R16,2026-09-17 09:16:54,0.8036640843817198,0.19633591561828026,0.826388888888889,0.22123893805309736,450,2026-09-17 09:08:45,2026-09-17 09:07:06,2026-09-17 09:16:54,3731754182,8.1,46,
echeverria|j|tabacco|g,echeverria|j,tabacco|g,John Echeverria,Giorgio Tabacco,ITF Men Sintra - QF,2026-09-18 09:05:13,0.5453511946446948,0.4546488053553053,0.5689655172413793,0.47846889952153115,750,2026-09-18 09:21:31,2026-09-18 09:08:52,2026-09-18 09:05:13,3732601839,-16.3,72,
efremova|a|sedysheva|a,efremova|a,sedysheva|a,Anastasia Efremova,Anna Sedysheva,ITF Women Sharm El Sheikh - R1,2026-09-23 14:14:15,0.575150105994818,0.42484989400518214,0.5983935742971888,0.4484304932735426,450,2026-09-23 14:15:24,2026-09-23 14:05:20,2026-09-23 14:14:15,3739542358,-1.2,29,
efremova|k|hatouka|y,efremova|k,hatouka|y,Ksenia Efremova,Yuliya Hatouka,ITF Women Sharm El Sheikh - R16,2026-09-24 07:30:00,0.7478411763628839,0.2521588236371159,0.7711670480549199,0.2770083102493075,450,2026-09-24 06:34:42,2026-09-24 06:25:16,2026-09-24 07:30:00,3740140789,55.3,31,
efremova|k|kubka|m,efremova|k,kubka|m,Ksenia Efremova,Martyna Kubka,WTA 125K Adana - R1,2026-09-28 13:45:00,0.35434772234002576,0.6456522776599742,0.37593984962406013,0.6666666666666666,1750,2026-09-28 13:36:38,2026-09-28 13:33:58,2026-09-28 13:45:00,3745452119,8.3,41,
egorova|d|ercan|m,egorova|d,ercan|m,Daria Egorova,Melisa Ercan,WTA 125K Ankara - Qualifiers,2026-09-21 08:10:00,0.8030488484579499,0.19695115154205012,0.8236331569664903,0.21929824561403508,1300,2026-09-21 07:58:36,2026-09-21 07:57:44,2026-09-21 08:10:00,3737540891,11.4,85,
egorova|d|pridankina|e,egorova|d,pridankina|e,Daria Egorova,Elena Pridankina,WTA 125K Ankara - R1,2026-09-22 09:00:00,0.3027512702782446,0.6972487297217553,0.3246753246753247,0.7183098591549296,1750,2026-09-22 08:13:36,2026-09-22 08:13:36,2026-09-22 08:14:45,3738205705,46.4,32,
egorova|d|sidorova|k,egorova|d,sidorova|k,Daria Egorova,Kristiana Sidorova,WTA 125k Jingshan - R1,2026-09-29 05:36:05,0.5068820374983521,0.4931179625016478,0.5283018867924528,0.5145631067961165,1750,2026-09-29 05:35:35,2026-09-29 05:27:11,2026-09-29 05:36:05,3745834850,0.5,63,
ehab|m|jubb|p,ehab|m,jubb|p,Marwan Ehab,Paul Jubb,ITF Men Sharm El Sheikh - R16,2026-09-24 09:00:00,0.0278477972330349,0.9721522027669649,0.043782837127845885,0.982394366197183,450,2026-09-24 09:01:06,2026-09-24 08:56:18,2026-09-24 09:00:00,3740153967,-1.1,39,
ehab|m|senn|n,ehab|m,senn|n,Marwan Ehab,Nicola Senn,ITF Men Sharm El Sheikh - R1,2026-09-23 09:00:00,0.3995954180020959,0.6004045819979041,0.42372881355932196,0.6240601503759399,450,2026-09-23 07:04:46,2026-09-23 07:04:46,2026-09-23 09:00:00,3739138235,115.2,23,
ehrenschneider|n|ferguson|c,ehrenschneider|n,ferguson|c,Nino Ehrenschneider,Chase Ferguson,ITF Men Yinchuan - R1,2026-09-23 02:11:16,0.5583659181727467,0.4416340818272533,0.5815899581589958,0.46511627906976744,450,2026-09-23 02:10:35,2026-09-23 02:03:34,2026-09-23 02:11:16,3739005008,0.7,82,
ehrenschneider|n|wang|k,ehrenschneider|n,wang|k,Nino Ehrenschneider,Kai I Wang,ITF Men Guiyang - R16,2026-09-17 05:16:00,0.8890702923853149,0.11092970761468517,0.9090081892629663,0.13458950201884254,450,2026-09-17 04:24:47,2026-09-17 04:20:11,2026-09-17 04:24:36,3731636766,51.1,53,
eikeri|u|lepchenko|v,eikeri|u,lepchenko|v,Ulrikke Eikeri,Varvara Lepchenko,WTA Beijing - Qualifiers,2026-09-28 09:00:00,0.05228457457323337,0.9477154254267669,0.07434944237918216,0.9634903249361081,200,2026-09-28 08:55:44,2026-09-28 08:47:10,2026-09-28 09:00:00,3745343497,4.2,26,
eikeri|u|yamaguchi|m,eikeri|u,yamaguchi|m,Ulrikke Eikeri,Mei Yamaguchi,WTA Singapore - Qualifiers,2026-09-19 08:46:28,0.15550273617003993,0.84449726382996,0.17761989342806395,0.8643147896879241,875,2026-09-19 08:51:31,2026-09-19 08:40:01,2026-09-19 08:46:28,3733852666,-5.1,46,
elkady|j|smirnova|k,elkady|j,smirnova|k,Joody Elkady,Ksenia Smirnova,ITF Women Sharm El Sheikh - R1,2026-09-23 06:30:00,0.12715055660355817,0.8728494433964418,0.151285930408472,0.8936170212765957,450,2026-09-23 06:34:25,2026-09-23 06:30:51,2026-09-23 06:35:00,3739120640,-4.4,26,
ellis|b|simakin|i,ellis|b,simakin|i,Blake Ellis,Ilia Simakin,ATP Challenger Phan Thiet - R16,2026-09-17 04:52:45,0.213469584614855,0.7865304153851451,0.23584905660377356,0.8073217726396916,1300,2026-09-17 04:58:47,2026-09-17 04:47:53,2026-09-17 04:52:45,3731646013,-6.1,57,
encheva|l|ivanova|i,encheva|l,ivanova|i,Lidia Encheva,Iva Ivanova,ITF Women Plovdiv - R1,2026-09-23 10:46:14,0.7512786058919718,0.24872139410802818,0.7742663656884875,0.27322404371584696,450,2026-09-23 10:49:02,2026-09-23 10:39:29,2026-09-23 10:46:14,3739336305,-2.8,109,
encheva|l|koning|l,encheva|l,koning|l,Lidia Encheva,Loes Ebeling Koning,ITF Women Pazardzhik - QF,2026-09-17 09:00:00,0.43307939147461577,0.5669206085253843,0.4566210045662101,0.5901639344262295,750,2026-09-17 08:50:45,2026-09-17 08:41:52,2026-09-17 08:49:31,3731734637,9.2,44,
encheva|l|sakellaridi|s,encheva|l,sakellaridi|s,Lidia Encheva,Sapfo Sakellaridi,ITF Women Plovdiv - R16,2026-09-24 09:58:01,0.8234045541592301,0.1765954458407699,0.8459167950693375,0.20161290322580647,450,2026-09-24 10:08:53,2026-09-24 09:54:36,2026-09-24 09:58:01,3740271982,-10.9,42,
encheva|l|yaneva|e,encheva|l,yaneva|e,Lidia Encheva,Elizara Yaneva,ITF Women Plovdiv - QF,2026-09-25 09:00:00,0.24109392361209225,0.7589060763879077,0.26595744680851063,0.7821350762527233,750,2026-09-25 07:59:05,2026-09-25 07:53:50,2026-09-25 09:00:00,3741030347,60.9,59,
erel|y|tirante|t,erel|y,tirante|t,Yanki Erel,Thiago Agustin Tirante,Davis Cup World - Group 1,2026-09-20 17:12:00,0.2693503229286858,0.7306496770713141,0.2840909090909091,0.7448979591836734,3000,2026-09-20 17:17:40,2026-09-20 17:07:06,2026-09-20 17:12:00,3736983790,-5.7,64,
erel|y|weber|a,erel|y,weber|a,Yanki Erel,Arthur Weber,ATP Challenger Jingshan - R1,2026-09-29 06:10:00,0.6262672537321499,0.3737327462678502,0.6428571428571428,0.390625,1750,2026-09-29 06:00:08,2026-09-29 05:55:19,2026-09-29 06:01:01,3745842993,9.8,68,
erhard|m|theate|p,erhard|m,theate|p,Mathys Erhard,Paul Theate,ATP Challenger Mouilleron-Le-Captif - Qualifiers,2026-09-27 16:00:00,0.9658967441740393,0.03410325582596081,0.9815600221279734,0.06222775357809583,50,2026-09-27 14:34:22,2026-09-27 14:34:22,2026-09-27 14:38:08,3744459381,85.6,75,
erhard|m|zahraj|p,erhard|m,zahraj|p,Mathys Erhard,Patrick Zahraj,ATP Challenger St Tropez - Qualifiers,2026-09-20 12:30:00,0.7060120130175491,0.293987986982451,0.7275204359673024,0.3164556962025316,1000,2026-09-20 13:29:46,2026-09-20 13:20:43,2026-09-20 12:30:00,3736046649,-59.8,69,
erjavec|v|tsygourova|k,erjavec|v,tsygourova|k,Veronika Erjavec,Katerina Tsygourova,WTA 125k Tolentino - R1,2026-09-22 12:00:00,0.8101758044200916,0.18982419557990837,0.8307952622673433,0.21231422505307856,1300,2026-09-22 11:28:07,2026-09-22 11:23:24,2026-09-22 11:28:38,3738361905,31.9,51,
erler|r|goransson|r,erler|r,goransson|r,Robert Cash / Alexander Erler,Robert Galloway / Andre Goransson,ATP Chengdu Open - Doubles,2026-09-26 08:00:00,0.4807406984078603,0.5192593015921397,0.504950495049505,0.5433789954337899,1250,2026-09-26 07:59:55,2026-09-26 07:59:11,2026-09-26 08:00:00,3741954441,0.1,96,
erler|r|haase|c,erler|r,haase|c,Robert Cash / Alexander Erler,Constantin Frantzen / Robin Haase,ATP Chengdu Open - Doubles,2026-09-25 06:00:00,0.43880708354287823,0.5611929164571219,0.4629629629629629,0.5850622406639003,500,2026-09-25 06:06:04,2026-09-25 05:51:55,2026-09-25 06:00:00,3740985883,-6.1,82,
escorihuela|i|linana|a,escorihuela|i,linana|a,Irene Burillo Escorihuela,Alicia Herrero Linana,WTA 125k Valencia - QF,2026-09-18 14:47:52,0.46174049165998776,0.5382595083400123,0.48309178743961345,0.5594713656387665,1750,2026-09-18 14:53:12,2026-09-18 14:41:51,2026-09-18 14:47:52,3732869472,-5.4,74,
escorihuela|i|savinykh|v,escorihuela|i,savinykh|v,Irene Burillo Escorihuela,Valeria Savinykh,WTA Beijing - Qualifiers,2026-09-28 04:53:28,0.7085963575210393,0.2914036424789605,0.7297297297297298,0.31347962382445144,1025,2026-09-28 04:58:08,2026-09-28 04:45:38,2026-09-28 04:53:28,3745269753,-4.7,18,
escorihuela|i|schunk|n,escorihuela|i,schunk|n,Irene Burillo Escorihuela,Nastasja Schunk,WTA 125k Valencia - R16,2026-09-17 14:30:00,0.36005446467430985,0.6399455353256902,0.38167938931297707,0.6610169491525424,1750,2026-09-17 13:45:59,2026-09-17 13:38:51,2026-09-17 13:45:18,3731960026,44.0,69,
estevez|j|sigrist|i,estevez|j,sigrist|i,Josefina Estevez,Isadora Sigrist,ITF Women Belem - R1,2026-09-23 18:00:00,0.9737662579111561,0.026233742088843957,0.9863834422657951,0.04995004995004995,225,2026-09-23 07:39:59,2026-09-23 07:31:15,2026-09-23 18:00:00,3739109003,620.0,19,
estevez|j|vidal|l,estevez|j,vidal|l,Josefina Estevez,Leticia Garcia Vidal,ITF Women Belem - SF,2026-09-26 13:43:53,0.6391032351618482,0.3608967648381518,0.6621621621621622,0.3846153846153846,750,2026-09-26 13:50:20,2026-09-26 13:36:51,2026-09-26 13:43:53,3742545103,-6.5,69,
estevez|j|werner|a,estevez|j,werner|a,Josefina Estevez,Antonella Azambuja Werner,ITF Women Belem - R16,2026-09-24 19:00:00,0.9642625433295138,0.03573745667048636,0.9761336515513126,0.05319148936170213,350,2026-09-24 16:56:57,2026-09-24 16:44:22,2026-09-24 19:00:00,3740549357,123.0,48,
etcheverry|t|jacquet|k,etcheverry|t,jacquet|k,Tomas Martin Etcheverry,Kyrian Jacquet,ATP Hangzhou - R16,2026-09-25 06:30:00,0.6305134306401029,0.3694865693598972,0.6453900709219857,0.3846153846153846,4000,2026-09-25 05:43:20,2026-09-25 05:43:20,2026-09-25 05:47:23,3740983182,46.6,197,
europe||world|,europe|,world|,Europe,World,ATP Laver Cup,2026-09-27 11:00:00,0.7315353589591063,0.26846464104089374,0.7481108312342569,0.2857142857142857,2500,2026-09-27 15:41:27,2026-09-27 15:28:13,2026-09-27 11:00:00,3744068146,-281.5,123,
ezzat|y|perelygina|e,ezzat|y,perelygina|e,Yasmin Ezzat,Ekaterina Perelygina,ITF Women Sharm El Sheikh - R1,2026-09-23 06:49:03,0.3239006172634166,0.6760993827365833,0.3484320557491289,0.6996996996996997,450,2026-09-23 06:55:26,2026-09-23 06:43:35,2026-09-23 06:49:03,3739125585,-6.4,18,
ezzat|y|petretic|l,ezzat|y,petretic|l,Yasmin Ezzat,Laia Petretic,ITF Women Hurghada - R16,2026-09-17 09:00:00,0.7066895399310403,0.29331046006895967,0.7297297297297298,0.31746031746031744,450,2026-09-17 07:58:57,2026-09-17 07:51:37,2026-09-17 09:00:00,3731681706,61.0,38,
fabre|a|weldam|s,fabre|a,weldam|s,Antoni Fabre,Steffan Van Weldam,ITF Men Melilla - R16,2026-09-17 12:35:49,0.7660766499987082,0.23392335000129177,0.7894736842105263,0.2590673575129534,450,2026-09-17 12:34:04,2026-09-17 12:34:04,2026-09-17 12:35:49,3731913123,1.7,48,
falei|a|grant|t,falei|a,grant|t,Aliona Falei,Tyra Caterina Grant,WTA 125k Jingshan - R1,2026-09-29 03:13:26,0.34005260096635076,0.6599473990336493,0.3623188405797102,0.6815286624203821,1750,2026-09-29 03:14:34,2026-09-29 03:09:13,2026-09-29 03:13:26,3745791623,-1.1,184,
falei|a|tian|f,falei|a,tian|f,Aliona Falei,Fangran Tian,WTA 125K Ankara - R1,2026-09-21 12:00:00,0.6320854075628511,0.36791459243714886,0.6527777777777778,0.3891050583657587,1750,2026-09-21 11:13:13,2026-09-21 11:07:09,2026-09-21 11:16:00,3737654773,46.8,43,
falkowska|w|iatcenko|p,falkowska|w,iatcenko|p,Weronika Falkowska,Polina Iatcenko,WTA 125K Ankara - R16,2026-09-23 11:00:00,0.2914036424789605,0.7085963575210393,0.31347962382445144,0.7297297297297298,1750,2026-09-23 10:03:42,2026-09-23 10:02:17,2026-09-23 10:11:47,3739297010,56.3,98,
falkowska|w|smith|a,falkowska|w,smith|a,Weronika Falkowska,Alana Smith,WTA 125K Ankara - Qualifiers,2026-09-21 09:00:00,0.685973537937403,0.3140264620625971,0.7067448680351905,0.33557046979865773,1750,2026-09-21 10:16:19,2026-09-21 10:12:52,2026-09-21 10:18:07,3737623725,-76.3,90,
falkowska|w|yoruk|i,falkowska|w,yoruk|i,Weronika Falkowska,Ilay Yoruk,WTA 125K Ankara - R1,2026-09-22 09:00:00,0.8821572767967193,0.11784272320328071,0.9043062200956938,0.14430014430014432,575,2026-09-22 08:13:36,2026-09-22 08:13:36,2026-09-22 08:12:35,3738205705,46.4,32,
fancutt|t|leong|m,fancutt|t,leong|m,Thomas Fancutt,Mitsuki Wei Kang Leong,ATP Challenger Jingshan - Qualifiers,2026-09-28 03:16:17,0.29505263274855636,0.7049473672514438,0.3194888178913738,0.7282608695652174,450,2026-09-28 03:11:47,2026-09-28 03:09:26,2026-09-28 03:16:17,3745246221,4.5,11,
faria|j|gaston|h,faria|j,gaston|h,Jaime Faria,Hugo Gaston,ATP Hangzhou - R16,2026-09-25 12:15:00,0.6271057299197212,0.37289427008027876,0.6415770609318996,0.38759689922480617,4000,2026-09-25 12:19:36,2026-09-25 12:19:36,2026-09-25 12:17:50,3741209286,-4.6,129,
faria|j|mochizuki|s,faria|j,mochizuki|s,Jaime Faria,Shintaro Mochizuki,ATP Tokyo - Qualifiers,2026-09-28 07:45:00,0.6696902633067168,0.3303097366932832,0.6884735202492213,0.34965034965034963,1750,2026-09-28 06:48:29,2026-09-28 06:46:23,2026-09-28 07:45:00,3745299590,56.5,23,
faria|j|vallejo|a,faria|j,vallejo|a,Jaime Faria,Adolfo Daniel Vallejo,ATP Tokyo - Qualifiers,2026-09-29 05:40:00,0.6315799168929357,0.36842008310706437,0.6503496503496503,0.38759689922480617,1750,2026-09-29 05:35:35,2026-09-29 05:25:07,2026-09-29 05:40:00,3745830616,4.4,72,
farjat|t|fernandez|b,farjat|t,fernandez|b,Tomas Farjat,Bruno Fernandez,ATP Challenger Buenos Aires - Qualifiers,2026-09-21 16:35:00,0.2726758428167841,0.7273241571832159,0.3021148036253776,0.7549019607843137,350,2026-09-21 16:12:30,2026-09-21 16:00:44,2026-09-21 16:35:00,3737788219,22.5,47,
farjat|t|longo|n,farjat|t,longo|n,Tomas Farjat,Nicolas Garcia Longo,ATP Challenger Buenos Aires - Qualifiers,2026-09-20 14:05:00,0.6812581164349214,0.31874188356507865,0.715099715099715,0.35460992907801414,350,2026-09-20 13:22:56,2026-09-20 13:12:47,2026-09-20 14:05:00,3736356503,42.0,26,
farjat|t|varillas|j,farjat|t,varillas|j,Tomas Farjat,Juan Pablo Varillas,ATP Challenger Buenos Aires - R1,2026-09-22 13:10:00,0.07789294414741653,0.9221070558525835,0.10482180293501049,0.942561746122918,225,2026-09-22 13:08:29,2026-09-22 13:08:29,2026-09-22 13:15:19,3738447840,1.4,48,
fatic|m|smit|a,fatic|m,smit|a,Mirza Basic / Nerman Fatic,Alec Beckley / Thando Longwe-Smit,Davis Cup - Doubles,2026-09-20 09:00:00,0.7660824978807014,0.23391750211929863,0.791231732776618,0.2610966057441253,450,2026-09-20 13:55:34,2026-09-20 13:44:31,2026-09-20 09:00:00,3735951002,-295.6,43,
faucon|r|nouchakis|g,faucon|r,nouchakis|g,Romain Faucon,Georgios Nouchakis,ITF Men Sharm El Sheikh - R1,2026-09-23 10:58:13,0.9400883551790469,0.05991164482095314,0.9556737588652482,0.08051529790660225,450,2026-09-23 11:00:20,2026-09-23 10:49:52,2026-09-23 10:58:13,3739348322,-2.1,34,
faucon|r|reguig|s,faucon|r,reguig|s,Romain Faucon,Samir Hamza Reguig,ITF Men Sharm El Sheikh - R16,2026-09-24 09:00:00,0.6933139640484133,0.3066860359515865,0.71671388101983,0.33112582781456956,450,2026-09-24 07:07:18,2026-09-24 07:04:33,2026-09-24 07:14:15,3740155530,112.7,30,
faucon|r|singh|k,faucon|r,singh|k,Romain Faucon,Karan Singh,ITF Men Sharm El Sheikh - QF,2026-09-25 07:00:00,0.4028310260658934,0.5971689739341067,0.4273504273504274,0.6212121212121212,750,2026-09-25 06:58:26,2026-09-25 06:49:45,2026-09-25 07:00:00,3740976919,1.5,30,
faurel|t|grenier|h,faurel|t,grenier|h,Thomas Faurel,Hugo Grenier,ATP Challenger St Tropez - R1,2026-09-22 09:18:15,0.3689439864239842,0.6310560135760158,0.3861003861003861,0.647887323943662,1750,2026-09-22 09:22:06,2026-09-22 09:07:27,2026-09-22 09:30:00,3738155442,-3.9,81,
faurel|t|jones|j,faurel|t,jones|j,Thomas Faurel,Jack Pinnington Jones,ATP Challenger Mouilleron-Le-Captif - R1,2026-09-28 14:50:00,0.35004551046786286,0.6499544895321372,0.3717472118959108,0.6710526315789473,1750,2026-09-28 14:49:04,2026-09-28 14:34:20,2026-09-28 14:50:00,3745499112,0.9,102,
faurel|t|lajal|m,faurel|t,lajal|m,Thomas Faurel,Mark Lajal,ATP Challenger St Tropez - R16,2026-09-23 12:28:02,0.1787276207981712,0.8212723792018289,0.19607843137254904,0.83739837398374,1900,2026-09-23 12:34:50,2026-09-23 12:20:11,2026-09-23 12:28:02,3739445005,-6.8,108,
faurel|t|petrovic|a,faurel|t,petrovic|a,Thomas Faurel,Andreja Petrovic,ITF Men Nevers - QF,2026-09-18 14:25:48,0.8075336005244941,0.19246639947550606,0.830220713073005,0.2173913043478261,750,2026-09-18 14:31:13,2026-09-18 14:18:06,2026-09-18 14:25:48,3732848581,-5.4,66,
fellin|p|ibrahim|k,fellin|p,ibrahim|k,Pietro Fellin,Karim Ibrahim,ITF Men Sharm El Sheikh - R16,2026-09-24 09:00:00,0.7741608077451798,0.22583919225482016,0.7971602434077079,0.2506265664160401,450,2026-09-24 07:07:18,2026-09-24 07:04:33,2026-09-24 09:00:00,3740154026,112.7,30,
fellin|p|jubb|p,fellin|p,jubb|p,Pietro Fellin,Paul Jubb,ITF Men Sharm El Sheikh - QF,2026-09-25 08:00:00,0.18977904512346175,0.8102209548765383,0.2145922746781116,0.8327759197324415,750,2026-09-25 06:58:26,2026-09-25 06:53:51,2026-09-25 08:00:00,3741002298,61.5,30,
fellin|p|ouakaa|a,fellin|p,ouakaa|a,Pietro Fellin,Aziz Ouakaa,ITF Men Sharm El Sheikh - R1,2026-09-23 10:18:03,0.5563979455303343,0.4436020544696657,0.5798319327731092,0.4672897196261683,450,2026-09-23 10:22:06,2026-09-23 10:09:07,2026-09-23 10:18:03,3739303763,-4.1,33,
fellows|j|leal|r,fellows|j,leal|r,Jake Fellows,Rodrigo Leal,ITF Men Setubal - R1,2026-09-23 09:12:12,0.5611929164571219,0.43880708354287823,0.5850622406639003,0.4629629629629629,450,2026-09-23 09:15:35,2026-09-23 09:15:35,2026-09-23 09:12:12,3739236040,-3.4,115,
feng|e|gibson|s,feng|e,gibson|s,Estelle Cascino / Shuo Feng,Sofia Costoulas / Talia Gibson,WTA Singapore - Doubles,2026-09-23 06:10:00,0.41631998080545846,0.5836800191945416,0.4424778761061947,0.609375,500,2026-09-23 05:59:14,2026-09-23 05:45:30,2026-09-23 06:10:00,3739097540,10.8,171,
feng|e|laboutkova|a,feng|e,laboutkova|a,Estelle Cascino / Shuo Feng,Aneta Kucmova / Aneta Laboutkova,WTA 125K Ljubljana - Doubles,2026-09-19 14:00:00,0.46971690585279485,0.5302830941472053,0.504950495049505,0.5652173913043479,1250,2026-09-19 13:56:17,2026-09-19 13:41:54,2026-09-19 14:00:00,3734391371,3.7,39,
feng|e|moratelli|l,feng|e,moratelli|l,Estelle Cascino / Shuo Feng,Lucija Ciric Bagaric / Angelica Moratelli,WTA 125K Ljubljana - Doubles,2026-09-20 12:40:00,0.5043481548947999,0.4956518451052002,0.5391705069124424,0.5305164319248826,1250,2026-09-20 12:35:54,2026-09-20 12:21:26,2026-09-20 12:40:00,3736288832,4.1,29,
feng|e|sebestova|k,feng|e,sebestova|k,Estelle Cascino / Shuo Feng,Kristina Novak / Ivana Sebestova,WTA 125K Ljubljana - Doubles,2026-09-18 11:20:00,0.6246290278651399,0.3753709721348599,0.6610169491525424,0.4132231404958678,375,2026-09-18 13:28:24,2026-09-18 13:17:42,2026-09-18 11:20:00,3732660207,-128.4,36,
ferguson|c|jasika|o,ferguson|c,jasika|o,Chase Ferguson,Omar Jasika,ATP Challenger Jingshan - Qualifiers,2026-09-28 02:10:00,0.19430072045387395,0.8056992795461259,0.21929824561403508,0.8284734133790737,175,2026-09-28 02:03:46,2026-09-28 01:59:34,2026-09-28 02:09:19,3745232142,6.2,8,
ferguson|c|kachmazov|a,ferguson|c,kachmazov|a,Chase Ferguson,Alibek Kachmazov,ITF Men Yinchuan - R16,2026-09-24 04:00:00,0.1930016213057632,0.806998378694237,0.2178649237472767,0.829642248722317,350,2026-09-24 02:01:09,2026-09-24 01:53:26,2026-09-24 04:00:00,3739993392,118.8,64,
ferguson|c|tang|s,ferguson|c,tang|s,Chase Ferguson,Sheng Tang,ITF Men Guiyang - QF,2026-09-18 03:37:25,0.8386260614922091,0.1613739385077909,0.8607242339832869,0.186219739292365,750,2026-09-18 03:33:00,2026-09-18 03:29:01,2026-09-18 03:37:25,3732484919,4.4,101,
fernandez|b|pagani|d,fernandez|b,pagani|d,Bruno Fernandez,Dante Pagani,ATP Challenger Buenos Aires - Qualifiers,2026-09-20 13:10:00,0.6991347392659447,0.30086526073405534,0.7267759562841529,0.33003300330033003,125,2026-09-20 13:12:35,2026-09-20 13:05:39,2026-09-20 13:10:00,3735951993,-2.6,37,
fernandez|b|pagotto|v,fernandez|b,pagotto|v,Bruno Fernandez,Victor Hugo Remondy Pagotto,ATP Challenger Curitiba - Qualifiers,2026-09-28 13:00:00,0.5991648126341675,0.4008351873658324,0.626865671641791,0.4291845493562232,350,2026-09-28 12:59:11,2026-09-28 12:57:51,2026-09-28 14:00:00,3745459844,0.8,52,
fernandez|b|roncadelli|f,fernandez|b,roncadelli|f,Bruno Fernandez,Franco Roncadelli,ATP Challenger Buenos Aires - R1,2026-09-22 14:30:00,0.2315008517504557,0.7684991482495444,0.25641025641025644,0.7916666666666667,150,2026-09-22 14:33:04,2026-09-22 14:25:37,2026-09-22 15:30:00,3738514452,-3.1,2,
fernandez|l|gibson|t,fernandez|l,gibson|t,Leylah Fernandez,Talia Gibson,WTA Singapore - Final,2026-09-27 09:14:40,0.6718133609867609,0.328186639013239,0.6835443037974683,0.3401360544217687,10000,2026-09-27 09:20:47,2026-09-27 09:08:27,2026-09-27 09:14:40,3743976625,-6.1,117,
fernandez|l|okamura|k,fernandez|l,okamura|k,Leylah Fernandez,Kyoka Okamura,WTA Singapore - R1,2026-09-21 10:44:40,0.9576127634453412,0.04238723655465892,0.9695863746958637,0.05878894767783656,375,2026-09-21 10:52:21,2026-09-21 10:38:19,2026-09-21 10:44:40,3737637304,-7.7,90,
fernandez|l|parks|a,fernandez|l,parks|a,Leylah Fernandez,Alycia Parks,WTA Singapore - R16,2026-09-23 12:16:50,0.7340041018021071,0.265995898197893,0.7461928934010152,0.2785515320334262,5000,2026-09-23 12:10:43,2026-09-23 12:10:43,2026-09-23 12:16:50,3739436208,6.1,140,
fernandez|m|perego|g,fernandez|m,perego|g,Mario Gonzalez Fernandez,Giulio Perego,ITF Men Setubal - R1,2026-09-22 10:14:51,0.6983816474961831,0.3016183525038169,0.7214484679665738,0.32573289902280134,450,2026-09-22 10:20:42,2026-09-22 10:08:36,2026-09-22 10:14:51,3738298177,-5.9,65,
fernandez|m|topo|m,fernandez|m,topo|m,Mario Gonzalez Fernandez,Marko Topo,ATP Challenger Porto - Qualifiers,2026-09-27 13:13:00,0.25997615393554,0.74002384606446,0.2824858757062147,0.7613365155131264,1000,2026-09-27 12:59:38,2026-09-27 12:54:49,2026-09-27 13:13:00,3744241365,13.3,63,
ferrari|f|khoeblal|e,ferrari|f,khoeblal|e,Francesco Ferrari,Elgin Khoeblal,ITF Men Telavi - R16,2026-09-24 06:00:00,0.37016078746953157,0.6298392125304685,0.39370078740157477,0.6527777777777778,450,2026-09-24 06:00:04,2026-09-24 05:55:05,2026-09-24 06:00:00,3740106702,-0.1,29,
ferrari|f|madaras|d,ferrari|f,madaras|d,Francesco Ferrari,Dragos Nicolae Madaras,ITF Men Telavi - R1,2026-09-28 10:49:15,0.19321894179152352,0.8067810582084765,0.2183406113537118,0.829642248722317,450,2026-09-28 10:54:14,2026-09-28 10:44:30,2026-09-28 10:49:15,3745396597,-5.0,23,
ferrari|f|paardekooper|s,ferrari|f,paardekooper|s,Francesco Ferrari,Stijn Paardekooper,ITF Men Telavi - QF,2026-09-25 08:00:00,0.2731623255148049,0.7268376744851951,0.2976190476190476,0.75,750,2026-09-25 06:58:26,2026-09-25 06:49:45,2026-09-25 08:00:00,3740989086,61.5,30,
ferrari|f|popko|d,ferrari|f,popko|d,Francesco Ferrari,Dmitry Popko,ITF Men Telavi - SF,2026-09-26 09:00:00,0.10764856721766522,0.8923514327823345,0.13123359580052493,0.9121265377855887,750,2026-09-26 07:59:55,2026-09-26 07:59:11,2026-09-26 09:00:00,3742122348,60.1,42,
ferrari|g|misasi|g,ferrari|g,misasi|g,Gianmarco Ferrari,Giannicola Misasi,ITF Men Santa Margherita di Pula - R1,2026-09-22 10:15:28,0.7223452899115808,0.2776547100884193,0.7455470737913487,0.3021148036253776,450,2026-09-22 10:20:42,2026-09-22 10:07:50,2026-09-22 10:15:28,3738296458,-5.2,65,
ferrari|g|seghetti|s,ferrari|g,seghetti|s,Gianmarco Ferrari,Samuele Seghetti,ITF Men Santa Margherita di Pula - R16,2026-09-23 11:13:17,0.7721536764844328,0.2278463235155675,0.7950819672131147,0.25252525252525254,450,2026-09-23 11:18:42,2026-09-23 11:18:42,2026-09-23 11:13:17,3739364233,-5.4,44,
ferrari|g|vanshelboim|e,ferrari|g,vanshelboim|e,Gianmarco Ferrari,Eric Vanshelboim,ITF Men Santa Margherita di Pula - QF,2026-09-24 07:41:07,0.46625979929231565,0.5337402007076846,0.49019607843137253,0.5575221238938054,750,2026-09-24 07:41:30,2026-09-24 07:35:01,2026-09-24 07:41:07,3740175460,-0.4,30,
ferro|f|gibson|t,ferro|f,gibson|t,Fiona Ferro,Talia Gibson,WTA Singapore - R1,2026-09-21 07:00:00,0.38878248841640833,0.6112175115835916,0.40322580645161293,0.6254681647940076,3000,2026-09-21 06:13:44,2026-09-21 06:05:18,2026-09-21 06:12:53,3737550115,46.2,92,
ferro|f|yang|y,ferro|f,yang|y,Fiona Ferro,Yidi Yang,WTA 125k Jingshan - R1,2026-09-28 04:00:00,0.9014364861256408,0.09856351387435935,0.9238964992389651,0.1267427122940431,300,2026-09-28 03:11:47,2026-09-28 02:59:59,2026-09-28 03:00:00,3745226697,48.2,82,
ferro|g|gennaro|c,ferro|g,gennaro|c,Galatea Ferro,Camilla Gennaro,ITF Women Santa Margherita di Pula - R16,2026-09-24 09:00:00,0.09525265890522201,0.9047473410947777,0.1183431952662722,0.9237223493516399,450,2026-09-24 09:01:06,2026-09-24 09:01:06,2026-09-24 09:00:00,3740231200,-1.1,40,
ferro|g|nosei|a,ferro|g,nosei|a,Galatea Ferro,Aurora Nosei,ITF Women Santa Margherita di Pula - R1,2026-09-23 08:30:00,0.579550138656642,0.42044986134335793,0.6031746031746031,0.4444444444444444,450,2026-09-23 07:39:59,2026-09-23 07:31:15,2026-09-23 07:39:31,3739156782,50.0,21,
fery|a|meza|a,fery|a,meza|a,Arthur Fery,Alvaro Guillen Meza,Davis Cup - Qualifiers,2026-09-19 13:56:00,0.9177542482852001,0.08224575171479981,0.9372253609541745,0.10706638115631692,300,2026-09-19 14:19:28,2026-09-19 14:06:51,2026-09-19 13:56:00,3734416466,-23.5,76,
fick|g|steiner|v,fick|g,steiner|v,Gabriella Da Silva Fick,Valentina Steiner,WTA 125K Porto - Qualifiers,2026-09-20 13:00:00,0.4041580613861727,0.5958419386138273,0.425531914893617,0.6168582375478928,1750,2026-09-20 13:12:35,2026-09-20 13:05:39,2026-09-20 13:12:08,3736367473,-12.6,76,
ficovich|j|torres|j,ficovich|j,torres|j,Juan Pablo Ficovich,Juan Bautista Torres,ATP Challenger Buenos Aires - R1,2026-09-22 23:30:00,0.3841725234206869,0.615827476579313,0.4065040650406504,0.6376811594202898,1750,2026-09-22 22:59:34,2026-09-22 22:50:25,2026-09-22 23:30:00,3738904404,30.4,92,
figl|m|giraldi|c,figl|m,giraldi|c,Maximillian Figl,Carlos Giraldi,ITF Men Melilla - R16,2026-09-17 10:00:00,0.6807241868438522,0.3192758131561478,0.7041420118343195,0.3436426116838488,350,2026-09-17 07:58:57,2026-09-17 07:51:37,2026-09-17 10:00:00,3731665810,121.0,38,
figl|m|rapagnetta|d,figl|m,rapagnetta|d,Maximillian Figl,Daniele Rapagnetta,ITF Men Melilla - QF,2026-09-18 10:00:00,0.20235431198089296,0.7976456880191071,0.22727272727272727,0.8204667863554758,750,2026-09-18 09:58:42,2026-09-18 09:46:24,2026-09-18 10:00:00,3732569345,1.3,78,
filar|k|mehra|r,filar|k,mehra|r,Karol Filar,Rohan Mehra,ITF Men Baku - R16,2026-09-24 09:57:03,0.7506533933979282,0.24934660660207172,0.7737556561085973,0.273972602739726,450,2026-09-24 09:56:39,2026-09-24 09:51:32,2026-09-24 09:57:03,3740271191,0.4,38,
filho|j|osorio|j,filho|j,osorio|j,Jefferson Wendler Filho,Juan Sebastian Osorio,ATP Challenger Curitiba - Qualifiers,2026-09-27 13:19:13,0.16665444587832653,0.8333455541216735,0.19920318725099603,0.8614958448753463,175,2026-09-27 13:16:37,2026-09-27 13:09:54,2026-09-27 13:19:13,3744277972,2.6,57,
filho|j|tosetto|r,filho|j,tosetto|r,Jefferson Wendler Filho,Rafael Tosetto,ITF Men Curitiba - R1,2026-09-23 14:17:25,0.20336384191667145,0.7966361580833285,0.22831050228310504,0.8194945848375451,450,2026-09-23 14:15:24,2026-09-23 14:11:40,2026-09-23 14:17:25,3739544834,2.0,44,
filip|j|kusy|j,filip|j,kusy|j,Jakub Filip,Jakub Kusy,ITF Men Pardubice - R1,2026-09-23 07:42:38,0.7177024109895731,0.282297589010427,0.7409326424870467,0.3067484662576687,450,2026-09-23 07:48:24,2026-09-23 07:37:15,2026-09-23 07:42:38,3739161732,-5.9,25,
fils|a|majchrzak|k,fils|a,majchrzak|k,Arthur Fils,Kamil Majchrzak,ATP Tokyo - Qualifiers,2026-09-29 03:44:35,0.8097823311674348,0.19021766883256513,0.8281786941580757,0.21008403361344538,1300,2026-09-29 03:49:31,2026-09-29 03:37:20,2026-09-29 03:44:35,3745799970,-5.0,64,
fiorentini|a|fumagalli|f,fiorentini|a,fumagalli|f,Andrea Fiorentini,Filiberto Fumagalli,ITF Men Telavi - R1,2026-09-23 09:30:00,0.41692738602892576,0.5830726139710743,0.44052863436123346,0.6062992125984252,450,2026-09-23 09:31:00,2026-09-23 09:17:00,2026-09-23 09:30:00,3739158450,-1.0,18,
fiorentini|a|kukasian|a,fiorentini|a,kukasian|a,Andrea Fiorentini,Artur Kukasian,ITF Men Telavi - R1,2026-09-28 11:38:55,0.5987933558778575,0.40120664412214246,0.6226415094339623,0.425531914893617,450,2026-09-28 11:43:16,2026-09-28 11:33:12,2026-09-28 11:38:55,3745422086,-4.4,29,
fiorentini|a|milanovic|d,fiorentini|a,milanovic|d,Andrea Fiorentini,Dusan Milanovic,ITF Men Zlatibor - R1,2026-09-17 11:46:11,0.34488705731881736,0.6551129426811827,0.36900369003690037,0.6784565916398714,450,2026-09-17 11:50:57,2026-09-17 11:38:05,2026-09-17 11:46:11,3731874820,-4.8,28,
flores|j|hsieh|c,flores|j,hsieh|c,Jesse Flores,Cheng-Peng Hsieh,ITF Men Yinchuan - R1,2026-09-22 05:00:00,0.8327660921389571,0.16723390786104292,0.8548621190130624,0.19193857965451055,450,2026-09-22 06:19:18,2026-09-22 06:13:40,2026-09-22 06:21:15,3738142423,-79.3,21,
flores|j|komagata|r,flores|j,komagata|r,Jesse Flores,Reiya Komagata,ITF Men Yinchuan - R16,2026-09-24 04:40:23,0.7172529569837784,0.28274704301622156,0.7409326424870467,0.3076923076923077,450,2026-09-24 04:46:44,2026-09-24 04:32:14,2026-09-24 04:40:23,3740114871,-6.4,75,
fokina|a|muller|a,fokina|a,muller|a,Alejandro Davidovich Fokina,Alexandre Muller,ATP Chengdu Open - QF,2026-09-27 07:00:00,0.7457963693150024,0.2542036306849977,0.7578692493946732,0.26666666666666666,5000,2026-09-27 07:02:03,2026-09-27 07:02:03,2026-09-27 07:06:34,3743896697,-2.1,106,
fomba|l|petrovic|a,fomba|l,petrovic|a,Luc Fomba,Andreja Petrovic,ITF Men Falun - R1,2026-09-22 14:16:20,0.3903465952677969,0.6096534047322031,0.41493775933609955,0.6336996336996338,450,2026-09-22 14:20:58,2026-09-22 14:09:26,2026-09-22 14:16:20,3738501554,-4.7,92,
fondriest|m|singh|k,fondriest|m,singh|k,Matteo Fondriest,Karan Singh,ITF Men Sharm El Sheikh - R1,2026-09-23 09:00:00,0.11357350748358329,0.8864264925164168,0.13736263736263735,0.9065420560747663,450,2026-09-23 08:57:53,2026-09-23 08:46:47,2026-09-23 09:00:00,3739138427,2.1,32,
fonseca|j|stricker|d,fonseca|j,stricker|d,Joao Fonseca,Dominic Stephan Stricker,Davis Cup World - Group 1,2026-09-18 18:23:24,0.7766825505510576,0.22331744944894247,0.7907949790794978,0.23809523809523808,3000,2026-09-18 18:26:42,2026-09-18 18:26:42,2026-09-18 20:00:00,3733146228,-3.3,60,
fonseca|j|wawrinka|s,fonseca|j,wawrinka|s,Joao Fonseca,Stan Wawrinka,Davis Cup World - Group 1,2026-09-19 19:17:00,0.8279011260718044,0.17209887392819567,0.8417721518987341,0.1869158878504673,2250,2026-09-19 19:27:10,2026-09-19 19:13:55,2026-09-19 19:13:00,3735344698,-10.2,83,
foon|a|oz|i,foon|a,oz|i,Astrid Lew Yan Foon,Ipek Oz,ITF Women Plovdiv - R1,2026-09-22 06:42:57,0.2642913869193793,0.7357086130806206,0.28901734104046245,0.7590361445783133,450,2026-09-22 06:46:09,2026-09-22 06:36:27,2026-09-22 06:42:57,3738153080,-3.2,52,
forbes|m|rybakov|a,forbes|m,rybakov|a,Matthew Forbes,Alex Rybakov,ATP Challenger Columbus - Qualifiers,2026-09-27 17:35:00,0.38780628743544854,0.6121937125645516,0.4166666666666667,0.6402877697841727,350,2026-09-27 17:38:57,2026-09-27 17:26:29,2026-09-27 17:35:00,3744798172,-4.0,68,
forejtek|j|gill|f,forejtek|j,gill|f,Jonas Forejtek,Felix Gill,ATP Challenger Plovdiv - QF,2026-09-25 14:10:00,0.3912184046324592,0.6087815953675407,0.4081632653061224,0.6254681647940076,2500,2026-09-25 14:00:42,2026-09-25 13:58:51,2026-09-25 14:03:34,3741279177,9.3,104,
forejtek|j|gima|s,forejtek|j,gima|s,Jonas Forejtek,Sebastian Gima,ATP Challenger Plovdiv - R1,2026-09-22 13:12:00,0.7655660267287434,0.2344339732712568,0.7867803837953092,0.2570694087403599,1750,2026-09-22 12:56:42,2026-09-22 12:52:36,2026-09-22 12:58:50,3738435733,15.3,103,
forejtek|j|gurri|m,forejtek|j,gurri|m,Jonas Forejtek,Max Alcala Gurri,ATP Challenger Plovdiv - Final,2026-09-27 09:10:00,0.3328456954595732,0.6671543045404269,0.34965034965034963,0.6835443037974683,2500,2026-09-27 09:00:30,2026-09-27 08:53:19,2026-09-27 09:10:00,3743957094,9.4,64,
fornasieri|c|turini|v,fornasieri|c,turini|v,Chiara Fornasieri,Viola Turini,ITF Women Santa Margherita di Pula - R16,2026-09-17 10:00:00,0.19337920344490617,0.8066207965550938,0.2183406113537118,0.8293515358361775,450,2026-09-17 07:38:48,2026-09-17 07:36:31,2026-09-17 07:40:36,3731699405,141.2,38,
forti|f|mano|a,forti|f,mano|a,Francesco Forti,Alejandro Juan Mano,ATP Challenger Genoa - R16,2026-09-24 13:26:18,0.689792208278464,0.310207791721536,0.7109826589595376,0.33222591362126247,1750,2026-09-24 13:21:36,2026-09-24 13:12:57,2026-09-24 13:30:00,3740410300,4.7,118,
forti|f|nijboer|r,forti|f,nijboer|r,Francesco Forti,Ryan Nijboer,ATP Challenger Genoa - R1,2026-09-22 11:30:00,0.5585431885572955,0.44145681144270454,0.5798319327731092,0.4629629629629629,1750,2026-09-22 12:00:49,2026-09-22 11:53:35,2026-09-22 11:30:00,3738336267,-30.8,45,
forti|f|petkovic|m,forti|f,petkovic|m,Francesco Forti,Mika Petkovic,ATP Challenger Genoa - QF,2026-09-25 13:21:44,0.5656383177141788,0.43436168228582117,0.5815899581589958,0.4504504504504505,2500,2026-09-25 13:23:22,2026-09-25 13:13:28,2026-09-25 13:21:44,3741248571,-1.6,99,
franca|l|heredia|s,franca|l,heredia|s,Leonardo Storck Franca,Samuel Heredia,ATP Challenger Curitiba - Qualifiers,2026-09-27 13:11:13,0.38780628743544854,0.6121937125645516,0.4166666666666667,0.6402877697841727,350,2026-09-27 13:16:37,2026-09-27 13:16:37,2026-09-27 13:11:13,3744259932,-5.4,57,
frech|m|jovic|i,frech|m,jovic|i,Magdalena Frech,Iva Jovic,WTA Guadalajara - QF,2026-09-17 20:36:02,0.2677576045148625,0.7322423954851376,0.2801120448179272,0.7442455242966751,6000,2026-09-17 20:40:51,2026-09-17 20:26:22,2026-09-17 20:36:02,3732331041,-4.8,106,
friberg|k|hsu|y,friberg|k,hsu|y,Karl Friberg,Yu Hsiou Hsu,Davis Cup World - Group 1,2026-09-20 06:30:00,0.18054705546755548,0.8194529445324445,0.1953125,0.8333333333333334,2250,2026-09-20 06:33:11,2026-09-20 06:33:11,2026-09-20 06:38:00,3735867792,-3.2,36,
friberg|k|slavic|n,friberg|k,slavic|n,Karl Friberg,Nikola Slavic,ITF Men Falun - R1,2026-09-22 14:35:20,0.6580156228424358,0.34198437715756436,0.6815286624203821,0.3663003663003663,450,2026-09-22 14:33:04,2026-09-22 14:25:37,2026-09-22 14:35:20,3738514980,2.2,92,
friberg|k|vinciguerra|w,friberg|k,vinciguerra|w,Karl Friberg,Willian Rejchtman Vinciguerra,ITF Men Falun - R16,2026-09-23 13:54:24,0.7188541804537161,0.281145819546284,0.7422680412371133,0.3058103975535168,450,2026-09-23 13:57:59,2026-09-23 13:48:44,2026-09-23 13:54:24,3739525630,-3.6,50,
friedsam|a|krawczyk|d,friedsam|a,krawczyk|d,Anna-Lena Friedsam,Desirae Krawczyk,WTA Singapore - Qualifiers,2026-09-19 03:10:00,0.9452618018633889,0.0547381981366112,0.9625888514777404,0.07942811755361398,250,2026-09-19 02:57:56,2026-09-19 02:52:46,2026-09-19 03:10:00,3733697756,11.9,1,
friedsam|a|krejcikova|b,friedsam|a,krejcikova|b,Anna-Lena Friedsam,Barbora Krejcikova,WTA Singapore - R1,2026-09-22 10:42:37,0.12103006165693256,0.8789699383430672,0.1400560224089636,0.8957247132429614,1000,2026-09-22 10:48:03,2026-09-22 10:34:52,2026-09-22 10:42:37,3738319441,-5.5,142,
friedsam|a|kulikova|a,friedsam|a,kulikova|a,Anna-Lena Friedsam,Anastasia Kulikova,WTA Beijing - Qualifiers,2026-09-28 10:30:00,0.6093750000000001,0.3906249999999999,0.6282527881040892,0.4098360655737705,1700,2026-09-28 10:24:04,2026-09-28 10:14:11,2026-09-28 10:30:00,3745337282,5.9,33,
friedsam|a|montgomery|r,friedsam|a,montgomery|r,Anna-Lena Friedsam,Robin Montgomery,WTA Beijing - Qualifiers,2026-09-29 06:30:32,0.17900079573809122,0.8209992042619088,0.19880715705765406,0.8392282958199356,1275,2026-09-29 06:36:32,2026-09-29 06:23:44,2026-09-29 06:30:32,3745854075,-6.0,73,
fritz|a|mensik|c,fritz|a,mensik|c,Alexander Bublik / Taylor Fritz,Carlos Alcaraz / Jakub Mensik,ATP Laver Cup - Doubles,2026-09-25 20:20:00,0.40521009763295357,0.5947899023670464,0.4291845493562232,0.6183206106870228,1250,2026-09-25 20:30:07,2026-09-25 20:15:16,2026-09-25 20:45:00,3741777039,-10.1,116,
fritz|t|jodar|r,fritz|t,jodar|r,Taylor Fritz,Rafael Jodar,ATP Laver Cup,2026-09-27 16:30:00,0.515130120777729,0.48486987922227104,0.5327102803738317,0.5024875621890548,2500,2026-09-27 15:26:16,2026-09-27 15:12:38,2026-09-27 16:30:00,3744514901,63.7,51,
fruhvirtova|f|xu|q,fruhvirtova|f,xu|q,Fiona Ferro / Linda Fruhvirtova,Qianhui Tang / Yi-Fan Xu,WTA Singapore - Doubles,2026-09-21 09:00:00,0.32180347370681905,0.678196526293181,0.34602076124567477,0.7014925373134329,1500,2026-09-21 09:52:51,2026-09-21 09:43:23,2026-09-21 09:00:00,3737522053,-52.9,93,
fruhvirtova|l|garcia|a,fruhvirtova|l,garcia|a,Linda Fruhvirtova,Andrea Lazaro Garcia,WTA Beijing - Qualifiers,2026-09-29 04:50:01,0.5625772962463352,0.4374227037536647,0.5815899581589958,0.4566210045662101,1700,2026-09-29 04:55:47,2026-09-29 04:41:48,2026-09-29 04:50:01,3745821039,-5.8,71,
fruhvirtova|l|sakkari|m,fruhvirtova|l,sakkari|m,Linda Fruhvirtova,Maria Sakkari,WTA Singapore - R1,2026-09-22 14:01:10,0.20246868386062045,0.7975313161393796,0.2173913043478261,0.8116760828625235,2250,2026-09-22 14:00:18,2026-09-22 13:54:20,2026-09-22 14:01:10,3738489617,0.8,241,
fruhvirtova|l|ye|s,fruhvirtova|l,ye|s,Linda Fruhvirtova,Shiyu Ye,WTA Beijing - Qualifiers,2026-09-28 06:00:00,0.8779473320072879,0.12205266799271194,0.9002991026919243,0.1485884101040119,350,2026-09-28 05:59:46,2026-09-28 05:55:37,2026-09-28 06:00:55,3745288551,0.2,15,
frydrych|v|jubb|p,frydrych|v,jubb|p,Viktor Frydrych,Paul Jubb,ITF Men Hurghada - QF,2026-09-18 06:17:01,0.053930368205554254,0.9460696317944457,0.07390983000739099,0.9608763693270735,750,2026-09-18 06:13:29,2026-09-18 06:09:25,2026-09-18 06:17:01,3732526419,3.5,29,
fuente|s|sakamoto|p,fuente|s,sakamoto|p,Santiago De La Fuente,Pedro Sakamoto,ATP Challenger Curitiba - Qualifiers,2026-09-28 15:00:00,0.3133921657949117,0.6866078342050884,0.3424657534246575,0.7142857142857143,350,2026-09-28 14:57:40,2026-09-28 14:49:26,2026-09-28 15:00:00,3745498781,2.3,47,
fullana|a|you|y,fullana|a,you|y,Ana Candiotto / Luiza Fullana,Yiming Dang / Xiaodi You,WTA Sao Paulo - Doubles,2026-09-17 14:00:00,0.2972090337429826,0.7027909662570176,0.3215434083601286,0.726027397260274,500,2026-09-17 14:12:02,2026-09-17 13:59:52,2026-09-17 14:00:00,3731960890,-12.0,27,
fumagalli|f|grippo|v,fumagalli|f,grippo|v,Filiberto Fumagalli,Valentino Grippo,ITF Men Telavi - R16,2026-09-24 08:00:00,0.7908036623683149,0.20919633763168513,0.8137802607076351,0.234192037470726,450,2026-09-24 08:01:11,2026-09-24 07:55:54,2026-09-24 08:05:23,3740189764,-1.2,35,
fumagalli|f|madaras|d,fumagalli|f,madaras|d,Filiberto Fumagalli,Dragos Nicolae Madaras,ITF Men Telavi - QF,2026-09-25 09:56:52,0.1804498233387542,0.8195501766612457,0.2053388090349076,0.8420221169036335,750,2026-09-25 09:56:52,2026-09-25 09:50:54,2026-09-25 09:56:52,3741101741,-0.0,38,
fuster|j|sheyngezikht|l,fuster|j,sheyngezikht|l,Javier Munoz Fuster,Leonid Sheyngezikht,ITF Men Melilla - R16,2026-09-17 10:15:13,0.0717252963063004,0.9282747036936998,0.09337068160597571,0.9452054794520548,450,2026-09-17 10:16:48,2026-09-17 10:07:30,2026-09-17 10:15:13,3731802448,-1.6,48,
gadamauri|b|valle|e,gadamauri|b,valle|e,Buvaysar Gadamauri,Enrico Dalla Valle,ATP Challenger Bari - R1,2026-09-28 14:30:00,0.2700217582965239,0.7299782417034761,0.29239766081871343,0.7512437810945274,1750,2026-09-28 13:36:38,2026-09-28 13:33:58,2026-09-28 13:42:15,3745476199,53.3,46,
gahnstrom|e|poulsen|o,gahnstrom|e,poulsen|o,Erik Gahnstrom,Oskar Brostrom Poulsen,ITF Men Falun - R1,2026-09-22 11:11:10,0.16832837150117366,0.8316716284988265,0.19305019305019305,0.8538011695906432,450,2026-09-22 11:17:58,2026-09-22 11:05:36,2026-09-22 11:11:10,3738344329,-6.8,76,
gakhov|i|lee|g,gakhov|i,lee|g,Ivan Gakhov,Gerard Campana Lee,ITF Men Sabadell - SF,2026-09-26 09:00:00,0.46625979929231565,0.5337402007076846,0.49019607843137253,0.5575221238938054,750,2026-09-26 08:58:48,2026-09-26 08:44:25,2026-09-26 09:00:00,3742096834,1.2,47,
galan|d|izquierdo|n,galan|d,izquierdo|n,Daniel Elahi Galan,Nikolas Sanchez Izquierdo,ATP Challenger Szczecin - R16,2026-09-17 17:12:39,0.46355569374750766,0.5364443062524925,0.4807692307692307,0.5535714285714286,2525,2026-09-17 17:16:21,2026-09-17 17:05:09,2026-09-17 17:12:39,3732125223,-3.7,52,
galarneau|a|harris|l,galarneau|a,harris|l,Alexis Galarneau,Lloyd Harris,ATP Chengdu Open - Qualifiers,2026-09-23 05:15:13,0.23912654344817313,0.7608734565518268,0.2590673575129534,0.7797356828193832,1750,2026-09-23 05:19:59,2026-09-23 05:05:33,2026-09-23 05:15:13,3739081209,-4.8,92,
galarneau|a|ymer|e,galarneau|a,ymer|e,Alexis Galarneau,Elias Ymer,ATP Chengdu Open - Qualifiers,2026-09-22 06:05:00,0.6124126086652124,0.3875873913347876,0.6309963099630996,0.4065040650406504,1750,2026-09-22 05:13:41,2026-09-22 05:05:51,2026-09-22 05:13:23,3738114421,51.3,56,
gallego|i|lazarenko|k,gallego|i,lazarenko|k,Isabel Adrover Gallego,Kateryna Lazarenko,ITF Women Yecla - R1,2026-09-23 11:14:45,0.15576905956530743,0.8442309404346926,0.18050541516245489,0.8661311914323963,450,2026-09-23 11:18:42,2026-09-23 11:09:50,2026-09-23 11:14:45,3739365864,-4.0,36,
galus|p|shylov|h,galus|p,shylov|h,Piotr Galus,Heorhii Shylov,ITF Men Pardubice - R1,2026-09-23 09:17:09,0.22214466530148713,0.777855334698513,0.2469135802469136,0.800796812749004,450,2026-09-23 09:15:35,2026-09-23 09:08:24,2026-09-23 09:17:09,3739241262,1.5,32,
gandolfi|f|sziedat|f,gandolfi|f,sziedat|f,Francesca Gandolfi,Franziska Sziedat,ITF Women Santa Margherita di Pula - R16,2026-09-17 07:42:45,0.5380673142239828,0.46193268577601715,0.5614035087719298,0.4854368932038835,450,2026-09-17 07:47:09,2026-09-17 07:36:31,2026-09-17 07:42:45,3731700789,-4.4,39,
garay|v|osorio|j,garay|v,osorio|j,Valentin Garay,Juan Sebastian Osorio,ITF Men Belem - R16,2026-09-17 15:00:00,0.25760060323050193,0.7423993967694982,0.2824858757062147,0.765807962529274,450,2026-09-17 15:12:18,2026-09-17 15:12:18,2026-09-17 15:00:00,3731937423,-12.3,77,
garbero|f|sakellaridis|d,garbero|f,sakellaridis|d,Filippo Francesco Garbero,Dimitris Sakellaridis,ATP Challenger Bari - Qualifiers,2026-09-27 12:58:24,0.04758683598013948,0.9524131640198605,0.07849293563579278,0.9715261958997721,50,2026-09-27 12:59:38,2026-09-27 12:49:16,2026-09-27 12:58:24,3744245960,-1.3,42,
garcian|a|petrovic|a,garcian|a,petrovic|a,Axel Garcian,Andreja Petrovic,ITF Men Nevers - R16,2026-09-17 11:39:13,0.50454583026496,0.49545416973504003,0.5283018867924528,0.5192307692307692,450,2026-09-17 11:43:58,2026-09-17 11:30:27,2026-09-17 11:39:13,3731869680,-4.8,52,
garcian|a|seifert|s,garcian|a,seifert|s,Axel Garcian,Stefan Seifert,ITF Men Forbach - R1,2026-09-23 11:15:07,0.4266710061808168,0.5733289938191831,0.4504504504504505,0.5967741935483871,450,2026-09-23 11:18:42,2026-09-23 11:09:50,2026-09-23 11:15:07,3739366259,-3.6,16,
garcia|a|giaccio|j,garcia|a,giaccio|j,Ares Teixido Garcia,Juliana Giaccio,ITF Women Yecla - R1,2026-09-23 09:00:00,0.08956372270507892,0.9104362772949212,0.11235955056179775,0.9289772727272728,450,2026-09-23 07:48:24,2026-09-23 07:37:15,2026-09-23 09:00:00,3739138065,71.5,23,
garcia|a|jialin|t,garcia|a,jialin|t,Andrea Lazaro Garcia,Tian Jialin,WTA Beijing - Qualifiers,2026-09-28 05:00:00,0.8779473320072879,0.12205266799271194,0.9002991026919243,0.1485884101040119,500,2026-09-28 04:27:32,2026-09-28 04:15:26,2026-09-28 05:00:00,3745256845,32.4,16,
garcia|a|lee|g,garcia|a,lee|g,Alejandro Garcia,Gerard Campana Lee,ITF Men Sabadell - R16,2026-09-24 09:13:08,0.21836192096341353,0.7816380790365862,0.24330900243309006,0.8046875000000001,450,2026-09-24 09:22:55,2026-09-24 09:09:13,2026-09-24 09:13:08,3740235873,-9.8,38,
garcia|a|montgomery|r,garcia|a,montgomery|r,Aran Teixido Garcia,Robin Montgomery,WTA Beijing - Qualifiers,2026-09-28 07:30:00,0.0565865548310988,0.9434134451689012,0.0791765637371338,0.9598393574297189,200,2026-09-28 07:16:08,2026-09-28 07:01:30,2026-09-28 07:30:00,3745290184,13.8,24,
garcia|a|paez|l,garcia|a,paez|l,Alejandro Garcia,Luis Garcia Paez,ITF Men Sabadell - R1,2026-09-23 10:00:18,0.7828020440124838,0.2171979559875163,0.8058252427184467,0.24213075060532688,450,2026-09-23 10:03:42,2026-09-23 09:53:56,2026-09-23 10:00:18,3739286054,-3.4,33,
garcia|a|steur|j,garcia|a,steur|j,Andrea Lazaro Garcia,Joelle Lilly Sophie Steur,WTA 125k Valencia - QF,2026-09-18 16:33:28,0.6320854075628511,0.36791459243714886,0.6527777777777778,0.3891050583657587,1750,2026-09-18 16:30:55,2026-09-18 16:30:55,2026-09-18 16:33:28,3733008018,2.5,140,
garcia|c|vedder|d,garcia|c,vedder|d,Charo Esquiva Banuls / Aran Teixido Garcia,Despina Papamichail / Eva Vedder,WTA 125k Valencia - Doubles,2026-09-17 11:30:00,0.2915032251936199,0.7084967748063801,0.33003300330033003,0.7442455242966751,375,2026-09-17 12:34:04,2026-09-17 12:23:21,2026-09-17 11:30:00,3731863027,-64.1,20,
garin|c|jodar|r,garin|c,jodar|r,Cristian Garin,Rafael Jodar,Davis Cup - Qualifiers,2026-09-19 18:15:00,0.21893113828458072,0.7810688617154194,0.23866348448687355,0.7995991983967936,1750,2026-09-19 18:51:04,2026-09-19 18:43:45,2026-09-19 18:24:00,3735232940,-36.1,73,
garland|j|hunter|s,garland|j,hunter|s,Joanna Garland,Storm Hunter,WTA Singapore - R1,2026-09-21 13:00:00,0.5429489484596308,0.45705105154036924,0.5575221238938054,0.4716981132075471,3000,2026-09-21 12:59:46,2026-09-21 12:59:38,2026-09-21 13:00:00,3737704169,0.2,52,
garland|j|morvayova|v,garland|j,morvayova|v,Joanna Garland,Viktoria Morvayova,WTA Singapore - Qualifiers,2026-09-20 05:49:20,0.7916243920750532,0.20837560792494678,0.810246679316888,0.22831050228310504,1300,2026-09-20 05:55:43,2026-09-20 05:43:52,2026-09-20 05:49:20,3735845303,-6.4,50,
garland|j|perez|e,garland|j,perez|e,Joanna Garland,Ellen Perez,WTA Singapore - Qualifiers,2026-09-19 05:30:00,0.9018200042476026,0.09817999575239746,0.9242997728993186,0.1264222503160556,250,2026-09-19 05:36:52,2026-09-19 05:29:25,2026-09-19 05:30:00,3733760108,-6.9,26,
garland|j|wang|x,garland|j,wang|x,Joanna Garland,Xinyu Wang,WTA Singapore - R16,2026-09-24 07:45:00,0.2297731430031827,0.7702268569968174,0.24213075060532688,0.7821350762527233,5000,2026-09-24 07:49:29,2026-09-24 07:43:51,2026-09-24 07:50:53,3740181287,-4.5,208,
garnevska|v|stamatova|j,garnevska|v,stamatova|j,Valeria Garnevska,Julia Stamatova,ITF Women Plovdiv - R1,2026-09-23 08:00:00,0.5696391374708195,0.43036086252918054,0.5934959349593496,0.45454545454545453,450,2026-09-23 07:59:40,2026-09-23 07:46:21,2026-09-23 08:00:00,3739107747,0.3,24,
garnevska|v|stankovic|a,garnevska|v,stankovic|a,Valeria Garnevska,Anja Stankovic,ITF Women Plovdiv - R16,2026-09-24 09:12:52,0.12281610631910807,0.877183893680892,0.14684287812041116,0.8977505112474436,450,2026-09-24 09:22:55,2026-09-24 09:09:13,2026-09-24 09:12:52,3740235729,-10.1,41,
gasanova|a|hruncakova|v,gasanova|a,hruncakova|v,Anastasia Gasanova,Viktoria Hruncakova,WTA 125K Adana - R1,2026-09-28 13:45:00,0.7106713941946926,0.2893286058053075,0.7319034852546916,0.3115264797507788,1750,2026-09-28 12:59:11,2026-09-28 12:48:40,2026-09-28 13:45:00,3745450890,45.8,39,
gasanova|a|monnet|c,gasanova|a,monnet|c,Anastasia Gasanova,Carole Monnet,WTA 125K Ankara - R16,2026-09-24 09:00:00,0.683979080250884,0.31602091974911595,0.7050147492625369,0.33783783783783783,1750,2026-09-24 09:01:06,2026-09-24 08:56:18,2026-09-24 10:00:00,3740227774,-1.1,97,
gasanova|a|tikhonova|a,gasanova|a,tikhonova|a,Anastasia Gasanova,Anastasia Tikhonova,WTA 125K Ankara - R1,2026-09-22 09:00:00,0.7490671453769797,0.25093285462302034,0.7701149425287357,0.27322404371584696,1750,2026-09-22 08:13:36,2026-09-22 08:07:02,2026-09-22 08:12:53,3738203529,46.4,92,
gasparyan|m|tupitsyna|e,gasparyan|m,tupitsyna|e,Margarita Betova Gasparyan,Ekaterina Tupitsyna,ITF Women Hurghada - R16,2026-09-17 09:00:00,0.3948390748882274,0.6051609251117726,0.4184100418410042,0.6282527881040892,450,2026-09-17 07:53:15,2026-09-17 07:41:51,2026-09-17 09:00:00,3731702895,66.7,37,
gaston|h|rublev|a,gaston|h,rublev|a,Hugo Gaston,Andrey Rublev,ATP Hangzhou - QF,2026-09-27 08:30:00,0.18114998206502464,0.8188500179349755,0.19342359767891684,0.8305084745762712,3750,2026-09-27 07:49:50,2026-09-27 07:49:50,2026-09-27 07:52:55,3743919884,40.1,216,
gaston|h|shimabukuro|s,gaston|h,shimabukuro|s,Hugo Gaston,Sho Shimabukuro,ATP Hangzhou - R1,2026-09-24 05:16:04,0.5619432824257031,0.438056717574297,0.576271186440678,0.45248868778280543,3000,2026-09-24 05:19:55,2026-09-24 05:09:46,2026-09-24 05:16:04,3740122587,-3.9,242,
gaubas|v|kecmanovic|m,gaubas|v,kecmanovic|m,Vilius Gaubas,Miomir Kecmanovic,Davis Cup World - Group 1,2026-09-20 13:55:00,0.26199912070738934,0.7380008792926106,0.2770083102493075,0.7524752475247525,3000,2026-09-20 13:43:19,2026-09-20 13:32:51,2026-09-20 13:55:00,3736458424,11.7,79,
gaubas|v|medjedovic|h,gaubas|v,medjedovic|h,Vilius Gaubas,Hamad Medjedovic,Davis Cup World - Group 1,2026-09-19 14:53:30,0.3411853372812266,0.6588146627187734,0.35587188612099646,0.673202614379085,3000,2026-09-19 14:57:35,2026-09-19 14:45:37,2026-09-19 14:53:30,3734654305,-4.1,85,
gava|k|sakamoto|p,gava|k,sakamoto|p,Kaua Lorenzo Santos Gava,Pedro Sakamoto,ITF Men Curitiba - R1,2026-09-22 14:00:00,0.1631531509024135,0.8368468490975864,0.18796992481203006,0.8589562764456982,450,2026-09-22 14:51:31,2026-09-22 14:39:38,2026-09-22 14:48:40,3738526036,-51.5,25,
gea|a|machac|t,gea|a,machac|t,Arthur Gea,Tomas Machac,ATP Beijing - Qualifiers,2026-09-29 04:10:00,0.5808253847227155,0.41917461527728456,0.6000000000000001,0.43859649122807015,1750,2026-09-29 03:14:34,2026-09-29 03:09:13,2026-09-29 03:15:38,3745791227,55.4,68,
geerts|m|jover|c,geerts|m,jover|c,Michael Geerts,Carlos Sanchez Jover,ATP Challenger Plovdiv - R1,2026-09-22 08:56:07,0.30690681905542505,0.6930931809445747,0.32894736842105265,0.7142857142857143,1750,2026-09-22 09:01:49,2026-09-22 08:47:17,2026-09-22 08:56:07,3738235097,-5.7,94,
geerts|m|orlov|v,geerts|m,orlov|v,Michael Geerts,Vladyslav Orlov,ATP Challenger Porto - Qualifiers,2026-09-27 18:30:50,0.7060120130175491,0.293987986982451,0.7275204359673024,0.3164556962025316,1000,2026-09-27 18:26:33,2026-09-27 18:21:42,2026-09-27 18:30:50,3744874382,4.3,99,
gennaro|c|szabo|b,gennaro|c,szabo|b,Camilla Gennaro,Briana Szabo,ITF Women Santa Margherita di Pula - R16,2026-09-17 07:41:07,0.6004045819979041,0.3995954180020959,0.6240601503759399,0.42372881355932196,450,2026-09-17 07:47:09,2026-09-17 07:36:31,2026-09-17 07:41:07,3731701033,-6.1,39,
gennaro|c|sziedat|f,gennaro|c,sziedat|f,Camilla Gennaro,Franziska Sziedat,ITF Women Santa Margherita di Pula - QF,2026-09-18 10:00:00,0.5380673142239828,0.46193268577601715,0.5614035087719298,0.4854368932038835,550,2026-09-18 08:00:01,2026-09-18 07:45:39,2026-09-18 10:00:00,3732559739,120.0,65,
gentzsch|t|mikrut|l,gentzsch|t,mikrut|l,Tom Gentzsch,Luka Mikrut,ATP Challenger Szczecin - QF,2026-09-18 13:00:00,0.5199349981214763,0.4800650018785237,0.5348837209302326,0.49504950495049505,3000,2026-09-18 13:28:24,2026-09-18 13:17:42,2026-09-18 13:00:00,3732656136,-28.4,108,
gentzsch|t|valle|e,gentzsch|t,valle|e,Tom Gentzsch,Enrico Dalla Valle,ATP Challenger Genoa - R1,2026-09-22 09:30:00,0.5516757257663409,0.44832427423365906,0.5726495726495727,0.4694835680751174,1750,2026-09-22 08:48:09,2026-09-22 08:37:15,2026-09-22 08:44:44,3738225399,41.8,93,
george|b|torre|i,george|b,torre|i,Benjamin Thomas George,Inaki Montes-De La Torre,ITF Men Setubal - R1,2026-09-23 15:04:02,0.08679352473002344,0.9132064752699764,0.10940919037199125,0.9315068493150686,450,2026-09-23 15:03:29,2026-09-23 14:57:01,2026-09-23 15:04:02,3739589203,0.5,127,
giambelli|c|steur|j,giambelli|c,steur|j,Carla Giambelli,Joelle Lilly Sophie Steur,ITF Women Santa Margherita di Pula - R1,2026-09-23 12:16:58,0.03773466803514604,0.9622653319648543,0.05552470849528039,0.974509304104002,450,2026-09-23 12:10:43,2026-09-23 12:10:43,2026-09-23 12:16:58,3739434676,6.2,37,
gibson|s|panova|k,gibson|s,panova|k,Sofia Costoulas / Talia Gibson,Kristina Mladenovic / Alexandra Panova,WTA Singapore - Doubles,2026-09-24 07:00:00,0.4028310260658934,0.5971689739341067,0.4273504273504274,0.6212121212121212,500,2026-09-24 08:01:11,2026-09-24 07:55:54,2026-09-24 07:00:00,3740127063,-61.2,87,
gibson|s|sutjiadi|e,gibson|s,sutjiadi|e,Sofia Costoulas / Talia Gibson,Erin Routliffe / Aldila Sutjiadi,WTA Singapore - Doubles,2026-09-26 12:10:00,0.3472959987062616,0.6527040012937384,0.3717472118959108,0.6763754045307443,1250,2026-09-26 12:45:25,2026-09-26 12:30:48,2026-09-26 12:10:00,3742407240,-35.4,161,
gibson|t|morvayova|v,gibson|t,morvayova|v,Talia Gibson,Viktoria Morvayova,WTA Singapore - R16,2026-09-24 05:13:06,0.913732849167229,0.08626715083277117,0.9287241625089095,0.10405827263267431,825,2026-09-24 05:19:55,2026-09-24 05:06:19,2026-09-24 05:13:06,3740122233,-6.8,100,
gibson|t|prozorova|t,gibson|t,prozorova|t,Talia Gibson,Tatiana Prozorova,WTA Singapore - SF,2026-09-26 03:00:00,0.5419601084501919,0.458039891549808,0.5555555555555556,0.4716981132075471,1600,2026-09-25 22:58:24,2026-09-25 22:50:50,2026-09-26 03:00:00,3741843558,241.6,18,
gibson|t|sakkari|m,gibson|t,sakkari|m,Talia Gibson,Maria Sakkari,WTA Singapore - QF,2026-09-25 12:43:11,0.3370491273365447,0.6629508726634553,0.34965034965034963,0.6753246753246753,6000,2026-09-25 12:42:14,2026-09-25 12:36:55,2026-09-25 12:43:11,3741227588,0.9,100,
gill|f|radulov|i,gill|f,radulov|i,Felix Gill,Iliyan Radulov,ATP Challenger Plovdiv - R16,2026-09-24 14:19:13,0.7175266900019507,0.28247330999804937,0.7389033942558746,0.3048780487804878,1750,2026-09-24 14:23:32,2026-09-24 14:13:23,2026-09-24 14:19:13,3740470662,-4.3,122,
gill|f|vasilev|a,gill|f,vasilev|a,Felix Gill,Alexander Vasilev,ATP Challenger Plovdiv - R1,2026-09-22 14:13:00,0.7711429593041842,0.22885704069581586,0.7920997920997921,0.25125628140703515,1750,2026-09-22 13:54:44,2026-09-22 13:39:42,2026-09-22 14:13:00,3738448939,18.2,122,
gima|s|klok|d,gima|s,klok|d,Sebastian Gima,Denis Klok,ITF Men Zlatibor - R16,2026-09-18 10:00:00,0.7433570118788632,0.2566429881211366,0.7668997668997669,0.28169014084507044,450,2026-09-18 09:00:14,2026-09-18 08:53:52,2026-09-18 09:00:28,3732594027,59.8,38,
gima|s|misolic|f,gima|s,misolic|f,Sebastian Gima,Filip Misolic,ATP Challenger Plovdiv - Qualifiers,2026-09-21 08:05:00,0.2007870051570561,0.799212994842944,0.23584905660377356,0.830220713073005,450,2026-09-21 07:58:36,2026-09-21 07:57:44,2026-09-21 09:05:00,3737573845,6.4,63,
gima|s|tolev|a,gima|s,tolev|a,Sebastian Gima,Aleksandar Tolev,ATP Challenger Plovdiv - Qualifiers,2026-09-20 07:10:00,0.8847910712961593,0.11520892870384081,0.9135695764909249,0.1519756838905775,50,2026-09-20 07:10:25,2026-09-20 07:03:18,2026-09-20 07:12:14,3735879697,-0.4,30,
giorgio|p|lokoli|l,giorgio|p,lokoli|l,Pasquale De Giorgio,Laurent Lokoli,ITF Men Santa Margherita di Pula - R16,2026-09-23 11:42:55,0.037023538131360334,0.9629764618686399,0.05470459518599562,0.9750933997509339,450,2026-09-23 11:45:20,2026-09-23 11:34:52,2026-09-23 11:42:55,3739397720,-2.4,47,
girolami|t|kovackova|a,girolami|t,kovackova|a,Tilwith Di Girolami,Alena Kovackova,ITF Women Santa Margherita di Pula - R1,2026-09-23 09:38:17,0.1997878661688952,0.8002121338311048,0.2247191011235955,0.8230088495575221,450,2026-09-23 09:43:02,2026-09-23 09:33:52,2026-09-23 09:38:17,3739266403,-4.8,29,
giron|m|munar|j,giron|m,munar|j,Marcos Giron,Jaume Munar,ATP Tokyo - Qualifiers,2026-09-28 06:13:00,0.3875873913347876,0.6124126086652124,0.4065040650406504,0.6309963099630996,1750,2026-09-28 05:59:46,2026-09-28 05:57:23,2026-09-28 06:13:00,3745289576,13.2,23,
giustino|l|gomila|m,giustino|l,gomila|m,Lorenzo Giustino,Matias Ponce De Leon Gomila,ITF Men Sabadell - R16,2026-09-24 11:42:56,0.8066207965550938,0.19337920344490617,0.8293515358361775,0.2183406113537118,450,2026-09-24 11:45:59,2026-09-24 11:37:39,2026-09-24 11:42:56,3740362361,-3.1,47,
giustino|l|lee|g,giustino|l,lee|g,Lorenzo Giustino,Gerard Campana Lee,ITF Men Sabadell - QF,2026-09-25 11:00:00,0.5931331571886299,0.4068668428113702,0.6168582375478928,0.43103448275862066,750,2026-09-25 10:09:16,2026-09-25 10:05:59,2026-09-25 10:11:45,3741113274,50.7,45,
gjorcheska|l|zaytseva|k,gjorcheska|l,zaytseva|k,Lina Gjorcheska,Ksenia Zaytseva,WTA 125K Ankara - R1,2026-09-21 14:00:00,0.3757527116952358,0.6242472883047642,0.4,0.647887323943662,200,2026-09-21 13:20:35,2026-09-21 13:14:43,2026-09-21 13:21:11,3737712345,39.4,2,
gleason|u|prozorova|s,gleason|u,prozorova|s,Ulrikke Eikeri / Quinn Gleason,Sofya Lansere / Tatiana Prozorova,WTA Singapore - Doubles,2026-09-23 06:57:00,0.7765648673791087,0.22343513262089115,0.8015873015873016,0.2506265664160401,500,2026-09-23 06:55:26,2026-09-23 06:45:57,2026-09-23 06:57:00,3739125091,1.6,177,
glinka|d|jade|d,glinka|d,jade|d,Daniil Glinka,Daniel Jade,ATP Challenger St Tropez - R1,2026-09-22 10:13:37,0.7668972895438713,0.2331027104561287,0.7835497835497836,0.2506265664160401,1750,2026-09-22 10:20:42,2026-09-22 10:07:50,2026-09-22 10:13:37,3738297037,-7.1,36,
glinka|d|prizmic|d,glinka|d,prizmic|d,Daniil Glinka,Dino Prizmic,ATP Challenger St Tropez - QF,2026-09-25 15:45:00,0.20124141475560314,0.7987585852443969,0.2159827213822894,0.8127340823970036,2250,2026-09-25 14:57:20,2026-09-25 14:52:46,2026-09-25 14:58:07,3741326248,47.5,111,
gloeckler|m|ivanov|s,gloeckler|m,ivanov|s,Michael Gloeckler,Saveliy Ivanov,ITF Men Hurghada - R16,2026-09-17 09:18:01,0.48635347849732036,0.5136465215026794,0.5098039215686274,0.5370370370370371,450,2026-09-17 09:08:45,2026-09-17 09:08:45,2026-09-17 09:18:01,3731755250,9.2,43,
glushkova|d|hennemann|c,glushkova|d,hennemann|c,Denislava Glushkova,Caijsa Hennemann,ITF Women Plovdiv - R1,2026-09-22 06:30:00,0.2270982398388006,0.7729017601611996,0.2518891687657431,0.7959183673469388,450,2026-09-22 06:19:18,2026-09-22 06:06:15,2026-09-22 06:30:00,3738126339,10.7,51,
goffin|d|lajal|m,goffin|d,lajal|m,David Goffin,Mark Lajal,ATP Challenger St Tropez - R1,2026-09-21 16:14:37,0.24089292347301938,0.7591070765269806,0.25839793281653745,0.7757847533632287,1750,2026-09-21 16:12:30,2026-09-21 16:00:44,2026-09-21 17:00:00,3737798589,2.1,127,
gojo|b|martineau|m,gojo|b,martineau|m,Borna Gojo,Matteo Martineau,ATP Challenger Rennes - R16,2026-09-17 21:29:33,0.7401957996839682,0.2598042003160318,0.75669099756691,0.2770083102493075,2525,2026-09-17 21:37:36,2026-09-17 21:22:58,2026-09-17 21:29:33,3732354463,-8.1,78,
golovina|m|hatouka|y,golovina|m,hatouka|y,Maria Golovina,Yuliya Hatouka,ITF Women Sharm El Sheikh - Final,2026-09-27 06:30:00,0.5544122104497016,0.44558778955029815,0.5780590717299579,0.4694835680751174,750,2026-09-27 06:33:03,2026-09-27 06:22:24,2026-09-27 06:30:00,3743823569,-3.1,95,
golovina|m|hrabavets|u,golovina|m,hrabavets|u,Maria Golovina,Ulyana Hrabavets,ITF Women Sharm El Sheikh - QF,2026-09-25 06:30:00,0.7785661059497935,0.22143389405020647,0.8015873015873016,0.2463054187192118,750,2026-09-25 06:38:22,2026-09-25 06:37:52,2026-09-25 06:45:17,3740997662,-8.4,30,
golovina|m|milovanova|v,golovina|m,milovanova|v,Maria Golovina,Victoria Milovanova,ITF Women Sharm El Sheikh - SF,2026-09-26 06:45:44,0.6035882093037451,0.39641179069625493,0.626865671641791,0.42016806722689076,750,2026-09-26 06:45:01,2026-09-26 06:41:01,2026-09-26 06:45:44,3742083759,0.7,98,
golovina|m|wildgruber|a,golovina|m,wildgruber|a,Maria Golovina,Anja Wildgruber,ITF Women Sharm El Sheikh - R1,2026-09-23 09:00:00,0.9488793109351442,0.051120689064855736,0.9632892804698973,0.07077140835102619,450,2026-09-23 07:48:24,2026-09-23 07:37:15,2026-09-23 09:00:00,3739138427,71.5,22,
gombos|n|sakellaridis|s,gombos|n,sakellaridis|s,Norbert Gombos,Stefanos Sakellaridis,Davis Cup World - Group 1,2026-09-20 12:48:45,0.6191313115976341,0.38086868840236593,0.6363636363636364,0.39840637450199207,1800,2026-09-20 12:53:09,2026-09-20 12:53:09,2026-09-20 12:48:45,3736327712,-4.4,35,
gombos|n|tsitsipas|s,gombos|n,tsitsipas|s,Norbert Gombos,Stefanos Tsitsipas,Davis Cup World - Group 1,2026-09-19 13:11:00,0.13938324370892713,0.8606167562910729,0.15625,0.8759305210918114,1500,2026-09-19 12:28:38,2026-09-19 12:21:52,2026-09-19 12:25:51,3734192193,42.4,66,
gomez|f|marcondes|i,gomez|f,marcondes|i,Federico Agustin Gomez,Igor Marcondes,ATP Challenger San Diego - QF,2026-09-25 19:11:28,0.5969827269507445,0.40301727304925555,0.613899613899614,0.42016806722689076,2500,2026-09-25 19:11:55,2026-09-25 19:03:04,2026-09-25 19:11:28,3741667009,-0.5,139,
gomez|f|svajda|t,gomez|f,svajda|t,Federico Agustin Gomez,Trevor Svajda,ATP Challenger San Diego - R16,2026-09-23 20:41:00,0.303675446306206,0.6963245536937942,0.32573289902280134,0.7175141242937854,1750,2026-09-23 20:45:19,2026-09-23 20:30:51,2026-09-23 21:30:00,3739883521,-4.3,77,
gomez|f|zink|t,gomez|f,zink|t,Federico Agustin Gomez,Tyler Zink,ATP Challenger San Diego - R1,2026-09-22 19:34:04,0.5455406023723126,0.4544593976276874,0.5670995670995671,0.47619047619047616,1750,2026-09-22 19:39:45,2026-09-22 19:26:26,2026-09-22 19:34:04,3738802206,-5.8,67,
gomila|m|melnic|v,gomila|m,melnic|v,Matias Ponce De Leon Gomila,Vladislav Melnic,ITF Men Sabadell - R1,2026-09-23 11:00:00,0.8062417129522922,0.19375828704770784,0.8290598290598291,0.2188183807439825,450,2026-09-23 10:03:42,2026-09-23 10:02:17,2026-09-23 10:08:58,3739296663,56.3,37,
goncalves|a|werner|a,goncalves|a,werner|a,Anna Caroline Goncalves,Antonella Azambuja Werner,ITF Women Belem - R1,2026-09-23 20:30:00,0.06727783253616279,0.9327221674638373,0.09832841691248771,0.9544626593806922,225,2026-09-23 13:47:04,2026-09-23 13:33:39,2026-09-23 20:30:00,3739514664,402.9,52,
goransson|r|muller|a,goransson|r,muller|a,Robert Galloway / Andre Goransson,Adrian Mannarino / Alexandre Muller,ATP Chengdu Open - Doubles,2026-09-25 08:30:00,0.8718793839695513,0.1281206160304487,0.8938428874734607,0.15384615384615385,500,2026-09-25 08:43:52,2026-09-25 08:35:26,2026-09-25 08:30:00,3741024139,-13.9,88,
goransson|r|olivetti|t,goransson|r,olivetti|t,Robert Galloway / Andre Goransson,Theo Arribage / Albano Olivetti,ATP Chengdu Open - Doubles,2026-09-28 06:55:00,0.39799718640119486,0.6020028135988053,0.42194092827004215,0.6254681647940076,1500,2026-09-28 08:37:07,2026-09-28 08:32:04,2026-09-28 06:55:00,3745300712,-102.1,228,
gorgodze|e|palicova|b,gorgodze|e,palicova|b,Ekaterine Gorgodze,Barbora Palicova,WTA 125k Tolentino - R16,2026-09-24 14:00:00,0.3640034944599203,0.6359965055400797,0.3861003861003861,0.6575342465753424,1750,2026-09-24 13:02:53,2026-09-24 12:57:51,2026-09-24 13:05:53,3740420142,57.1,119,
gorgodze|e|pigossi|l,gorgodze|e,pigossi|l,Ekaterine Gorgodze,Laura Pigossi,WTA 125k Tolentino - R1,2026-09-22 14:30:28,0.6114671954005416,0.3885328045994584,0.6323529411764706,0.4098360655737705,1750,2026-09-22 14:33:04,2026-09-22 14:24:31,2026-09-22 14:30:28,3738512972,-2.6,112,
gorgodze|e|selekhmeteva|o,gorgodze|e,selekhmeteva|o,Ekaterine Gorgodze,Oksana Selekhmeteva,WTA 125k Tolentino - QF,2026-09-25 15:45:00,0.31657399853834484,0.6834260014616551,0.3389830508474576,0.7050147492625369,1750,2026-09-25 15:49:01,2026-09-25 15:38:03,2026-09-25 15:45:00,3741365239,-4.0,79,
gormaz|l|hercog|p,gormaz|l,hercog|p,Leyre Romero Gormaz,Polona Hercog,WTA 125k Tolentino - R1,2026-09-21 13:30:00,0.6099456835323753,0.3900543164676246,0.6309963099630996,0.41152263374485604,1750,2026-09-21 12:54:24,2026-09-21 12:44:33,2026-09-21 13:30:00,3737636591,35.6,52,
gormaz|l|pieri|j,gormaz|l,pieri|j,Leyre Romero Gormaz,Jessica Pieri,WTA 125k Tolentino - R16,2026-09-23 12:48:53,0.8400148701760306,0.15998512982396945,0.8599439775910364,0.18214936247723132,1300,2026-09-23 12:51:33,2026-09-23 12:40:45,2026-09-23 12:48:53,3739464967,-2.7,53,
gorzny|s|johnson|a,gorzny|s,johnson|a,Sebastian Gorzny,Andrew Johnson,ATP Challenger San Diego - Qualifiers,2026-09-21 00:00:00,0.6626355849393754,0.3373644150606245,0.6904024767801857,0.3663003663003663,350,2026-09-20 22:57:09,2026-09-20 22:54:16,2026-09-21 00:00:00,3737355657,62.8,70,
gorzny|s|krueger|m,gorzny|s,krueger|m,Sebastian Gorzny,Mitchell Krueger,ATP Challenger San Diego - R1,2026-09-22 20:52:50,0.6570750287295056,0.3429249712704947,0.6784565916398714,0.36496350364963503,1750,2026-09-22 20:57:48,2026-09-22 20:47:55,2026-09-22 20:52:50,3738873662,-5.0,75,
gorzny|s|mayo|a,gorzny|s,mayo|a,Sebastian Gorzny,Aidan Mayo,ATP Challenger San Diego - Qualifiers,2026-09-21 19:34:58,0.5449195942991111,0.4550804057008891,0.5726495726495727,0.48309178743961345,350,2026-09-21 19:38:40,2026-09-21 19:29:16,2026-09-21 19:34:58,3737924204,-3.7,69,
gorzny|s|wolf|j,gorzny|s,wolf|j,Sebastian Gorzny,Jeffrey John Wolf,ATP Challenger Tiburon - QF,2026-09-18 23:10:00,0.32517331354062007,0.67482668645938,0.3401360544217687,0.6894409937888198,3000,2026-09-18 23:10:53,2026-09-18 23:06:23,2026-09-18 23:11:20,3733552138,-1.0,190,
goto|r|svendsen|j,goto|r,svendsen|j,Reina Goto,Johanne Christine Svendsen,ITF Women Berkeley - R1,2026-09-23 17:00:00,0.4436020544696657,0.5563979455303343,0.4672897196261683,0.5798319327731092,450,2026-09-23 17:10:11,2026-09-23 17:05:00,2026-09-23 17:12:53,3739706327,-10.2,73,
grabher|j|reales|g,grabher|j,reales|g,Julia Grabher,Guiomar Maristany Zuleta De Reales,WTA 125k Tolentino - Final,2026-09-27 14:00:00,0.5046733054165143,0.4953266945834858,0.5215311004784688,0.5121951219512195,2500,2026-09-27 13:58:40,2026-09-27 13:55:11,2026-09-27 14:00:00,3744368965,1.3,89,
grabher|j|ruggeri|j,grabher|j,ruggeri|j,Julia Grabher,Jennifer Ruggeri,WTA 125k Tolentino - R1,2026-09-22 18:00:00,0.658252388034752,0.3417476119652481,0.6794871794871794,0.36363636363636365,1750,2026-09-22 17:59:41,2026-09-22 17:59:28,2026-09-22 19:00:00,3738675469,0.3,151,
grabher|j|selekhmeteva|o,grabher|j,selekhmeteva|o,Julia Grabher,Oksana Selekhmeteva,WTA 125k Tolentino - SF,2026-09-26 15:30:00,0.46571976162851303,0.534280238371487,0.48309178743961345,0.5515695067264574,2500,2026-09-26 15:38:43,2026-09-26 15:24:47,2026-09-26 15:30:00,3742880470,-8.7,90,
grabher|j|tubello|a,grabher|j,tubello|a,Julia Grabher,Alice Tubello,WTA 125k Tolentino - R16,2026-09-24 11:30:00,0.6114671954005416,0.3885328045994584,0.6323529411764706,0.4098360655737705,1750,2026-09-24 10:33:52,2026-09-24 10:26:53,2026-09-24 10:36:42,3740306833,56.1,105,
grenier|h|langmo|c,grenier|h,langmo|c,Hugo Grenier,Christian Langmo,ATP Challenger St Tropez - Qualifiers,2026-09-20 11:30:00,0.6994885086119287,0.30051149138807126,0.7206703910614525,0.3225806451612903,1000,2026-09-20 11:19:35,2026-09-20 11:11:23,2026-09-20 11:20:01,3736162189,10.4,55,
gretskiy|i|majdandzic|m,gretskiy|i,majdandzic|m,Ivan Gretskiy,Marc Majdandzic,ITF Men Baku - R16,2026-09-24 06:00:00,0.21201299205864654,0.7879870079413536,0.23696682464454974,0.8109640831758034,450,2026-09-24 06:00:04,2026-09-24 05:55:05,2026-09-24 06:00:00,3740106758,-0.1,84,
grevelius|a|hsu|r,grevelius|a,hsu|r,Andre Goransson / Erik Grevelius,Ray Ho / Yu Hsiou Hsu,Davis Cup - Doubles,2026-09-20 03:00:00,0.5964331015883567,0.4035668984116433,0.6197718631178707,0.4273504273504274,1250,2026-09-20 03:51:05,2026-09-20 03:47:06,2026-09-20 03:00:00,3735507341,-51.1,104,
griekspoor|t|mejia|n,griekspoor|t,mejia|n,Tallon Griekspoor,Nicolas Mejia,Davis Cup World - Group 1,2026-09-18 15:47:00,0.8360128515961444,0.1639871484038556,0.851851851851852,0.1811594202898551,1700,2026-09-18 14:58:34,2026-09-18 14:58:34,2026-09-18 15:05:06,3732886257,48.4,39,
griekspoor|t|rodriguez|j,griekspoor|t,rodriguez|j,Tallon Griekspoor,Johan Alexander Rodriguez,Davis Cup World - Group 1,2026-09-19 16:33:00,0.8691011742026463,0.1308988257973537,0.8842592592592592,0.14771048744460857,1500,2026-09-19 16:30:27,2026-09-19 16:17:05,2026-09-19 16:33:00,3734883285,2.5,53,
griekspoor|t|shapovalov|d,griekspoor|t,shapovalov|d,Tallon Griekspoor,Denis Shapovalov,ATP Chengdu Open - R1,2026-09-24 08:00:00,0.43524886873125745,0.5647511312687427,0.4504504504504505,0.5798319327731092,3000,2026-09-24 07:07:18,2026-09-24 07:04:33,2026-09-24 07:14:18,3740155569,52.7,253,
grippo|v|misasi|g,grippo|v,misasi|g,Valentino Grippo,Giannicola Misasi,ITF Men Telavi - R1,2026-09-28 09:35:36,0.19391955169251185,0.8060804483074883,0.2188183807439825,0.8287671232876712,450,2026-09-28 09:37:19,2026-09-28 09:32:27,2026-09-28 09:35:36,3745360979,-1.7,22,
gschwendtner|j|monzon|i,gschwendtner|j,monzon|i,Jeremy Gschwendtner,Ignacio Monzon,ITF Men Telavi - R16,2026-09-24 09:44:16,0.3873072891551664,0.6126927108448337,0.41152263374485604,0.6363636363636364,450,2026-09-24 09:51:06,2026-09-24 09:36:19,2026-09-24 09:44:16,3740260709,-6.8,37,
guerrieri|a|jong|j,guerrieri|a,jong|j,Andrea Guerrieri,Jesper De Jong,ATP Challenger St Tropez - R16,2026-09-24 15:43:17,0.3253262916536946,0.6746737083463054,0.3424657534246575,0.691358024691358,2525,2026-09-24 15:41:45,2026-09-24 15:28:51,2026-09-24 16:30:00,3740514728,1.5,129,
guerrieri|a|maestrelli|f,guerrieri|a,maestrelli|f,Andrea Guerrieri,Francesco Maestrelli,ATP Challenger St Tropez - R1,2026-09-21 13:00:00,0.5978509974455931,0.402149002554407,0.613899613899614,0.4184100418410042,1750,2026-09-21 12:59:46,2026-09-21 12:59:38,2026-09-21 14:00:00,3737704460,0.2,53,
guevara|c|jialin|t,guevara|c,jialin|t,Carmen Gallardo Guevara,Tian Jialin,ITF Women Yecla - R1,2026-09-23 10:00:00,0.6192873600199787,0.3807126399800214,0.6428571428571428,0.40485829959514175,450,2026-09-23 10:03:42,2026-09-23 09:48:52,2026-09-23 10:00:00,3739180057,-3.7,35,
guevara|c|perez|g,guevara|c,perez|g,Carmen Gallardo Guevara,Georgina Garcia Perez,ITF Women Yecla - QF,2026-09-25 10:43:00,0.5971689739341067,0.4028310260658934,0.6212121212121212,0.4273504273504274,750,2026-09-25 10:49:46,2026-09-25 10:36:11,2026-09-25 10:43:00,3741137355,-6.8,51,
guevara|c|rouvroy|m,guevara|c,rouvroy|m,Carmen Gallardo Guevara,Margaux Rouvroy,ITF Women Yecla - R16,2026-09-24 11:46:12,0.3709205302772907,0.6290794697227093,0.39525691699604737,0.6527777777777778,450,2026-09-24 11:51:32,2026-09-24 11:37:39,2026-09-24 11:46:12,3740365410,-5.3,53,
gulin|s|lagutin|p,gulin|s,lagutin|p,Svyatoslav Gulin,Pavel Lagutin,ATP Challenger Plovdiv - Qualifiers,2026-09-21 08:05:00,0.3466467459665157,0.6533532540334839,0.37593984962406013,0.6815286624203821,350,2026-09-21 07:58:36,2026-09-21 07:57:44,2026-09-21 08:05:00,3737571368,6.4,28,
gulin|s|tabata|r,gulin|s,tabata|r,Svyatoslav Gulin,Ryo Tabata,ATP Challenger Plovdiv - Qualifiers,2026-09-20 07:13:52,0.8304101826018081,0.16958981739819184,0.8585572842998586,0.20202020202020202,125,2026-09-20 07:10:25,2026-09-20 07:05:16,2026-09-20 07:13:52,3735880488,3.4,30,
gundacker|j|pokorny|l,gundacker|j,pokorny|l,Jonas Gundacker,Lukas Pokorny,ITF Men Pardubice - R16,2026-09-24 10:00:00,0.22193008535436132,0.7780699146456387,0.2469135802469136,0.8011928429423458,450,2026-09-24 19:53:50,2026-09-24 19:45:31,2026-09-24 10:00:00,3740135178,-593.8,151,
guo|m|kawaguchi|n,guo|m,kawaguchi|n,Meiqi Guo,Natsumi Kawaguchi,WTA 125k Jingshan - Qualifiers,2026-09-26 04:48:06,0.3581720593764118,0.6418279406235883,0.3802281368821293,0.6632996632996633,1750,2026-09-26 04:57:21,2026-09-26 04:42:55,2026-09-26 04:48:06,3742029362,-9.3,67,
guo|m|sidorova|k,guo|m,sidorova|k,Meiqi Guo,Kristiana Sidorova,WTA 125k Jingshan - Qualifiers,2026-09-27 04:30:00,0.23092206033876,0.76907793966124,0.2531645569620253,0.7899159663865546,1750,2026-09-27 04:27:05,2026-09-27 04:21:38,2026-09-27 04:30:00,3743746227,2.9,130,
gurri|m|jover|c,gurri|m,jover|c,Max Alcala Gurri,Carlos Sanchez Jover,ATP Challenger Plovdiv - R16,2026-09-23 09:59:30,0.712716897227143,0.28728310277285707,0.7340425531914894,0.30959752321981426,1750,2026-09-23 10:03:42,2026-09-23 09:53:56,2026-09-23 09:59:30,3739284604,-4.2,94,
gurri|m|taberner|c,gurri|m,taberner|c,Max Alcala Gurri,Carlos Taberner,ATP Challenger Plovdiv - SF,2026-09-26 11:12:14,0.5747694811024702,0.42523051889752983,0.5918367346938775,0.4424778761061947,2500,2026-09-26 11:44:09,2026-09-26 11:30:27,2026-09-26 11:12:14,3742328328,-31.9,118,
gurri|m|tiffon|p,gurri|m,tiffon|p,Max Alcala Gurri,Pol Martin Tiffon,ATP Challenger Plovdiv - QF,2026-09-25 10:58:11,0.5836429255050585,0.4163570744949415,0.6000000000000001,0.4329004329004329,2500,2026-09-25 11:01:37,2026-09-25 10:51:16,2026-09-25 10:58:11,3741150098,-3.5,95,
guth|m|hatouka|y,guth|m,hatouka|y,Mara Guth,Yuliya Hatouka,ITF Women Sharm El Sheikh - QF,2026-09-25 07:30:00,0.418681155258392,0.581318844741608,0.4424778761061947,0.6047430830039526,750,2026-09-25 06:38:22,2026-09-25 06:37:52,2026-09-25 06:46:01,3740997908,51.6,30,
guth|m|rothensteiner|l,guth|m,rothensteiner|l,Mara Guth,Liel Marlies Rothensteiner,ITF Women Sharm El Sheikh - R1,2026-09-23 10:03:34,0.9037629303958972,0.09623706960410297,0.9227799227799228,0.11933174224343678,450,2026-09-23 10:03:42,2026-09-23 09:53:56,2026-09-23 10:03:34,3739288796,-0.1,30,
guth|m|sedysheva|a,guth|m,sedysheva|a,Mara Guth,Anna Sedysheva,ITF Women Sharm El Sheikh - R16,2026-09-24 08:53:55,0.931072922519833,0.06892707748016685,0.9476987447698744,0.09033423667570009,450,2026-09-24 08:55:03,2026-09-24 08:44:07,2026-09-24 08:53:55,3740222518,-1.1,40,
gutierrez|o|mesa|b,gutierrez|o,mesa|b,Oscar Jose Gutierrez,Bernardo Munk Mesa,ITF Men Sabadell - R1,2026-09-22 09:47:41,0.5423142091883913,0.4576857908116087,0.5652173913043479,0.4807692307692307,450,2026-09-22 09:47:57,2026-09-22 09:37:51,2026-09-22 09:47:41,3738273111,-0.3,39,
haita|s|pieleanu|r,haita|s,pieleanu|r,Stefan Horia Haita,Rares Teodor Pieleanu,ITF Men Slobozia - R1,2026-09-29 07:00:00,0.585592156287665,0.414407843712335,0.609375,0.43859649122807015,450,2026-09-29 07:00:13,2026-09-29 06:58:36,2026-09-29 07:00:00,3745866924,-0.2,26,
halys|q|safiullin|r,halys|q,safiullin|r,Quentin Halys,Roman Safiullin,ATP Hangzhou - R16,2026-09-26 05:46:53,0.40696340643566536,0.5930365935643346,0.42194092827004215,0.607843137254902,4000,2026-09-26 05:52:36,2026-09-26 05:40:25,2026-09-26 05:46:53,3742054626,-5.7,200,
hamrouni|n|matsumoto|y,hamrouni|n,matsumoto|y,Nadine Hamrouni,Yuka Matsumoto,ITF Women Monastir - R1,2026-09-23 15:16:22,0.1016409740351886,0.8983590259648115,0.125,0.9177631578947368,450,2026-09-23 15:21:24,2026-09-23 15:07:11,2026-09-23 15:16:22,3739599462,-5.1,37,
hanatani|n|ishii|s,hanatani|n,ishii|s,Nagi Hanatani,Sayaka Ishii,ITF Women Nanao - R1,2026-09-23 02:51:08,0.06630864097446683,0.9336913590255329,0.08748906386701663,0.9500249875062469,450,2026-09-23 02:59:58,2026-09-23 02:59:58,2026-09-23 02:51:08,3739026071,-8.9,85,
hance|k|martin|a,hance|k,martin|a,Keaton Hance,Andres Martin,ATP Challenger San Diego - R1,2026-09-23 01:56:20,0.2327846699402096,0.7672153300597905,0.25510204081632654,0.788135593220339,1750,2026-09-23 01:56:32,2026-09-23 01:48:15,2026-09-23 01:56:20,3738998988,-0.2,93,
handel|t|marcos|p,handel|t,marcos|p,Tim Handel,Pedro Vives Marcos,ITF Men Sabadell - R1,2026-09-23 10:00:00,0.2506066115428216,0.7493933884571784,0.27548209366391185,0.7727272727272727,350,2026-09-23 07:59:40,2026-09-23 07:46:21,2026-09-23 10:00:00,3739107583,120.3,27,
hanfmann|y|machac|t,hanfmann|y,machac|t,Yannick Hanfmann,Tomas Machac,ATP Beijing - Qualifiers,2026-09-28 03:17:17,0.5382595083400123,0.46174049165998776,0.5594713656387665,0.48309178743961345,800,2026-09-28 03:11:47,2026-09-28 03:09:26,2026-09-28 03:17:17,3745246473,5.5,13,
hansen|s|jamshidi|e,hansen|s,jamshidi|e,Sarafina Olivia Hansen,Elena Jamshidi,ITF Women Sharm El Sheikh - R1,2026-09-23 07:30:00,0.6615077468611743,0.3384922531388257,0.6845425867507886,0.3623188405797102,450,2026-09-23 07:39:59,2026-09-23 07:29:13,2026-09-23 07:30:00,3739113476,-10.0,21,
hansen|s|tupitsyna|e,hansen|s,tupitsyna|e,Sarafina Olivia Hansen,Ekaterina Tupitsyna,ITF Women Sharm El Sheikh - R1,2026-09-23 09:00:00,0.05784496154209682,0.9421550384579033,0.0782472613458529,0.9574829931972789,450,2026-09-23 07:48:24,2026-09-23 07:37:15,2026-09-23 09:00:00,3739137728,71.5,22,
han|j|shimizu|e,han|j,shimizu|e,Jiangxue Han,Eri Shimizu,ITF Women Kyoto - R16,2026-09-17 01:00:00,0.34435311531109697,0.6556468846889031,0.36900369003690037,0.6794871794871794,450,2026-09-17 00:58:06,2026-09-17 00:48:49,2026-09-17 01:00:00,3731498256,1.9,39,
han|j|tamura|k,han|j,tamura|k,Jiangxue Han,Kurumi Tamura,ITF Women Nanao - R1,2026-09-23 01:00:00,0.7524409776370322,0.2475590223629676,0.7757847533632287,0.2724795640326976,450,2026-09-23 00:58:42,2026-09-23 00:58:34,2026-09-23 01:00:00,3738976802,1.3,78,
harris|b|kjaer|n,harris|b,kjaer|n,Billy Harris,Nicolai Budkov Kjaer,ATP Challenger St Tropez - R1,2026-09-22 12:30:00,0.3866691323956914,0.6133308676043085,0.40322580645161293,0.6296296296296295,1750,2026-09-22 12:29:34,2026-09-22 12:23:45,2026-09-22 12:30:00,3738328695,0.4,229,
harris|l|hurkacz|h,harris|l,hurkacz|h,Lloyd Harris,Hubert Hurkacz,ATP Chengdu Open - QF,2026-09-27 11:45:00,0.3842093579627319,0.6157906420372682,0.3968253968253968,0.6282527881040892,5000,2026-09-27 11:35:34,2026-09-27 11:35:34,2026-09-27 11:38:44,3744146108,9.4,126,
harris|l|kovacevic|a,harris|l,kovacevic|a,Lloyd Harris,Aleksandar Kovacevic,ATP Chengdu Open - R1,2026-09-24 11:00:00,0.6442993926333691,0.35570060736663095,0.6587030716723549,0.37037037037037035,3000,2026-09-24 10:49:48,2026-09-24 10:45:07,2026-09-24 10:52:14,3740320402,10.2,125,
harris|l|miyoshi|k,harris|l,miyoshi|k,Lloyd Harris,Kenta Miyoshi,ATP Chengdu Open - Qualifiers,2026-09-22 07:00:00,0.7789041345069214,0.2210958654930788,0.7975708502024291,0.24096385542168672,1750,2026-09-22 07:01:11,2026-09-22 06:51:33,2026-09-22 08:00:00,3738162268,-1.2,64,
harris|l|vacherot|v,harris|l,vacherot|v,Lloyd Harris,Valentin Vacherot,ATP Chengdu Open - R16,2026-09-26 09:15:00,0.4929231108766134,0.5070768891233867,0.5073891625615764,0.5215311004784688,4000,2026-09-26 08:58:48,2026-09-26 08:58:05,2026-09-26 09:15:00,3742186576,16.2,213,
hassani|y|ruggeri|s,hassani|y,ruggeri|s,Youssef Kadiri Hassani,Samuel Vincent Ruggeri,ITF Men Monastir - R1,2026-09-23 11:41:32,0.25466646815752353,0.7453335318424765,0.27932960893854747,0.7685185185185185,450,2026-09-23 11:45:20,2026-09-23 11:32:53,2026-09-23 11:41:32,3739396505,-3.8,20,
hassan|b|piros|z,hassan|b,piros|z,Benjamin Hassan,Zsombor Piros,ATP Challenger Bari - R1,2026-09-28 16:00:00,0.213469584614855,0.7865304153851451,0.23584905660377356,0.8073217726396916,1300,2026-09-28 15:58:33,2026-09-28 15:49:48,2026-09-28 16:00:00,3745533412,1.4,57,
hassan|b|tiffon|p,hassan|b,tiffon|p,Benjamin Hassan,Pol Martin Tiffon,ATP Challenger Plovdiv - R1,2026-09-21 16:40:00,0.39158787040463683,0.6084121295953632,0.4132231404958678,0.6296296296296295,1750,2026-09-21 15:51:38,2026-09-21 15:45:39,2026-09-21 15:52:50,3737790551,48.3,119,
hasson|j|hurrion|m,hasson|j,hurrion|m,Jordan Hasson,Millen Hurrion,ITF Men Baku - R1,2026-09-22 06:12:53,0.11088038039007558,0.8891196196099246,0.13458950201884254,0.9090909090909091,450,2026-09-22 06:19:18,2026-09-22 06:06:15,2026-09-22 06:12:53,3738138498,-6.4,67,
hatouka|y|pawlikowska|z,hatouka|y,pawlikowska|z,Yuliya Hatouka,Zuzanna Pawlikowska,ITF Women Sharm El Sheikh - SF,2026-09-26 06:43:56,0.5068194501336398,0.4931805498663601,0.5305164319248826,0.5169082125603864,750,2026-09-26 06:45:01,2026-09-26 06:35:55,2026-09-26 06:43:56,3742083400,-1.1,98,
hatouka|y|zanolini|c,hatouka|y,zanolini|c,Yuliya Hatouka,Camilla Zanolini,ITF Women Sharm El Sheikh - R1,2026-09-23 09:00:00,0.5022727742318428,0.49772722576815714,0.5260663507109005,0.5215311004784688,450,2026-09-23 08:57:53,2026-09-23 08:46:47,2026-09-23 09:00:00,3739138235,2.1,28,
hayasaka|k|itaya|r,hayasaka|k,itaya|r,Kurea Hayasaka,Rion Itaya,ITF Women Nanao - R16,2026-09-24 02:00:00,0.8706330235604571,0.12936697643954292,0.8915401301518437,0.15360983102918588,450,2026-09-24 01:10:36,2026-09-24 01:08:07,2026-09-24 01:13:46,3740029068,49.4,82,
hayasaka|k|rajecki|a,hayasaka|k,rajecki|a,Kurea Hayasaka,Amelia Rajecki,ITF Women Nanao - R1,2026-09-23 03:00:00,0.3363241437594815,0.6636758562405185,0.36101083032490977,0.6875,450,2026-09-23 02:59:58,2026-09-23 02:59:22,2026-09-23 03:00:00,3739031767,0.0,86,
heck|h|simakin|i,heck|h,simakin|i,Hunter Heck,Ilia Simakin,ATP Challenger Phan Thiet - SF,2026-09-19 04:00:00,0.2062164927420846,0.7937835072579151,0.22371364653243844,0.810246679316888,1875,2026-09-19 02:57:56,2026-09-19 02:52:46,2026-09-19 04:00:00,3733697681,61.9,127,
heide|g|stricker|d,heide|g,stricker|d,Gustavo Heide,Dominic Stephan Stricker,Davis Cup World - Group 1,2026-09-19 22:00:00,0.43148577086963086,0.5685142291303691,0.4464285714285714,0.5833333333333333,3000,2026-09-19 22:00:00,2026-09-19 21:59:58,2026-09-19 22:00:00,3735537077,-0.0,98,
heide|g|wawrinka|s,heide|g,wawrinka|s,Gustavo Heide,Stan Wawrinka,Davis Cup World - Group 1,2026-09-18 21:33:00,0.3701285816954703,0.6298714183045296,0.3846153846153846,0.6441281138790036,3000,2026-09-18 20:55:42,2026-09-18 20:55:42,2026-09-18 20:52:04,3733497066,37.3,79,
hemery|c|taberner|c,hemery|c,taberner|c,Calvin Hemery,Carlos Taberner,ATP Challenger Plovdiv - QF,2026-09-25 11:04:34,0.402149002554407,0.5978509974455931,0.4184100418410042,0.613899613899614,2500,2026-09-25 11:01:37,2026-09-25 10:56:37,2026-09-25 11:04:34,3741155325,2.9,95,
hennemann|c|koning|l,hennemann|c,koning|l,Caijsa Hennemann,Loes Ebeling Koning,ITF Women Pazardzhik - SF,2026-09-18 09:00:00,0.41692738602892576,0.5830726139710743,0.44052863436123346,0.6062992125984252,750,2026-09-18 07:14:27,2026-09-18 07:07:52,2026-09-18 07:14:14,3732541468,105.5,60,
hennemann|c|korokozidi|e,hennemann|c,korokozidi|e,Caijsa Hennemann,Elena Korokozidi,ITF Women Pazardzhik - QF,2026-09-17 09:17:13,0.7018992023675551,0.29810079763244507,0.7252747252747253,0.3225806451612903,750,2026-09-17 09:08:45,2026-09-17 09:08:45,2026-09-17 09:17:13,3731754499,8.4,46,
hennemann|c|maduzzi|g,hennemann|c,maduzzi|g,Caijsa Hennemann,Gaia Maduzzi,ITF Women Plovdiv - R16,2026-09-24 09:00:00,0.7297229659242088,0.2702770340757912,0.7530864197530864,0.2949852507374631,450,2026-09-24 07:07:18,2026-09-24 07:04:33,2026-09-24 07:14:17,3740155569,112.7,31,
hennemann|c|stankovic|a,hennemann|c,stankovic|a,Caijsa Hennemann,Anja Stankovic,ITF Women Plovdiv - QF,2026-09-25 08:00:00,0.7207837216090557,0.27921627839094426,0.7442455242966751,0.303951367781155,750,2026-09-25 07:59:05,2026-09-25 07:50:07,2026-09-25 08:00:00,3740967940,0.9,59,
hennemann|c|yaneva|e,hennemann|c,yaneva|e,Caijsa Hennemann,Elizara Yaneva,ITF Women Plovdiv - SF,2026-09-26 09:00:00,0.3157812916518197,0.6842187083481804,0.3401360544217687,0.7076023391812866,750,2026-09-26 07:59:55,2026-09-26 07:59:11,2026-09-26 09:00:00,3742096444,60.1,99,
henning|p|silva|j,henning|p,silva|j,Philip Henning,Joao Silva,ITF Men Setubal - R1,2026-09-23 11:00:00,0.8277003468680064,0.17229965313199355,0.8500749625187406,0.1972386587771203,450,2026-09-23 11:00:20,2026-09-23 10:47:34,2026-09-23 11:00:00,3739235167,-0.3,126,
herazo|m|popa|g,herazo|m,popa|g,Maria Herazo,Giulia Safina Popa,ITF Women Constanta - QF,2026-09-25 08:30:00,0.10748372527356209,0.8925162747264381,0.1310615989515072,0.9122807017543859,750,2026-09-25 08:27:51,2026-09-25 08:20:20,2026-09-25 08:30:00,3740997285,2.1,37,
herbert|p|wayenburg|s,herbert|p,wayenburg|s,Pierre-Hugues Herbert,Sascha Gueymard Wayenburg,ATP Challenger Mouilleron-Le-Captif - R1,2026-09-28 17:30:00,0.42733679918037093,0.5726632008196292,0.4484304932735426,0.5934959349593496,1750,2026-09-28 17:30:45,2026-09-28 17:20:22,2026-09-28 18:30:00,3745596246,-0.8,118,
herck|l|raynel|a,herck|l,raynel|a,Louis Van Herck,Amaury Raynel,ITF Men Forbach - R1,2026-09-22 13:58:19,0.48179407595123863,0.5182059240487615,0.504950495049505,0.5412844036697247,450,2026-09-22 14:00:18,2026-09-22 13:54:20,2026-09-22 13:58:19,3738487288,-2.0,82,
herck|l|trufelli|t,herck|l,trufelli|t,Louis Van Herck,Timeo Trufelli,ITF Men Forbach - R16,2026-09-24 10:00:00,0.49090608366129546,0.5090939163387046,0.5145631067961165,0.5327102803738317,450,2026-09-24 11:03:18,2026-09-24 10:57:07,2026-09-24 10:00:00,3740242347,-63.3,91,
heredia|s|osorio|j,heredia|s,osorio|j,Samuel Heredia,Juan Sebastian Osorio,ATP Challenger Curitiba - Qualifiers,2026-09-28 13:00:00,0.5935185690145597,0.4064814309854403,0.6212121212121212,0.4347826086956522,350,2026-09-28 12:59:11,2026-09-28 12:57:51,2026-09-28 14:00:00,3745460549,0.8,52,
herrmann|t|schell|n,herrmann|t,schell|n,Theo Herrmann,Niklas Schell,ITF Men Forbach - R16,2026-09-24 09:00:00,0.46311087120684624,0.5368891287931538,0.48780487804878053,0.5614035087719298,450,2026-09-24 09:01:06,2026-09-24 08:56:18,2026-09-24 09:00:00,3740200848,-1.1,37,
herrmann|t|silva|a,herrmann|t,silva|a,Theo Herrmann,Adan Freire Da Silva,ITF Men Forbach - R1,2026-09-22 08:17:00,0.26189318625069147,0.7381068137493085,0.28653295128939826,0.7613365155131264,450,2026-09-22 10:20:42,2026-09-22 10:07:50,2026-09-22 10:15:29,3738296087,-123.7,58,
herrmann|t|thomas|f,herrmann|t,thomas|f,Theo Herrmann,Flynn Thomas,ITF Men Forbach - QF,2026-09-25 14:00:00,0.3143384847053171,0.685661515294683,0.3389830508474576,0.7093023255813954,750,2026-09-25 14:00:42,2026-09-25 13:58:51,2026-09-25 14:08:02,3741282332,-0.7,66,
hesse|a|rouvroy|m,hesse|a,rouvroy|m,Amandine Hesse,Margaux Rouvroy,ITF Women Yecla - R1,2026-09-23 10:42:44,0.5,0.5,0.5238095238095238,0.5238095238095238,450,2026-09-23 10:49:02,2026-09-23 10:34:11,2026-09-23 10:42:44,3739331320,-6.3,37,
hewitt|c|kouzmine|c,hewitt|c,kouzmine|c,Cruz Hewitt,Constantin Bittoun Kouzmine,ATP Challenger Phan Thiet - R16,2026-09-17 03:14:23,0.7583527691932097,0.2416472308067903,0.7792494481236203,0.2638522427440633,1750,2026-09-17 03:06:14,2026-09-17 03:04:42,2026-09-17 03:14:23,3731605464,8.1,47,
hewitt|c|piter|q,hewitt|c,piter|q,Catherine Harrison / Dalayna Hewitt,Quinn Gleason / Katarzyna Piter,WTA Guadalajara - Doubles,2026-09-16 19:30:00,0.4230443833704483,0.5769556166295517,0.4464285714285714,0.6000000000000001,500,2026-09-16 19:36:22,2026-09-16 19:25:48,2026-09-16 19:30:00,3731305924,-6.4,5,
hewitt|c|simakin|i,hewitt|c,simakin|i,Cruz Hewitt,Ilia Simakin,ATP Challenger Phan Thiet - QF,2026-09-18 03:10:44,0.24647512196943905,0.753524878030561,0.2638522427440633,0.7701149425287357,2500,2026-09-18 03:16:19,2026-09-18 03:05:19,2026-09-18 03:10:44,3732475067,-5.6,93,
hibino|n|ito|a,hibino|n,ito|a,Nao Hibino,Aoi Ito,WTA Singapore - Qualifiers,2026-09-20 04:12:54,0.5,0.5,0.5192307692307692,0.5192307692307692,1750,2026-09-20 04:08:51,2026-09-20 04:02:11,2026-09-20 05:00:00,3735804230,4.0,38,
hibino|n|mladenovic|k,hibino|n,mladenovic|k,Nao Hibino,Kristina Mladenovic,WTA Singapore - R1,2026-09-21 04:30:00,0.8099317292349212,0.1900682707650789,0.823943661971831,0.20491803278688525,2250,2026-09-21 04:20:07,2026-09-21 04:11:18,2026-09-21 04:30:00,3737521155,9.9,73,
hibino|n|ng|k,hibino|n,ng|k,Nao Hibino,Kai Ning Chanya Ng,WTA Singapore - Qualifiers,2026-09-19 04:20:00,0.9805904647964789,0.019409535203521087,0.9898662342926631,0.03685956505713233,250,2026-09-19 02:57:56,2026-09-19 02:52:46,2026-09-19 04:20:00,3733696731,81.9,11,
hibino|n|sakkari|m,hibino|n,sakkari|m,Nao Hibino,Maria Sakkari,WTA Singapore - R16,2026-09-24 14:30:00,0.14549620318386405,0.854503796816136,0.16,0.8678996036988111,2500,2026-09-24 14:03:16,2026-09-24 14:03:16,2026-09-24 14:30:00,3740464241,26.7,161,
hidalgo|g|skupski|h,hidalgo|g,skupski|h,Gonzalo Escobar / Diego Hidalgo,Henry Patten / Neal Skupski,Davis Cup - Doubles,2026-09-20 11:00:00,0.161962897825105,0.838037102174895,0.18975332068311196,0.8624484181568087,950,2026-09-20 11:57:34,2026-09-20 11:50:09,2026-09-20 11:00:00,3736119490,-57.6,29,
hietaranta|l|tomase|e,hietaranta|l,tomase|e,Laura Hietaranta,Elza Tomase,ITF Women Yecla - R1,2026-09-23 10:00:00,0.40193707752592206,0.598062922474078,0.425531914893617,0.6212121212121212,450,2026-09-23 10:03:42,2026-09-23 09:48:52,2026-09-23 10:00:00,3739232795,-3.7,34,
hijikata|r|rublev|a,hijikata|r,rublev|a,Rinky Hijikata,Andrey Rublev,ATP Hangzhou - R16,2026-09-25 11:30:00,0.2462687504273966,0.7537312495726034,0.2610966057441253,0.7679814385150813,4000,2026-09-25 10:34:04,2026-09-25 10:21:05,2026-09-25 11:30:00,3741127580,55.9,113,
hijikata|r|svrcina|d,hijikata|r,svrcina|d,Rinky Hijikata,Dalibor Svrcina,ATP Hangzhou - R1,2026-09-24 07:15:00,0.42235754049964147,0.5776424595003585,0.4366812227074236,0.5918367346938775,3000,2026-09-24 07:07:18,2026-09-24 07:04:33,2026-09-24 07:15:00,3740154314,7.7,109,
hijikata|r|tsitsipas|s,hijikata|r,tsitsipas|s,Rinky Hijikata,Stefanos Tsitsipas,ATP Tokyo - Qualifiers,2026-09-29 02:10:00,0.24610347325469062,0.7538965267453092,0.26595744680851063,0.7727272727272727,1750,2026-09-29 02:02:52,2026-09-29 01:53:42,2026-09-29 02:10:00,3745775376,7.1,59,
hipfl|n|pujolras|a,hipfl|n,pujolras|a,Nico Hipfl,Alex Marti Pujolras,ITF Men Sabadell - R1,2026-09-22 15:49:31,0.29939736687352225,0.7006026331264779,0.3236245954692557,0.7237569060773481,450,2026-09-22 15:57:09,2026-09-22 15:42:11,2026-09-22 15:49:31,3738574881,-7.7,95,
hipfl|n|salazar|d,hipfl|n,salazar|d,Nico Hipfl,Daniel Salazar,ITF Men Zlatibor - R1,2026-09-17 11:00:00,0.6923644789871776,0.3076355210128226,0.7159090909090909,0.33222591362126247,450,2026-09-17 10:59:09,2026-09-17 10:52:48,2026-09-17 11:00:00,3731749907,0.8,57,
hodzic|m|malygina|e,hodzic|m,malygina|e,Mina Hodzic,Elena Malygina,WTA 125K Porto - R1,2026-09-22 10:15:03,0.5068820374983521,0.4931179625016478,0.5283018867924528,0.5145631067961165,1750,2026-09-22 10:20:42,2026-09-22 10:07:50,2026-09-22 10:15:03,3738296240,-5.7,103,
hoffmann|m|jonge|d,hoffmann|m,jonge|d,Moritz Hoffmann,Daniel De Jonge,ITF Men Forbach - R16,2026-09-24 10:33:52,0.10565901400450205,0.894340985995498,0.12919896640826872,0.9140154772141014,450,2026-09-24 10:33:52,2026-09-24 10:26:53,2026-09-24 10:33:52,3740304688,-0.0,87,
hoffmann|m|manrubia|l,hoffmann|m,manrubia|l,Moritz Hoffmann,Laurens Harnoth Manrubia,ITF Men Forbach - R1,2026-09-22 07:00:00,0.5706560695337817,0.42934393046621827,0.5934959349593496,0.45248868778280543,450,2026-09-22 07:01:11,2026-09-22 06:59:29,2026-09-22 07:05:00,3738165834,-1.2,51,
homola|p|ivanovski|k,homola|p,ivanovski|k,Patrik Homola,Kalin Ivanovski,ITF Men Pardubice - R1,2026-09-23 10:00:00,0.11140864781514785,0.8885913521848526,0.13513513513513511,0.9085923217550275,450,2026-09-23 12:58:54,2026-09-23 12:48:22,2026-09-23 12:54:54,3739470366,-178.9,38,
honda|n|sharipov|m,honda|n,sharipov|m,Naoya Honda,Marat Sharipov,ATP Challenger Jingshan - Qualifiers,2026-09-28 02:05:00,0.06270335384073498,0.937296646159265,0.09074410163339383,0.9570815450643778,100,2026-09-28 02:03:46,2026-09-28 01:59:34,2026-09-28 02:05:00,3745231978,1.2,8,
hontama|m|lee|e,hontama|m,lee|e,Mai Hontama,Eunhye Lee,WTA Seoul - Qualifiers,2026-09-19 03:31:56,0.8047166587084043,0.19528334129159597,0.8254799301919721,0.2178649237472767,450,2026-09-19 03:31:36,2026-09-19 03:22:58,2026-09-19 03:31:56,3733714752,0.3,13,
hontama|m|panova|a,hontama|m,panova|a,Mai Hontama,Alexandra Panova,WTA Beijing - Qualifiers,2026-09-28 10:15:00,0.9531737427385515,0.046826257261448824,0.9691262735412164,0.07042253521126761,250,2026-09-28 09:53:52,2026-09-28 09:43:52,2026-09-28 10:15:00,3745355595,21.1,5,
hon|p|yao|x,hon|p,yao|x,Priscilla Hon,Xinxin Yao,WTA Seoul - Qualifiers,2026-09-19 04:30:00,0.5982148211416995,0.40178517885830045,0.6197718631178707,0.42372881355932196,1050,2026-09-19 04:33:26,2026-09-19 04:23:20,2026-09-19 04:30:00,3733731142,-3.5,19,
horvit|m|turini|v,horvit|m,turini|v,Mia Horvit,Viola Turini,ITF Women Santa Margherita di Pula - R1,2026-09-23 10:30:00,0.2754359376822259,0.7245640623177741,0.3003003003003003,0.7481108312342569,450,2026-09-23 10:32:26,2026-09-23 10:17:22,2026-09-23 10:30:00,3739207828,-2.5,36,
hosogi|s|matsuda|r,hosogi|s,matsuda|r,Sakura Hosogi,Rinko Matsuda,ITF Women Nanao - R16,2026-09-24 02:30:00,0.45673494719368496,0.543265052806315,0.4807692307692307,0.5670995670995671,450,2026-09-24 02:45:56,2026-09-24 02:34:21,2026-09-24 02:30:00,3740065565,-15.9,87,
hosogi|s|ozeki|m,hosogi|s,ozeki|m,Sakura Hosogi,Michika Ozeki,ITF Women Nanao - SF,2026-09-26 03:00:00,0.8682663922094533,0.13173360779054683,0.8892580287929125,0.15600624024961,750,2026-09-26 02:56:20,2026-09-26 02:47:51,2026-09-26 02:53:35,3741978845,3.6,103,
hosogi|s|sato|h,hosogi|s,sato|h,Sakura Hosogi,Hikaru Sato,ITF Women Nanao - QF,2026-09-25 01:00:00,0.5453511946446948,0.4546488053553053,0.5689655172413793,0.47846889952153115,750,2026-09-25 01:01:04,2026-09-25 00:47:25,2026-09-25 01:00:00,3740866656,-1.1,103,
hosogi|s|yoshimoto|n,hosogi|s,yoshimoto|n,Sakura Hosogi,Natsuki Yoshimoto,ITF Women Nanao - R1,2026-09-22 03:00:00,0.5238095238095238,0.47619047619047616,0.5475113122171946,0.5,450,2026-09-22 03:00:35,2026-09-22 02:49:53,2026-09-22 03:00:00,3738030543,-0.6,63,
hou|y|tian|n,hou|y,tian|n,Yanan Hou,Niehua Tian,ITF Women Maanshan - R1,2026-09-29 04:30:23,0.840518089020872,0.15948191097912806,0.8624484181568087,0.1841620626151013,450,2026-09-29 04:31:16,2026-09-29 04:24:43,2026-09-29 04:30:23,3745814684,-0.9,92,
hou|y|xu|j,hou|y,xu|j,Yanan Hou,Jiayu Xu,ITF Women Maanshan - R1,2026-09-23 01:42:11,0.7112318669143144,0.28876813308568555,0.7347480106100795,0.31347962382445144,450,2026-09-23 01:45:25,2026-09-23 01:37:58,2026-09-23 01:42:11,3738992783,-3.3,161,
hou|y|ye|s,hou|y,ye|s,Yanan Hou,Shiyu Ye,ITF Women Maanshan - R16,2026-09-24 02:08:00,0.20875504383631446,0.7912449561636855,0.23364485981308414,0.8141263940520447,450,2026-09-24 02:01:09,2026-09-24 02:00:06,2026-09-24 02:08:00,3740057603,6.8,67,
hozumi|e|shimizu|m,hozumi|e,shimizu|m,Eudice Chong / Eri Hozumi,Momoko Kobori / Ayano Shimizu,WTA Seoul - Doubles,2026-09-23 04:30:00,0.5313232199808169,0.4686767800191831,0.5575221238938054,0.49504950495049505,500,2026-09-23 05:31:11,2026-09-23 05:16:51,2026-09-23 04:30:00,3738659924,-61.2,122,
hozumi|e|ye|y,hozumi|e,ye|y,Eudice Chong / Eri Hozumi,Ya-Hsin Lee / Qiu Yu Ye,WTA Seoul - Doubles,2026-09-25 03:00:00,0.6620223041909029,0.33797769580909726,0.6855345911949686,0.3623188405797102,500,2026-09-25 03:47:02,2026-09-25 03:33:29,2026-09-25 03:00:00,3740858738,-47.1,75,
hozumi|e|zarazua|i,hozumi|e,zarazua|i,Eudice Chong / Eri Hozumi,Ingrid Gamarra Martins / Renata Zarazua,WTA Seoul - Doubles,2026-09-24 05:30:00,0.6568353766353159,0.34316462336468406,0.6805111821086262,0.36764705882352944,500,2026-09-24 05:19:55,2026-09-24 05:09:46,2026-09-24 05:30:00,3740123235,10.1,94,
hrabavets|u|perelygina|e,hrabavets|u,perelygina|e,Ulyana Hrabavets,Ekaterina Perelygina,ITF Women Sharm El Sheikh - R16,2026-09-24 06:30:00,0.14870994174246796,0.851290058257532,0.1733102253032929,0.8729351969504447,450,2026-09-24 06:34:42,2026-09-24 06:25:16,2026-09-24 06:30:00,3740114815,-4.7,31,
hrda|l|sevcikova|l,hrda|l,sevcikova|l,Luisa Hrda,Linda Sevcikova,ITF Women Constanta - R1,2026-09-22 10:00:00,0.13507725107598403,0.864922748924016,0.1594896331738437,0.8861047835990888,450,2026-09-22 09:59:24,2026-09-22 09:52:45,2026-09-22 10:00:00,3738202877,0.6,67,
hribar|m|urankar|v,hribar|m,urankar|v,Matic Hribar,Vaal Urankar,ITF Men Telavi - R1,2026-09-29 06:00:00,0.44759153219289183,0.5524084678071083,0.4716981132075471,0.576271186440678,450,2026-09-29 06:00:08,2026-09-29 05:55:19,2026-09-29 06:00:00,3745808965,-0.2,26,
hruncakova|v|iatcenko|p,hruncakova|v,iatcenko|p,Viktoria Hruncakova,Polina Iatcenko,WTA 125K Ankara - R1,2026-09-21 11:30:00,0.40090507550418786,0.5990949244958123,0.42194092827004215,0.6197718631178707,1750,2026-09-21 10:57:54,2026-09-21 10:43:46,2026-09-21 11:30:00,3737631151,32.1,42,
hruncakova|v|tikhonova|a,hruncakova|v,tikhonova|a,Viktoria Hruncakova,Anastasia Tikhonova,WTA 125K Adana - Qualifiers,2026-09-27 12:30:00,0.6014305710296673,0.39856942897033276,0.6226415094339623,0.42016806722689076,1750,2026-09-27 11:58:59,2026-09-27 11:54:26,2026-09-27 12:30:00,3743926130,31.0,125,
hsieh|j|nicholls|t,hsieh|j,nicholls|t,Joanna Garland / Su-Wei Hsieh,Tereza Mihalikova / Olivia Nicholls,WTA Singapore - Doubles,2026-09-23 03:10:00,0.2809929367074894,0.7190070632925106,0.3076923076923077,0.7442455242966751,500,2026-09-23 02:59:58,2026-09-23 02:59:22,2026-09-23 03:10:00,3739026183,10.0,155,
hsieh|j|sutjiadi|e,hsieh|j,sutjiadi|e,Joanna Garland / Su-Wei Hsieh,Erin Routliffe / Aldila Sutjiadi,WTA Singapore - Doubles,2026-09-24 11:05:00,0.38431532860939915,0.6156846713906008,0.4081632653061224,0.6389891696750902,500,2026-09-24 11:57:16,2026-09-24 11:42:23,2026-09-24 11:05:00,3740337066,-52.3,54,
hsu|y|wallin|o,hsu|y,wallin|o,Yu Hsiou Hsu,Olle Wallin,Davis Cup World - Group 1,2026-09-19 03:16:12,0.5117990196634443,0.4882009803365558,0.5260663507109005,0.5024875621890548,3000,2026-09-19 03:15:44,2026-09-19 03:07:52,2026-09-19 03:16:12,3733705143,0.5,88,
huang|y|khomutsianskaya|d,huang|y,khomutsianskaya|d,Yujia Huang,Daria Khomutsianskaya,ITF Women Shenyang - QF,2026-09-18 02:00:00,0.42934393046621827,0.5706560695337817,0.45248868778280543,0.5934959349593496,750,2026-09-18 01:59:46,2026-09-18 01:58:28,2026-09-18 03:00:00,3732447389,0.2,83,
huang|y|nugroho|p,huang|y,nugroho|p,Yujia Huang,Priska Nugroho,WTA 125k Jingshan - Qualifiers,2026-09-27 03:12:16,0.5240154926328736,0.47598450736712633,0.5454545454545454,0.49751243781094534,1750,2026-09-27 03:16:28,2026-09-27 03:06:10,2026-09-27 03:12:16,3743783938,-4.2,78,
huang|y|shi|h,huang|y,shi|h,Yujia Huang,Han Shi,ITF Women Shenyang - R16,2026-09-17 02:00:00,0.2879309599577679,0.7120690400422321,0.3125,0.7354497354497355,450,2026-09-17 01:58:41,2026-09-17 01:49:14,2026-09-17 02:00:00,3731561814,1.3,42,
huang|y|sidorova|k,huang|y,sidorova|k,Yujia Huang,Kristiana Sidorova,ITF Women Shenyang - SF,2026-09-19 03:00:00,0.44759153219289183,0.5524084678071083,0.4716981132075471,0.576271186440678,750,2026-09-19 01:57:53,2026-09-19 01:52:25,2026-09-19 03:00:00,3733661371,62.1,49,
huang|y|wei|s,huang|y,wei|s,Yujia Huang,Sijia Wei,WTA 125k Jingshan - R1,2026-09-28 04:30:00,0.43757902000731635,0.5624209799926835,0.4587155963302753,0.5833333333333333,1750,2026-09-28 04:27:32,2026-09-28 04:15:26,2026-09-28 04:30:00,3745231670,2.4,55,
huang|y|yashina|e,huang|y,yashina|e,Yujia Huang,Ekaterina Yashina,WTA 125k Jingshan - Qualifiers,2026-09-26 04:40:00,0.9070540805090379,0.09294591949096218,0.9290780141843973,0.12091898428053205,300,2026-09-26 04:57:21,2026-09-26 04:42:55,2026-09-26 04:40:00,3742029160,-17.4,72,
huergo|i|karamoko|d,huergo|i,karamoko|d,Irene Burillo Escorihuela / Nicole Fossa Huergo,Dalila Jakupovic / Naima Karamoko,WTA 125k Valencia - Doubles,2026-09-20 15:40:00,0.35920465985988836,0.6407953401401114,0.39525691699604737,0.6753246753246753,500,2026-09-20 15:34:46,2026-09-20 15:21:26,2026-09-20 15:40:00,3736580415,5.2,48,
huergo|i|vedder|d,huergo|i,vedder|d,Irene Burillo Escorihuela / Nicole Fossa Huergo,Despina Papamichail / Eva Vedder,WTA 125k Valencia - Doubles,2026-09-18 15:50:00,0.5589429818559883,0.44105701814401166,0.5934959349593496,0.47619047619047616,500,2026-09-18 20:19:51,2026-09-18 20:05:17,2026-09-18 15:50:00,3732756077,-269.9,76,
hui|k|mcdonald|e,hui|k,mcdonald|e,Katherine Hui,Ella McDonald,ITF Women Berkeley - R1,2026-09-23 20:54:49,0.31533596864107144,0.6846640313589288,0.3401360544217687,0.7084548104956269,450,2026-09-23 20:56:29,2026-09-23 20:51:27,2026-09-23 20:54:49,3739907636,-1.7,89,
hunter|s|zhang|r,hunter|s,zhang|r,Storm Hunter,Ruien Zhang,WTA Beijing - Qualifiers,2026-09-28 07:50:58,0.923110800456347,0.07688919954365299,0.9420289855072463,0.10131712259371835,200,2026-09-28 07:48:07,2026-09-28 07:42:19,2026-09-28 07:50:58,3745320126,2.8,25,
hurkacz|h|shapovalov|d,hurkacz|h,shapovalov|d,Hubert Hurkacz,Denis Shapovalov,ATP Chengdu Open - SF,2026-09-28 12:00:00,0.597278383363627,0.402721616636373,0.609375,0.41493775933609955,9000,2026-09-28 11:32:01,2026-09-28 11:26:51,2026-09-28 11:32:39,3745420691,28.0,88,
hurkacz|h|shevchenko|a,hurkacz|h,shevchenko|a,Hubert Hurkacz,Alexander Shevchenko,ATP Chengdu Open - R1,2026-09-24 11:00:00,0.8137754992582837,0.18622450074171623,0.8278829604130808,0.20120724346076457,2250,2026-09-24 11:03:18,2026-09-24 11:03:18,2026-09-24 12:00:00,3740332551,-3.3,277,
hurrion|m|morag|s,hurrion|m,morag|s,Millen Hurrion,Snir Morag,ITF Men Baku - R16,2026-09-24 07:54:58,0.9578135127124756,0.04218648728752435,0.9708454810495627,0.06067961165048544,450,2026-09-24 08:01:11,2026-09-24 07:50:09,2026-09-24 07:54:58,3740183879,-6.2,31,
hurrion|m|nordquist|a,hurrion|m,nordquist|a,Millen Hurrion,Arvid Nordquist,ITF Men Baku - QF,2026-09-25 07:30:00,0.7377176829733018,0.2622823170266983,0.7613365155131264,0.28735632183908044,750,2026-09-25 07:59:05,2026-09-25 07:50:07,2026-09-25 07:30:00,3740960694,-29.1,89,
hurrion|m|sahoo|d,hurrion|m,sahoo|d,Millen Hurrion,Debasis Sahoo,ITF Men Hurghada - R16,2026-09-17 09:00:00,0.9757404559264583,0.024259544073541684,0.9851411589895989,0.03937007874015748,450,2026-09-17 07:58:57,2026-09-17 07:51:37,2026-09-17 09:00:00,3731681817,61.0,38,
hu|h|tang|s,hu|h,tang|s,Haoran Hu,Sheng Tang,ITF Men Yinchuan - R1,2026-09-23 04:00:00,0.015148675662994132,0.9848513243370058,0.027616680475006903,0.9917382683410444,450,2026-09-23 03:59:37,2026-09-23 03:44:39,2026-09-23 04:00:00,3739004395,0.4,91,
hu|j|kopriva|v,hu|j,kopriva|v,Jia Hu,Vit Kopriva,ATP Chengdu Open - R1,2026-09-23 07:10:00,0.05374855119719728,0.9462514488028028,0.07147962830593281,0.9597747385358004,375,2026-09-23 07:04:46,2026-09-23 07:01:03,2026-09-23 07:10:00,3739134639,5.2,69,
iakubenko|v|walters|m,iakubenko|v,walters|m,Volodymyr Iakubenko,Marcus Walters,ITF Men Baku - R1,2026-09-23 06:00:00,0.4931805498663601,0.5068194501336398,0.5169082125603864,0.5305164319248826,450,2026-09-23 05:59:14,2026-09-23 05:45:30,2026-09-23 06:00:00,3739058499,0.8,103,
iannaccone|f|mikrut|l,iannaccone|f,mikrut|l,Federico Iannaccone,Luka Mikrut,ATP Challenger Genoa - R1,2026-09-22 08:30:00,0.23096129896213669,0.7690387010378633,0.2557544757033248,0.7920997920997921,1050,2026-09-22 08:48:09,2026-09-22 08:37:15,2026-09-22 08:45:18,3738225873,-18.2,24,
iannaccone|f|zeitune|m,iannaccone|f,zeitune|m,Federico Iannaccone,Maximo Zeitune,ATP Challenger Genoa - Qualifiers,2026-09-21 11:30:00,0.6053489362026014,0.39465106379739856,0.6336996336996338,0.42372881355932196,350,2026-09-21 11:34:36,2026-09-21 11:29:03,2026-09-21 11:30:00,3737637802,-4.6,81,
iatcenko|a|micic|t,iatcenko|a,micic|t,Aliona Falei / Polina Iatcenko,Teodora Kostovic / Elena Micic,WTA 125K Ankara - Doubles,2026-09-24 09:00:00,0.6190643628767947,0.38093563712320555,0.6551724137931035,0.4184100418410042,250,2026-09-23 23:26:57,2026-09-23 23:13:08,2026-09-24 09:00:00,3739912871,573.0,43,
iatcenko|p|kostovic|t,iatcenko|p,kostovic|t,Polina Iatcenko,Teodora Kostovic,WTA 125K Ankara - SF,2026-09-26 10:39:00,0.4270509831248423,0.5729490168751579,0.4444444444444444,0.5901639344262295,2500,2026-09-26 10:43:09,2026-09-26 10:30:03,2026-09-26 10:39:00,3742294846,-4.2,116,
iatcenko|p|zaytseva|k,iatcenko|p,zaytseva|k,Polina Iatcenko,Ksenia Zaytseva,WTA 125K Ankara - QF,2026-09-25 09:00:00,0.6517333575010992,0.3482666424989009,0.673202614379085,0.37037037037037035,1750,2026-09-25 08:59:29,2026-09-25 08:50:31,2026-09-25 10:00:00,3741062182,0.5,84,
ibragimova|a|khamutsianskaya|d,ibragimova|a,khamutsianskaya|d,Alevtina Ibragimova,Darya Khamutsianskaya,WTA 125k Jingshan - R1,2026-09-29 07:15:00,0.673719615536414,0.3262803844635858,0.6951219512195121,0.3484320557491289,1750,2026-09-29 07:00:13,2026-09-29 06:58:36,2026-09-29 07:06:19,3745867213,14.8,31,
ibragimova|a|ku|y,ibragimova|a,ku|y,Alevtina Ibragimova,Yeonwoo Ku,WTA Seoul - R1,2026-09-22 06:30:00,0.5398492293172233,0.46015077068277677,0.5535714285714286,0.4739336492890995,2500,2026-09-22 05:38:33,2026-09-22 05:27:34,2026-09-22 06:30:00,3738121608,51.4,117,
ibragimova|a|saigo|r,ibragimova|a,saigo|r,Alevtina Ibragimova,Rina Saigo,WTA Seoul - Qualifiers,2026-09-19 09:09:30,0.7212895377057471,0.278710462294253,0.7402597402597403,0.29850746268656714,1750,2026-09-19 09:09:38,2026-09-19 09:01:49,2026-09-19 09:09:30,3733876631,-0.1,28,
ibragimova|a|saito|s,ibragimova|a,saito|s,Alevtina Ibragimova,Sara Saito,WTA Seoul - Qualifiers,2026-09-20 04:42:10,0.7324819131622113,0.2675180868377885,0.7536945812807883,0.2898550724637681,1050,2026-09-20 04:45:14,2026-09-20 04:32:21,2026-09-20 04:42:10,3735817319,-3.1,25,
ignatov|i|morag|s,ignatov|i,morag|s,Ilya Ignatov,Snir Morag,ITF Men Baku - R1,2026-09-22 07:43:46,0.4068668428113702,0.5931331571886299,0.43103448275862066,0.6168582375478928,450,2026-09-22 07:51:42,2026-09-22 07:36:51,2026-09-22 07:43:46,3738187443,-7.9,38,
imamura|m|noguchi|r,imamura|m,noguchi|r,Masamichi Imamura,Rio Noguchi,ATP Hangzhou - Qualifiers,2026-09-22 08:00:00,0.32290826293363906,0.677091737066361,0.3424657534246575,0.6960486322188449,1750,2026-09-22 07:01:11,2026-09-22 06:51:33,2026-09-22 08:00:00,3738147357,58.8,30,
india||korea|s,india|,korea|s,India,South Korea,Davis Cup - Tie Winner,2026-09-18 05:00:00,0.6484718263385891,0.351528173661411,0.6721311475409836,0.37593984962406013,500,2026-09-18 05:00:03,2026-09-18 04:59:36,2026-09-18 05:00:00,3732505821,-0.1,28,
inglis|m|yao|x,inglis|m,yao|x,Maddison Inglis,Xinxin Yao,WTA Beijing - Qualifiers,2026-09-28 11:25:16,0.5405600038911991,0.45943999610880093,0.5594713656387665,0.47846889952153115,1700,2026-09-28 11:32:01,2026-09-28 11:18:06,2026-09-28 11:25:16,3745416359,-6.8,36,
inoue|h|matsuda|r,inoue|h,matsuda|r,Hina Inoue,Rinko Matsuda,ITF Women Kyoto - R16,2026-09-17 02:09:00,0.5669206085253843,0.43307939147461577,0.5901639344262295,0.4566210045662101,450,2026-09-17 01:58:41,2026-09-17 01:49:14,2026-09-17 02:09:00,3731544413,10.3,42,
insfran|g|santos|s,insfran|g,santos|s,Guisella Insfran,Sophia Santos,ITF Women Belem - R1,2026-09-23 18:00:00,0.01737145934999007,0.98262854065001,0.03795066413662239,0.9921396006917151,100,2026-09-23 03:59:37,2026-09-23 03:46:52,2026-09-23 18:00:00,3739052831,840.4,3,
ionel|n|pennaforti|g,ionel|n,pennaforti|g,Nicholas David Ionel,Gabriele Pennaforti,ITF Men Santa Margherita di Pula - R1,2026-09-22 11:48:18,0.4525817907919766,0.5474182092080234,0.47619047619047616,0.5708154506437768,450,2026-09-22 11:49:33,2026-09-22 11:38:51,2026-09-22 11:48:18,3738377003,-1.3,75,
ishii|s|itaya|r,ishii|s,itaya|r,Sayaka Ishii,Rion Itaya,ITF Women Nanao - QF,2026-09-25 03:49:27,0.8636813923450759,0.13631860765492415,0.8849252013808976,0.1607717041800643,750,2026-09-25 03:47:02,2026-09-25 03:33:29,2026-09-25 03:20:00,3740955839,2.4,106,
ishii|s|kawaguchi|n,ishii|s,kawaguchi|n,Sayaka Ishii,Natsumi Kawaguchi,ITF Women Nanao - R16,2026-09-24 02:55:00,0.4126893128131789,0.5873106871868211,0.4366812227074236,0.6108949416342413,450,2026-09-24 02:59:44,2026-09-24 02:49:32,2026-09-24 02:56:25,3740079819,-4.8,89,
ishii|s|rajecki|a,ishii|s,rajecki|a,Sayaka Ishii,Amelia Rajecki,ITF Women Kyoto - R16,2026-09-17 01:56:00,0.39257936512719893,0.6074206348728012,0.4166666666666667,0.6309963099630996,450,2026-09-17 01:58:41,2026-09-17 01:49:14,2026-09-17 01:56:00,3731561345,-2.7,37,
italy||ukraine|,italy|,ukraine|,Italy,Ukraine,Billie Jean King Cup - Tie,2026-09-26 09:00:00,0.5022727742318428,0.49772722576815714,0.5260663507109005,0.5215311004784688,50,2026-09-26 13:38:47,2026-09-26 13:23:57,2026-09-26 09:00:00,3742168523,-278.8,172,
itaya|r|jang|g,itaya|r,jang|g,Rion Itaya,Gaeul Jang,ITF Women Nanao - R1,2026-09-23 03:00:00,0.08704307129769599,0.912956928702304,0.11467889908256883,0.9344262295081968,350,2026-09-23 00:58:42,2026-09-23 00:47:49,2026-09-23 03:00:00,3738971408,121.3,1,
ito|a|lansere|s,ito|a,lansere|s,Aoi Ito,Sofya Lansere,WTA Singapore - Qualifiers,2026-09-19 04:20:00,0.6565396086477473,0.3434603913522528,0.6774193548387096,0.36496350364963503,1050,2026-09-19 04:54:31,2026-09-19 04:43:56,2026-09-19 04:51:10,3733745721,-34.5,21,
ivanovski|k|piening|c,ivanovski|k,piening|c,Kalin Ivanovski,Claus Piening,ITF Men Pardubice - R16,2026-09-24 10:00:00,0.9563252150753695,0.04367478492463023,0.9696048632218845,0.06238303181534622,450,2026-09-24 19:53:50,2026-09-24 19:45:31,2026-09-24 10:00:00,3740135261,-593.8,152,
ivanovski|k|tabata|r,ivanovski|k,tabata|r,Kalin Ivanovski,Ryo Tabata,ITF Men Zlatibor - R1,2026-09-17 12:00:00,0.7357086130806206,0.2642913869193793,0.7590361445783133,0.28901734104046245,450,2026-09-17 12:09:54,2026-09-17 12:09:54,2026-09-17 12:05:46,3731889933,-9.9,94,
ivanov|i|jianu|f,ivanov|i,jianu|f,Ivan Ivanov,Filip Cristian Jianu,ATP Challenger Plovdiv - R1,2026-09-22 12:03:00,0.41932053649789297,0.580679463502107,0.44052863436123346,0.601593625498008,1750,2026-09-22 12:00:49,2026-09-22 11:53:35,2026-09-22 12:00:05,3738387388,2.2,113,
ivanov|s|jubb|p,ivanov|s,jubb|p,Saveliy Ivanov,Paul Jubb,ITF Men Hurghada - SF,2026-09-19 09:00:00,0.039299315488380095,0.9607006845116199,0.0573394495412844,0.9732262382864791,750,2026-09-19 06:00:10,2026-09-19 05:53:56,2026-09-19 09:00:00,3733752156,179.8,65,
ivanov|v|lemaitre|t,ivanov|v,lemaitre|t,Valentina Ivanov,Tiphanie Lemaitre,ITF Women Yecla - R1,2026-09-23 09:13:52,0.47167824884394405,0.5283217511560561,0.49504950495049505,0.5515695067264574,450,2026-09-23 09:15:35,2026-09-23 09:08:24,2026-09-23 09:13:52,3739237997,-1.7,30,
izquierdo|n|kolar|z,izquierdo|n,kolar|z,Nikolas Sanchez Izquierdo,Zdenek Kolar,ATP Challenger Szczecin - QF,2026-09-18 15:31:49,0.5694991259569396,0.43050087404306037,0.5833333333333333,0.4444444444444444,3000,2026-09-18 15:36:45,2026-09-18 15:26:51,2026-09-18 15:31:49,3732920613,-4.9,66,
izquierdo|n|mikrut|l,izquierdo|n,mikrut|l,Nikolas Sanchez Izquierdo,Luka Mikrut,ATP Challenger Szczecin - SF,2026-09-19 14:40:13,0.42151937111466176,0.5784806288853382,0.4366812227074236,0.5934959349593496,3000,2026-09-19 14:46:22,2026-09-19 14:46:22,2026-09-19 14:40:13,3734590118,-6.2,106,
izquierdo|n|monteiro|t,izquierdo|n,monteiro|t,Nikolas Sanchez Izquierdo,Thiago Monteiro,ATP Challenger Szczecin - Final,2026-09-20 10:15:53,0.4905626768653605,0.5094373231346395,0.504950495049505,0.5238095238095238,3000,2026-09-20 10:27:04,2026-09-20 10:19:34,2026-09-20 10:15:53,3736065926,-11.2,75,
izquierdo|n|neumayer|l,izquierdo|n,neumayer|l,Nikolas Sanchez Izquierdo,Lukas Neumayer,ATP Challenger Genoa - R1,2026-09-22 09:00:00,0.47619047619047616,0.5238095238095238,0.5,0.5475113122171946,1050,2026-09-22 03:48:19,2026-09-22 03:35:11,2026-09-22 09:00:00,3738001313,311.7,60,
jacquemot|e|li|z,jacquemot|e,li|z,Elsa Jacquemot,Zongyu Li,WTA Beijing - Qualifiers,2026-09-28 05:11:00,0.8261776178394032,0.1738223821605967,0.8463901689708141,0.19607843137254904,950,2026-09-28 04:58:08,2026-09-28 04:56:49,2026-09-28 05:06:30,3745272341,12.8,18,
jacquemot|e|wolff|v,jacquemot|e,wolff|v,Elsa Jacquemot,Vivian Wolff,WTA Beijing - Qualifiers,2026-09-29 03:14:13,0.7334250782022007,0.26657492179779946,0.7524752475247525,0.28653295128939826,1700,2026-09-29 03:14:34,2026-09-29 03:09:13,2026-09-29 03:14:13,3745791097,-0.4,66,
jacquet|k|marozsan|f,jacquet|k,marozsan|f,Kyrian Jacquet,Fabian Marozsan,ATP Hangzhou - QF,2026-09-27 05:45:49,0.466487910518389,0.5335120894816111,0.47846889952153115,0.5454545454545454,5000,2026-09-27 05:48:53,2026-09-27 05:37:06,2026-09-27 05:45:49,3743853697,-3.1,225,
jacquet|k|rublev|a,jacquet|k,rublev|a,Kyrian Jacquet,Andrey Rublev,ATP Hangzhou - SF,2026-09-28 10:30:00,0.2652888283096322,0.734711171690368,0.2777777777777778,0.7468354430379747,6000,2026-09-28 09:37:19,2026-09-28 09:32:27,2026-09-28 10:30:00,3745362724,52.7,86,
jacquet|k|vukic|a,jacquet|k,vukic|a,Kyrian Jacquet,Aleksandar Vukic,ATP Hangzhou - R1,2026-09-23 09:20:00,0.5165149856785375,0.4834850143214626,0.5305164319248826,0.49751243781094534,3000,2026-09-23 08:27:26,2026-09-23 08:18:42,2026-09-23 08:27:52,3739193766,52.6,125,
jade|d|peniston|r,jade|d,peniston|r,Daniel Jade,Ryan Peniston,ATP Challenger St Tropez - Qualifiers,2026-09-20 08:17:10,0.4240328647581213,0.5759671352418788,0.4484304932735426,0.6000000000000001,750,2026-09-20 08:15:24,2026-09-20 08:07:01,2026-09-20 09:10:00,3735916204,1.7,34,
jaeger|e|todoni|c,jaeger|e,todoni|c,Estella Jaeger,Cristiana Nicoleta Todoni,ITF Women Constanta - R16,2026-09-24 07:00:00,0.03614686179187589,0.9638531382081241,0.05367686527106817,0.9758045003629325,450,2026-09-24 07:07:18,2026-09-24 06:55:29,2026-09-24 07:00:00,3740121443,-7.3,30,
jang|d|wu|h,jang|d,wu|h,Dayeon Back / Su Jeong Jang,Hao Ching Chan / Fang-Hsien Wu,WTA Seoul - Doubles,2026-09-24 08:50:00,0.21397802033990065,0.7860219796600993,0.23866348448687355,0.8087954110898662,500,2026-09-24 09:22:55,2026-09-24 09:11:23,2026-09-24 08:50:00,3740208065,-32.9,92,
jang|d|zimmermann|p,jang|d,zimmermann|p,Dayeon Back / Su Jeong Jang,Peangtarn Plipuech / Kimberley Zimmermann,WTA Seoul - Doubles,2026-09-23 08:55:00,0.639689924863489,0.360310075136511,0.6632996632996633,0.3846153846153846,500,2026-09-23 09:43:02,2026-09-23 09:32:05,2026-09-23 08:55:00,3739225952,-48.0,190,
jang|g|jiang|z,jang|g,jiang|z,Gaeul Jang,Zijun Jiang,ITF Women Maanshan - R1,2026-09-29 05:51:00,0.5838591325438827,0.41614086745611734,0.607843137254902,0.44052863436123346,450,2026-09-29 06:00:08,2026-09-29 05:55:19,2026-09-29 06:00:00,3745843153,-9.2,100,
jang|g|shubladze|a,jang|g,shubladze|a,Gaeul Jang,Alexandra Shubladze,WTA Seoul - Qualifiers,2026-09-19 02:10:00,0.03957332553073775,0.9604266744692622,0.0619962802231866,0.9749561733032808,250,2026-09-19 01:57:53,2026-09-19 01:52:25,2026-09-19 02:10:00,3733653118,12.1,7,
janvier|m|masur|d,janvier|m,masur|d,Maxime Janvier,Daniel Masur,ATP Challenger St Tropez - Qualifiers,2026-09-21 08:00:00,0.37833392500911667,0.6216660749908833,0.4,0.6428571428571428,1000,2026-09-21 07:58:36,2026-09-21 07:57:44,2026-09-21 09:00:00,3737574000,1.4,63,
janvier|m|squire|h,janvier|m,squire|h,Maxime Janvier,Henri Squire,ATP Challenger St Tropez - Qualifiers,2026-09-20 10:20:00,0.3476013154499509,0.6523986845500491,0.36900369003690037,0.673202614379085,1000,2026-09-20 10:57:51,2026-09-20 10:49:46,2026-09-20 10:20:00,3736045629,-37.9,47,
jasika|o|moriya|h,jasika|o,moriya|h,Omar Jasika,Hiroki Moriya,ATP Challenger Jingshan - Qualifiers,2026-09-29 03:12:03,0.5689655172413792,0.4310344827586208,0.5901639344262295,0.45248868778280543,1000,2026-09-29 03:14:34,2026-09-29 03:03:52,2026-09-29 03:12:03,3745790649,-2.5,87,
jeanjean|l|lamens|s,jeanjean|l,lamens|s,Leolia Jeanjean,Suzan Lamens,WTA 125K Adana - R1,2026-09-28 10:51:28,0.5789070691160091,0.421092930883991,0.6000000000000001,0.4424778761061947,1750,2026-09-28 10:54:14,2026-09-28 10:44:30,2026-09-28 10:51:28,3745398100,-2.8,30,
jebens|s|molteni|m,jebens|s,molteni|m,Santiago Gonzalez / Hendrik Jebens,Maximo Gonzalez / Andres Molteni,ATP Hangzhou - Doubles,2026-09-25 08:40:00,0.414407843712335,0.585592156287665,0.43859649122807015,0.609375,500,2026-09-25 09:51:17,2026-09-25 09:41:11,2026-09-25 08:40:00,3741039917,-71.3,98,
jebens|s|tracy|f,jebens|s,tracy|f,Santiago Gonzalez / Hendrik Jebens,Francisco Cabral / James Tracy,ATP Hangzhou - Doubles,2026-09-27 08:30:00,0.33913048328525747,0.6608695167147425,0.36363636363636365,0.6845425867507886,1250,2026-09-27 09:47:54,2026-09-27 09:34:37,2026-09-27 08:30:00,3743766118,-77.9,126,
jeong|b|zidansek|t,jeong|b,zidansek|t,Boyoung Jeong,Tamara Zidansek,WTA Seoul - Qualifiers,2026-09-19 04:30:00,0.1320984042806457,0.8679015957193541,0.1589825119236884,0.8908296943231441,350,2026-09-19 04:33:26,2026-09-19 04:23:20,2026-09-19 04:30:00,3733731142,-3.5,19,
jiang|z|kubareva|a,jiang|z,kubareva|a,Zijun Jiang,Anna Kubareva,ITF Women Maanshan - SF,2026-09-26 02:00:00,0.16380811370593443,0.8361918862940655,0.18867924528301888,0.8583569405099151,750,2026-09-26 01:59:53,2026-09-26 01:56:52,2026-09-26 03:00:00,3741950702,0.1,100,
jiang|z|wang|w,jiang|z,wang|w,Zijun Jiang,Wanbing Wang,ITF Women Maanshan - R1,2026-09-23 05:31:00,0.8265381204259556,0.1734618795740443,0.8489425981873111,0.1984126984126984,450,2026-09-23 05:41:44,2026-09-23 05:30:25,2026-09-23 06:31:00,3739090468,-10.7,59,
jiang|z|ye|s,jiang|z,ye|s,Zijun Jiang,Shiyu Ye,ITF Women Maanshan - QF,2026-09-25 04:59:00,0.16931593536256762,0.8306840646374325,0.1941747572815534,0.8529411764705881,750,2026-09-25 03:59:39,2026-09-25 03:52:26,2026-09-25 03:59:00,3740964851,59.3,93,
jiang|z|zhang|j,jiang|z,zhang|j,Zijun Jiang,Junhan Zhang,ITF Women Maanshan - R16,2026-09-24 03:51:53,0.20584088731585035,0.7941591126841496,0.23094688221709006,0.8171846435100548,450,2026-09-24 03:59:17,2026-09-24 03:46:33,2026-09-24 03:51:53,3740100956,-7.4,76,
jodar|r|tabilo|a,jodar|r,tabilo|a,Rafael Jodar,Alejandro Tabilo,Davis Cup - Qualifiers,2026-09-20 16:42:00,0.7258217814174621,0.2741782185825378,0.7448979591836734,0.29411764705882354,1750,2026-09-20 15:57:38,2026-09-20 15:51:37,2026-09-20 16:42:00,3736769253,44.3,53,
johnson|s|kobierski|j,johnson|s,kobierski|j,Spencer Johnson,Jan Kobierski,ATP Challenger San Diego - Qualifiers,2026-09-20 20:00:00,0.895312122863676,0.10468787713632398,0.9215070643642072,0.1383125864453665,50,2026-09-20 18:33:34,2026-09-20 18:26:04,2026-09-20 20:00:00,3737123610,86.4,35,
johnson|s|sebestova|i,johnson|s,sebestova|i,Sofia Johnson,Ivana Sebestova,WTA 125K Porto - Qualifiers,2026-09-20 13:00:55,0.9607764273769462,0.039223572623053864,0.9752291305424821,0.06157635467980295,225,2026-09-20 12:58:11,2026-09-20 12:51:48,2026-09-20 13:00:55,3736347190,2.7,61,
johnson|s|timofeeva|m,johnson|s,timofeeva|m,Sofia Johnson,Maria Timofeeva,WTA 125K Porto - R1,2026-09-22 11:30:00,0.2805236997957496,0.7194763002042505,0.30303030303030304,0.7409326424870467,1750,2026-09-22 11:28:07,2026-09-22 11:28:07,2026-09-22 11:32:18,3738364757,1.9,97,
johnson|s|vrba|j,johnson|s,vrba|j,Spencer Johnson,Jakub Vrba,ATP Challenger San Diego - Qualifiers,2026-09-21 18:13:48,0.82427249996693,0.17572750003307006,0.8507462686567163,0.20576131687242802,250,2026-09-21 18:08:25,2026-09-21 18:01:30,2026-09-21 18:00:00,3737841291,5.4,61,
johns|g|marchi|a,johns|g,marchi|a,Garrett Johns,Andrea De Marchi,ITF Men Santa Margherita di Pula - QF,2026-09-17 08:00:00,0.6284570183863017,0.37154298161369825,0.6515679442508712,0.39525691699604737,750,2026-09-17 07:58:57,2026-09-17 07:51:37,2026-09-17 08:00:00,3731667200,1.0,40,
johns|g|mccormick|t,johns|g,mccormick|t,Garrett Johns,Tristan Mccormick,ITF Men Santa Margherita di Pula - R1,2026-09-21 11:05:00,0.6900191168797116,0.30998088312028815,0.7134670487106016,0.33444816053511706,450,2026-09-21 11:13:13,2026-09-21 11:07:09,2026-09-21 11:13:08,3737653273,-8.2,43,
johns|g|rapagnetta|d,johns|g,rapagnetta|d,Garrett Johns,Daniele Rapagnetta,ITF Men Santa Margherita di Pula - R16,2026-09-23 11:29:15,0.5,0.5,0.5238095238095238,0.5238095238095238,450,2026-09-23 11:39:30,2026-09-23 11:25:01,2026-09-23 11:29:15,3739384915,-10.3,46,
joint|m|korneeva|a,joint|m,korneeva|a,Maya Joint,Alina Korneeva,WTA Seoul - SF,2026-09-26 09:48:09,0.3288890399020097,0.6711109600979905,0.3436426116838488,0.6855345911949686,1500,2026-09-26 09:50:09,2026-09-26 09:37:31,2026-09-26 10:45:00,3742236013,-2.0,19,
joint|m|tararudee|l,joint|m,tararudee|l,Maya Joint,Lanlana Tararudee,WTA Seoul - QF,2026-09-26 03:05:30,0.46015077068277677,0.5398492293172233,0.4739336492890995,0.5535714285714286,4000,2026-09-26 03:07:34,2026-09-26 02:57:14,2026-09-26 03:05:30,3741984989,-2.1,327,
joint|m|yao|x,joint|m,yao|x,Maya Joint,Xinxin Yao,WTA Seoul - R1,2026-09-21 04:00:00,0.851687430775556,0.14831256922444408,0.8671978751660028,0.1652892561983471,1250,2026-09-21 03:00:57,2026-09-21 02:57:16,2026-09-21 04:00:00,3737521488,59.0,60,
jones|e|kaji|h,jones|e,kaji|h,Emerson Jones,Haruka Kaji,WTA 125k Jingshan - R1,2026-09-28 06:51:40,0.7423452685705256,0.2576547314294744,0.7635933806146572,0.2801120448179272,1750,2026-09-28 06:48:29,2026-09-28 06:42:26,2026-09-28 06:51:40,3745300985,3.2,94,
jones|e|ma|y,jones|e,ma|y,Emerson Jones,Yexin Ma,WTA Seoul - R1,2026-09-22 06:15:00,0.6468169445572548,0.35318305544274525,0.6610169491525424,0.36764705882352944,2500,2026-09-22 05:27:37,2026-09-22 05:20:58,2026-09-22 05:30:10,3738120470,47.4,113,
jonge|d|seifert|s,jonge|d,seifert|s,Daniel De Jonge,Stefan Seifert,ITF Men Forbach - QF,2026-09-25 10:00:00,0.5873106871868211,0.4126893128131789,0.6108949416342413,0.4366812227074236,750,2026-09-25 08:59:29,2026-09-25 08:50:31,2026-09-25 10:00:00,3741062295,60.5,39,
jonge|d|thurner|n,jonge|d,thurner|n,Daniel De Jonge,Noah Thurner,ITF Men Forbach - R1,2026-09-23 08:00:00,0.8859243450620943,0.1140756549379057,0.9061032863849766,0.13793103448275862,450,2026-09-23 07:59:40,2026-09-23 07:46:21,2026-09-23 08:00:00,3739109688,0.3,11,
jong|j|mayot|h,jong|j,mayot|h,Jesper De Jong,Harold Mayot,ATP Challenger St Tropez - QF,2026-09-25 11:00:00,0.5141622964513647,0.4858377035486353,0.5283018867924528,0.5,3000,2026-09-25 11:01:37,2026-09-25 10:51:16,2026-09-25 11:00:00,3741134244,-1.6,50,
jong|s|lee|g,jong|s,lee|g,Sander Jong,Gerard Campana Lee,ITF Men Sabadell - Final,2026-09-27 10:00:00,0.5777663014124417,0.4222336985875583,0.601593625498008,0.4464285714285714,750,2026-09-27 09:00:30,2026-09-27 08:53:19,2026-09-27 10:00:00,3743928635,59.4,117,
jong|s|marmousez|l,jong|s,marmousez|l,Sander Jong,Lilian Marmousez,ITF Men Sabadell - SF,2026-09-26 09:30:00,0.4886304879179552,0.5113695120820447,0.5121951219512195,0.5348837209302326,750,2026-09-26 08:37:19,2026-09-26 08:29:19,2026-09-26 08:34:27,3742152445,52.7,44,
jong|s|tomas|i,jong|s,tomas|i,Sander Jong,Ian Luca Cervantes Tomas,ITF Men Sabadell - R1,2026-09-23 10:00:00,0.9457275703636835,0.05427242963631656,0.9605833661805281,0.07429420505200594,450,2026-09-23 10:03:42,2026-09-23 09:48:52,2026-09-23 10:00:00,3739180200,-3.7,37,
jong|s|xilas|i,jong|s,xilas|i,Sander Jong,Ioannis Xilas,ITF Men Sabadell - QF,2026-09-25 12:39:14,0.6996977644793823,0.3003022355206178,0.7229916897506925,0.3246753246753247,750,2026-09-25 12:42:14,2026-09-25 12:27:50,2026-09-25 13:30:00,3741222006,-3.0,59,
jorge|f|kasintseva|v,jorge|f,kasintseva|v,Francisca Jorge,Victoria Jimenez Kasintseva,WTA 125k Caldas Da Rainha - R16,2026-09-17 14:30:00,0.4265017817855441,0.5734982182144559,0.4484304932735426,0.5951417004048584,1750,2026-09-17 14:28:00,2026-09-17 14:18:05,2026-09-17 14:26:19,3731989104,2.0,69,
jorge|f|lacasse|a,jorge|f,lacasse|a,Francisca Jorge / Matilde Jorge,Ariana Arseneault / Raphaelle Lacasse,WTA 125K Porto - Doubles,2026-09-26 13:20:00,0.7719142907664495,0.22808570923355054,0.8046875000000001,0.2645502645502646,1250,2026-09-26 13:30:10,2026-09-26 13:17:19,2026-09-26 13:40:00,3742512581,-10.2,40,
jorge|f|malygina|m,jorge|f,malygina|m,Francisca Jorge / Matilde Jorge,Mina Hodzic / Elena Malygina,WTA 125K Porto - Doubles,2026-09-21 11:30:00,0.8015795055257942,0.19842049447420573,0.8360655737704918,0.23809523809523808,750,2026-09-21 14:34:09,2026-09-21 14:26:08,2026-09-21 11:30:00,3737636765,-184.2,29,
jorge|f|micic|r,jorge|f,micic|r,Francisca Jorge / Matilde Jorge,Rutuja Bhosale / Elena Micic,WTA 125k Caldas Da Rainha - Doubles,2026-09-18 18:30:00,0.6899478644470055,0.31005213555299455,0.7237569060773481,0.34602076124567477,1250,2026-09-18 18:26:42,2026-09-18 18:19:39,2026-09-18 18:30:00,3733059064,3.3,60,
jorge|f|pohankova|m,jorge|f,pohankova|m,Francisca Jorge,Mia Pohankova,WTA 125K Porto - R1,2026-09-22 13:30:00,0.30924361755835145,0.6907563824416487,0.33112582781456956,0.7118155619596541,1750,2026-09-22 13:33:29,2026-09-22 13:24:08,2026-09-22 13:30:00,3738272697,-3.5,121,
jorge|f|smith|m,jorge|f,smith|m,Francisca Jorge / Matilde Jorge,Mana Ayukawa / Emily Webley-Smith,WTA 125k Caldas Da Rainha - Doubles,2026-09-17 19:00:00,0.8690071305219996,0.13099286947800048,0.8999999999999999,0.16977928692699493,500,2026-09-17 18:53:33,2026-09-17 18:40:42,2026-09-17 18:50:00,3732228086,6.4,59,
jorge|f|vandromme|j,jorge|f,vandromme|j,Francisca Jorge,Jeline Vandromme,WTA 125k Caldas Da Rainha - QF,2026-09-18 14:40:00,0.2820300146959044,0.7179699853040956,0.303951367781155,0.7389033942558746,1750,2026-09-18 13:44:09,2026-09-18 13:32:47,2026-09-18 14:40:00,3732807957,55.8,66,
jorge|m|kraus|s,jorge|m,kraus|s,Matilde Jorge,Sinja Kraus,WTA 125K Porto - R16,2026-09-23 12:08:32,0.37833392500911667,0.6216660749908833,0.4,0.6428571428571428,1750,2026-09-23 12:10:43,2026-09-23 12:03:06,2026-09-23 12:08:32,3739426010,-2.2,102,
jorge|m|ruiz|c,jorge|m,ruiz|c,Matilde Jorge,Celia Cervino Ruiz,WTA 125K Porto - R1,2026-09-22 12:08:04,0.814148475933925,0.18585152406607486,0.8347107438016529,0.20833333333333334,1300,2026-09-22 12:00:49,2026-09-22 11:53:35,2026-09-22 13:00:00,3738388010,7.2,55,
jovic|i|sonmez|z,jovic|i,sonmez|z,Iva Jovic,Zeynep Sonmez,WTA Guadalajara - R16,2026-09-16 21:03:14,0.7800187819837405,0.21998121801625958,0.7920997920997921,0.23255813953488372,5000,2026-09-16 21:10:26,2026-09-16 20:56:53,2026-09-16 21:03:14,3731422994,-7.2,16,
jovic|i|stearns|p,jovic|i,stearns|p,Iva Jovic,Peyton Stearns,WTA Guadalajara - Final,2026-09-19 23:00:00,0.7683779627106773,0.23162203728932276,0.7802197802197802,0.24390243902439027,10000,2026-09-19 23:01:10,2026-09-19 23:00:18,2026-09-20 00:00:00,3735580948,-1.2,136,
juan|s|sperle|j,juan|s,sperle|j,Sergi Fita Juan,John Sperle,ATP Challenger Genoa - Qualifiers,2026-09-20 10:50:00,0.29648548548596726,0.7035145145140328,0.32573289902280134,0.7311827956989247,350,2026-09-20 09:55:14,2026-09-20 09:49:24,2026-09-20 09:55:40,3736032016,54.8,46,
jubb|p|lanik|t,jubb|p,lanik|t,Paul Jubb,Tomas Lanik,ITF Men Sharm El Sheikh - R1,2026-09-23 08:52:32,0.9082385111054045,0.09176148889459544,0.9269539810080349,0.11467889908256883,450,2026-09-23 08:57:53,2026-09-23 08:46:47,2026-09-23 08:52:32,3739217805,-5.4,32,
jubb|p|ozdemir|s,jubb|p,ozdemir|s,Paul Jubb,S Mert Ozdemir,ITF Men Hurghada - R16,2026-09-17 09:00:00,0.9833441102418029,0.016655889758197068,0.9906916131434421,0.02962962962962963,350,2026-09-17 05:58:56,2026-09-17 05:50:50,2026-09-17 09:00:00,3731651376,181.1,30,
jubb|p|singh|k,jubb|p,singh|k,Paul Jubb,Karan Singh,ITF Men Sharm El Sheikh - SF,2026-09-26 08:00:00,0.7307779503185039,0.26922204968149616,0.7542997542997544,0.29411764705882354,750,2026-09-26 07:13:48,2026-09-26 07:11:23,2026-09-26 08:00:00,3742099829,46.1,94,
juhas|k|madaras|d,juhas|k,madaras|d,Kristijan Juhas,Dragos Nicolae Madaras,ITF Men Zlatibor - R16,2026-09-18 10:00:00,0.35643672943662796,0.6435632705633721,0.3802281368821293,0.6666666666666666,450,2026-09-18 07:14:27,2026-09-18 07:11:08,2026-09-18 07:16:23,3732542423,165.5,28,
juhas|k|prihodko|o,juhas|k,prihodko|o,Kristijan Juhas,Oleg Prihodko,ITF Men Zlatibor - SF,2026-09-19 08:00:00,0.2862712282897982,0.7137287717102015,0.3105590062111801,0.7368421052631579,750,2026-09-19 08:08:36,2026-09-19 08:06:58,2026-09-19 08:12:22,3733823758,-8.6,47,
juhas|k|radovanovic|t,juhas|k,radovanovic|t,Kristijan Juhas,Tadija Radovanovic,ITF Men Zlatibor - R1,2026-09-17 07:00:00,0.9789751396248683,0.021024860375131776,0.9875513506784513,0.03529827038475115,450,2026-09-17 07:03:41,2026-09-17 06:51:13,2026-09-17 07:00:00,3731605863,-3.7,36,
juhas|k|topo|m,juhas|k,topo|m,Kristijan Juhas,Marko Topo,ITF Men Zlatibor - Final,2026-09-20 09:15:45,0.2972090337429826,0.7027909662570176,0.3215434083601286,0.726027397260274,750,2026-09-20 09:20:10,2026-09-20 09:07:38,2026-09-20 09:15:45,3735982101,-4.4,149,
juncadella|m|miguel|l,juncadella|m,miguel|l,Manel Lazaro Juncadella,Luis Felipe Miguel,ITF Men Columbia - R1,2026-09-23 17:00:00,0.23967493762561878,0.760325062374381,0.2645502645502646,0.7835497835497836,450,2026-09-23 17:10:11,2026-09-23 16:58:27,2026-09-23 17:00:00,3739596547,-10.2,31,
justo|g|villanueva|g,justo|g,villanueva|g,Guido Ivan Justo,Gonzalo Villanueva,ATP Challenger Buenos Aires - R1,2026-09-21 22:13:14,0.5652028491633639,0.43479715083663617,0.5867768595041323,0.4566210045662101,1750,2026-09-21 22:18:19,2026-09-21 22:04:22,2026-09-21 22:13:14,3737975628,-5.1,111,
kabbaj|y|linana|a,kabbaj|y,linana|a,Yasmine Kabbaj,Alicia Herrero Linana,WTA 125k Valencia - SF,2026-09-19 16:51:55,0.37798172134435765,0.6220182786556424,0.39525691699604737,0.6389891696750902,2500,2026-09-19 16:56:23,2026-09-19 16:43:04,2026-09-19 16:51:55,3735013493,-4.5,124,
kabbaj|y|papamichail|d,kabbaj|y,papamichail|d,Yasmine Kabbaj,Despina Papamichail,WTA 125k Valencia - QF,2026-09-18 14:16:08,0.5496492969947129,0.45035070300528723,0.5708154506437768,0.4716981132075471,1750,2026-09-18 14:21:27,2026-09-18 14:10:52,2026-09-18 14:16:08,3732837246,-5.3,127,
kachmazov|a|sasikumar|m,kachmazov|a,sasikumar|m,Alibek Kachmazov,Mukund Sasikumar,ITF Men Yinchuan - SF,2026-09-26 02:15:58,0.8457530516219773,0.15424694837802277,0.8675496688741722,0.17889087656529518,750,2026-09-26 02:26:25,2026-09-26 02:11:56,2026-09-26 02:15:58,3741956277,-10.5,101,
kachmazov|a|sun|q,kachmazov|a,sun|q,Alibek Kachmazov,Qian Sun,ITF Men Guiyang - R16,2026-09-17 03:25:23,0.7804615402421738,0.21953845975782618,0.8035363457760314,0.24449877750611249,450,2026-09-17 03:26:48,2026-09-17 03:19:48,2026-09-17 03:25:23,3731611216,-1.4,48,
kachmazov|a|tang|s,kachmazov|a,tang|s,Alibek Kachmazov,Sheng Tang,ITF Men Yinchuan - QF,2026-09-25 03:00:00,0.9617918047905273,0.03820819520947281,0.9741267787839586,0.05608524957936063,750,2026-09-25 02:14:12,2026-09-25 02:04:16,2026-09-25 02:14:07,3740928746,45.8,65,
kakenova|a|zhu|c,kakenova|a,zhu|c,Albina Kakenova,Chenting Zhu,ITF Women Maanshan - R1,2026-09-23 04:56:58,0.06349256911165894,0.9365074308883411,0.08445945945945946,0.9525391551969625,450,2026-09-23 04:59:25,2026-09-23 04:50:19,2026-09-23 04:56:58,3739075532,-2.5,96,
kalieva|e|perez|e,kalieva|e,perez|e,Elvina Kalieva,Ellen Perez,WTA Beijing - Qualifiers,2026-09-28 07:00:00,0.9495451692658913,0.050454830734108724,0.9661475964793499,0.07457121551081282,250,2026-09-28 05:59:46,2026-09-28 05:46:01,2026-09-28 06:00:00,3745282321,60.2,22,
kalieva|e|shi|h,kalieva|e,shi|h,Elvina Kalieva,Han Shi,WTA Beijing - Qualifiers,2026-09-29 05:00:00,0.5606496319606274,0.43935036803937255,0.5798319327731092,0.4587155963302753,1700,2026-09-29 04:55:47,2026-09-29 04:49:52,2026-09-29 04:55:56,3745822600,4.2,71,
kalieva|e|volynets|k,kalieva|e,volynets|k,Elvina Kalieva,Katie Volynets,WTA Seoul - R1,2026-09-21 03:10:00,0.27229208357619356,0.7277079164238067,0.28735632183908044,0.7422680412371133,2500,2026-09-21 03:00:57,2026-09-21 02:55:48,2026-09-21 03:10:00,3737462506,9.0,122,
kalinina|a|muchova|k,kalinina|a,muchova|k,Anhelina Kalinina,Karolina Muchova,Billie Jean King Cup - Finals,2026-09-27 09:23:24,0.1420130629227148,0.857986937077285,0.1589825119236884,0.8734177215189873,400,2026-09-27 09:31:47,2026-09-27 09:17:29,2026-09-27 09:23:24,3743985682,-8.4,2,
kang|k|santillan|a,kang|k,santillan|a,Kaigaoge Kang,Akira Santillan,ATP Hangzhou - Qualifiers,2026-09-22 05:00:00,0.022384076478795752,0.9776159235212043,0.040783034257748776,0.9878197320341047,250,2026-09-22 03:59:32,2026-09-22 03:56:30,2026-09-22 05:00:00,3738095269,60.5,17,
karamoko|d|kubka|i,karamoko|d,kubka|i,Dalila Jakupovic / Naima Karamoko,Isabelle Haverlag / Martyna Kubka,WTA 125K Ankara - Doubles,2026-09-25 10:30:00,0.38241030968994677,0.6175896903100532,0.42016806722689076,0.6539792387543253,250,2026-09-25 11:19:07,2026-09-25 11:06:22,2026-09-25 10:30:00,3741121092,-49.1,15,
karamoko|d|riera|c,karamoko|d,riera|c,Dalila Jakupovic / Naima Karamoko,Carole Monnet / Julia Riera,WTA 125K Ankara - Doubles,2026-09-24 12:10:00,0.7610134939148652,0.2389865060851349,0.7959183673469388,0.2777777777777778,250,2026-09-24 11:57:16,2026-09-24 11:56:02,2026-09-24 12:13:00,3740378637,12.7,18,
karamoko|d|selekhmeteva|l,karamoko|d,selekhmeteva|l,Dalila Jakupovic / Naima Karamoko,Leyre Romero Gormaz / Oksana Selekhmeteva,WTA 125k Valencia - Doubles,2026-09-19 12:00:00,0.41269529670075805,0.5873047032992419,0.4504504504504505,0.6240601503759399,375,2026-09-19 14:27:29,2026-09-19 14:15:10,2026-09-19 12:00:00,3734098052,-147.5,39,
karamoko|d|shinikova|c,karamoko|d,shinikova|c,Dalila Jakupovic / Naima Karamoko,Carolyn Ansari / Isabella Shinikova,WTA 125K Ankara - Doubles,2026-09-23 10:20:00,0.8104348411867593,0.18956515881324063,0.8427672955974843,0.22675736961451246,500,2026-09-23 10:03:42,2026-09-23 10:02:17,2026-09-23 10:15:00,3739291695,16.3,92,
karamoko|d|smith|w,karamoko|d,smith|w,Dalila Jakupovic / Naima Karamoko,Weronika Falkowska / Alana Smith,WTA 125K Ankara - Doubles,2026-09-26 08:00:00,0.3879588282060731,0.612041171793927,0.42372881355932196,0.646643109540636,1250,2026-09-26 08:58:48,2026-09-26 08:44:25,2026-09-26 08:00:00,3742126095,-58.8,37,
karatancheva|l|niemeier|j,karatancheva|l,niemeier|j,Lia Karatancheva,Jule Niemeier,ITF Women Plovdiv - R1,2026-09-22 08:00:00,0.46193268577601715,0.5380673142239828,0.4854368932038835,0.5614035087719298,450,2026-09-22 07:57:02,2026-09-22 07:52:01,2026-09-22 08:00:00,3738137540,3.0,55,
karatancheva|l|oz|i,karatancheva|l,oz|i,Lia Karatancheva,Ipek Oz,ITF Women Pazardzhik - QF,2026-09-17 09:00:00,0.3133473482245643,0.6866526517754356,0.33783783783783783,0.7101449275362319,750,2026-09-17 09:08:45,2026-09-17 09:08:45,2026-09-17 09:00:00,3731681626,-8.8,46,
karma|n|wistrand|j,karma|n,wistrand|j,Noah Karma,Jack Karlsson Wistrand,ITF Men Falun - R1,2026-09-22 15:31:12,0.6866526517754356,0.3133473482245643,0.7101449275362319,0.33783783783783783,450,2026-09-22 15:31:18,2026-09-22 15:27:01,2026-09-22 15:31:12,3738564527,-0.1,92,
kasatkina|d|sasnovich|a,kasatkina|d,sasnovich|a,Daria Kasatkina,Aliaksandra Sasnovich,WTA Singapore - R1,2026-09-21 03:10:00,0.5896905227213346,0.41030947727866546,0.6047430830039526,0.425531914893617,3000,2026-09-21 03:00:57,2026-09-21 02:55:48,2026-09-21 03:10:00,3737466339,9.0,120,
kasnikowski|m|minaur|a,kasnikowski|m,minaur|a,Maks Kasnikowski,Alex De Minaur,Davis Cup World - Group 1,2026-09-19 03:20:06,0.07680368863235874,0.9231963113676414,0.09643201542912247,0.9390986601705238,375,2026-09-19 03:15:44,2026-09-19 03:13:58,2026-09-19 03:20:06,3733707188,4.4,88,
katsumi|n|mdlulwa|w,katsumi|n,mdlulwa|w,Nanari Katsumi,Wozuko Mdlulwa,ITF Women Monastir - R1,2026-09-22 10:26:15,0.5474182092080234,0.4525817907919766,0.5708154506437768,0.47619047619047616,450,2026-09-22 10:32:04,2026-09-22 10:19:43,2026-09-22 10:26:15,3738305992,-5.8,69,
katsumi|n|myatovic|j,katsumi|n,myatovic|j,Nanari Katsumi,Julie Myatovic,ITF Women Monastir - R16,2026-09-17 08:40:53,0.6692695849806766,0.33073041501932343,0.6923076923076923,0.35460992907801414,450,2026-09-17 08:41:31,2026-09-17 08:36:54,2026-09-17 08:40:53,3731729550,-0.7,30,
kawaguchi|n|matsuda|r,kawaguchi|n,matsuda|r,Natsumi Kawaguchi,Rinko Matsuda,ITF Women Kyoto - QF,2026-09-18 02:00:00,0.4807406984078603,0.5192593015921397,0.504950495049505,0.5433789954337899,750,2026-09-18 01:20:35,2026-09-18 01:20:35,2026-09-18 02:00:00,3732417578,39.4,91,
kawaguchi|n|nishimura|k,kawaguchi|n,nishimura|k,Natsumi Kawaguchi,Kayo Nishimura,ITF Women Nanao - R1,2026-09-22 03:00:00,0.6719395536058032,0.3280604463941967,0.6951219512195121,0.35211267605633806,450,2026-09-22 03:00:35,2026-09-22 02:49:53,2026-09-22 03:00:00,3738053969,-0.6,63,
kawa|k|matsuda|r,kawa|k,matsuda|r,Katarzyna Kawa,Rinko Matsuda,WTA Beijing - Qualifiers,2026-09-28 05:53:20,0.6541532950008139,0.34584670499918624,0.6753246753246753,0.36764705882352944,1275,2026-09-28 05:59:46,2026-09-28 05:46:01,2026-09-28 05:53:20,3745286743,-6.4,23,
kawa|k|savinykh|v,kawa|k,savinykh|v,Katarzyna Kawa,Valeria Savinykh,WTA Beijing - Qualifiers,2026-09-29 03:14:26,0.7403129838123891,0.259687016187611,0.7590361445783133,0.27932960893854747,1700,2026-09-29 03:14:34,2026-09-29 03:09:13,2026-09-29 03:14:26,3745791090,-0.1,65,
kazakhstan||spain|,kazakhstan|,spain|,Kazakhstan,Spain,Billie Jean King Cup - Tie,2026-09-23 09:00:00,0.2419222010465147,0.7580777989534853,0.26881720430107525,0.7830802603036876,175,2026-09-23 09:50:07,2026-09-23 09:38:44,2026-09-23 09:00:00,3739232852,-50.2,126,
kecmanovic|m|mannarino|a,kecmanovic|m,mannarino|a,Miomir Kecmanovic,Adrian Mannarino,ATP Beijing - Qualifiers,2026-09-28 10:21:00,0.616084960593321,0.3839150394066791,0.635036496350365,0.40322580645161293,1750,2026-09-28 10:01:41,2026-09-28 09:59:03,2026-09-28 10:21:00,3745373871,19.3,33,
kharchenko|a|sasnouskaya|t,kharchenko|a,sasnouskaya|t,Alena Kharchenko,Tatsiana Sasnouskaya,ITF Women Monastir - R1,2026-09-23 10:30:00,0.052380307188612335,0.9476196928113877,0.07220216606498195,0.9622213826973933,350,2026-09-23 07:48:24,2026-09-23 07:37:15,2026-09-23 10:30:00,3739121611,161.5,22,
kharlamov|r|tiukaev|r,kharlamov|r,tiukaev|r,Roman Kharlamov,Ruslan Tiukaev,ITF Men Tsaghkadzor - R16,2026-09-17 08:00:00,0.29083285120411445,0.7091671487958858,0.31545741324921134,0.732620320855615,450,2026-09-17 07:03:41,2026-09-17 06:51:13,2026-09-17 08:00:00,3731678994,56.3,32,
khazime|d|lagarrigue|f,khazime|d,lagarrigue|f,Daniel Khazime,Florent Lagarrigue,ITF Men Tsaghkadzor - R16,2026-09-17 10:46:32,0.45673494719368496,0.543265052806315,0.4807692307692307,0.5670995670995671,450,2026-09-17 10:53:38,2026-09-17 10:40:54,2026-09-17 10:46:32,3731828156,-7.1,40,
khoeblal|e|shvangiradze|a,khoeblal|e,shvangiradze|a,Elgin Khoeblal,Aleksandre Shvangiradze,ITF Men Telavi - R1,2026-09-23 07:16:00,0.939482935707726,0.06051706429227392,0.955136832660386,0.08116883116883117,450,2026-09-23 07:27:01,2026-09-23 07:16:09,2026-09-23 07:23:24,3739146129,-11.0,9,
khomutsianskaya|d|shikhanova|m,khomutsianskaya|d,shikhanova|m,Daria Khomutsianskaya,Marianna Shikhanova,ITF Women Maanshan - R1,2026-09-23 01:43:33,0.9590849909522814,0.04091500904771875,0.971894322653176,0.05920663114268798,450,2026-09-23 01:45:25,2026-09-23 01:37:58,2026-09-23 01:43:33,3738993364,-2.0,3,
khomutsianskaya|d|suvirdjonkova|d,khomutsianskaya|d,suvirdjonkova|d,Daria Khomutsianskaya,Darja Suvirdjonkova,ITF Women Maanshan - R16,2026-09-24 02:08:06,0.9261234112170389,0.07387658878296119,0.9432785025524674,0.09569377990430622,450,2026-09-24 02:01:09,2026-09-24 02:00:06,2026-09-24 02:08:06,3740057646,6.9,53,
khomutsianskaya|d|wang|y,khomutsianskaya|d,wang|y,Daria Khomutsianskaya,Yuhan Wang,ITF Women Maanshan - SF,2026-09-26 02:00:00,0.678196526293181,0.32180347370681905,0.7014925373134329,0.34602076124567477,750,2026-09-26 01:59:53,2026-09-26 01:56:52,2026-09-26 02:00:00,3741886416,0.1,74,
khomutsianskaya|d|zhang|j,khomutsianskaya|d,zhang|j,Daria Khomutsianskaya,Junhan Zhang,ITF Women Shenyang - R16,2026-09-17 05:28:11,0.7589060763879077,0.24109392361209225,0.7821350762527233,0.26595744680851063,450,2026-09-17 05:30:47,2026-09-17 05:20:36,2026-09-17 05:28:11,3731655081,-2.6,59,
khomutsianskaya|d|zhang|r,khomutsianskaya|d,zhang|r,Daria Khomutsianskaya,Ruien Zhang,ITF Women Maanshan - QF,2026-09-25 02:08:00,0.734293309893092,0.2657066901069077,0.7578692493946732,0.29069767441860467,750,2026-09-25 02:14:12,2026-09-25 02:04:16,2026-09-25 02:13:51,3740928683,-6.2,12,
khromacheva|a|martins|s,khromacheva|a,martins|s,Anastasia Detiuc / Irina Khromacheva,Sofia Costoulas / Ingrid Gamarra Martins,WTA 125k Jingshan - Doubles,2026-09-29 06:00:00,0.7038417497061019,0.2961582502938982,0.7375328083989502,0.33222591362126247,500,2026-09-29 07:00:13,2026-09-29 06:55:44,2026-09-29 06:00:00,3745753580,-60.2,70,
khromacheva|a|tararudee|t,khromacheva|a,tararudee|t,Anastasia Detiuc / Irina Khromacheva,Taylah Preston / Lanlana Tararudee,WTA Seoul - Doubles,2026-09-22 07:10:00,0.7058210566145043,0.2941789433854955,0.7289972899728998,0.3184713375796178,500,2026-09-22 07:57:02,2026-09-22 07:52:01,2026-09-22 07:10:00,3738165376,-47.0,99,
khromacheva|a|yuan|e,khromacheva|a,yuan|e,Anastasia Detiuc / Irina Khromacheva,En Shuo Liang / Yue Yuan,WTA Seoul - Doubles,2026-09-23 09:46:00,0.529330537912523,0.4706694620874769,0.5535714285714286,0.49504950495049505,500,2026-09-23 09:43:02,2026-09-23 09:33:52,2026-09-23 09:46:00,3739266541,3.0,91,
khromacheva|c|melichar|c,khromacheva|c,melichar|c,Caroline Dolehide / Irina Khromacheva,Cristina Bucsa / Nicole Melichar,WTA Guadalajara - Doubles,2026-09-16 22:00:00,0.33913048328525747,0.6608695167147425,0.36363636363636365,0.6845425867507886,500,2026-09-16 22:05:46,2026-09-16 21:57:23,2026-09-16 22:00:00,3731362456,-5.8,23,
kichenok|a|paolini|s,kichenok|a,paolini|s,Anhelina Kalinina / Lyudmyla Kichenok,Sara Errani / Jasmine Paolini,Billie Jean King Cup - Doubles,2026-09-26 12:00:00,0.2517717635412876,0.7482282364587124,0.2785515320334262,0.7732426303854876,625,2026-09-26 13:38:47,2026-09-26 13:23:57,2026-09-26 12:00:00,3742369016,-98.8,28,
kichenok|a|salden|m,kichenok|a,salden|m,Anhelina Kalinina / Lyudmyla Kichenok,Magali Kempen / Lara Salden,Billie Jean King Cup - Doubles,2026-09-24 06:10:00,0.6126927108448337,0.3873072891551664,0.6363636363636364,0.41152263374485604,50,2026-09-24 09:34:18,2026-09-24 09:26:31,2026-09-24 06:10:00,3740112184,-204.3,28,
kichenok|a|siniakova|m,kichenok|a,siniakova|m,Anhelina Kalinina / Lyudmyla Kichenok,Marie Bouzkova / Katerina Siniakova,Billie Jean King Cup - Doubles,2026-09-27 12:25:00,0.22235992842976432,0.7776400715702354,0.2469135802469136,0.8003992015968063,950,2026-09-27 13:16:37,2026-09-27 13:09:54,2026-09-27 12:25:00,3744213884,-51.6,25,
kicker|n|martinez|t,kicker|n,martinez|t,Nicolas Kicker,Tomas Martinez,ATP Challenger Buenos Aires - R1,2026-09-22 14:51:16,0.8516063457388204,0.1483936542611794,0.8732572877059568,0.17301038062283736,875,2026-09-22 14:51:31,2026-09-22 14:39:38,2026-09-22 15:00:00,3738525056,-0.3,38,
kicker|n|mena|f,kicker|n,mena|f,Nicolas Kicker,Facundo Mena,ATP Challenger Buenos Aires - QF,2026-09-25 17:20:00,0.40139554786321896,0.598604452136781,0.4184100418410042,0.6153846153846154,2500,2026-09-25 17:12:02,2026-09-25 17:08:37,2026-09-25 17:20:00,3741457890,7.9,128,
king|d|legout|t,king|d,legout|t,Darian King,Timo Legout,ATP Challenger San Diego - Qualifiers,2026-09-21 00:00:00,0.11578038866384613,0.8842196113361539,0.1524390243902439,0.9129677980852916,50,2026-09-20 23:26:34,2026-09-20 23:14:57,2026-09-21 00:00:00,3737423642,33.4,73,
kinoshita|h|lu|j,kinoshita|h,lu|j,Hayu Kinoshita,Jia-Jing Lu,WTA 125k Jingshan - R1,2026-09-28 05:16:47,0.5652028491633639,0.43479715083663617,0.5867768595041323,0.4566210045662101,1750,2026-09-28 05:16:54,2026-09-28 05:10:17,2026-09-28 05:16:47,3745275427,-0.1,88,
kirci|k|singh|d,kirci|k,singh|d,Koray Kirci,Digvijay Pratap Singh,ITF Men Baku - QF,2026-09-25 06:00:00,0.3324485698158909,0.6675514301841091,0.35714285714285715,0.691358024691358,750,2026-09-25 06:06:04,2026-09-25 06:04:28,2026-09-25 07:00:00,3740988035,-6.1,32,
kirkin|e|liu|l,kirkin|e,liu|l,Ergi Kirkin,Lucca Liu,ITF Men Monastir - R16,2026-09-17 08:45:26,0.6713386257515117,0.32866137424848835,0.6951219512195121,0.35335689045936397,450,2026-09-17 08:50:45,2026-09-17 08:41:52,2026-09-17 08:45:26,3731735182,-5.3,39,
kirkin|e|lumsden|e,kirkin|e,lumsden|e,Ergi Kirkin,Ewen Lumsden,ITF Men Monastir - QF,2026-09-18 08:54:03,0.6900191168797116,0.30998088312028815,0.7134670487106016,0.33444816053511706,550,2026-09-18 09:00:14,2026-09-18 08:46:02,2026-09-18 08:54:03,3732590026,-6.2,72,
kitahara|y|shibahara|e,kitahara|y,shibahara|e,Yuno Kitahara,Ena Shibahara,ITF Women Kyoto - R16,2026-09-17 05:15:00,0.14026561298995224,0.8597343870100478,0.16474464579901152,0.8810939357907254,450,2026-09-17 04:02:03,2026-09-17 03:50:00,2026-09-17 05:15:00,3731623123,72.9,52,
kitahara|y|wan|i,kitahara|y,wan|i,Yuno Kitahara,I Wen Wan,ITF Women Wagga Wagga - R1,2026-09-29 03:44:30,0.4464928788840142,0.5535071211159858,0.4694835680751174,0.576271186440678,450,2026-09-29 03:49:31,2026-09-29 03:39:24,2026-09-29 03:44:30,3745799942,-5.0,65,
kivanda|s|vasa|e,kivanda|s,vasa|e,Sizya Ernest Kivanda,Eero Vasa,ITF Men Falun - R1,2026-09-22 11:12:42,0.10797978520653402,0.8920202147934659,0.13157894736842105,0.9118165784832452,450,2026-09-22 11:17:58,2026-09-22 11:05:36,2026-09-22 11:12:42,3738347714,-5.3,76,
kivattsev|k|milev|y,kivattsev|k,milev|y,Kirill Kivattsev,Yanaki Milev,ATP Challenger Plovdiv - Qualifiers,2026-09-20 11:00:00,0.34717734188862914,0.6528226581113709,0.37593984962406013,0.6805111821086262,350,2026-09-20 10:01:15,2026-09-20 09:54:31,2026-09-20 11:00:00,3736039661,58.7,49,
kjaer|n|te|r,kjaer|n,te|r,Nicolai Budkov Kjaer,Rigele Te,Davis Cup World - Group 1,2026-09-19 17:59:00,0.8572848103723967,0.1427151896276033,0.8727735368956743,0.1597444089456869,1500,2026-09-19 17:49:05,2026-09-19 17:43:23,2026-09-19 17:54:00,3735149751,9.9,71,
klok|d|melnic|v,klok|d,melnic|v,Denis Klok,Vladislav Melnic,ITF Men Zlatibor - R1,2026-09-17 07:00:00,0.6156846713906008,0.38431532860939915,0.6389891696750902,0.4081632653061224,450,2026-09-17 07:03:41,2026-09-17 06:51:13,2026-09-17 07:00:00,3731677222,-3.7,36,
klok|d|paardekooper|s,klok|d,paardekooper|s,Denis Klok,Stijn Paardekooper,ITF Men Telavi - R16,2026-09-24 06:00:00,0.28590715990745236,0.7140928400925477,0.3105590062111801,0.7375328083989502,450,2026-09-24 06:00:04,2026-09-24 05:55:05,2026-09-24 07:00:00,3740133187,-0.1,29,
klok|d|villoslada|e,klok|d,villoslada|e,Denis Klok,Edouard Villoslada,ITF Men Telavi - R1,2026-09-28 10:27:29,0.8107383286385721,0.18926167136142816,0.8333333333333334,0.21413276231263384,450,2026-09-28 10:24:04,2026-09-28 10:17:45,2026-09-28 10:27:29,3745385888,3.4,28,
knaff|a|marozsan|f,knaff|a,marozsan|f,Alex Knaff,Fabian Marozsan,Davis Cup World - Group 1,2026-09-19 13:47:00,0.06801353467883936,0.9319864653211607,0.08703220191470844,0.9470899470899471,375,2026-09-19 13:56:17,2026-09-19 13:51:51,2026-09-19 14:15:00,3734416466,-9.3,81,
knaff|a|piros|z,knaff|a,piros|z,Alex Knaff,Zsombor Piros,Davis Cup World - Group 1,2026-09-18 18:04:50,0.09707749814945942,0.9029225018505406,0.11778563015312131,0.9203187250996017,500,2026-09-18 18:08:39,2026-09-18 17:57:51,2026-09-18 18:04:50,3733161418,-3.8,60,
knezevic|m|petrovic|d,knezevic|m,petrovic|d,Marko Knezevic,Drazen Petrovic,ITF Men Zlatibor - R1,2026-09-17 10:00:00,0.12652658460763241,0.8734734153923674,0.15060240963855423,0.8941798941798942,350,2026-09-17 07:03:41,2026-09-17 06:51:13,2026-09-17 10:00:00,3731665924,176.3,35,
knutson|g|koevermans|a,knutson|g,koevermans|a,Gabriela Knutson,Anouk Koevermans,WTA 125k Caldas Da Rainha - R16,2026-09-17 17:02:47,0.5496492969947129,0.45035070300528723,0.5708154506437768,0.4716981132075471,1750,2026-09-17 17:00:36,2026-09-17 16:55:02,2026-09-17 17:02:47,3732117481,2.2,54,
knutson|g|pigato|l,knutson|g,pigato|l,Gabriela Knutson,Lisa Pigato,WTA 125k Caldas Da Rainha - Final,2026-09-20 14:30:00,0.5836429255050585,0.4163570744949415,0.6000000000000001,0.4329004329004329,2500,2026-09-20 13:43:19,2026-09-20 13:35:49,2026-09-20 13:41:52,3736459334,46.7,98,
knutson|g|pohankova|m,knutson|g,pohankova|m,Gabriela Knutson,Mia Pohankova,WTA 125k Caldas Da Rainha - SF,2026-09-19 10:05:00,0.45413294987710784,0.5458670501228922,0.4716981132075471,0.5633187772925764,2500,2026-09-19 10:03:38,2026-09-19 10:02:32,2026-09-19 10:12:10,3733953546,1.4,73,
knutson|g|rapolu|m,knutson|g,rapolu|m,Gabriela Knutson,Malaika Rapolu,WTA 125k Caldas Da Rainha - QF,2026-09-18 12:40:00,0.622317372986351,0.3776826270136491,0.6441281138790036,0.4,1750,2026-09-18 13:28:24,2026-09-18 13:17:42,2026-09-18 12:40:00,3732656359,-48.4,64,
knutson|g|sebov|k,knutson|g,sebov|k,Gabriela Knutson,Katherine Sebov,WTA 125K Porto - R1,2026-09-22 11:30:00,0.7098271315755809,0.29017286842441914,0.7311827956989247,0.3125,1750,2026-09-22 11:37:37,2026-09-22 11:23:24,2026-09-22 11:30:00,3738223451,-7.6,111,
knutson|g|timofeeva|m,knutson|g,timofeeva|m,Gabriela Knutson,Maria Timofeeva,WTA 125K Porto - QF,2026-09-25 13:43:04,0.2820300146959044,0.7179699853040956,0.303951367781155,0.7389033942558746,1750,2026-09-25 13:49:23,2026-09-25 13:37:18,2026-09-25 13:43:04,3741262990,-6.3,110,
kobelt|a|renard|l,kobelt|a,renard|l,Alex Kobelt,Lucas Renard,ITF Men Falun - R1,2026-09-22 14:00:00,0.6760993827365833,0.3239006172634166,0.6996996996996997,0.3484320557491289,450,2026-09-22 14:00:18,2026-09-22 13:54:20,2026-09-22 14:00:00,3738448899,-0.3,91,
koning|l|mazzola|a,koning|l,mazzola|a,Loes Ebeling Koning,Alessandra Mazzola,ITF Women Plovdiv - QF,2026-09-25 09:30:00,0.7897243501226414,0.21027564987735867,0.8127340823970036,0.23529411764705882,750,2026-09-25 10:09:16,2026-09-25 09:56:01,2026-09-25 09:30:00,3741002324,-39.3,69,
koning|l|niemeier|j,koning|l,niemeier|j,Loes Ebeling Koning,Jule Niemeier,ITF Women Plovdiv - R16,2026-09-24 12:19:46,0.5583659181727467,0.4416340818272533,0.5815899581589958,0.46511627906976744,450,2026-09-24 12:16:10,2026-09-24 12:12:34,2026-09-24 12:19:46,3740390064,3.6,41,
koning|l|olmo|a,koning|l,olmo|a,Loes Ebeling Koning,Ane Mintegi Del Olmo,ITF Women Plovdiv - SF,2026-09-26 09:33:14,0.685661515294683,0.3143384847053171,0.7093023255813954,0.3389830508474576,750,2026-09-26 09:39:04,2026-09-26 09:28:37,2026-09-26 09:33:14,3742223161,-5.9,50,
koning|l|yaneva|e,koning|l,yaneva|e,Loes Ebeling Koning,Elizara Yaneva,ITF Women Pazardzhik - Final,2026-09-19 09:00:00,0.3932788855464865,0.6067211144535135,0.4166666666666667,0.6296296296296295,750,2026-09-19 07:06:52,2026-09-19 07:05:28,2026-09-19 07:13:36,3733795984,113.1,53,
kopriva|v|molcan|a,kopriva|v,molcan|a,Vit Kopriva,Alex Molcan,ATP Beijing - Qualifiers,2026-09-28 06:41:00,0.40077071489580246,0.5992292851041975,0.42016806722689076,0.6183206106870228,1750,2026-09-28 05:59:46,2026-09-28 05:46:01,2026-09-28 06:41:00,3745286684,41.2,23,
kopriva|v|shapovalov|d,kopriva|v,shapovalov|d,Vit Kopriva,Denis Shapovalov,ATP Chengdu Open - R16,2026-09-25 05:00:00,0.23395677574253843,0.7660432242574615,0.24875621890547267,0.7802197802197802,4000,2026-09-25 05:02:36,2026-09-25 04:48:59,2026-09-25 05:00:00,3740974399,-2.6,92,
korneeva|a|preston|t,korneeva|a,preston|t,Alina Korneeva,Taylah Preston,WTA Seoul - QF,2026-09-26 05:45:00,0.7053599383891064,0.29464006161089346,0.7198879551820728,0.30959752321981426,4000,2026-09-26 04:57:21,2026-09-26 04:42:55,2026-09-26 04:52:38,3742030742,47.6,221,
korneeva|a|sawangkaew|m,korneeva|a,sawangkaew|m,Alina Korneeva,Mananchaya Sawangkaew,WTA Seoul - R1,2026-09-21 04:41:25,0.6535220592117224,0.34647794078827765,0.6677740863787376,0.36101083032490977,2500,2026-09-21 04:37:52,2026-09-21 04:34:14,2026-09-21 04:41:25,3737534807,3.5,122,
korokozidi|e|zeltina|b,korokozidi|e,zeltina|b,Elena Korokozidi,Beatrise Zeltina,ITF Women Plovdiv - R1,2026-09-23 08:00:00,0.4830120867060124,0.5169879132939876,0.5073891625615764,0.5412844036697247,450,2026-09-23 07:59:40,2026-09-23 07:46:21,2026-09-23 08:00:00,3739151514,0.3,102,
kostovic|t|quevedo|k,kostovic|t,quevedo|k,Teodora Kostovic,Kaitlin Quevedo,WTA Sao Paulo - QF,2026-09-18 16:11:52,0.4342458345805963,0.5657541654194037,0.4484304932735426,0.5798319327731092,4000,2026-09-18 16:20:55,2026-09-18 16:05:52,2026-09-18 16:11:52,3732970008,-9.1,85,
kostovic|t|semenistaja|d,kostovic|t,semenistaja|d,Teodora Kostovic,Darja Semenistaja,WTA Sao Paulo - R16,2026-09-16 20:50:00,0.5222326809282509,0.47776731907174913,0.5370370370370371,0.4926108374384236,3000,2026-09-16 19:59:04,2026-09-16 19:50:52,2026-09-16 19:59:39,3731377177,50.9,9,
kostovic|t|tian|f,kostovic|t,tian|f,Teodora Kostovic,Fangran Tian,WTA 125K Ankara - QF,2026-09-25 10:00:00,0.7446255765903753,0.2553744234096247,0.765807962529274,0.2777777777777778,1750,2026-09-25 08:59:29,2026-09-25 08:50:31,2026-09-25 09:00:00,3741011145,60.5,84,
kostyuk|m|samsonova|l,kostyuk|m,samsonova|l,Marta Kostyuk,Liudmila Samsonova,WTA Guadalajara - QF,2026-09-18 00:00:00,0.7952732347478626,0.20472676525213743,0.806949806949807,0.2169197396963124,4500,2026-09-17 23:55:51,2026-09-17 23:55:51,2026-09-18 00:01:41,3732387769,4.1,107,
kotov|p|mochizuki|s,kotov|p,mochizuki|s,Pavel Kotov,Shintaro Mochizuki,ATP Chengdu Open - Qualifiers,2026-09-23 06:30:00,0.594335932273028,0.4056640677269721,0.613899613899614,0.425531914893617,1750,2026-09-23 06:34:25,2026-09-23 06:30:51,2026-09-23 07:30:00,3739118770,-4.4,98,
kotov|p|noguchi|r,kotov|p,noguchi|r,Pavel Kotov,Rio Noguchi,ATP Challenger Guangzhou - QF,2026-09-18 11:30:00,0.6523149587581858,0.34768504124181426,0.6666666666666666,0.3623188405797102,3000,2026-09-18 13:28:24,2026-09-18 13:17:42,2026-09-18 11:30:00,3732654012,-118.4,109,
kotov|p|sharipov|m,kotov|p,sharipov|m,Pavel Kotov,Marat Sharipov,ATP Challenger Guangzhou - Final,2026-09-20 05:00:00,0.4905626768653605,0.5094373231346395,0.504950495049505,0.5238095238095238,3000,2026-09-20 09:49:34,2026-09-20 09:38:31,2026-09-20 05:00:00,3735821290,-289.6,97,
kotov|p|tomic|b,kotov|p,tomic|b,Pavel Kotov,Bernard Tomic,ATP Challenger Guangzhou - SF,2026-09-19 11:00:00,0.5541166226442346,0.44588337735576555,0.5689655172413793,0.4608294930875576,3000,2026-09-19 11:06:58,2026-09-19 10:55:51,2026-09-19 11:00:00,3734035398,-7.0,105,
kouame|m|mendez|r,kouame|m,mendez|r,Moise Kouame,Rodrigo Pacheco Mendez,ATP Challenger Phan Thiet - SF,2026-09-19 05:34:41,0.6199092511867415,0.3800907488132585,0.6363636363636364,0.3968253968253968,2500,2026-09-19 05:36:52,2026-09-19 05:29:25,2026-09-19 05:34:41,3733759820,-2.2,69,
kouame|m|muller|a,kouame|m,muller|a,Moise Kouame,Alexandre Muller,ATP Chengdu Open - R1,2026-09-24 09:15:00,0.5129194179575773,0.48708058204242266,0.5283018867924528,0.5024875621890548,3000,2026-09-24 09:22:55,2026-09-24 09:11:23,2026-09-24 09:15:00,3740235661,-7.9,118,
kouame|m|peliwo|f,kouame|m,peliwo|f,Moise Kouame,Filip Peliwo,ATP Challenger Phan Thiet - R16,2026-09-17 04:00:00,0.9142830011426704,0.08571699885732967,0.9356084996780426,0.11325028312570781,300,2026-09-17 03:06:14,2026-09-17 03:04:42,2026-09-17 04:00:00,3731599630,53.7,47,
kouzmine|c|rossi|l,kouzmine|c,rossi|l,Constantin Bittoun Kouzmine,Leonardo Rossi,ATP Challenger Mouilleron-Le-Captif - Qualifiers,2026-09-27 18:00:00,0.4345211632061638,0.5654788367938364,0.4629629629629629,0.5934959349593496,350,2026-09-27 15:59:19,2026-09-27 15:58:38,2026-09-27 16:16:00,3744643249,120.7,86,
kovacevic|a|munar|j,kovacevic|a,munar|j,Aleksandar Kovacevic,Jaume Munar,ATP Tokyo - Qualifiers,2026-09-29 03:14:40,0.4080886089780298,0.5919113910219702,0.4273504273504274,0.6108949416342413,1750,2026-09-29 03:14:34,2026-09-29 03:09:13,2026-09-29 03:14:40,3745791369,0.1,63,
kovacevic|a|svajda|z,kovacevic|a,svajda|z,Aleksandar Kovacevic,Zachary Svajda,ATP Tokyo - Qualifiers,2026-09-28 04:00:00,0.43018608835938044,0.5698139116406196,0.45248868778280543,0.5918367346938775,1050,2026-09-28 03:35:25,2026-09-28 03:30:10,2026-09-28 03:39:40,3745252934,24.6,13,
kovackova|a|oktiabreva|a,kovackova|a,oktiabreva|a,Alena Kovackova,Alisa Oktiabreva,ITF Women Santa Margherita di Pula - Final,2026-09-27 08:00:00,0.3157812916518197,0.6842187083481804,0.3401360544217687,0.7076023391812866,750,2026-09-27 08:02:10,2026-09-27 07:52:58,2026-09-27 08:00:00,3743907957,-2.2,98,
kovackova|a|paganetti|v,kovackova|a,paganetti|v,Alena Kovackova,Vittoria Paganetti,ITF Women Santa Margherita di Pula - SF,2026-09-26 10:00:00,0.7804615402421738,0.21953845975782618,0.8035363457760314,0.24449877750611249,550,2026-09-26 07:59:55,2026-09-26 07:59:11,2026-09-26 10:00:00,3742065624,120.1,44,
kovackova|a|pistola|i,kovackova|a,pistola|i,Alena Kovackova,Ilary Pistola,ITF Women Santa Margherita di Pula - R16,2026-09-24 07:42:21,0.8047689239021861,0.19523107609781387,0.8275862068965518,0.22026431718061673,450,2026-09-24 07:41:30,2026-09-24 07:35:01,2026-09-24 07:42:21,3740176115,0.8,34,
kozlov|s|smith|c,kozlov|s,smith|c,Stefan Kozlov,Colton Smith,ATP Challenger San Diego - R1,2026-09-22 18:10:00,0.3659480827398019,0.6340519172601982,0.38759689922480617,0.6551724137931035,1750,2026-09-22 17:59:41,2026-09-22 17:55:50,2026-09-22 18:10:00,3738674229,10.3,58,
krajci|m|strombachs|r,krajci|m,strombachs|r,Michal Krajci,Robert Strombachs,ITF Men Sharm El Sheikh - R16,2026-09-24 09:00:00,0.3076355210128226,0.6923644789871776,0.33222591362126247,0.7159090909090909,450,2026-09-24 09:01:06,2026-09-24 08:56:18,2026-09-24 09:00:00,3740182784,-1.1,39,
krajicek|c|rikl|a,krajicek|c,rikl|a,Christian Harrison / Austin Krajicek,Adam Pavlasek / Patrik Rikl,Davis Cup - Doubles,2026-09-19 12:00:00,0.50454583026496,0.49545416973504003,0.5283018867924528,0.5192307692307692,1250,2026-09-19 13:01:57,2026-09-19 12:56:36,2026-09-19 12:00:00,3734146750,-62.0,34,
kraus|s|malygina|e,kraus|s,malygina|e,Sinja Kraus,Elena Malygina,WTA 125K Porto - QF,2026-09-25 12:12:07,0.7786121106863367,0.22138788931366327,0.7995991983967936,0.24390243902439027,1750,2026-09-25 12:19:36,2026-09-25 12:06:43,2026-09-25 12:12:07,3741207276,-7.5,103,
kraus|v|kulambayeva|g,kraus|v,kulambayeva|g,Viktoria Hruncakova / Sinja Kraus,Gabriella Da Silva Fick / Zhibek Kulambayeva,WTA 125k Caldas Da Rainha - Doubles,2026-09-17 14:35:00,0.5966862712714045,0.40331372872859544,0.6309963099630996,0.43859649122807015,500,2026-09-17 14:38:48,2026-09-17 14:24:08,2026-09-17 14:40:00,3731991547,-3.8,33,
kravchenko|g|marques|g,kravchenko|g,marques|g,Georgii Kravchenko,Goncalo Marques,ATP Challenger Porto - Qualifiers,2026-09-27 12:49:29,0.6084121295953632,0.39158787040463683,0.6296296296296295,0.4132231404958678,1000,2026-09-27 12:54:04,2026-09-27 12:39:43,2026-09-27 12:49:29,3744234177,-4.6,61,
kravchenko|g|tabacco|g,kravchenko|g,tabacco|g,Georgii Kravchenko,Giorgio Tabacco,ITF Men Setubal - R1,2026-09-23 13:40:57,0.5113695120820447,0.4886304879179552,0.5348837209302326,0.5121951219512195,450,2026-09-23 13:47:04,2026-09-23 13:33:39,2026-09-23 13:40:57,3739514490,-6.1,129,
krawczyk|s|radisic|m,krawczyk|s,radisic|m,Storm Hunter / Desirae Krawczyk,Makoto Ninomiya / Nika Radisic,WTA Singapore - Doubles,2026-09-22 08:10:00,0.7196479446088788,0.28035205539112124,0.7429305912596401,0.3048780487804878,500,2026-09-22 07:57:02,2026-09-22 07:52:01,2026-09-22 08:10:00,3738196901,13.0,79,
krawczyk|s|xu|q,krawczyk|s,xu|q,Storm Hunter / Desirae Krawczyk,Qianhui Tang / Yi-Fan Xu,WTA Singapore - Doubles,2026-09-24 03:10:00,0.6876375019657229,0.3123624980342771,0.7109826589595376,0.3367003367003367,500,2026-09-24 02:59:44,2026-09-24 02:53:50,2026-09-24 03:10:00,3740077732,10.2,112,
krejcikova|b|mertens|e,krejcikova|b,mertens|e,Barbora Krejcikova,Elise Mertens,WTA Singapore - R16,2026-09-23 06:30:00,0.3325587162114717,0.6674412837885282,0.3448275862068966,0.6794871794871794,5000,2026-09-23 06:34:25,2026-09-23 06:21:23,2026-09-23 06:30:00,3739116908,-4.4,82,
krejcikova|m|sutjiadi|e,krejcikova|m,sutjiadi|e,Maja Chwalinska / Barbora Krejcikova,Erin Routliffe / Aldila Sutjiadi,WTA Singapore - Doubles,2026-09-23 10:00:00,0.4708962008084252,0.5291037991915748,0.49751243781094534,0.5555555555555556,500,2026-09-23 06:34:25,2026-09-23 06:30:51,2026-09-23 10:00:00,3739055609,205.6,172,
kroitor|k|mi|l,kroitor|k,mi|l,Kristina Kroitor,Lan Mi,ITF Women Monastir - QF,2026-09-25 08:44:04,0.5524084678071083,0.44759153219289183,0.576271186440678,0.4716981132075471,750,2026-09-25 08:43:52,2026-09-25 08:39:42,2026-09-25 08:44:04,3741053368,0.2,59,
kroitor|k|sanchez|m,kroitor|k,sanchez|m,Kristina Kroitor,Maria Oliver Sanchez,ITF Women Monastir - R1,2026-09-23 08:43:35,0.8646612223246465,0.1353387776753537,0.8858447488584476,0.1597444089456869,450,2026-09-23 08:52:31,2026-09-23 08:38:03,2026-09-23 08:43:35,3739208445,-9.0,44,
krom|m|rodenas|p,krom|m,rodenas|p,Michiel De Krom,Pedro Rodenas,ITF Men Sabadell - R1,2026-09-23 10:00:00,0.23909689747994287,0.7609031025200569,0.2638522427440633,0.7840172786177105,450,2026-09-23 09:50:07,2026-09-23 09:38:44,2026-09-23 10:00:00,3739220584,9.8,35,
krueger|m|seggerman|r,krueger|m,seggerman|r,Mitchell Krueger,Ryan Seggerman,ATP Challenger Tiburon - R16,2026-09-17 17:40:00,0.39431144157012393,0.605688558429876,0.41152263374485604,0.6226415094339623,2525,2026-09-17 18:13:15,2026-09-17 18:10:31,2026-09-17 17:40:00,3732124605,-33.3,59,
krueger|m|zheng|m,krueger|m,zheng|m,Mitchell Krueger,Michael Zheng,ATP Challenger Tiburon - QF,2026-09-18 20:41:02,0.11784801054863864,0.8821519894513615,0.13679890560875513,0.8987854251012146,1000,2026-09-18 20:50:05,2026-09-18 20:35:29,2026-09-18 20:41:02,3733488807,-9.1,116,
krueger|m|zink|t,krueger|m,zink|t,Mitchell Krueger,Tyler Zink,ATP Challenger Columbus - R1,2026-09-28 20:30:00,0.5652028491633639,0.43479715083663617,0.5867768595041323,0.4566210045662101,1750,2026-09-28 19:01:31,2026-09-28 19:01:31,2026-09-28 19:09:05,3745649810,88.5,46,
krumich|m|recek|d,krumich|m,recek|d,Martin Krumich,Dominik Recek,ITF Men Pardubice - R1,2026-09-23 10:00:00,0.8573210759413413,0.14267892405865867,0.8787878787878788,0.16722408026755853,450,2026-09-23 10:03:42,2026-09-23 09:48:52,2026-09-23 10:00:00,3739179856,-3.7,36,
krutykh|o|tsitsipas|p,krutykh|o,tsitsipas|p,Oleksii Krutykh,Petros Tsitsipas,ITF Men Pardubice - R1,2026-09-23 07:54:36,0.9539324110487003,0.046067588951299886,0.967595593000648,0.06510416666666667,450,2026-09-23 08:42:17,2026-09-23 08:30:28,2026-09-23 07:54:36,3739168807,-47.7,28,
kubareva|a|li|x,kubareva|a,li|x,Anna Kubareva,Xiaowei Li,ITF Women Maanshan - QF,2026-09-25 03:00:00,0.9287474271555161,0.07125257284448405,0.9456226209896683,0.09285051067780874,750,2026-09-25 02:14:12,2026-09-25 02:02:54,2026-09-25 02:11:54,3740927805,45.8,79,
kubareva|a|lu|j,kubareva|a,lu|j,Anna Kubareva,Jing-Jing Lu,ITF Women Maanshan - R16,2026-09-24 03:00:00,0.7960378616174656,0.2039621383825342,0.8188405797101449,0.22883295194508008,450,2026-09-24 02:01:09,2026-09-24 02:00:06,2026-09-24 03:00:00,3740057646,58.8,67,
kubareva|a|wang|y,kubareva|a,wang|y,Anna Kubareva,Yuhan Wang,ITF Women Maanshan - Final,2026-09-27 02:39:52,0.39641179069625493,0.6035882093037451,0.42016806722689076,0.626865671641791,750,2026-09-27 02:46:52,2026-09-27 02:35:59,2026-09-27 02:39:52,3743763320,-7.0,88,
kubareva|a|ye|s,kubareva|a,ye|s,Anna Kubareva,Sarah Ye,ITF Women Maanshan - R1,2026-09-23 03:00:00,0.9099150524090611,0.09008494759093884,0.9284692417739627,0.11286681715575622,450,2026-09-23 00:13:47,2026-09-23 00:13:17,2026-09-23 03:00:00,3738916421,166.2,120,
kubka|i|mert|d,kubka|i,mert|d,Isabelle Haverlag / Martyna Kubka,Deniz Dilek / Aysegul Mert,WTA 125K Ankara - Doubles,2026-09-23 16:30:00,0.858632202920087,0.14136779707991298,0.88998899889989,0.1798561151079137,500,2026-09-23 16:45:06,2026-09-23 16:34:46,2026-09-23 16:40:00,3739679652,-15.1,47,
kubka|m|leonard|m,kubka|m,leonard|m,Martyna Kubka,Manon Leonard,ITF Women Le Neubourg - QF,2026-09-18 09:13:29,0.678196526293181,0.32180347370681905,0.7014925373134329,0.34602076124567477,750,2026-09-18 09:21:31,2026-09-18 09:08:52,2026-09-18 09:13:29,3732601791,-8.0,71,
kubka|m|tanguilig|c,kubka|m,tanguilig|c,Martyna Kubka,Carson Tanguilig,ITF Women Le Neubourg - R16,2026-09-17 09:14:02,0.754546126652322,0.24545387334767796,0.7777777777777779,0.27027027027027023,450,2026-09-17 09:08:45,2026-09-17 09:07:06,2026-09-17 09:14:02,3731754257,5.3,45,
kucmova|a|molle|s,kucmova|a,molle|s,Aneta Kucmova,Silvia Dalle Molle,WTA 125k Tolentino - Qualifiers,2026-09-20 12:50:00,0.9754097625555904,0.024590237444409534,0.9868972746331238,0.04568296025582458,200,2026-09-20 04:08:51,2026-09-20 04:02:11,2026-09-20 12:50:00,3735796569,521.1,13,
kucmova|a|pieri|j,kucmova|a,pieri|j,Aneta Kucmova,Jessica Pieri,WTA 125k Tolentino - Qualifiers,2026-09-21 09:20:00,0.5413557111537128,0.4586442888462872,0.5633187772925764,0.4807692307692307,1750,2026-09-21 09:30:13,2026-09-21 09:19:05,2026-09-21 09:20:00,3737579643,-10.2,33,
kudermetova|p|rakhimova|k,kudermetova|p,rakhimova|k,Polina Kudermetova,Kamilla Rakhimova,WTA Seoul - R1,2026-09-21 03:10:00,0.30170679917331744,0.6982932008266826,0.3164556962025316,0.7126436781609194,2500,2026-09-21 03:00:57,2026-09-21 02:55:48,2026-09-21 03:10:00,3737520642,9.0,120,
kukasian|a|mecarelli|m,kukasian|a,mecarelli|m,Artur Kukasian,Michele Mecarelli,ITF Men Telavi - R1,2026-09-23 08:52:00,0.195394961283276,0.8046050387167241,0.22026431718061673,0.8272884283246977,450,2026-09-23 07:59:40,2026-09-23 07:52:28,2026-09-23 08:52:00,3739171878,52.3,13,
kukasian|a|pleshivtsev|e,kukasian|a,pleshivtsev|e,Artur Kukasian,Egor Pleshivtsev,ITF Men Tsaghkadzor - R16,2026-09-17 08:00:00,0.2702770340757912,0.7297229659242088,0.2949852507374631,0.7530864197530864,450,2026-09-17 07:58:57,2026-09-17 07:51:37,2026-09-17 08:00:00,3731666141,1.0,37,
kulambayeva|g|micic|r,kulambayeva|g,micic|r,Gabriella Da Silva Fick / Zhibek Kulambayeva,Rutuja Bhosale / Elena Micic,WTA 125k Caldas Da Rainha - Doubles,2026-09-19 15:20:00,0.5825930498370981,0.4174069501629018,0.6168582375478928,0.45248868778280543,1250,2026-09-19 15:19:48,2026-09-19 15:07:52,2026-09-19 15:20:00,3734718014,0.2,49,
kulambayeva|g|werner|g,kulambayeva|g,werner|g,Gabriella Da Silva Fick / Zhibek Kulambayeva,Gabriela Knutson / Caroline Werner,WTA 125k Caldas Da Rainha - Doubles,2026-09-18 17:40:00,0.6006381292855327,0.3993618707144674,0.635036496350365,0.4347826086956522,1250,2026-09-18 16:30:55,2026-09-18 16:18:52,2026-09-18 17:40:00,3732921066,69.1,46,
kulbiej|n|popescu|a,kulbiej|n,popescu|a,Nadia Kulbiej,Alessia Popescu,ITF Women Constanta - R1,2026-09-23 10:00:00,0.7245640623177741,0.2754359376822259,0.7481108312342569,0.3003003003003003,450,2026-09-23 10:03:42,2026-09-23 09:48:52,2026-09-23 10:00:00,3739190041,-3.7,23,
kulikova|a|wang|j,kulikova|a,wang|j,Anastasia Kulikova,Jiaqi Wang,WTA Singapore - Qualifiers,2026-09-19 03:14:30,0.615153224234998,0.38484677576500204,0.6363636363636364,0.4065040650406504,600,2026-09-19 03:15:44,2026-09-19 03:07:52,2026-09-19 03:14:30,3733705523,-1.2,14,
kumar|m|minasyan|m,kumar|m,minasyan|m,Melvin Kumar,Michael Minasyan,ITF Men Falun - R1,2026-09-22 11:10:35,0.42484989400518214,0.575150105994818,0.4484304932735426,0.5983935742971888,450,2026-09-22 11:17:58,2026-09-22 11:05:36,2026-09-22 11:10:35,3738343550,-7.4,75,
kumru|a|maloney|e,kumru|a,maloney|e,Ada Kumru,Eliz Maloney,ITF Women Monastir - R1,2026-09-22 11:00:00,0.2773131653241151,0.722686834675885,0.3021148036253776,0.7461928934010152,450,2026-09-22 10:59:29,2026-09-22 10:53:08,2026-09-22 11:00:39,3738335589,0.5,73,
kuramochi|m|yao|x,kuramochi|m,yao|x,Miho Kuramochi,Xinxin Yao,WTA Seoul - Qualifiers,2026-09-20 04:12:24,0.3651013881139982,0.6348986118860017,0.3846153846153846,0.6539792387543253,1750,2026-09-20 04:08:51,2026-09-20 04:02:11,2026-09-20 05:05:00,3735805435,3.5,91,
kurt|i|luciano|l,kurt|i,luciano|l,Irem Kurt,Lavinia Luciano,ITF Women Monastir - R16,2026-09-17 08:46:36,0.7381068137493085,0.26189318625069147,0.7613365155131264,0.28653295128939826,450,2026-09-17 08:50:45,2026-09-17 08:36:54,2026-09-17 08:46:36,3731732886,-4.2,32,
kurt|i|masiianskaia|m,kurt|i,masiianskaia|m,Irem Kurt,Mariia Masiianskaia,ITF Women Monastir - R1,2026-09-23 08:42:20,0.8225029625249781,0.177497037475022,0.8449612403100775,0.20242914979757087,450,2026-09-23 08:52:31,2026-09-23 08:38:03,2026-09-23 08:42:20,3739208142,-10.2,44,
kurt|i|ruchkina|k,kurt|i,ruchkina|k,Irem Kurt,Kseniia Ruchkina,ITF Women Monastir - QF,2026-09-25 08:40:58,0.45673494719368496,0.543265052806315,0.4807692307692307,0.5670995670995671,750,2026-09-25 08:43:52,2026-09-25 08:35:26,2026-09-25 08:40:58,3741051056,-2.9,59,
kusy|j|recek|d,kusy|j,recek|d,Jakub Kusy,Dominik Recek,ITF Men Pardubice - R16,2026-09-24 10:00:00,0.2625861830499094,0.7374138169500907,0.28735632183908044,0.7607655502392345,450,2026-09-24 08:01:11,2026-09-24 07:55:54,2026-09-24 10:00:00,3740135327,118.8,85,
kuwata|h|rajecki|a,kuwata|h,rajecki|a,Hiroko Kuwata,Amelia Rajecki,WTA 125k Jingshan - Qualifiers,2026-09-26 03:15:25,0.07432181899593815,0.9256781810040619,0.10101010101010101,0.9457406402604449,225,2026-09-26 03:07:34,2026-09-26 02:57:14,2026-09-26 03:00:00,3741888791,7.8,62,
kuzmova|k|lizunova|a,kuzmova|k,lizunova|a,Katarina Kuzmova,Anastasia Lizunova,ITF Women Hurghada - R16,2026-09-17 09:16:21,0.7456188575048323,0.2543811424951677,0.76905311778291,0.27932960893854747,450,2026-09-17 09:08:45,2026-09-17 09:07:06,2026-09-17 09:16:21,3731754136,7.6,35,
kuzmova|k|tupitsyna|e,kuzmova|k,tupitsyna|e,Katarina Kuzmova,Ekaterina Tupitsyna,ITF Women Hurghada - SF,2026-09-19 06:00:00,0.5669206085253843,0.43307939147461577,0.5901639344262295,0.4566210045662101,750,2026-09-19 06:00:10,2026-09-19 05:59:45,2026-09-19 07:00:00,3733769321,-0.2,73,
kuzmova|v|smith|w,kuzmova|v,smith|w,Viktoria Hruncakova / Katarina Kuzmova,Weronika Falkowska / Alana Smith,WTA 125K Ankara - Doubles,2026-09-23 12:20:00,0.3961643823009463,0.6038356176990538,0.43103448275862066,0.6376811594202898,500,2026-09-23 12:10:43,2026-09-23 12:10:43,2026-09-23 12:20:00,3739431841,9.3,105,
kuzuhara|b|staeheli|l,kuzuhara|b,staeheli|l,Bruno Kuzuhara,Luca Staeheli,ATP Challenger Columbus - Qualifiers,2026-09-27 15:05:00,0.4798781786674674,0.5201218213325326,0.5073891625615764,0.5475113122171946,350,2026-09-27 14:15:08,2026-09-27 14:10:17,2026-09-27 14:15:15,3744405731,49.9,45,
ku|y|ruse|e,ku|y,ruse|e,Yeonwoo Ku,Elena-Gabriela Ruse,WTA Seoul - R16,2026-09-24 05:12:40,0.2243228506737172,0.775677149326283,0.23923444976076558,0.7899159663865546,3000,2026-09-24 05:19:55,2026-09-24 05:06:19,2026-09-24 05:12:40,3740121927,-7.3,201,
kwon|s|nagal|s,kwon|s,nagal|s,Soonwoo Kwon,Sumit Nagal,Davis Cup - Qualifiers,2026-09-19 05:32:25,0.7617025219419103,0.23829747805808965,0.7807017543859649,0.25839793281653745,1750,2026-09-19 05:36:52,2026-09-19 05:23:45,2026-09-19 05:32:25,3733758218,-4.5,69,
kwon|s|suresh|d,kwon|s,suresh|d,Soonwoo Kwon,Dhakshineswar Suresh,Davis Cup - Qualifiers,2026-09-18 05:05:00,0.6120125461177437,0.3879874538822563,0.635036496350365,0.41152263374485604,750,2026-09-18 05:19:07,2026-09-18 05:14:42,2026-09-18 05:20:26,3732513905,-14.1,31,
kym|j|torres|t,kym|j,torres|t,Jerome Kym,Tiago Torres,ATP Challenger Porto - R1,2026-09-28 15:00:00,0.7582568805192733,0.24174311948072674,0.7747747747747747,0.2590673575129534,1750,2026-09-28 14:57:40,2026-09-28 14:49:26,2026-09-28 15:00:00,3745509304,2.3,27,
laborde|a|pleshivtsev|e,laborde|a,pleshivtsev|e,Arthur Laborde,Egor Pleshivtsev,ITF Men Tsaghkadzor - QF,2026-09-18 07:14:07,0.3757527116952358,0.6242472883047642,0.4,0.647887323943662,750,2026-09-18 07:14:27,2026-09-18 07:07:52,2026-09-18 07:14:07,3732541761,-0.3,60,
laborde|a|popko|d,laborde|a,popko|d,Arthur Laborde,Dmitry Popko,ITF Men Tsaghkadzor - SF,2026-09-19 08:00:00,0.16380811370593443,0.8361918862940655,0.18867924528301888,0.8583569405099151,750,2026-09-19 07:06:52,2026-09-19 07:05:28,2026-09-19 07:13:34,3733795425,53.1,31,
laborde|a|sarksian|d,laborde|a,sarksian|d,Arthur Laborde,Daniil Sarksian,ITF Men Tsaghkadzor - R16,2026-09-17 06:48:51,0.38580546100794577,0.6141945389920542,0.4098360655737705,0.6376811594202898,450,2026-09-17 06:55:10,2026-09-17 06:40:51,2026-09-17 06:48:51,3731676080,-6.3,31,
laboutkova|a|morderger|t,laboutkova|a,morderger|t,Aneta Kucmova / Aneta Laboutkova,Tayisiya Morderger / Yana Morderger,WTA 125k Tolentino - Doubles,2026-09-24 09:00:00,0.8476161124225333,0.1523838875774667,0.8792270531400966,0.19047619047619047,500,2026-09-24 09:34:18,2026-09-24 09:26:31,2026-09-24 09:00:00,3740223696,-34.3,84,
laboutkova|a|papamichail|e,laboutkova|a,papamichail|e,Aneta Kucmova / Aneta Laboutkova,Ekaterine Gorgodze / Despina Papamichail,WTA 125k Tolentino - Doubles,2026-09-27 12:30:00,0.6060876412417223,0.3939123587582778,0.6402877697841727,0.4291845493562232,1250,2026-09-27 13:16:37,2026-09-27 13:16:37,2026-09-27 12:30:00,3744188470,-46.6,30,
laboutkova|a|senica|p,laboutkova|a,senica|p,Aneta Kucmova / Aneta Laboutkova,Pia Lovric / Alja Senica,WTA 125K Ljubljana - Doubles,2026-09-18 10:10:00,0.8222419504328436,0.17775804956715593,0.8563218390804597,0.2178649237472767,250,2026-09-18 09:58:42,2026-09-18 09:46:24,2026-09-18 10:10:00,3732617152,11.3,16,
laboutkova|a|serban|i,laboutkova|a,serban|i,Aneta Laboutkova,Isabella Maria Serban,WTA 125k Tolentino - R1,2026-09-22 10:04:31,0.5734982182144559,0.4265017817855441,0.5951417004048584,0.4484304932735426,1750,2026-09-22 09:59:24,2026-09-22 09:52:45,2026-09-22 11:00:00,3738283794,5.1,43,
laboutkova|a|toma|m,laboutkova|a,toma|m,Aneta Laboutkova,Maria Toma,WTA 125k Tolentino - Qualifiers,2026-09-20 14:46:12,0.8335246480718407,0.16647535192815938,0.8535871156661787,0.18867924528301888,1300,2026-09-20 14:51:02,2026-09-20 14:38:33,2026-09-20 14:46:12,3736643570,-4.9,71,
laboutkova|a|tsygourova|k,laboutkova|a,tsygourova|k,Aneta Laboutkova,Katerina Tsygourova,WTA 125k Tolentino - Qualifiers,2026-09-21 11:20:00,0.5525949933123995,0.4474050066876006,0.574468085106383,0.4694835680751174,1750,2026-09-21 11:13:13,2026-09-21 11:13:13,2026-09-21 12:20:00,3737657990,6.8,38,
laboutkova|a|tubello|e,laboutkova|a,tubello|e,Aneta Kucmova / Aneta Laboutkova,Enola Chiesa / Alice Tubello,WTA 125k Tolentino - Doubles,2026-09-25 09:00:00,0.7709538445100874,0.22904615548991283,0.8058252427184467,0.2680965147453083,100,2026-09-25 09:44:51,2026-09-25 09:35:49,2026-09-25 09:00:00,3741059997,-44.9,6,
laboutkova|a|urgesi|n,laboutkova|a,urgesi|n,Aneta Kucmova / Aneta Laboutkova,Noemi Basiletti / Federica Urgesi,WTA 125k Tolentino - Doubles,2026-09-22 16:10:00,0.7770044180974501,0.22299558190254987,0.8098859315589353,0.2597402597402597,500,2026-09-22 16:56:32,2026-09-22 16:43:10,2026-09-22 16:10:00,3738596602,-46.6,50,
lacasse|a|mcgiffin|g,lacasse|a,mcgiffin|g,Ariana Arseneault / Raphaelle Lacasse,Gabriella Da Silva Fick / Tenika McGiffin,WTA 125K Porto - Doubles,2026-09-24 13:00:00,0.515231512981861,0.48476848701813907,0.5495495495495495,0.5192307692307692,500,2026-09-24 13:50:03,2026-09-24 13:39:42,2026-09-24 13:00:00,3740401258,-50.1,30,
lacasse|a|voloshchuk|a,lacasse|a,voloshchuk|a,Ariana Arseneault / Raphaelle Lacasse,Ayana Akli / Angelina Voloshchuk,WTA 125K Porto - Doubles,2026-09-23 14:30:00,0.5746490185364466,0.42535098146355343,0.609375,0.4608294930875576,500,2026-09-23 15:32:15,2026-09-23 15:19:19,2026-09-23 14:30:00,3739446923,-62.3,40,
lacasse|a|yamalapalli|n,lacasse|a,yamalapalli|n,Ariana Arseneault / Raphaelle Lacasse,Naiktha Bains / Sahaja Yamalapalli,WTA 125K Porto - Doubles,2026-09-25 14:40:00,0.5655803501738796,0.43441964982612036,0.6000000000000001,0.4694835680751174,1250,2026-09-25 14:34:13,2026-09-25 14:29:07,2026-09-25 14:30:00,3741309307,5.8,33,
lacis|r|madaras|d,lacis|r,madaras|d,Richard Lacis,Dragos Nicolae Madaras,ITF Men Telavi - R1,2026-09-23 06:00:00,0.017692631635358235,0.9823073683646417,0.0309981401115933,0.9899608473044875,450,2026-09-23 05:59:14,2026-09-23 05:45:30,2026-09-23 06:00:00,3739058669,0.8,26,
lagarrigue|f|meerschen|m,lagarrigue|f,meerschen|m,Florent Lagarrigue,Martin Van Der Meerschen,ITF Men Tsaghkadzor - QF,2026-09-18 10:13:10,0.20094571958997995,0.7990542804100201,0.22573363431151244,0.82174688057041,750,2026-09-18 10:17:43,2026-09-18 10:08:52,2026-09-18 10:13:10,3732644737,-4.6,66,
lage|e|schiessl|j,lage|e,schiessl|j,Eduardo Lage,Joao Eduardo Schiessl,ITF Men Curitiba - R1,2026-09-23 15:00:00,0.18125170789209444,0.8187482921079053,0.2061855670103093,0.8412698412698413,450,2026-09-23 15:03:29,2026-09-23 14:49:10,2026-09-23 15:00:00,3739485713,-3.5,49,
lagutin|p|pieleanu|r,lagutin|p,pieleanu|r,Pavel Lagutin,Rares Teodor Pieleanu,ATP Challenger Plovdiv - Qualifiers,2026-09-20 08:47:05,0.9266166754791568,0.07338332452084324,0.9505195447798119,0.1075268817204301,50,2026-09-20 08:49:59,2026-09-20 08:37:23,2026-09-20 08:47:05,3735945883,-2.9,38,
lagutin|p|radulov|i,lagutin|p,radulov|i,Pavel Lagutin,Iliyan Radulov,ATP Challenger Plovdiv - R1,2026-09-22 15:22:39,0.6940370381272069,0.3059629618727931,0.715099715099715,0.3278688524590164,1750,2026-09-22 15:23:06,2026-09-22 15:11:54,2026-09-22 15:29:00,3738551705,-0.5,116,
lahey|a|tona|m,lahey|a,tona|m,Ashley Lahey,Miriana Tona,ITF Women Yecla - R1,2026-09-22 10:00:00,0.7524409776370322,0.2475590223629676,0.7757847533632287,0.2724795640326976,450,2026-09-22 09:59:24,2026-09-22 09:52:45,2026-09-22 10:00:00,3738202580,0.6,66,
lamens|s|podoroska|n,lamens|s,podoroska|n,Suzan Lamens,Nadia Podoroska,WTA Sao Paulo - QF,2026-09-18 22:35:36,0.5,0.5,0.5145631067961165,0.5145631067961165,4000,2026-09-18 22:40:44,2026-09-18 22:29:52,2026-09-18 22:35:36,3733538497,-5.1,132,
lamens|s|sierra|s,lamens|s,sierra|s,Suzan Lamens,Solana Sierra,WTA Sao Paulo - R16,2026-09-17 16:16:54,0.46660212840762383,0.5333978715923762,0.4807692307692307,0.5475113122171946,3000,2026-09-17 16:21:30,2026-09-17 16:09:48,2026-09-17 16:16:54,3732069797,-4.6,47,
landaluce|m|trungelliti|m,landaluce|m,trungelliti|m,Martin Landaluce,Marco Trungelliti,ATP Beijing - Qualifiers,2026-09-28 05:30:00,0.6511808972799007,0.3488191027200995,0.6721311475409836,0.37037037037037035,1300,2026-09-28 04:58:08,2026-09-28 04:55:37,2026-09-28 05:30:00,3745270651,31.8,18,
land|a|roberts|j,land|a,roberts|j,Augusto Land,Justin Roberts,ITF Men Curitiba - R1,2026-09-22 14:00:00,0.023899519048940495,0.9761004809510596,0.038925652004671074,0.985414235705951,450,2026-09-22 13:08:29,2026-09-22 13:08:29,2026-09-22 13:17:18,3738449596,51.4,3,
lane|l|poulsen|o,lane|l,poulsen|o,Lewie Lane,Oskar Brostrom Poulsen,ITF Men Falun - R16,2026-09-23 13:17:04,0.28913966969822874,0.7108603303017711,0.31347962382445144,0.7340425531914894,450,2026-09-23 13:18:06,2026-09-23 13:03:28,2026-09-23 15:00:00,3739485713,-1.1,52,
langmo|c|marques|g,langmo|c,marques|g,Christian Langmo,Goncalo Marques,ATP Challenger Porto - Qualifiers,2026-09-28 10:10:00,0.421092930883991,0.5789070691160091,0.4424778761061947,0.6000000000000001,1000,2026-09-28 10:01:41,2026-09-28 09:47:34,2026-09-28 10:10:00,3745371248,8.3,35,
larsson|k|orderlain|d,larsson|k,orderlain|d,Kenzo Koistila Larsson,Drew Van Orderlain,ITF Men Falun - R1,2026-09-22 12:00:00,0.5283217511560561,0.47167824884394405,0.5515695067264574,0.49504950495049505,450,2026-09-22 12:00:49,2026-09-22 11:53:35,2026-09-22 12:00:00,3738292724,-0.8,81,
larsson|k|vasa|e,larsson|k,vasa|e,Kenzo Koistila Larsson,Eero Vasa,ITF Men Falun - R16,2026-09-23 11:11:43,0.05708370052765461,0.9429162994723456,0.07739938080495357,0.9581414817915446,450,2026-09-23 11:18:42,2026-09-23 11:18:42,2026-09-23 11:11:43,3739363445,-7.0,42,
laskevich|e|rodriguez|v,laskevich|e,rodriguez|v,Evialina Laskevich,Victoria Rodriguez,ITF Women Berkeley - R1,2026-09-22 21:06:14,0.7449647898970034,0.25503521010299657,0.7685185185185185,0.2801120448179272,450,2026-09-22 21:10:57,2026-09-22 20:57:01,2026-09-22 21:06:14,3738877610,-4.7,55,
latinovic|m|vaitiekunas|j,latinovic|m,vaitiekunas|j,Miomir Kecmanovic / Stefan Latinovic,Justas Trainauskas / Pijus Vaitiekunas,Davis Cup - Doubles,2026-09-20 11:00:00,0.8896484466677297,0.11035155333227029,0.9130434782608695,0.13908205841446453,950,2026-09-20 13:55:34,2026-09-20 13:44:31,2026-09-20 11:00:00,3736123542,-175.6,43,
lazarov|g|obradovic|d,lazarov|g,obradovic|d,George Lazarov,Dusan Obradovic,ITF Men Zlatibor - R16,2026-09-18 10:00:00,0.47619047619047616,0.5238095238095238,0.5,0.5475113122171946,450,2026-09-18 07:14:27,2026-09-18 07:11:08,2026-09-18 07:17:15,3732547177,165.5,28,
lazarov|g|oetzbach|a,lazarov|g,oetzbach|a,George Lazarov,Adrian Oetzbach,ATP Challenger Plovdiv - Qualifiers,2026-09-20 08:30:41,0.4667164547344765,0.5332835452655236,0.49504950495049505,0.5614035087719298,350,2026-09-20 08:32:21,2026-09-20 08:22:07,2026-09-20 08:30:41,3735930634,-1.7,38,
lazarov|g|valiente|i,lazarov|g,valiente|i,George Lazarov,Izan Almazan Valiente,ATP Challenger Plovdiv - Qualifiers,2026-09-21 08:05:00,0.4040971406767396,0.5959028593232604,0.4329004329004329,0.6240601503759399,350,2026-09-21 07:58:36,2026-09-21 07:57:44,2026-09-21 08:05:00,3737571329,6.4,63,
lee|c|tan|h,lee|c,tan|h,Carol Young Suh Lee,Harmony Tan,WTA 125K Porto - R1,2026-09-22 13:00:00,0.6553506104057316,0.34464938959426833,0.6763754045307443,0.3663003663003663,1750,2026-09-22 13:08:29,2026-09-22 13:08:29,2026-09-22 13:16:20,3738448939,-8.6,119,
lee|e|ma|y,lee|e,ma|y,Eunhye Lee,Yexin Ma,WTA Seoul - Qualifiers,2026-09-20 02:10:00,0.3193308121149505,0.6806691878850495,0.3389830508474576,0.6996996996996997,1750,2026-09-20 02:00:25,2026-09-20 01:46:20,2026-09-20 02:10:00,3735690658,9.6,85,
lee|g|schulenburg|j,lee|g,schulenburg|j,Gerard Campana Lee,Jeffrey Von Der Schulenburg,ITF Men Sabadell - R1,2026-09-22 14:48:18,0.6620223041909029,0.33797769580909726,0.6855345911949686,0.3623188405797102,450,2026-09-22 14:51:31,2026-09-22 14:39:38,2026-09-22 14:48:18,3738526036,-3.2,93,
lee|h|li|x,lee|h,li|x,Ha Eum Lee,Xiaowei Li,ITF Women Maanshan - R1,2026-09-29 05:27:11,0.9375915906613113,0.06240840933868872,0.9534883720930232,0.08326394671107411,450,2026-09-29 05:35:35,2026-09-29 05:23:33,2026-09-29 05:27:11,3745832397,-8.4,27,
lee|j|mayo|a,lee|j,mayo|a,Jordan Lee,Aidan Mayo,ATP Challenger San Diego - Qualifiers,2026-09-20 23:52:14,0.3430508687231698,0.6569491312768302,0.3717472118959108,0.6845425867507886,350,2026-09-20 23:56:48,2026-09-20 23:45:20,2026-09-20 23:52:14,3737444066,-4.6,70,
legout|t|marcondes|i,legout|t,marcondes|i,Timo Legout,Igor Marcondes,ATP Challenger San Diego - SF,2026-09-26 21:36:06,0.6478940619400291,0.352105938059971,0.6644295302013422,0.36900369003690037,2500,2026-09-26 21:42:00,2026-09-26 21:27:22,2026-09-26 21:36:06,3743524092,-5.9,111,
legout|t|milavsky|d,legout|t,milavsky|d,Timo Legout,Daniel Milavsky,ATP Challenger San Diego - R1,2026-09-22 22:37:49,0.6359965055400797,0.3640034944599203,0.6575342465753424,0.3861003861003861,1750,2026-09-22 22:42:27,2026-09-22 22:28:52,2026-09-22 22:37:49,3738903636,-4.6,80,
legout|t|nakashima|b,legout|t,nakashima|b,Timo Legout,Bryce Nakashima,ATP Challenger Tiburon - R16,2026-09-17 20:30:00,0.6357231381160157,0.36427686188398445,0.6527777777777778,0.38167938931297707,2525,2026-09-17 19:30:27,2026-09-17 19:30:27,2026-09-17 20:30:00,3732253151,59.5,66,
legout|t|ostapenkov|d,legout|t,ostapenkov|d,Timo Legout,Daniil Ostapenkov,ATP Challenger San Diego - Qualifiers,2026-09-21 20:30:00,0.8190753382006158,0.1809246617993841,0.8456790123456789,0.21097046413502107,250,2026-09-21 19:38:40,2026-09-21 19:32:02,2026-09-21 19:40:04,3737924619,51.3,92,
legout|t|smith|c,legout|t,smith|c,Timo Legout,Colton Smith,ATP Challenger San Diego - R16,2026-09-24 19:00:00,0.411599638061206,0.588400361938794,0.4329004329004329,0.609375,1750,2026-09-24 19:07:16,2026-09-24 19:00:14,2026-09-24 20:00:00,3740697529,-7.3,61,
lehecka|j|shelton|b,lehecka|j,shelton|b,Jiri Lehecka,Ben Shelton,Davis Cup - Qualifiers,2026-09-18 14:55:28,0.40151445460288737,0.5984855453971126,0.42016806722689076,0.6168582375478928,1750,2026-09-18 14:58:34,2026-09-18 14:50:13,2026-09-18 14:55:28,3732881578,-3.1,43,
lehecka|j|tien|l,lehecka|j,tien|l,Jiri Lehecka,Learner Tien,Davis Cup - Qualifiers,2026-09-19 17:55:00,0.48841971745630597,0.511580282543694,0.5073891625615764,0.5305164319248826,1750,2026-09-19 18:00:07,2026-09-19 17:58:29,2026-09-19 18:03:00,3735186168,-5.1,74,
leite|w|pagotto|v,leite|w,pagotto|v,Wilson Leite,Victor Hugo Remondy Pagotto,ITF Men Curitiba - R16,2026-09-24 14:18:23,0.4212542720038407,0.5787457279961594,0.4444444444444444,0.601593625498008,450,2026-09-24 14:23:32,2026-09-24 14:13:23,2026-09-24 14:18:23,3740469963,-5.2,66,
leite|w|pereira|j,leite|w,pereira|j,Wilson Leite,Jose Pereira,ITF Men Curitiba - QF,2026-09-25 19:28:04,0.5380673142239828,0.46193268577601715,0.5614035087719298,0.4854368932038835,750,2026-09-25 19:38:10,2026-09-25 19:24:28,2026-09-25 19:28:04,3741700824,-10.1,89,
leite|w|roberts|j,leite|w,roberts|j,Wilson Leite,Justin Roberts,ATP Challenger Curitiba - Qualifiers,2026-09-27 15:00:00,0.6379344425304304,0.36206555746956964,0.6655518394648829,0.390625,350,2026-09-27 14:58:41,2026-09-27 14:55:33,2026-09-27 15:03:21,3744525333,1.3,70,
leite|w|rodriguez|l,leite|w,rodriguez|l,Wilson Leite,Lorenzo Joaquin Rodriguez,ATP Challenger Curitiba - Qualifiers,2026-09-28 13:00:00,0.20530831014427892,0.7946916898557209,0.23529411764705882,0.82174688057041,250,2026-09-28 12:59:11,2026-09-28 12:57:51,2026-09-28 14:00:00,3745459602,0.8,52,
leite|w|sidney|g,leite|w,sidney|g,Wilson Leite,Gabriel Roveri Sidney,ITF Men Curitiba - R1,2026-09-23 15:43:14,0.7814306203686444,0.21856937963135578,0.8043052837573386,0.24330900243309006,450,2026-09-23 15:48:57,2026-09-23 15:34:23,2026-09-23 15:43:14,3739625902,-5.7,51,
lenglet|a|theate|p,lenglet|a,theate|p,Arthur Lenglet,Paul Theate,ITF Men Forbach - R1,2026-09-22 09:44:46,0.4525817907919766,0.5474182092080234,0.47619047619047616,0.5708154506437768,450,2026-09-22 09:47:57,2026-09-22 09:37:38,2026-09-22 09:44:46,3738271194,-3.2,58,
leonard|m|tan|l,leonard|m,tan|l,Manon Leonard,Lucie Nguyen Tan,ITF Women Le Neubourg - R16,2026-09-17 10:00:00,0.6527040012937384,0.3472959987062616,0.6763754045307443,0.3717472118959108,450,2026-09-17 09:58:25,2026-09-17 09:52:23,2026-09-17 10:00:00,3731713191,1.6,50,
leong|m|sharipov|m,leong|m,sharipov|m,Mitsuki Wei Kang Leong,Marat Sharipov,ATP Challenger Jingshan - Qualifiers,2026-09-29 03:13:22,0.186001531892602,0.813998468107398,0.20833333333333334,0.8344370860927153,750,2026-09-29 03:14:34,2026-09-29 03:03:52,2026-09-29 03:13:22,3745790835,-1.2,87,
leong|m|trotter|j,leong|m,trotter|j,Mitsuki Wei Kang Leong,James Trotter,ATP Challenger Guangzhou - R16,2026-09-17 08:30:00,0.3425207452751124,0.6574792547248876,0.3597122302158273,0.6742671009771988,2525,2026-09-17 07:38:48,2026-09-17 07:36:31,2026-09-17 07:43:07,3731699925,51.2,36,
leon|k|tubello|e,leon|k,tubello|e,Kolie Allen / Sabastiani Leon,Enola Chiesa / Alice Tubello,WTA 125k Tolentino - Doubles,2026-09-22 14:30:00,0.28949234969576054,0.7105076503042395,0.32573289902280134,0.7442455242966751,500,2026-09-22 15:23:06,2026-09-22 15:09:49,2026-09-22 14:30:00,3738517808,-53.1,39,
lepchenko|v|sasnovich|a,lepchenko|v,sasnovich|a,Varvara Lepchenko,Aliaksandra Sasnovich,WTA Beijing - Qualifiers,2026-09-29 05:20:40,0.20774724110255804,0.792252758897442,0.2277904328018223,0.8109640831758034,1275,2026-09-29 05:24:04,2026-09-29 05:12:01,2026-09-29 05:20:40,3745830114,-3.4,72,
leykina|p|tang|x,leykina|p,tang|x,Polina Leykina,Xiao Tang,ITF Women Maanshan - R1,2026-09-23 04:58:00,0.7816380790365862,0.21836192096341353,0.8046875000000001,0.24330900243309006,450,2026-09-23 04:59:25,2026-09-23 04:45:06,2026-09-23 04:58:00,3739054488,-1.4,96,
leykina|p|zheng|w,leykina|p,zheng|w,Polina Leykina,Wushuang Zheng,WTA 125k Jingshan - Qualifiers,2026-09-26 06:50:07,0.23523366955719957,0.7647663304428005,0.2577319587628866,0.7858672376873661,1750,2026-09-26 06:57:55,2026-09-26 06:43:39,2026-09-26 06:50:07,3742085896,-7.8,81,
liang|e|saito|s,liang|e,saito|s,En Shuo Liang,Sara Saito,WTA Seoul - Qualifiers,2026-09-19 10:11:17,0.6809390847470171,0.31906091525298286,0.7023809523809524,0.3412969283276451,1325,2026-09-19 10:03:38,2026-09-19 10:02:32,2026-09-19 10:11:17,3733952359,7.6,28,
ligniere|e|mecarelli|m,ligniere|e,mecarelli|m,Edoardo Cherie Ligniere,Michele Mecarelli,ITF Men Telavi - QF,2026-09-25 08:00:00,0.3873072891551664,0.6126927108448337,0.41152263374485604,0.6363636363636364,750,2026-09-25 06:58:26,2026-09-25 06:49:45,2026-09-25 08:00:00,3740989165,61.5,30,
ligniere|e|tkemaladze|z,ligniere|e,tkemaladze|z,Edoardo Cherie Ligniere,Zura Tkemaladze,ITF Men Telavi - R1,2026-09-28 11:38:15,0.6409904369851078,0.3590095630148923,0.6644295302013422,0.38314176245210724,450,2026-09-28 11:43:16,2026-09-28 11:33:12,2026-09-28 11:38:15,3745421925,-5.0,29,
linana|a|masarova|r,linana|a,masarova|r,Alicia Herrero Linana,Rebeka Masarova,WTA 125k Valencia - R16,2026-09-17 16:32:49,0.30924361755835145,0.6907563824416487,0.33112582781456956,0.7118155619596541,1750,2026-09-17 16:33:01,2026-09-17 16:24:53,2026-09-17 16:32:49,3732084390,-0.2,47,
linana|a|palicova|b,linana|a,palicova|b,Alicia Herrero Linana,Barbora Palicova,WTA 125k Tolentino - R1,2026-09-22 12:30:00,0.46174049165998776,0.5382595083400123,0.48309178743961345,0.5594713656387665,1750,2026-09-22 11:43:33,2026-09-22 11:36:24,2026-09-22 11:41:19,3738370965,46.4,99,
linana|n|papamichail|e,linana|n,papamichail|e,Nicole Fossa Huergo / Alicia Herrero Linana,Ekaterine Gorgodze / Despina Papamichail,WTA 125k Tolentino - Doubles,2026-09-24 16:00:00,0.5655803501738796,0.43441964982612036,0.6000000000000001,0.4694835680751174,500,2026-09-24 16:34:18,2026-09-24 16:27:01,2026-09-24 16:00:00,3740515918,-34.3,41,
linana|n|struplova|i,linana|n,struplova|i,Nicole Fossa Huergo / Alicia Herrero Linana,Isabella Maria Serban / Julie Struplova,WTA 125k Tolentino - Doubles,2026-09-23 14:00:00,0.7937099980001221,0.206290001999878,0.826388888888889,0.24330900243309006,500,2026-09-23 14:15:24,2026-09-23 14:03:50,2026-09-23 14:00:00,3739530986,-15.4,28,
lithen|j|swaine|c,lithen|j,swaine|c,John Hallquist Lithen,Charlie Swaine,ITF Men Columbia - R16,2026-09-24 20:50:05,0.8871574855725947,0.11284251442740545,0.9072356215213359,0.13661202185792348,450,2026-09-24 20:55:02,2026-09-24 20:45:09,2026-09-24 20:50:05,3740800055,-5.0,47,
liu|s|xia|y,liu|s,xia|y,Shaoyun Liu,Yue Xia,ITF Men Yinchuan - R1,2026-09-23 02:12:06,0.39570200884341317,0.6042979911565869,0.42016806722689076,0.6282527881040892,450,2026-09-23 02:10:35,2026-09-23 02:08:29,2026-09-23 02:12:06,3739006364,1.5,82,
lizarazo|y|pistola|i,lizarazo|y,pistola|i,Yuliana Lizarazo,Ilary Pistola,ITF Women Santa Margherita di Pula - R1,2026-09-23 09:08:00,0.26120387496374153,0.7387961250362587,0.2857142857142857,0.7619047619047619,450,2026-09-23 09:43:02,2026-09-23 09:32:05,2026-09-23 09:08:00,3739238448,-35.0,31,
lizunova|a|samir|s,lizunova|a,samir|s,Anastasia Lizunova,Sandra Samir,ITF Women Sharm El Sheikh - R16,2026-09-24 10:07:49,0.5444082785693105,0.45559172143068954,0.5670995670995671,0.47846889952153115,450,2026-09-24 10:08:53,2026-09-24 09:59:52,2026-09-24 10:07:49,3740280027,-1.1,43,
llorca|l|pavlova|k,llorca|l,pavlova|k,Lucia Cortez Llorca,Kira Pavlova,ITF Women Yecla - R1,2026-09-23 10:00:00,0.3807126399800214,0.6192873600199787,0.40485829959514175,0.6428571428571428,450,2026-09-23 16:22:52,2026-09-23 16:19:41,2026-09-23 16:26:12,3739662407,-382.9,36,
lofman|a|zhu|e,lofman|a,zhu|e,Aleksi Lofman,Evan Zhu,ATP Challenger San Diego - Qualifiers,2026-09-20 22:00:00,0.12168536353405257,0.8783146364659472,0.15600624024961,0.9059266227657572,125,2026-09-20 22:03:35,2026-09-20 21:53:56,2026-09-20 22:00:00,3737339684,-3.6,63,
lokoli|l|marchi|a,lokoli|l,marchi|a,Laurent Lokoli,Andrea De Marchi,ITF Men Santa Margherita di Pula - QF,2026-09-24 07:44:35,0.7103897641369087,0.28961023586309137,0.7340425531914894,0.31446540880503143,750,2026-09-24 07:49:29,2026-09-24 07:40:47,2026-09-24 07:44:35,3740177452,-4.9,31,
lokoli|l|michalski|d,lokoli|l,michalski|d,Laurent Lokoli,Daniel Michalski,ITF Men Santa Margherita di Pula - Final,2026-09-26 09:00:00,0.4126893128131789,0.5873106871868211,0.4366812227074236,0.6108949416342413,750,2026-09-26 07:59:55,2026-09-26 07:59:11,2026-09-26 09:00:00,3742122432,60.1,42,
lollia|m|matoula|m,lollia|m,matoula|m,Mathilde Lollia,Martha Matoula,ITF Women Le Neubourg - R16,2026-09-17 17:10:11,0.3668174325044748,0.6331825674955253,0.390625,0.6563573883161512,450,2026-09-17 17:16:21,2026-09-17 17:05:09,2026-09-17 17:10:11,3732123723,-6.2,51,
lomakin|p|wallner|j,lomakin|p,wallner|j,Petr Bar Biryukov / Grigoriy Lomakin,Jakob Schnaitter / Mark Wallner,ATP Chengdu Open - Doubles,2026-09-25 07:00:00,0.11774573505275576,0.8822542649472442,0.14367816091954022,0.9040307101727447,50,2026-09-25 08:43:52,2026-09-25 08:35:26,2026-09-25 07:00:00,3740994838,-103.9,12,
lombardini|m|oktiabreva|a,lombardini|m,oktiabreva|a,Marta Lombardini,Alisa Oktiabreva,ITF Women Santa Margherita di Pula - Final,2026-09-20 08:00:00,0.16943732295231745,0.8305626770476825,0.1941747572815534,0.8527245949926362,750,2026-09-20 07:57:32,2026-09-20 07:48:36,2026-09-20 08:00:00,3735854307,2.4,43,
lombardini|m|pistola|i,lombardini|m,pistola|i,Marta Lombardini,Ilary Pistola,ITF Women Santa Margherita di Pula - SF,2026-09-19 10:00:00,0.6734976545395924,0.3265023454604076,0.696969696969697,0.3508771929824561,550,2026-09-19 08:08:36,2026-09-19 08:08:36,2026-09-19 08:09:53,3733820563,111.4,60,
lombardini|m|reales|g,lombardini|m,reales|g,Marta Lombardini,Guiomar Maristany Zuleta De Reales,WTA 125k Tolentino - R16,2026-09-23 17:00:00,0.2245509793218937,0.7754490206781063,0.2469135802469136,0.7963340122199593,1750,2026-09-23 15:59:56,2026-09-23 15:53:00,2026-09-23 17:00:00,3739639490,60.1,49,
lombardini|m|steiner|v,lombardini|m,steiner|v,Marta Lombardini,Valentina Steiner,ITF Women Santa Margherita di Pula - R16,2026-09-17 09:29:32,0.4126893128131789,0.5873106871868211,0.4366812227074236,0.6108949416342413,450,2026-09-17 09:37:34,2026-09-17 09:23:54,2026-09-17 09:29:32,3731765125,-8.0,48,
lombardini|m|turini|v,lombardini|m,turini|v,Marta Lombardini,Viola Turini,ITF Women Santa Margherita di Pula - QF,2026-09-18 10:00:00,0.4729060033394655,0.5270939966605345,0.49751243781094534,0.5515695067264574,550,2026-09-18 08:00:01,2026-09-18 07:45:39,2026-09-18 10:00:00,3732525621,120.0,64,
lombardini|m|zantedeschi|a,lombardini|m,zantedeschi|a,Marta Lombardini,Aurora Zantedeschi,WTA 125k Tolentino - R1,2026-09-22 11:30:00,0.3405783649756082,0.6594216350243918,0.3623188405797102,0.6805111821086262,1750,2026-09-22 11:37:37,2026-09-22 11:23:24,2026-09-22 11:30:00,3738223601,-7.6,111,
longueville|r|paganetti|v,longueville|r,paganetti|v,Romane Longueville,Vittoria Paganetti,ITF Women Santa Margherita di Pula - R16,2026-09-24 07:44:01,0.20856676379803712,0.7914332362019628,0.23364485981308414,0.8144712430426716,450,2026-09-24 07:49:29,2026-09-24 07:35:01,2026-09-24 07:44:01,3740177235,-5.5,35,
longueville|r|szabo|b,longueville|r,szabo|b,Romane Longueville,Briana Szabo,ITF Women Santa Margherita di Pula - R1,2026-09-23 09:08:00,0.34488705731881736,0.6551129426811827,0.36900369003690037,0.6784565916398714,450,2026-09-23 09:55:44,2026-09-23 09:47:10,2026-09-23 09:08:00,3739239406,-47.8,33,
lopatic|l|marcos|p,lopatic|l,marcos|p,Luka Talan Lopatic,Pedro Vives Marcos,ITF Men Sabadell - R16,2026-09-24 09:13:17,0.15077282365030353,0.8492271763496966,0.17543859649122806,0.8709677419354839,450,2026-09-24 09:22:55,2026-09-24 09:09:13,2026-09-24 09:13:17,3740235967,-9.6,38,
lopatic|l|marmousez|l,lopatic|l,marmousez|l,Luka Talan Lopatic,Lilian Marmousez,ITF Men Sabadell - QF,2026-09-25 10:43:32,0.13620598094529007,0.8637940190547099,0.16051364365971107,0.8849252013808976,750,2026-09-25 10:49:46,2026-09-25 10:36:11,2026-09-25 10:43:32,3741137624,-6.3,47,
lopatic|l|socas|r,lopatic|l,socas|r,Luka Talan Lopatic,Roberto Perez Socas,ITF Men Sabadell - R1,2026-09-22 10:00:00,0.6020028135988053,0.39799718640119486,0.6254681647940076,0.42194092827004215,450,2026-09-22 09:01:49,2026-09-22 08:52:21,2026-09-22 10:00:00,3738238364,58.2,60,
lopez|e|uemura|m,lopez|e,uemura|m,Eva Lopez,Mutsumi Uemura,ITF Women Wagga Wagga - R1,2026-09-29 03:44:29,0.03889869329475449,0.9611013067052455,0.056882821387940846,0.9735589635113695,450,2026-09-29 03:49:31,2026-09-29 03:39:24,2026-09-29 03:44:29,3745799911,-5.1,64,
lopez|p|rodrigues|b,lopez|p,rodrigues|b,Paola Lopez,Beatriz Nahmias Melo Rodrigues,ITF Women Sao Luis - R16,2026-09-17 16:30:05,0.6974633817593009,0.30253661824069905,0.7206703910614525,0.32679738562091504,450,2026-09-17 16:33:01,2026-09-17 16:24:53,2026-09-17 16:30:05,3732081474,-2.9,118,
lopez|p|sartori|a,lopez|p,sartori|a,Paola Lopez,Ana Julia Sartori,ITF Women Belem - R1,2026-09-22 18:00:00,0.8524565371550826,0.1475434628449174,0.8740554156171284,0.17211703958691912,450,2026-09-22 17:59:41,2026-09-22 17:59:28,2026-09-22 18:08:38,3738677192,0.3,88,
lopez|p|sharma|a,lopez|p,sharma|a,Paola Lopez,Astra Sharma,ITF Women Belem - SF,2026-09-26 15:00:00,0.024701620705612153,0.9752983792943882,0.03992015968063872,0.9848070495290185,750,2026-09-26 13:44:28,2026-09-26 13:32:33,2026-09-26 13:42:10,3742540666,75.5,68,
lopez|p|vidal|l,lopez|p,vidal|l,Paola Lopez,Leticia Garcia Vidal,ITF Women Belem - Final,2026-09-27 13:11:32,0.5402006468896929,0.45979935311030706,0.5633187772925764,0.48309178743961345,750,2026-09-27 13:16:37,2026-09-27 13:16:37,2026-09-27 13:11:32,3744260442,-5.1,114,
lorusso|l|waldner|n,lorusso|l,waldner|n,Lorenzo Lorusso,Niklas Waldner,ITF Men Sharm El Sheikh - R1,2026-09-23 11:22:42,0.5453511946446948,0.4546488053553053,0.5689655172413793,0.47846889952153115,450,2026-09-23 11:29:14,2026-09-23 11:17:47,2026-09-23 11:22:42,3739375260,-6.5,34,
losaberidze|v|monzon|i,losaberidze|v,monzon|i,Vano Losaberidze,Ignacio Monzon,ITF Men Telavi - R1,2026-09-23 07:53:46,0.04706842282322158,0.9529315771767786,0.06622516556291391,0.966744263385434,450,2026-09-23 07:59:40,2026-09-23 07:46:21,2026-09-23 07:53:46,3739166792,-5.9,11,
loureiro|j|pagotto|v,loureiro|j,pagotto|v,Joao Victor Couto Loureiro,Victor Hugo Remondy Pagotto,ATP Challenger Curitiba - Qualifiers,2026-09-27 14:05:00,0.44313233044268074,0.5568676695573194,0.4716981132075471,0.5850622406639003,350,2026-09-27 13:16:37,2026-09-27 13:09:54,2026-09-27 13:16:05,3744270269,48.4,57,
loureiro|j|tosetto|r,loureiro|j,tosetto|r,Joao Victor Couto Loureiro,Rafael Tosetto,ITF Men Curitiba - R16,2026-09-24 17:26:11,0.529330537912523,0.4706694620874769,0.5535714285714286,0.49504950495049505,450,2026-09-24 17:39:03,2026-09-24 17:27:36,2026-09-24 17:26:11,3740604059,-12.9,72,
lukas|t|meliss|v,lukas|t,meliss|v,Tena Lukas,Verena Meliss,ITF Women Santa Margherita di Pula - R1,2026-09-23 07:44:04,0.7515504994001839,0.24844950059981605,0.7747747747747747,0.27322404371584696,450,2026-09-23 07:48:24,2026-09-23 07:37:15,2026-09-23 07:44:04,3739159819,-4.4,22,
lukas|t|oktiabreva|a,lukas|t,oktiabreva|a,Tena Lukas,Alisa Oktiabreva,ITF Women Santa Margherita di Pula - QF,2026-09-25 08:37:22,0.1517570155835602,0.8482429844164394,0.1763668430335097,0.8699609882964889,750,2026-09-25 08:43:52,2026-09-25 08:35:26,2026-09-25 08:37:22,3741049049,-6.5,67,
lumsden|e|malige|m,lumsden|e,malige|m,Ewen Lumsden,Mae Malige,ITF Men Monastir - R16,2026-09-24 11:00:00,0.3577184822796116,0.6422815177203883,0.38167938931297707,0.6655518394648829,350,2026-09-24 08:46:21,2026-09-24 08:36:01,2026-09-24 11:00:00,3740154149,133.6,35,
lumsden|e|martin|t,lumsden|e,martin|t,Ewen Lumsden,Toby Martin,ITF Men Monastir - QF,2026-09-25 08:45:35,0.5696391374708195,0.43036086252918054,0.5934959349593496,0.45454545454545453,750,2026-09-25 08:53:54,2026-09-25 08:39:42,2026-09-25 08:45:35,3741054994,-8.3,38,
lumsden|e|rahmani|k,lumsden|e,rahmani|k,Ewen Lumsden,Kasra Rahmani,ITF Men Monastir - SF,2026-09-19 11:00:00,0.29939736687352225,0.7006026331264779,0.3236245954692557,0.7237569060773481,750,2026-09-19 11:06:58,2026-09-19 10:55:51,2026-09-19 11:00:00,3733874915,-7.0,67,
luo|x|zhang|j,luo|x,zhang|j,Xi Luo,Junhan Zhang,ITF Women Maanshan - R1,2026-09-23 03:00:00,0.41541499976295027,0.5845850002370497,0.4484304932735426,0.6168582375478928,450,2026-09-22 19:51:33,2026-09-22 19:41:32,2026-09-23 03:00:00,3738824982,428.4,112,
lu|j|shek|c,lu|j,shek|c,Jia-Jing Lu,Cheuk Ying Shek,ITF Women Nanao - R1,2026-09-23 03:00:00,0.8084378146759277,0.19156218532407238,0.8310810810810811,0.21645021645021645,350,2026-09-23 00:58:42,2026-09-23 00:58:34,2026-09-23 03:00:00,3738916421,121.3,78,
lu|j|shibahara|e,lu|j,shibahara|e,Jia-Jing Lu,Ena Shibahara,ITF Women Kyoto - SF,2026-09-19 02:17:00,0.4525817907919766,0.5474182092080234,0.47619047619047616,0.5708154506437768,750,2026-09-19 02:18:30,2026-09-19 02:12:28,2026-09-19 02:17:00,3733670611,-1.5,122,
lu|j|shimizu|e,lu|j,shimizu|e,Jia-Jing Lu,Eri Shimizu,ITF Women Kyoto - QF,2026-09-18 02:52:00,0.6058655493021367,0.3941344506978634,0.6296296296296295,0.4184100418410042,750,2026-09-18 02:57:59,2026-09-18 02:57:59,2026-09-18 03:05:02,3732473295,-6.0,98,
lu|j|yi|q,lu|j,yi|q,Jing-Jing Lu,Qige Yi,ITF Women Maanshan - R1,2026-09-23 06:27:00,0.8820867176746966,0.11791328232530347,0.9024390243902439,0.14184397163120568,450,2026-09-23 06:34:25,2026-09-23 06:28:28,2026-09-23 06:34:45,3739118315,-7.4,26,
lu|j|yodpetch|k,lu|j,yodpetch|k,Jia-Jing Lu,Kamonwan Yodpetch,ITF Women Kyoto - R16,2026-09-17 01:00:00,0.7421064202581027,0.2578935797418971,0.7652582159624413,0.2824858757062147,450,2026-09-17 00:58:06,2026-09-17 00:53:52,2026-09-17 02:00:00,3731534283,1.9,39,
lu|j|zhou|a,lu|j,zhou|a,Jia Hu / Hanlei Lu,Aoran Wang / Yi Zhou,ATP Chengdu Open - Doubles,2026-09-25 07:00:00,0.10965275060267071,0.8903472493973296,0.13568521031207598,0.9118942731277533,500,2026-09-25 07:59:05,2026-09-25 07:50:07,2026-09-25 07:00:00,3740992996,-59.1,85,
lys|e|podoroska|n,lys|e,podoroska|n,Eva Lys,Nadia Podoroska,WTA Sao Paulo - R16,2026-09-17 21:40:00,0.6411419184625076,0.35885808153749255,0.6551724137931035,0.373134328358209,3000,2026-09-17 20:57:35,2026-09-17 20:47:52,2026-09-17 20:55:54,3732341638,42.4,77,
lys|e|ruse|e,lys|e,ruse|e,Eva Lys,Elena-Gabriela Ruse,WTA Seoul - R1,2026-09-22 03:00:00,0.35135750414745576,0.6486424958525442,0.3663003663003663,0.6632996632996633,2500,2026-09-22 03:00:35,2026-09-22 02:49:53,2026-09-22 03:00:00,3738063852,-0.6,183,
macias|f|soares|g,macias|f,soares|g,Fernanda Regalado Macias,Gabriela Guapindaia Soares,ITF Women Belem - R1,2026-09-23 22:38:02,0.6042979911565869,0.39570200884341317,0.6282527881040892,0.42016806722689076,450,2026-09-23 22:41:39,2026-09-23 22:32:03,2026-09-23 22:38:02,3739945113,-3.7,109,
madaras|d|mecarelli|m,madaras|d,mecarelli|m,Dragos Nicolae Madaras,Michele Mecarelli,ITF Men Telavi - SF,2026-09-26 08:00:00,0.7524409776370322,0.2475590223629676,0.7757847533632287,0.2724795640326976,750,2026-09-26 07:59:55,2026-09-26 07:59:11,2026-09-26 08:00:00,3742065917,0.1,42,
madaras|d|sabbatini|m,madaras|d,sabbatini|m,Dragos Nicolae Madaras,Matteo Sabbatini,ITF Men Telavi - R16,2026-09-24 08:00:00,0.9556581851119642,0.044341814888036075,0.9690402476780186,0.06313131313131314,450,2026-09-24 11:30:34,2026-09-24 11:22:32,2026-09-24 11:29:37,3740350588,-210.7,31,
maduzzi|g|serban|r,maduzzi|g,serban|r,Gaia Maduzzi,Raluca Georgiana Serban,ITF Women Plovdiv - R1,2026-09-23 06:30:00,0.5453511946446948,0.4546488053553053,0.5689655172413793,0.47846889952153115,450,2026-09-23 06:34:25,2026-09-23 06:30:51,2026-09-23 07:30:00,3739118513,-4.4,26,
maestrelli|f|wayenburg|s,maestrelli|f,wayenburg|s,Francesco Maestrelli,Sascha Gueymard Wayenburg,ATP Challenger Rennes - QF,2026-09-18 19:31:44,0.3988329359381618,0.6011670640618382,0.4132231404958678,0.6153846153846154,3000,2026-09-18 19:32:18,2026-09-18 19:22:36,2026-09-18 19:31:44,3733382118,-0.6,138,
magadan|l|phillips|r,magadan|l,phillips|r,Luis Carlos Alvarez / Alan Magadan,Richard Mallory / Daniel Phillips,Davis Cup - Doubles,2026-09-20 13:00:00,0.885485971681911,0.114514028318089,0.9071494893221912,0.1404494382022472,1250,2026-09-20 13:55:34,2026-09-20 13:44:31,2026-09-20 13:00:00,3736285069,-55.6,28,
maguire|c|parisca|i,maguire|c,parisca|i,Cian Maguire,Ignacio Parisca,ITF Men Sabadell - R1,2026-09-23 10:00:00,0.0379747455284513,0.9620252544715485,0.055803571428571425,0.9743128692525045,350,2026-09-23 07:59:40,2026-09-23 07:46:21,2026-09-23 10:00:00,3739107583,120.3,27,
mair|l|toneva|e,mair|l,toneva|e,Laura Mair,Eleonora Toneva,ITF Women Plovdiv - R1,2026-09-22 10:11:27,0.9829336604349239,0.017066339565075906,0.9904039919393531,0.030175015087507542,450,2026-09-22 10:20:42,2026-09-22 10:07:50,2026-09-22 10:11:27,3738292656,-9.3,63,
mair|l|yaneva|e,mair|l,yaneva|e,Laura Mair,Elizara Yaneva,ITF Women Plovdiv - R16,2026-09-24 09:00:00,0.052264158947762894,0.9477358410522372,0.07204610951008646,0.9623068224651338,450,2026-09-24 08:46:21,2026-09-24 08:41:11,2026-09-24 08:50:17,3740219932,13.6,38,
majchrzak|k|minaur|a,majchrzak|k,minaur|a,Kamil Majchrzak,Alex De Minaur,Davis Cup World - Group 1,2026-09-20 05:12:44,0.22358900188443903,0.7764109981155609,0.23866348448687355,0.7907949790794978,3000,2026-09-20 05:10:15,2026-09-20 05:02:34,2026-09-20 05:59:00,3735823767,2.5,97,
majchrzak|k|sonego|l,majchrzak|k,sonego|l,Kamil Majchrzak,Lorenzo Sonego,ATP Tokyo - Qualifiers,2026-09-28 08:59:00,0.5902338980252445,0.4097661019747555,0.609375,0.4291845493562232,1750,2026-09-28 08:55:44,2026-09-28 08:47:10,2026-09-28 08:59:00,3745337145,3.2,29,
makhlouf|m|martin|t,makhlouf|m,martin|t,Mohamed Nazim Makhlouf,Toby Martin,ITF Men Monastir - R16,2026-09-24 11:00:00,0.2739159727106049,0.726084027289395,0.29850746268656714,0.7493734335839599,450,2026-09-24 11:03:18,2026-09-24 10:57:07,2026-09-24 11:00:00,3740234955,-3.3,49,
makhlouf|m|rahmani|k,makhlouf|m,rahmani|k,Mohamed Nazim Makhlouf,Kasra Rahmani,ITF Men Monastir - QF,2026-09-18 11:00:00,0.11431412296016007,0.8856858770398401,0.13812154696132597,0.9058380414312619,750,2026-09-18 13:28:24,2026-09-18 13:17:42,2026-09-18 11:00:00,3732601603,-148.4,64,
makhlouf|m|robert|n,makhlouf|m,robert|n,Mohamed Nazim Makhlouf,Nicolas Robert,ITF Men Monastir - R1,2026-09-23 10:28:32,0.34369517909794517,0.6563048209020549,0.36764705882352944,0.6794871794871794,450,2026-09-23 10:32:26,2026-09-23 10:19:51,2026-09-23 10:28:32,3739316455,-3.9,20,
makk|p|tessa|l,makk|p,tessa|l,Peter Makk,Louis Tessa,ITF Men Monastir - R1,2026-09-23 08:46:11,0.9110331492667235,0.08896685073327654,0.9295278365045806,0.111731843575419,450,2026-09-23 08:57:53,2026-09-23 08:46:47,2026-09-23 08:46:11,3739210935,-11.7,16,
malaszszak|m|zhao|z,malaszszak|m,zhao|z,Markus Malaszszak,Zhao Zhao,ITF Men Luan - R1,2026-09-29 06:15:00,0.617163245865067,0.38283675413493296,0.6402877697841727,0.4065040650406504,450,2026-09-29 06:00:08,2026-09-29 05:55:19,2026-09-29 06:15:00,3745814416,14.8,70,
maloney|e|mdlulwa|w,maloney|e,mdlulwa|w,Eliz Maloney,Wozuko Mdlulwa,ITF Women Monastir - R16,2026-09-24 11:00:00,0.8094892255391782,0.19051077446082185,0.8322147651006712,0.21551724137931033,350,2026-09-24 08:46:21,2026-09-24 08:41:11,2026-09-24 08:46:41,3740217893,133.6,38,
maloney|p|marcondes|i,maloney|p,marcondes|i,Patrick Maloney,Igor Marcondes,ATP Challenger San Diego - R16,2026-09-23 19:00:00,0.4523956580178866,0.5476043419821135,0.4739336492890995,0.5689655172413793,1750,2026-09-23 18:07:25,2026-09-23 18:05:22,2026-09-23 18:10:59,3739763188,52.5,61,
maloney|p|mmoh|m,maloney|p,mmoh|m,Patrick Maloney,Michael Mmoh,ATP Challenger Tiburon - R16,2026-09-16 20:00:00,0.23444912171054422,0.7655508782894558,0.2518891687657431,0.7821350762527233,2525,2026-09-16 19:59:04,2026-09-16 19:56:16,2026-09-16 21:00:00,3731378246,0.9,9,
maloney|p|shick|b,maloney|p,shick|b,Patrick Maloney,Braden Shick,ATP Challenger San Diego - R1,2026-09-21 21:52:16,0.3125954871644578,0.687404512835542,0.33444816053511706,0.7084548104956269,1750,2026-09-21 21:54:21,2026-09-21 21:47:14,2026-09-21 21:52:16,3737972157,-2.1,57,
malygina|e|vandromme|j,malygina|e,vandromme|j,Elena Malygina,Jeline Vandromme,WTA 125k Caldas Da Rainha - R16,2026-09-17 12:00:00,0.105449822231312,0.8945501777686883,0.13404825737265416,0.9176276771004941,300,2026-09-17 11:17:53,2026-09-17 11:07:55,2026-09-17 11:13:03,3731847675,42.1,55,
maneiro|j|muchova|k,maneiro|j,muchova|k,Jessica Bouzas Maneiro,Karolina Muchova,Billie Jean King Cup - Finals,2026-09-25 09:22:02,0.14360479071156615,0.8563952092884339,0.16051364365971107,0.8717948717948718,400,2026-09-25 09:22:43,2026-09-25 09:10:03,2026-09-25 09:15:00,3741072326,-0.7,2,
mannarino|a|shang|j,mannarino|a,shang|j,Adrian Mannarino,Juncheng Shang,ATP Chengdu Open - R1,2026-09-24 09:45:00,0.32098892242906163,0.6790110775709384,0.33557046979865773,0.6932515337423313,3000,2026-09-24 09:01:06,2026-09-24 09:01:06,2026-09-24 09:04:11,3740232059,43.9,265,
mannarino|a|shapovalov|d,mannarino|a,shapovalov|d,Adrian Mannarino,Denis Shapovalov,ATP Chengdu Open - QF,2026-09-27 08:44:34,0.2860824376266965,0.7139175623733035,0.29850746268656714,0.726027397260274,5000,2026-09-27 08:48:40,2026-09-27 08:38:14,2026-09-27 08:44:34,3743951142,-4.1,239,
mannarino|a|tabilo|a,mannarino|a,tabilo|a,Adrian Mannarino,Alejandro Tabilo,ATP Chengdu Open - R16,2026-09-25 07:30:00,0.3872741054585475,0.6127258945414524,0.4016064257028112,0.626865671641791,4000,2026-09-25 06:38:22,2026-09-25 06:38:22,2026-09-25 06:30:00,3740982550,51.6,89,
mano|a|nijboer|r,mano|a,nijboer|r,Alejandro Juan Mano,Ryan Nijboer,ATP Challenger Genoa - Qualifiers,2026-09-21 11:00:00,0.30496982384821864,0.6950301761517813,0.33444816053511706,0.7229916897506925,350,2026-09-21 10:16:19,2026-09-21 10:05:34,2026-09-21 10:14:41,3737621859,43.7,37,
mano|a|passaro|f,mano|a,passaro|f,Alejandro Juan Mano,Francesco Passaro,ATP Challenger Genoa - R1,2026-09-22 15:45:27,0.18218595182992234,0.8178140481700777,0.20449897750511245,0.8381877022653721,1300,2026-09-22 15:51:37,2026-09-22 15:39:58,2026-09-22 15:45:27,3738571563,-6.2,46,
manukyan|v|monzon|i,manukyan|v,monzon|i,Vardan Manukyan,Ignacio Monzon,ITF Men Tsaghkadzor - R16,2026-09-17 09:49:29,0.19824532331512065,0.8017546766848793,0.2232142857142857,0.8245614035087718,450,2026-09-17 09:58:25,2026-09-17 09:44:04,2026-09-17 09:49:29,3731782566,-9.0,36,
manzano|j|neumayer|l,manzano|j,neumayer|l,Juan Cruz Martin Manzano,Lukas Neumayer,ATP Challenger Genoa - R16,2026-09-23 19:00:00,0.23523366955719957,0.7647663304428005,0.2577319587628866,0.7858672376873661,1750,2026-09-23 18:07:25,2026-09-23 18:05:22,2026-09-23 19:00:00,3739753969,52.5,141,
manzano|j|pieri|s,manzano|j,pieri|s,Juan Cruz Martin Manzano,Samuele Pieri,ATP Challenger Genoa - R1,2026-09-21 18:42:25,0.5285202158717768,0.4714797841282233,0.5495495495495495,0.4926108374384236,1750,2026-09-21 18:41:26,2026-09-21 18:31:42,2026-09-21 19:30:00,3737879851,1.0,59,
manzano|j|sciahbasi|m,manzano|j,sciahbasi|m,Juan Cruz Martin Manzano,Matteo Sciahbasi,ATP Challenger Bari - R1,2026-09-28 11:51:27,0.7661184099864501,0.23388159001354988,0.7872340425531915,0.25641025641025644,1750,2026-09-28 11:56:09,2026-09-28 11:45:26,2026-09-28 11:51:27,3745427997,-4.7,41,
maquet|m|yaneva|e,maquet|m,yaneva|e,Margaux Maquet,Elizara Yaneva,ITF Women Plovdiv - R1,2026-09-23 08:00:00,0.14830203658105762,0.8516979634189424,0.17301038062283736,0.8734177215189873,450,2026-09-23 07:59:40,2026-09-23 07:46:21,2026-09-23 08:00:00,3739109290,0.3,101,
marcu|t|popa|g,marcu|t,popa|g,Thea Marcu,Giulia Safina Popa,ITF Women Constanta - R16,2026-09-24 08:48:13,0.08299263185088275,0.9170073681491173,0.1053740779768177,0.9349804941482445,450,2026-09-24 08:46:21,2026-09-24 08:46:21,2026-09-24 08:48:13,3740222571,1.8,44,
marcu|t|traysta|a,marcu|t,traysta|a,Thea Marcu,Alla Traysta,ITF Women Constanta - R1,2026-09-22 12:00:00,0.9322867025437871,0.06771329745621295,0.9487967229902714,0.08904719501335707,450,2026-09-22 12:00:49,2026-09-22 11:53:35,2026-09-22 12:00:00,3738293475,-0.8,80,
marek|w|vasa|e,marek|w,vasa|e,Wojciech Marek,Eero Vasa,ITF Men Falun - QF,2026-09-24 12:13:18,0.32757827101419984,0.6724217289858002,0.35211267605633806,0.6960486322188449,750,2026-09-24 12:16:10,2026-09-24 12:07:54,2026-09-24 12:13:18,3740385940,-2.9,56,
marek|w|vasa|i,marek|w,vasa|i,Wojciech Marek,Iiro Vasa,ITF Men Falun - R16,2026-09-23 13:47:55,0.48981477987157646,0.5101852201284235,0.5145631067961165,0.5348837209302326,450,2026-09-23 13:52:34,2026-09-23 13:41:17,2026-09-23 13:47:55,3739521084,-4.7,56,
mariani|m|medvedeva|m,mariani|m,medvedeva|m,Matilde Mariani,Miroslava Medvedeva,ITF Women Monastir - QF,2026-09-18 08:45:41,0.8812876793773201,0.11871232062267999,0.9016715830875124,0.14265335235378032,750,2026-09-18 08:48:38,2026-09-18 08:38:52,2026-09-18 08:45:41,3732585421,-3.0,68,
mariani|m|mi|l,mariani|m,mi|l,Matilde Mariani,Lan Mi,ITF Women Monastir - SF,2026-09-19 14:09:38,0.2739159727106049,0.726084027289395,0.29850746268656714,0.7493734335839599,750,2026-09-19 14:19:28,2026-09-19 14:05:13,2026-09-19 14:09:38,3734437464,-9.9,83,
mariani|m|sanchez|m,mariani|m,sanchez|m,Matilde Mariani,Maria Oliver Sanchez,ITF Women Monastir - R16,2026-09-17 08:40:40,0.4035668984116433,0.5964331015883567,0.4273504273504274,0.6197718631178707,450,2026-09-17 08:50:45,2026-09-17 08:36:54,2026-09-17 08:40:40,3731729375,-10.1,31,
maric|d|mazzola|a,maric|d,mazzola|a,Dunja Maric,Alessandra Mazzola,ITF Women Plovdiv - R16,2026-09-24 07:11:18,0.5514959142282192,0.4485040857717808,0.574468085106383,0.4716981132075471,450,2026-09-24 07:07:18,2026-09-24 07:04:33,2026-09-24 07:11:18,3740154230,4.0,31,
maric|d|simionescu|d,maric|d,simionescu|d,Dunja Maric,Diana-Ioana Simionescu,ITF Women Plovdiv - R1,2026-09-23 06:30:00,0.6603517231933964,0.3396482768066036,0.6835443037974683,0.36363636363636365,450,2026-09-23 06:34:25,2026-09-23 06:30:51,2026-09-23 07:30:00,3739118101,-4.4,26,
marino|p|navarro|p,marino|p,navarro|p,Pietro Marino,Pablo Perez Navarro,ITF Men Melilla - R16,2026-09-17 08:00:00,0.5315458372486201,0.4684541627513799,0.5555555555555556,0.4926108374384236,450,2026-09-17 07:58:57,2026-09-17 07:51:37,2026-09-17 08:00:00,3731667147,1.0,38,
marino|p|primucci|l,marino|p,primucci|l,Pietro Marino,Leonardo Primucci,ITF Men Santa Margherita di Pula - R1,2026-09-22 09:36:30,0.6832122053782862,0.31678779462171375,0.7067448680351905,0.3412969283276451,450,2026-09-22 09:32:05,2026-09-22 09:22:32,2026-09-22 09:30:00,3738219980,4.4,60,
marino|p|rapagnetta|d,marino|p,rapagnetta|d,Pietro Marino,Daniele Rapagnetta,ITF Men Melilla - Final,2026-09-20 08:00:00,0.22965904937157222,0.7703409506284279,0.2544529262086514,0.793388429752066,750,2026-09-20 07:57:32,2026-09-20 07:48:36,2026-09-20 08:00:00,3735854129,2.4,136,
marino|p|sheyngezikht|l,marino|p,sheyngezikht|l,Pietro Marino,Leonid Sheyngezikht,ITF Men Melilla - QF,2026-09-18 08:41:46,0.6284570183863017,0.37154298161369825,0.6515679442508712,0.39525691699604737,750,2026-09-18 08:39:36,2026-09-18 08:30:56,2026-09-18 10:00:00,3732569108,2.1,69,
marino|p|vanshelboim|e,marino|p,vanshelboim|e,Pietro Marino,Eric Vanshelboim,ITF Men Santa Margherita di Pula - R16,2026-09-23 09:15:10,0.29505263274855636,0.7049473672514438,0.3194888178913738,0.7282608695652174,450,2026-09-23 09:15:35,2026-09-23 09:08:24,2026-09-23 09:15:10,3739240412,-0.4,32,
marmousez|l|navarro|b,marmousez|l,navarro|b,Lilian Marmousez,Bruno Pujol Navarro,ITF Men Sabadell - R16,2026-09-24 09:12:18,0.9129627069705124,0.08703729302948769,0.9312714776632304,0.10964912280701755,450,2026-09-24 09:22:55,2026-09-24 09:09:13,2026-09-24 09:12:18,3740236079,-10.6,38,
marmousez|l|reyniak|m,marmousez|l,reyniak|m,Lilian Marmousez,Matias Reyniak,ITF Men Sabadell - R1,2026-09-23 10:00:00,0.932022725424219,0.06797727457578102,0.9485331960885229,0.08928571428571429,350,2026-09-23 07:59:40,2026-09-23 07:46:21,2026-09-23 10:00:00,3739107074,120.3,27,
marques|d|murgett|f,marques|d,murgett|f,Diogo Marques,Finn Murgett,ITF Men Setubal - R1,2026-09-23 11:00:00,0.23471727895099775,0.7652827210490023,0.2597402597402597,0.7885835095137421,450,2026-09-23 11:00:20,2026-09-23 10:47:34,2026-09-23 11:00:00,3739235328,-0.3,127,
martineau|m|masur|d,martineau|m,masur|d,Matteo Martineau,Daniel Masur,ATP Challenger St Tropez - R16,2026-09-24 10:00:00,0.47791358511885973,0.5220864148811403,0.49504950495049505,0.5391705069124424,2525,2026-09-24 10:08:53,2026-09-24 09:56:42,2026-09-24 10:00:00,3740154149,-8.9,99,
martineau|m|schoolkate|t,martineau|m,schoolkate|t,Matteo Martineau,Tristan Schoolkate,ATP Challenger St Tropez - R1,2026-09-22 14:28:11,0.3263912992158549,0.6736087007841449,0.3436426116838488,0.6904024767801857,1750,2026-09-22 14:20:58,2026-09-22 14:09:26,2026-09-22 12:30:00,3738327295,7.2,59,
martineau|m|tabur|c,martineau|m,tabur|c,Matteo Martineau,Clement Tabur,ATP Challenger Mouilleron-Le-Captif - R1,2026-09-28 19:30:00,0.3885328045994584,0.6114671954005416,0.4098360655737705,0.6323529411764706,1750,2026-09-28 19:27:55,2026-09-28 19:21:35,2026-09-28 20:30:00,3745665109,2.1,125,
martinez|p|ribeiro|e,martinez|p,ribeiro|e,Pedro Martinez,Eduardo Ribeiro,ATP Challenger Buenos Aires - R1,2026-09-22 18:00:00,0.8273466231203644,0.1726533768796356,0.8475609756097561,0.19493177387914232,1300,2026-09-22 17:59:41,2026-09-22 17:55:50,2026-09-22 19:00:00,3738673274,0.3,60,
martinez|t|ross|j,martinez|t,ross|j,Tomas Martinez,Jackson Ross,ATP Challenger Buenos Aires - Qualifiers,2026-09-20 14:50:00,0.8689931608456022,0.1310068391543978,0.8972250770811921,0.16556291390728478,125,2026-09-20 15:19:18,2026-09-20 15:06:22,2026-09-20 14:50:00,3736580713,-29.3,51,
martin|a|okonkwo|o,martin|a,okonkwo|o,Andres Martin,Oliver Okonkwo,ATP Challenger Columbus - Qualifiers,2026-09-27 15:56:49,0.808220905731922,0.1917790942680779,0.834983498349835,0.22172949002217296,250,2026-09-27 15:59:19,2026-09-27 15:59:19,2026-09-27 15:56:49,3744627682,-2.5,45,
martynov|d|siskova|a,martynov|d,siskova|a,Diana Martynov,Anna Siskova,ITF Women Le Neubourg - QF,2026-09-18 10:00:00,0.11891379259994575,0.8810862074000543,0.14285714285714285,0.9014778325123154,750,2026-09-18 09:58:42,2026-09-18 09:46:24,2026-09-18 10:00:00,3732569108,1.3,76,
martynov|d|vlasselaer|c,martynov|d,vlasselaer|c,Diana Martynov,Clara Vlasselaer,ITF Women Le Neubourg - R16,2026-09-17 09:15:05,0.5215330759903644,0.4784669240096356,0.5454545454545454,0.5024875621890548,450,2026-09-17 09:08:45,2026-09-17 09:07:06,2026-09-17 09:15:05,3731753011,6.3,76,
masarova|r|reales|g,masarova|r,reales|g,Rebeka Masarova,Guiomar Maristany Zuleta De Reales,WTA 125k Tolentino - QF,2026-09-25 10:30:00,0.5536838818402227,0.4463161181597773,0.574468085106383,0.4672897196261683,1750,2026-09-25 10:34:04,2026-09-25 10:26:22,2026-09-25 10:31:42,3741128813,-4.1,92,
masarova|r|serban|i,masarova|r,serban|i,Rebeka Masarova,Isabella Maria Serban,WTA 125k Tolentino - R16,2026-09-23 10:14:19,0.8900393771315032,0.10996062286849685,0.9134199134199134,0.13869625520110956,300,2026-09-23 10:22:06,2026-09-23 10:09:07,2026-09-23 10:14:19,3739303250,-7.8,99,
masarova|r|zaar|l,masarova|r,zaar|l,Rebeka Masarova,Lisa Zaar,WTA 125k Tolentino - R1,2026-09-22 08:44:31,0.7490671453769797,0.25093285462302034,0.7701149425287357,0.27322404371584696,1750,2026-09-22 08:48:09,2026-09-22 08:37:15,2026-09-22 08:44:31,3738225283,-3.6,35,
mashtakov|n|mrva|m,mashtakov|n,mrva|m,Nikita Mashtakov,Maxim Mrva,ATP Challenger Plovdiv - R1,2026-09-22 10:25:52,0.2961305752493318,0.7038694247506683,0.3184713375796178,0.7252747252747253,1750,2026-09-22 10:32:04,2026-09-22 10:19:43,2026-09-22 10:25:52,3738305602,-6.2,89,
mashtakov|n|tsitsipas|p,mashtakov|n,tsitsipas|p,Nikita Mashtakov,Pavlos Tsitsipas,ATP Challenger Plovdiv - Qualifiers,2026-09-21 10:00:00,0.8743898825756701,0.12561011742432998,0.9022482893450635,0.16,125,2026-09-21 09:58:11,2026-09-21 09:52:48,2026-09-21 11:00:00,3737616943,1.8,71,
mashtakov|n|weis|a,mashtakov|n,weis|a,Nikita Mashtakov,Alexander Weis,ATP Challenger Plovdiv - Qualifiers,2026-09-20 13:30:00,0.48435971133565614,0.5156402886643439,0.5121951219512195,0.5433789954337899,350,2026-09-20 12:35:54,2026-09-20 12:35:33,2026-09-20 12:41:34,3736306788,54.1,66,
massard|l|raynel|a,massard|l,raynel|a,Loann Massard,Amaury Raynel,ITF Men Nevers - R16,2026-09-17 10:42:42,0.6435632705633721,0.35643672943662796,0.6666666666666666,0.3802281368821293,450,2026-09-17 10:47:59,2026-09-17 10:37:41,2026-09-17 10:42:42,3731825471,-5.3,67,
masur|d|rossi|l,masur|d,rossi|l,Daniel Masur,Leonardo Rossi,ATP Challenger St Tropez - Qualifiers,2026-09-20 11:22:05,0.6940370381272069,0.3059629618727931,0.715099715099715,0.3278688524590164,1000,2026-09-20 11:27:18,2026-09-20 11:16:52,2026-09-20 11:22:05,3736169229,-5.2,50,
matias|m|podrez|v,matias|m,podrez|v,Madalena Matias,Veronika Podrez,WTA 125K Porto - R1,2026-09-22 17:00:00,0.017097572952123143,0.9829024270478769,0.04640371229698376,0.9938202941539983,200,2026-09-22 15:31:18,2026-09-22 15:24:53,2026-09-22 15:34:22,3738562672,88.7,1,
matos|o|stricker|j,matos|o,stricker|j,Orlando Luz / Rafael Matos,Jakub Paul / Dominic Stephan Stricker,Davis Cup - Doubles,2026-09-19 19:00:00,0.7100162343665547,0.28998376563344525,0.7333333333333333,0.31446540880503143,1250,2026-09-19 18:20:37,2026-09-19 18:13:34,2026-09-19 19:00:00,3734878559,39.4,64,
matoula|m|podrez|v,matoula|m,podrez|v,Martha Matoula,Veronika Podrez,ITF Women Le Neubourg - QF,2026-09-18 16:39:40,0.2475590223629676,0.7524409776370322,0.2724795640326976,0.7757847533632287,750,2026-09-18 16:45:54,2026-09-18 16:33:59,2026-09-18 16:39:40,3733013191,-6.3,21,
matsuda|k|saitoh|k,matsuda|k,saitoh|k,Koki Matsuda,Keisuke Saitoh,ATP Challenger Jingshan - Qualifiers,2026-09-28 06:30:00,0.47167824884394405,0.5283217511560561,0.49504950495049505,0.5515695067264574,750,2026-09-28 05:59:46,2026-09-28 05:46:01,2026-09-28 06:30:00,3745281713,30.2,19,
matsuda|r|shao|z,matsuda|r,shao|z,Ryuki Matsuda,Zichen Shao,ITF Men Luan - R1,2026-09-29 07:16:40,0.825100631420633,0.1748993685793671,0.8473282442748092,0.1996007984031936,450,2026-09-29 07:27:35,2026-09-29 07:13:42,2026-09-29 07:16:40,3745871660,-10.9,78,
matsuda|r|yamazaki|i,matsuda|r,yamazaki|i,Rinko Matsuda,Ikumi Yamazaki,ITF Women Nanao - R1,2026-09-22 07:38:38,0.6089633980875238,0.39103660191247636,0.6323529411764706,0.41493775933609955,450,2026-09-22 07:45:06,2026-09-22 07:30:36,2026-09-22 07:38:38,3738184091,-6.5,85,
matsuoka|h|weber|a,matsuoka|h,weber|a,Hayato Matsuoka,Arthur Weber,ATP Hangzhou - Qualifiers,2026-09-22 05:52:34,0.6594216350243918,0.3405783649756082,0.6805111821086262,0.3623188405797102,1300,2026-09-22 05:57:21,2026-09-22 05:42:47,2026-09-22 05:52:34,3738129260,-4.8,27,
matusevich|a|schoolkate|t,matusevich|a,schoolkate|t,Anton Matusevich,Tristan Schoolkate,ATP Challenger Rennes - R16,2026-09-17 09:17:00,0.3830096359615682,0.6169903640384319,0.4,0.6336996336996338,2525,2026-09-17 09:08:45,2026-09-17 09:07:06,2026-09-17 09:17:00,3731754257,8.2,43,
maxted|l|penzlin|j,maxted|l,penzlin|j,Lui Maxted,Julien Penzlin,ITF Men Sintra - R16,2026-09-17 11:01:40,0.8497820864380904,0.1502179135619097,0.87146529562982,0.17482517482517484,450,2026-09-17 10:59:09,2026-09-17 10:52:48,2026-09-17 11:01:40,3731840128,2.5,57,
maxted|l|potenza|l,maxted|l,potenza|l,Lui Maxted,Luca Potenza,ATP Challenger Porto - Qualifiers,2026-09-28 12:00:00,0.5698139116406196,0.43018608835938044,0.5918367346938775,0.45248868778280543,1000,2026-09-28 11:43:16,2026-09-28 11:33:12,2026-09-28 11:39:47,3745422196,16.7,34,
maxted|l|rocha|f,maxted|l,rocha|f,Lui Maxted,Francisco Rocha,ATP Challenger Porto - Qualifiers,2026-09-27 17:42:07,0.7321610835739932,0.2678389164260068,0.7530864197530864,0.2898550724637681,1000,2026-09-27 17:50:40,2026-09-27 17:36:35,2026-09-27 17:42:07,3744809314,-8.6,96,
maxted|l|stice|t,maxted|l,stice|t,Lui Maxted,Tyler Stice,ITF Men Setubal - R16,2026-09-24 12:00:00,0.8847462812362709,0.11525371876372924,0.9049429657794676,0.13908205841446453,450,2026-09-24 11:03:18,2026-09-24 10:52:13,2026-09-24 11:00:03,3740325769,56.7,49,
maxted|l|tabacco|f,maxted|l,tabacco|f,Lui Maxted,Fausto Tabacco,ITF Men Sintra - QF,2026-09-18 11:00:00,0.6035882093037451,0.39641179069625493,0.626865671641791,0.42016806722689076,750,2026-09-18 13:28:24,2026-09-18 13:17:42,2026-09-18 11:00:00,3732601193,-148.4,97,
maxted|l|torre|i,maxted|l,torre|i,Lui Maxted,Inaki Montes-De La Torre,ITF Men Setubal - QF,2026-09-25 12:21:48,0.2702770340757912,0.7297229659242088,0.2949852507374631,0.7530864197530864,750,2026-09-25 12:19:36,2026-09-25 12:12:45,2026-09-25 12:21:48,3741212276,2.2,52,
mayot|h|schoolkate|t,mayot|h,schoolkate|t,Harold Mayot,Tristan Schoolkate,ATP Challenger Rennes - SF,2026-09-19 12:30:00,0.5355683892963307,0.46443161070366945,0.5495495495495495,0.47846889952153115,3000,2026-09-19 11:44:54,2026-09-19 11:40:59,2026-09-19 11:46:46,3734106932,45.1,63,
mayot|h|wayenburg|s,mayot|h,wayenburg|s,Harold Mayot,Sascha Gueymard Wayenburg,ATP Challenger Rennes - Final,2026-09-20 13:19:38,0.5676347780789045,0.43236522192109555,0.5815899581589958,0.4464285714285714,3000,2026-09-20 13:22:56,2026-09-20 13:12:47,2026-09-20 13:19:38,3736389172,-3.3,95,
ma|c|preston|j,ma|c,preston|j,Connie Ma,Janae Preston,ITF Women Berkeley - R16,2026-09-24 17:12:59,0.46625979929231565,0.5337402007076846,0.49019607843137253,0.5575221238938054,350,2026-09-24 17:08:43,2026-09-24 16:59:26,2026-09-24 19:00:00,3740566700,4.2,30,
ma|y|ren|y,ma|y,ren|y,Yexin Ma,Yufei Ren,WTA Beijing - Qualifiers,2026-09-28 03:15:53,0.6084121295953632,0.39158787040463683,0.6296296296296295,0.4132231404958678,775,2026-09-28 03:11:47,2026-09-28 03:09:26,2026-09-28 03:15:53,3745246198,4.1,12,
ma|y|zhao|c,ma|y,zhao|c,Yexin Ma,Carol Zhao,WTA Seoul - Qualifiers,2026-09-19 03:20:00,0.7098271315755809,0.29017286842441914,0.7311827956989247,0.3125,625,2026-09-19 05:42:48,2026-09-19 05:32:47,2026-09-19 05:40:13,3733760765,-142.8,14,
mcdonald|n|visker|n,mcdonald|n,visker|n,Niels Mcdonald,Niels Visker,ATP Challenger Mouilleron-Le-Captif - Qualifiers,2026-09-28 10:05:00,0.44313233044268074,0.5568676695573194,0.4716981132075471,0.5850622406639003,350,2026-09-28 09:08:06,2026-09-28 09:02:15,2026-09-28 10:05:00,3745346831,56.9,72,
mchugh|a|reco|a,mchugh|a,reco|a,Aidan Mchugh,Alexandre Reco,ITF Men Nevers - SF,2026-09-19 12:26:41,0.6670547634878301,0.3329452365121699,0.6904024767801857,0.35714285714285715,750,2026-09-19 12:28:38,2026-09-19 12:21:52,2026-09-19 12:26:41,3734189268,-2.0,74,
mchugh|a|riu|m,mchugh|a,riu|m,Aidan Mchugh,Martin Riu,ITF Men Forbach - R1,2026-09-23 16:00:00,0.9721179307552844,0.02788206924471558,0.9823664256744842,0.04382120946538125,450,2026-09-23 15:59:56,2026-09-23 15:49:30,2026-09-23 16:00:00,3739540532,0.1,55,
mchugh|a|rossi|l,mchugh|a,rossi|l,Aidan Mchugh,Leonardo Rossi,ITF Men Nevers - QF,2026-09-18 11:00:00,0.5503864678311137,0.44961353216888644,0.574468085106383,0.4739336492890995,750,2026-09-18 13:28:24,2026-09-18 13:17:42,2026-09-18 11:00:00,3732624799,-148.4,98,
mchugh|a|vinciguerra|w,mchugh|a,vinciguerra|w,Aidan Mchugh,Willian Rejchtman Vinciguerra,ITF Men Nevers - R16,2026-09-17 12:00:00,0.7879870079413536,0.21201299205864654,0.8109640831758034,0.23696682464454974,450,2026-09-17 12:09:54,2026-09-17 11:57:23,2026-09-17 12:00:00,3731798469,-9.9,64,
mecarelli|m|popko|d,mecarelli|m,popko|d,Michele Mecarelli,Dmitry Popko,ITF Men Telavi - Final,2026-09-27 07:00:00,0.2499750041658613,0.7500249958341387,0.2747252747252747,0.7732426303854876,750,2026-09-27 07:02:03,2026-09-27 07:01:34,2026-09-27 08:00:00,3743895461,-2.1,106,
mecarelli|m|tiukaev|r,mecarelli|m,tiukaev|r,Michele Mecarelli,Ruslan Tiukaev,ITF Men Telavi - R16,2026-09-24 06:00:00,0.598062922474078,0.40193707752592206,0.6212121212121212,0.425531914893617,450,2026-09-24 06:00:04,2026-09-24 05:55:05,2026-09-24 07:00:00,3740132853,-0.1,29,
medvedev|d|royer|v,medvedev|d,royer|v,Daniil Medvedev,Valentin Royer,ATP Hangzhou - R16,2026-09-26 11:37:24,0.7810574411037892,0.21894255889621095,0.7950819672131147,0.23364485981308414,4000,2026-09-26 11:44:09,2026-09-26 11:30:27,2026-09-26 11:37:24,3742361535,-6.8,365,
medvedev|d|safiullin|r,medvedev|d,safiullin|r,Daniil Medvedev,Roman Safiullin,ATP Hangzhou - SF,2026-09-28 12:30:00,0.6640848319921409,0.3359151680078592,0.6763754045307443,0.3484320557491289,6000,2026-09-28 11:43:16,2026-09-28 11:33:12,2026-09-28 12:30:00,3745423855,46.7,89,
medvedev|d|wong|c,medvedev|d,wong|c,Daniil Medvedev,Chak Lam Coleman Wong,ATP Hangzhou - QF,2026-09-27 12:35:00,0.7963032395579347,0.20369676044206525,0.8080614203454896,0.2159827213822894,3750,2026-09-27 12:28:48,2026-09-27 12:24:38,2026-09-27 12:35:00,3744195794,6.2,102,
meerschen|m|vavassori|m,meerschen|m,vavassori|m,Martin Van Der Meerschen,Matteo Vavassori,ITF Men Tsaghkadzor - R16,2026-09-17 08:00:00,0.8442309404346926,0.15576905956530743,0.8661311914323963,0.18050541516245489,450,2026-09-17 06:33:19,2026-09-17 06:21:02,2026-09-17 08:00:00,3731666141,86.7,30,
melichar|c|plipuech|m,melichar|c,plipuech|m,Cristina Bucsa / Nicole Melichar,Momoko Kobori / Peangtarn Plipuech,WTA Guadalajara - Doubles,2026-09-19 20:40:00,0.8202926586533453,0.17970734134665464,0.8430141287284144,0.20491803278688525,1250,2026-09-19 21:15:21,2026-09-19 21:08:03,2026-09-19 20:40:00,3735467452,-35.4,94,
melleiro|c|silva|i,melleiro|c,silva|i,Catarina Melleiro,Isabela De Mattos Silva,ITF Women Sao Luis - R16,2026-09-17 15:30:00,0.7816380790365862,0.21836192096341353,0.8046875000000001,0.24330900243309006,450,2026-09-17 15:42:16,2026-09-17 15:30:52,2026-09-17 15:30:00,3731957383,-12.3,83,
mendez|r|sekulic|p,mendez|r,sekulic|p,Rodrigo Pacheco Mendez,Philip Sekulic,ATP Challenger Phan Thiet - QF,2026-09-18 05:00:00,0.7408716039583311,0.2591283960416689,0.7572815533980582,0.27624309392265195,2500,2026-09-18 05:00:03,2026-09-18 04:57:48,2026-09-18 05:03:32,3732510118,-0.1,105,
mendez|r|simakin|i,mendez|r,simakin|i,Rodrigo Pacheco Mendez,Ilia Simakin,ATP Challenger Phan Thiet - Final,2026-09-20 03:12:19,0.42426475498707494,0.5757352450129251,0.44052863436123346,0.5918367346938775,2500,2026-09-20 03:12:01,2026-09-20 03:01:48,2026-09-20 04:00:00,3735778692,0.3,91,
meneo|t|rodriguez|l,meneo|t,rodriguez|l,Tadeo Meneo,Lorenzo Joaquin Rodriguez,ATP Challenger Buenos Aires - Qualifiers,2026-09-20 17:25:00,0.10784722605529547,0.8921527739447045,0.14430014430014432,0.9202551834130782,50,2026-09-20 16:51:03,2026-09-20 16:36:55,2026-09-20 17:20:00,3736926946,33.9,63,
mensik|f|minaur|t,mensik|f,minaur|t,Flavio Cobolli / Jakub Mensik,Taylor Fritz / Alex De Minaur,ATP Laver Cup - Doubles,2026-09-27 11:00:00,0.43036086252918054,0.5696391374708195,0.45454545454545453,0.5934959349593496,950,2026-09-27 11:04:18,2026-09-27 10:54:04,2026-09-27 11:00:00,3744099308,-4.3,24,
mensik|j|nakashima|b,mensik|j,nakashima|b,Jakub Mensik,Brandon Nakashima,ATP Laver Cup,2026-09-25 14:55:08,0.5691202384473149,0.4308797615526853,0.5884773662551441,0.4504504504504505,2500,2026-09-25 14:57:20,2026-09-25 14:44:20,2026-09-25 15:00:00,3741321161,-2.3,94,
mensik|j|shelton|b,mensik|j,shelton|b,Jakub Mensik,Ben Shelton,Davis Cup - Qualifiers,2026-09-19 15:25:00,0.3884033907680197,0.6115966092319804,0.4081632653061224,0.6309963099630996,1750,2026-09-19 15:34:36,2026-09-19 15:27:37,2026-09-19 15:33:48,3734781924,-9.6,86,
mensik|j|tien|l,mensik|j,tien|l,Jakub Mensik,Learner Tien,Davis Cup - Qualifiers,2026-09-18 13:00:00,0.5670924140991269,0.43290758590087314,0.5884773662551441,0.45454545454545453,450,2026-09-18 13:28:24,2026-09-18 13:17:42,2026-09-18 13:00:00,3732661012,-28.4,32,
mert|a|shinikova|i,mert|a,shinikova|i,Aysegul Mert,Isabella Shinikova,WTA 125K Ankara - R1,2026-09-21 16:00:00,0.38633973523636356,0.6136602647636364,0.4081632653061224,0.635036496350365,1750,2026-09-21 15:22:15,2026-09-21 15:11:41,2026-09-21 16:00:00,3737765074,37.7,62,
mettraux|m|oktiabreva|a,mettraux|m,oktiabreva|a,Marie Mettraux,Alisa Oktiabreva,ITF Women Santa Margherita di Pula - SF,2026-09-26 10:00:00,0.04926088257167665,0.9507391174283237,0.06868131868131867,0.9648753073410608,550,2026-09-26 07:59:55,2026-09-26 07:59:11,2026-09-26 10:00:00,3742071999,120.1,44,
mettraux|m|steur|j,mettraux|m,steur|j,Marie Mettraux,Joelle Lilly Sophie Steur,ITF Women Santa Margherita di Pula - R16,2026-09-24 07:42:07,0.07522591742310898,0.9247740825768908,0.0970873786407767,0.9420289855072463,450,2026-09-24 07:41:30,2026-09-24 07:35:01,2026-09-24 07:42:07,3740175894,0.6,34,
mettraux|m|valente|d,mettraux|m,valente|d,Marie Mettraux,Denise Valente,ITF Women Santa Margherita di Pula - QF,2026-09-25 08:00:00,0.7797630876005722,0.2202369123994276,0.8027613412228797,0.24509803921568626,750,2026-09-25 07:59:05,2026-09-25 07:50:07,2026-09-25 08:00:00,3741002787,0.9,65,
meza|a|samuel|t,meza|a,samuel|t,Alvaro Guillen Meza,Toby Samuel,Davis Cup - Qualifiers,2026-09-20 14:52:00,0.1880988847381224,0.8119011152618777,0.20790020790020788,0.830220713073005,1300,2026-09-20 15:27:30,2026-09-20 15:21:26,2026-09-20 14:52:00,3736687848,-35.5,92,
meza|m|mi|l,meza|m,mi|l,Midori Castillo Meza,Lan Mi,ITF Women Monastir - R1,2026-09-23 08:42:01,0.24545387334767796,0.754546126652322,0.27027027027027023,0.7777777777777779,450,2026-09-23 08:52:31,2026-09-23 08:38:03,2026-09-23 08:42:01,3739206988,-10.5,44,
michalski|d|vanshelboim|e,michalski|d,vanshelboim|e,Daniel Michalski,Eric Vanshelboim,ITF Men Santa Margherita di Pula - SF,2026-09-25 09:00:00,0.7464782938373611,0.25352170616263897,0.7782705099778271,0.2881844380403458,150,2026-09-25 08:59:29,2026-09-25 08:54:51,2026-09-25 10:00:00,3741064348,0.5,2,
micic|e|riera|j,micic|e,riera|j,Elena Micic,Julia Riera,WTA 125K Ankara - R1,2026-09-22 09:30:00,0.23881005170137332,0.7611899482986266,0.2610966057441253,0.7821350762527233,1750,2026-09-22 09:32:05,2026-09-22 09:22:32,2026-09-22 09:30:00,3738186004,-2.1,99,
micic|e|shinikova|i,micic|e,shinikova|i,Elena Micic,Isabella Shinikova,WTA 125K Adana - Qualifiers,2026-09-26 11:30:00,0.6126927108448337,0.3873072891551664,0.6363636363636364,0.41152263374485604,200,2026-09-26 10:54:52,2026-09-26 10:45:09,2026-09-26 11:30:00,3742310522,35.1,2,
micic|e|tian|f,micic|e,tian|f,Elena Micic,Fangran Tian,WTA 125K Ankara - R16,2026-09-24 09:00:00,0.3833653862340274,0.6166346137659728,0.40485829959514175,0.6376811594202898,1750,2026-09-24 09:01:06,2026-09-24 08:56:18,2026-09-24 10:00:00,3740227535,-1.1,97,
micic|r|voloshchuk|k,micic|r,voloshchuk|k,Rutuja Bhosale / Elena Micic,Kylie Collins / Angelina Voloshchuk,WTA 125k Caldas Da Rainha - Doubles,2026-09-17 16:10:00,0.6098580835375385,0.3901419164624615,0.6441281138790036,0.425531914893617,500,2026-09-17 15:59:21,2026-09-17 15:54:42,2026-09-17 16:10:00,3731919506,10.6,43,
micic|t|smith|w,micic|t,smith|w,Teodora Kostovic / Elena Micic,Weronika Falkowska / Alana Smith,WTA 125K Ankara - Doubles,2026-09-25 12:30:00,0.2862712282897982,0.7137287717102019,0.3225806451612903,0.7474747474747475,500,2026-09-25 13:32:55,2026-09-25 13:22:12,2026-09-25 12:30:00,3741217558,-62.9,28,
micic|t|tikhonova|e,micic|t,tikhonova|e,Teodora Kostovic / Elena Micic,Elena Pridankina / Anastasia Tikhonova,WTA 125K Ankara - Doubles,2026-09-24 12:10:00,0.2853883880663725,0.7146116119336274,0.3236245954692557,0.75,250,2026-09-24 11:57:16,2026-09-24 11:52:46,2026-09-24 12:20:00,3740376350,12.7,18,
miedler|q|rikl|f,miedler|q,rikl|f,Quentin Halys / Lucas Miedler,Fabian Marozsan / Patrik Rikl,ATP Hangzhou - Doubles,2026-09-25 12:40:00,0.5733289938191831,0.4266710061808168,0.5967741935483871,0.4504504504504505,500,2026-09-25 12:19:36,2026-09-25 12:12:45,2026-09-25 12:40:00,3741211240,20.4,107,
miedler|q|winegar|j,miedler|q,winegar|j,Quentin Halys / Lucas Miedler,Jean-Julien Rojer / Theo Winegar,ATP Hangzhou - Doubles,2026-09-27 11:30:00,0.4706694620874769,0.529330537912523,0.49504950495049505,0.5535714285714286,1250,2026-09-27 11:04:18,2026-09-27 10:54:04,2026-09-27 11:30:00,3743992373,25.7,240,
mihalikova|t|shi|h,mihalikova|t,shi|h,Tereza Mihalikova,Han Shi,WTA Beijing - Qualifiers,2026-09-28 08:45:00,0.047216330623289955,0.95278366937671,0.07087172218284904,0.9688084840923268,250,2026-09-28 08:37:07,2026-09-28 08:32:04,2026-09-28 08:45:00,3745336523,7.9,15,
mikrut|l|moeller|m,mikrut|l,moeller|m,Luka Mikrut,Marvin Moeller,ATP Challenger Genoa - SF,2026-09-26 10:00:00,0.6963205318313974,0.30367946816860264,0.7126436781609194,0.3205128205128205,2500,2026-09-26 10:02:46,2026-09-26 09:59:52,2026-09-26 11:00:00,3742257970,-2.8,51,
mikrut|l|neumayer|l,mikrut|l,neumayer|l,Luka Mikrut,Lukas Neumayer,ATP Challenger Genoa - QF,2026-09-25 11:43:36,0.6155139743582401,0.38448602564175977,0.6323529411764706,0.4016064257028112,2500,2026-09-25 11:46:38,2026-09-25 11:36:33,2026-09-25 11:43:36,3741185735,-3.1,100,
miletich|i|nijboer|r,miletich|i,nijboer|r,Iannis Miletich,Ryan Nijboer,ATP Challenger Genoa - Qualifiers,2026-09-20 08:44:00,0.12285646460469579,0.8771435353953043,0.15723270440251572,0.9048525214081826,125,2026-09-20 08:49:59,2026-09-20 08:37:23,2026-09-20 08:44:00,3735942566,-6.0,39,
milev|y|wiedenmann|l,milev|y,wiedenmann|l,Yanaki Milev,Luca Wiedenmann,ATP Challenger Plovdiv - Qualifiers,2026-09-21 10:00:00,0.6046562548204802,0.39534374517951976,0.6323529411764706,0.42372881355932196,350,2026-09-21 09:52:51,2026-09-21 09:43:23,2026-09-21 09:50:35,3737612654,7.1,70,
milovanova|v|sacco|f,milovanova|v,sacco|f,Victoria Milovanova,Federica Sacco,ITF Women Sharm El Sheikh - R16,2026-09-24 08:34:29,0.4830120867060124,0.5169879132939876,0.5073891625615764,0.5412844036697247,450,2026-09-24 08:46:21,2026-09-24 08:36:01,2026-09-24 08:34:29,3740209117,-11.9,40,
milovanova|v|samir|s,milovanova|v,samir|s,Victoria Milovanova,Sandra Samir,ITF Women Sharm El Sheikh - QF,2026-09-25 07:30:00,0.6631672144270151,0.336832785572985,0.6865203761755486,0.36101083032490977,750,2026-09-25 07:36:01,2026-09-25 07:23:35,2026-09-25 07:30:00,3740982494,-6.0,33,
milovanova|v|vaissaud|d,milovanova|v,vaissaud|d,Victoria Milovanova,Dune Vaissaud,ITF Women Sharm El Sheikh - R1,2026-09-23 14:32:34,0.543265052806315,0.45673494719368496,0.5670995670995671,0.4807692307692307,450,2026-09-23 14:30:27,2026-09-23 14:26:45,2026-09-23 14:32:34,3739560323,2.1,29,
milovanovic|e|tupitsyna|e,milovanovic|e,tupitsyna|e,Elena Milovanovic,Ekaterina Tupitsyna,ITF Women Hurghada - QF,2026-09-18 06:13:22,0.43307939147461577,0.5669206085253843,0.4566210045662101,0.5901639344262295,750,2026-09-18 06:13:29,2026-09-18 06:09:25,2026-09-18 06:13:22,3732525763,-0.1,28,
milovanovic|e|vaissaud|d,milovanovic|e,vaissaud|d,Elena Milovanovic,Dune Vaissaud,ITF Women Hurghada - R16,2026-09-17 09:03:48,0.5996795298344693,0.4003204701655308,0.6226415094339623,0.42372881355932196,450,2026-09-17 09:08:45,2026-09-17 09:08:45,2026-09-17 09:03:48,3731744784,-5.0,43,
minaur|a|zverev|a,minaur|a,zverev|a,Alex De Minaur,Alexander Zverev,ATP Laver Cup,2026-09-26 14:30:00,0.26254322711648387,0.737456772883516,0.2801120448179272,0.7542997542997544,2500,2026-09-26 14:29:39,2026-09-26 14:24:21,2026-09-26 15:30:00,3742692856,0.3,48,
minnen|g|svitolina|e,minnen|g,svitolina|e,Greet Minnen,Elina Svitolina,Billie Jean King Cup - Finals,2026-09-24 04:30:00,0.07410572177099001,0.9258942782290099,0.09354536950420955,0.9415546464056108,250,2026-09-24 07:41:30,2026-09-24 07:35:01,2026-09-24 04:30:00,3740111187,-191.5,22,
misolic|f|morillo|i,misolic|f,morillo|i,Filip Misolic,Imanol Lopez Morillo,ATP Challenger Plovdiv - Qualifiers,2026-09-20 09:50:00,0.8101563832620491,0.18984361673795092,0.836867862969005,0.21978021978021978,250,2026-09-20 08:55:36,2026-09-20 08:49:00,2026-09-20 08:53:33,3735954520,54.4,41,
misolic|f|ovcharenko|o,misolic|f,ovcharenko|o,Filip Misolic,Oleksandr Ovcharenko,ATP Challenger Bari - Qualifiers,2026-09-27 08:00:00,0.7243951774326144,0.2756048225673857,0.7518610421836228,0.3048780487804878,75,2026-09-27 08:02:10,2026-09-27 07:52:58,2026-09-27 08:00:00,3743922505,-2.2,2,
mitsui|s|okonkwo|o,mitsui|s,okonkwo|o,Shunsuke Mitsui,Oliver Okonkwo,ATP Challenger Columbus - Qualifiers,2026-09-28 15:00:00,0.7588210835134765,0.2411789164865234,0.7863247863247863,0.2710027100271003,350,2026-09-28 14:14:54,2026-09-28 14:04:08,2026-09-28 15:00:00,3745490111,45.1,57,
mi|l|semenistaja|m,mi|l,semenistaja|m,Lan Mi,Marija Semenistaja,ITF Women Monastir - R16,2026-09-24 11:00:00,0.9573908241483544,0.042609175851645656,0.9704927707288284,0.061162079510703356,450,2026-09-24 08:46:21,2026-09-24 08:41:11,2026-09-24 08:45:08,3740217498,133.6,33,
mmoh|m|shelbayh|a,mmoh|m,shelbayh|a,Michael Mmoh,Abdullah Shelbayh,ATP Challenger Tiburon - QF,2026-09-18 22:20:00,0.5794218174347864,0.42057818256521373,0.5934959349593496,0.4347826086956522,3000,2026-09-18 22:19:11,2026-09-18 22:19:11,2026-09-18 22:23:54,3733533771,0.8,183,
mmoh|m|wolf|j,mmoh|m,wolf|j,Michael Mmoh,Jeffrey John Wolf,ATP Challenger Tiburon - SF,2026-09-19 23:46:45,0.41280306164579184,0.5871969383542082,0.4273504273504274,0.601593625498008,3000,2026-09-19 23:49:43,2026-09-19 23:41:09,2026-09-19 23:46:45,3735615475,-3.0,150,
mochizuki|s|xiao|l,mochizuki|s,xiao|l,Shintaro Mochizuki,Linang Xiao,ATP Chengdu Open - Qualifiers,2026-09-22 07:45:00,0.8997359190500658,0.10026408094993416,0.9207606973058637,0.12610340479192939,300,2026-09-22 07:45:06,2026-09-22 07:36:51,2026-09-22 07:43:00,3738188257,-0.1,67,
moeller|m|travaglia|s,moeller|m,travaglia|s,Marvin Moeller,Stefano Travaglia,ATP Challenger Genoa - R1,2026-09-22 11:30:00,0.43950930609921285,0.5604906939007871,0.4608294930875576,0.5815899581589958,1750,2026-09-22 11:37:37,2026-09-22 11:23:24,2026-09-22 11:30:00,3738328942,-7.6,110,
molcan|a|sakellaridis|s,molcan|a,sakellaridis|s,Alex Molcan,Stefanos Sakellaridis,Davis Cup World - Group 1,2026-09-19 11:00:00,0.6498752675482733,0.3501247324517268,0.6644295302013422,0.36496350364963503,3000,2026-09-19 10:18:51,2026-09-19 10:10:36,2026-09-19 11:00:00,3733942886,41.1,50,
molcan|a|trungelliti|m,molcan|a,trungelliti|m,Alex Molcan,Marco Trungelliti,ATP Beijing - Qualifiers,2026-09-29 05:00:00,0.5578014842731424,0.44219851572685775,0.576271186440678,0.4608294930875576,1750,2026-09-29 04:11:54,2026-09-29 04:09:36,2026-09-29 04:16:44,3745811019,48.1,67,
molcan|a|tsitsipas|s,molcan|a,tsitsipas|s,Alex Molcan,Stefanos Tsitsipas,Davis Cup World - Group 1,2026-09-20 11:30:00,0.3373499296653635,0.6626500703346365,0.35460992907801414,0.6794871794871794,600,2026-09-20 10:27:04,2026-09-20 10:19:34,2026-09-20 10:25:57,3736077716,62.9,18,
molleker|r|shylov|h,molleker|r,shylov|h,Rudolf Molleker,Heorhii Shylov,ITF Men Pardubice - R16,2026-09-24 14:41:59,0.8277003468680064,0.17229965313199355,0.8500749625187406,0.1972386587771203,450,2026-09-24 14:45:57,2026-09-24 14:31:51,2026-09-24 10:00:00,3740134960,-4.0,119,
molleker|r|szerencsits|b,molleker|r,szerencsits|b,Rudolf Molleker,Benedikt Szerencsits,ITF Men Pardubice - R1,2026-09-23 10:55:56,0.9633548910450468,0.03664510895495324,0.97539975399754,0.05425935973955508,450,2026-09-23 11:00:20,2026-09-23 10:47:34,2026-09-23 10:55:56,3739345741,-4.4,38,
monteiro|s|schoen|p,monteiro|s,schoen|p,Salvador Monteiro,Patrick Schoen,ITF Men Sintra - R16,2026-09-17 11:11:45,0.023879728035296435,0.9761202719647033,0.038895371450797356,0.985426989215972,450,2026-09-17 11:17:53,2026-09-17 11:07:55,2026-09-17 11:11:45,3731846762,-6.2,58,
monteiro|t|petkovic|m,monteiro|t,petkovic|m,Thiago Monteiro,Mika Petkovic,ATP Challenger Genoa - R1,2026-09-22 12:42:52,0.7118844622681356,0.2881155377318643,0.7333333333333333,0.3105590062111801,1750,2026-09-22 12:47:51,2026-09-22 12:37:22,2026-09-22 12:42:52,3738420164,-5.0,116,
monteiro|t|trungelliti|m,monteiro|t,trungelliti|m,Thiago Monteiro,Marco Trungelliti,ATP Challenger Szczecin - SF,2026-09-19 12:20:53,0.4342458345805963,0.5657541654194037,0.4484304932735426,0.5798319327731092,3000,2026-09-19 12:28:38,2026-09-19 12:19:08,2026-09-19 12:20:53,3734174088,-7.8,90,
montgomery|r|park|s,montgomery|r,park|s,Robin Montgomery,Sohyun Park,WTA Seoul - R1,2026-09-22 03:30:00,0.8910585429640149,0.10894145703598512,0.9090909090909091,0.13003901170351104,425,2026-09-22 03:36:42,2026-09-22 03:35:12,2026-09-22 03:43:30,3738089286,-6.7,186,
morais|d|perego|g,morais|d,perego|g,Diogo Morais,Giulio Perego,ITF Men Setubal - R16,2026-09-24 09:13:29,0.5592495835328655,0.44075041646713453,0.5833333333333333,0.46511627906976744,450,2026-09-24 09:22:55,2026-09-24 09:09:13,2026-09-24 09:13:29,3740236112,-9.4,38,
morais|d|poullain|l,morais|d,poullain|l,Diogo Morais,Lucas Poullain,ITF Men Setubal - R1,2026-09-23 09:15:40,0.20707068275725607,0.792929317242744,0.23201856148491876,0.8158379373848987,450,2026-09-23 09:15:35,2026-09-23 09:08:24,2026-09-23 09:15:40,3739239913,0.1,116,
moratelli|l|nagy|d,moratelli|l,nagy|d,Lucija Ciric Bagaric / Angelica Moratelli,Deborah Chiesa / Adrienn Nagy,WTA 125K Ljubljana - Doubles,2026-09-18 10:45:00,0.6294479156870915,0.3705520843129087,0.6655518394648829,0.4081632653061224,375,2026-09-18 13:28:24,2026-09-18 13:17:42,2026-09-18 10:45:00,3732660207,-163.4,36,
morderger|t|toma|a,morderger|t,toma|a,Tayisiya Morderger / Yana Morderger,Alja Senica / Maria Toma,WTA 125k Tolentino - Doubles,2026-09-22 08:35:00,0.6379567607265514,0.3620432392734487,0.6742671009771988,0.4,175,2026-09-22 08:34:45,2026-09-22 08:22:08,2026-09-22 08:35:00,3738200395,0.2,8,
morderger|t|tsygourova|k,morderger|t,tsygourova|k,Tayisiya Morderger,Katerina Tsygourova,WTA 125k Tolentino - Qualifiers,2026-09-20 10:36:01,0.0893400058272847,0.9106599941727153,0.117096018735363,0.9323410013531799,300,2026-09-20 10:40:51,2026-09-20 10:31:52,2026-09-20 10:36:01,3736093473,-4.8,53,
morderger|y|pieri|j,morderger|y,pieri|j,Yana Morderger,Jessica Pieri,WTA 125k Tolentino - Qualifiers,2026-09-20 08:10:00,0.07358590427900086,0.9264140957209993,0.1002004008016032,0.9463806970509382,225,2026-09-20 07:57:32,2026-09-20 07:48:36,2026-09-20 08:10:00,3735904486,12.4,36,
morillo|i|oetzbach|a,morillo|i,oetzbach|a,Imanol Lopez Morillo,Adrian Oetzbach,ATP Challenger Bari - Qualifiers,2026-09-28 09:00:00,0.4550804057008891,0.5449195942991111,0.48309178743961345,0.5726495726495727,350,2026-09-28 08:03:03,2026-09-28 08:01:53,2026-09-28 09:00:00,3745323999,56.9,69,
moron|f|reichel|a,moron|f,reichel|a,Florencia Belen Moron,Alicia Reichel,ITF Women Belem - R1,2026-09-22 21:42:02,0.19353989654515277,0.8064601034548473,0.2183406113537118,0.8290598290598291,450,2026-09-22 21:43:55,2026-09-22 21:34:06,2026-09-22 21:42:02,3738888621,-1.9,95,
mortensen|r|rojas|s,mortensen|r,rojas|s,Rebecca Munk Mortensen,Sofia Camila Rojas,ITF Women Yecla - R1,2026-09-23 09:13:20,0.5873106871868211,0.4126893128131789,0.6108949416342413,0.4366812227074236,450,2026-09-23 09:15:35,2026-09-23 09:15:35,2026-09-23 09:13:20,3739236761,-2.3,30,
morvayova|v|radisic|n,morvayova|v,radisic|n,Viktoria Morvayova,Nika Radisic,WTA Singapore - Qualifiers,2026-09-19 05:30:00,0.7807827587378074,0.2192172412621925,0.8015873015873016,0.24154589371980673,975,2026-09-19 06:56:31,2026-09-19 06:49:29,2026-09-19 06:56:15,3733789508,-86.5,28,
morvayova|v|tormo|s,morvayova|v,tormo|s,Viktoria Morvayova,Sara Sorribes Tormo,WTA 125k Jingshan - R1,2026-09-29 04:49:25,0.1905039414463061,0.8094960585536939,0.2127659574468085,0.8299319727891156,1300,2026-09-29 04:55:47,2026-09-29 04:41:48,2026-09-29 04:49:25,3745820722,-6.4,191,
mrva|m|valiente|i,mrva|m,valiente|i,Maxim Mrva,Izan Almazan Valiente,ATP Challenger Plovdiv - R16,2026-09-24 09:48:18,0.6279620869714653,0.3720379130285348,0.6491228070175439,0.39370078740157477,1750,2026-09-24 09:51:06,2026-09-24 09:41:36,2026-09-24 09:48:18,3740263862,-2.8,90,
mueller|c|sambeek|f,mueller|c,sambeek|f,Calvin Mueller,Fons Van Sambeek,ITF Men Forbach - R1,2026-09-23 08:00:00,0.6631672144270151,0.336832785572985,0.6865203761755486,0.36101083032490977,450,2026-09-23 07:59:40,2026-09-23 07:46:21,2026-09-23 08:00:00,3739109882,0.3,11,
muller|a|pavlovic|l,muller|a,pavlovic|l,Alexandre Muller,Luka Pavlovic,ATP Chengdu Open - Qualifiers,2026-09-22 05:05:00,0.5782343709309808,0.4217656290690191,0.5967741935483871,0.44052863436123346,1750,2026-09-22 05:13:41,2026-09-22 05:05:51,2026-09-22 05:14:38,3738114837,-8.7,56,
munar|p|vera|a,munar|p,vera|a,Pedro Martinez Portero / Jaume Munar,Alejandro Tabilo / Tomas Barrios Vera,Davis Cup - Doubles,2026-09-20 15:00:00,0.6096534047322031,0.3903465952677969,0.6336996336996338,0.41493775933609955,1500,2026-09-20 15:40:36,2026-09-20 15:36:32,2026-09-20 15:00:00,3736619071,-40.6,52,
muramatsu|c|uemura|m,muramatsu|c,uemura|m,Chihiro Muramatsu,Mutsumi Uemura,ITF Women Nanao - R1,2026-09-22 05:55:34,0.35586488941510486,0.6441351105848953,0.3802281368821293,0.6677740863787376,450,2026-09-22 05:57:21,2026-09-22 05:51:10,2026-09-22 05:55:34,3738130497,-1.8,67,
murgett|f|tabacco|g,murgett|f,tabacco|g,Finn Murgett,Giorgio Tabacco,ITF Men Setubal - R16,2026-09-24 09:14:55,0.349060555436877,0.650939444563123,0.373134328358209,0.6742671009771988,450,2026-09-24 09:22:55,2026-09-24 09:11:23,2026-09-24 09:14:55,3740237414,-8.0,35,
nagel|a|theate|p,nagel|a,theate|p,Arthur Nagel,Paul Theate,ITF Men Forbach - R16,2026-09-24 09:36:07,0.964404303003524,0.035595696996475995,0.9762470308788599,0.053022269353128315,450,2026-09-24 09:34:18,2026-09-24 09:26:31,2026-09-24 09:36:07,3740253917,1.8,81,
nagel|a|thomas|f,nagel|a,thomas|f,Arthur Nagel,Flynn Thomas,ITF Men Forbach - SF,2026-09-26 13:45:26,0.7775714670406262,0.22242853295937376,0.800796812749004,0.24752475247524752,750,2026-09-26 13:50:20,2026-09-26 13:36:51,2026-09-26 13:45:26,3742548393,-4.9,73,
nagel|a|trufelli|t,nagel|a,trufelli|t,Arthur Nagel,Timeo Trufelli,ITF Men Forbach - QF,2026-09-25 11:13:38,0.823902583718725,0.17609741628127493,0.8461538461538461,0.2008032128514056,750,2026-09-25 11:19:07,2026-09-25 11:06:22,2026-09-25 11:13:38,3741164566,-5.5,51,
naito|m|riera|c,naito|m,riera|c,Melisa Ercan / Yuki Naito,Carole Monnet / Julia Riera,WTA 125K Ankara - Doubles,2026-09-24 09:00:00,0.2902899788078387,0.7097100211921613,0.32894736842105265,0.7455470737913487,250,2026-09-23 23:26:57,2026-09-23 23:13:08,2026-09-24 09:00:00,3739912870,573.0,38,
nakashima|a|zverev|c,nakashima|a,zverev|c,Alexander Bublik / Brandon Nakashima,Casper Ruud / Alexander Zverev,ATP Laver Cup - Doubles,2026-09-26 19:30:00,0.4684541627513799,0.5315458372486201,0.4926108374384236,0.5555555555555556,1250,2026-09-26 20:28:52,2026-09-26 20:18:40,2026-09-26 19:30:00,3743296162,-58.9,81,
nanobashvili|s|vasa|i,nanobashvili|s,vasa|i,Saba George Nanobashvili,Iiro Vasa,ITF Men Falun - R1,2026-09-21 12:00:00,0.15945802798936903,0.8405419720106307,0.19193857965451055,0.8684210526315789,450,2026-09-21 12:00:41,2026-09-21 11:59:15,2026-09-21 12:00:00,3737649256,-0.7,49,
nesterov|a|overbeck|a,nesterov|a,overbeck|a,Alexander Donski / Petr Nesterov,August Holmgren / Carl Emil Overbeck,Davis Cup - Doubles,2026-09-19 14:00:00,0.4854136057503872,0.5145863942496129,0.5121951219512195,0.5412844036697247,625,2026-09-19 11:55:56,2026-09-19 11:41:07,2026-09-19 14:00:00,3734036401,124.0,23,
nesterov|p|tabacco|g,nesterov|p,tabacco|g,Petr Nesterov,Giorgio Tabacco,ATP Challenger Porto - Qualifiers,2026-09-27 11:30:00,0.5931331571886299,0.4068668428113702,0.6168582375478928,0.43103448275862066,100,2026-09-27 11:35:34,2026-09-27 11:24:15,2026-09-27 11:30:00,3744102073,-5.6,7,
nesterov|p|taberner|c,nesterov|p,taberner|c,Petr Nesterov,Carlos Taberner,ATP Challenger Plovdiv - R1,2026-09-22 08:00:00,0.39856942897033276,0.6014305710296673,0.42016806722689076,0.6226415094339623,1750,2026-09-22 07:01:11,2026-09-22 06:51:33,2026-09-22 08:00:00,3738161955,58.8,84,
nesterov|p|topo|m,nesterov|p,topo|m,Petr Nesterov,Marko Topo,ATP Challenger Porto - Qualifiers,2026-09-28 10:10:00,0.47826953401879707,0.521730465981203,0.5,0.5433789954337899,1000,2026-09-28 10:01:41,2026-09-28 09:47:34,2026-09-28 10:10:00,3745368581,8.3,35,
neumayer|l|onclin|g,neumayer|l,onclin|g,Lukas Neumayer,Gauthier Onclin,Davis Cup - Qualifiers,2026-09-19 13:40:00,0.6755600393268684,0.32443996067313147,0.6941896024464832,0.3436426116838488,1750,2026-09-19 14:19:28,2026-09-19 14:12:04,2026-09-19 13:40:00,3734365488,-39.5,77,
nicholls|o|ribera|m,nicholls|o,ribera|m,Olivia Nicholls,Marina Bassols Ribera,WTA Beijing - Qualifiers,2026-09-28 07:00:00,0.02624928013036876,0.9737507198696312,0.04574565416285453,0.9850679408690458,250,2026-09-28 06:48:29,2026-09-28 06:46:23,2026-09-28 07:00:00,3745299854,11.5,11,
nishioka|y|tsitsipas|s,nishioka|y,tsitsipas|s,Yoshihito Nishioka,Stefanos Tsitsipas,ATP Tokyo - Qualifiers,2026-09-28 02:00:00,0.10278502737720993,0.89721497262279,0.13123359580052493,0.9200639488409271,250,2026-09-28 02:03:46,2026-09-28 01:59:34,2026-09-28 03:00:00,3745232136,-3.8,7,
noce|g|rottoli|l,noce|g,rottoli|l,Gabriele Maria Noce,Lorenzo Rottoli,ATP Challenger Genoa - Qualifiers,2026-09-20 13:00:00,0.32701018308002094,0.6729898169199791,0.35587188612099646,0.7005988023952096,175,2026-09-20 12:35:54,2026-09-20 12:35:33,2026-09-20 12:41:33,3736313360,24.1,33,
noguchi|r|svrcina|d,noguchi|r,svrcina|d,Rio Noguchi,Dalibor Svrcina,ATP Hangzhou - Qualifiers,2026-09-23 06:00:00,0.19329857115558502,0.806701428844415,0.21321961620469085,0.8251748251748252,1300,2026-09-23 05:59:14,2026-09-23 05:45:30,2026-09-23 06:00:00,3739037790,0.8,98,
noguchi|s|onozawa|n,noguchi|s,onozawa|n,Sae Noguchi,Nana Onozawa,ITF Women Nanao - R1,2026-09-22 03:00:00,0.9551969725591073,0.04480302744089277,0.9686520376175548,0.06365372374283895,450,2026-09-22 03:00:35,2026-09-22 02:49:53,2026-09-22 03:00:00,3738030543,-0.6,60,
nogueira|h|osorio|j,nogueira|h,osorio|j,Henrique Ortenblad Nogueira,Juan Sebastian Osorio,ITF Men Curitiba - R1,2026-09-22 13:00:00,0.06396963819423615,0.9360303618057638,0.08496176720475786,0.9521072796934866,450,2026-09-22 13:08:29,2026-09-22 12:53:57,2026-09-22 13:00:00,3738344413,-8.6,17,
nordquist|a|savelov|p,nordquist|a,savelov|p,Arvid Nordquist,Pavel Savelov,ITF Men Baku - R1,2026-09-23 08:00:00,0.9611277931629083,0.03887220683709167,0.9735799207397621,0.05685048322910745,450,2026-09-23 07:48:24,2026-09-23 07:37:15,2026-09-23 08:00:00,3739107747,11.5,109,
nordquist|a|singh|d,nordquist|a,singh|d,Arvid Nordquist,Digvijay Pratap Singh,ITF Men Baku - Final,2026-09-27 08:00:00,0.4706694620874769,0.529330537912523,0.49504950495049505,0.5535714285714286,550,2026-09-27 06:00:10,2026-09-27 05:52:14,2026-09-27 08:00:00,3743810971,119.8,103,
noskova|l|svitolina|e,noskova|l,svitolina|e,Linda Noskova,Elina Svitolina,Billie Jean King Cup - Finals,2026-09-27 11:00:22,0.4929231108766134,0.5070768891233867,0.5073891625615764,0.5215311004784688,1400,2026-09-27 11:04:18,2026-09-27 10:54:04,2026-09-27 11:00:22,3744098926,-3.9,13,
nugroho|p|ren|y,nugroho|p,ren|y,Priska Madelyn Nugroho,Yufei Ren,ITF Women Shenyang - R16,2026-09-17 02:00:00,0.4285079258097285,0.5714920741902716,0.45248868778280543,0.5951417004048584,450,2026-09-17 01:58:41,2026-09-17 01:53:52,2026-09-17 03:00:00,3731563972,1.3,42,
nys|r|salminen|h,nys|r,salminen|h,Romain Arneodo / Hugo Nys,Harri Heliovaara / Patrik Niklas-Salminen,Davis Cup - Doubles,2026-09-19 11:00:00,0.40065261410942715,0.599347385890573,0.4273504273504274,0.6254681647940076,625,2026-09-19 11:55:56,2026-09-19 11:41:07,2026-09-19 11:00:00,3734036822,-56.0,23,
oberleitner|l|vliegen|s,oberleitner|l,vliegen|s,Lucas Miedler / Neil Oberleitner,Sander Gille / Joran Vliegen,Davis Cup - Doubles,2026-09-19 09:00:00,0.585592156287665,0.414407843712335,0.609375,0.43859649122807015,1250,2026-09-19 10:18:51,2026-09-19 10:10:36,2026-09-19 09:00:00,3733820695,-78.9,161,
oberleitner|p|pel|s,oberleitner|p,pel|s,Petr Nouza / Neil Oberleitner,Sander Arends / David Pel,ATP Hangzhou - Doubles,2026-09-27 07:30:00,0.6441351105848953,0.35586488941510486,0.6677740863787376,0.3802281368821293,1250,2026-09-27 07:23:04,2026-09-27 07:23:04,2026-09-27 07:30:00,3743903042,6.9,225,
oberleitner|p|safiullin|i,oberleitner|p,safiullin|i,Petr Nouza / Neil Oberleitner,Ivan Liutarevich / Roman Safiullin,ATP Hangzhou - Doubles,2026-09-25 10:42:00,0.6933139640484133,0.3066860359515865,0.71671388101983,0.33112582781456956,500,2026-09-25 10:34:04,2026-09-25 10:26:22,2026-09-25 10:42:00,3741129380,7.9,86,
obradovic|d|oparnica|a,obradovic|d,oparnica|a,Dusan Obradovic,Aleksa Oparnica,ITF Men Zlatibor - R1,2026-09-17 09:00:00,0.9396262712282257,0.06037372877177433,0.9552772808586762,0.08103727714748785,450,2026-09-17 08:56:31,2026-09-17 08:52:01,2026-09-17 09:00:00,3731711104,3.5,75,
oetzbach|a|trione|r,oetzbach|a,trione|r,Adrian Oetzbach,Riccardo Trione,ATP Challenger Bari - Qualifiers,2026-09-27 08:05:00,0.8700875569373887,0.1299124430626113,0.8982706002034587,0.16447368421052633,50,2026-09-27 08:02:10,2026-09-27 07:52:58,2026-09-27 08:05:00,3743915689,2.8,14,
ogunsakin|o|rathi|a,ogunsakin|o,rathi|a,Oluwaseun Peter Ogunsakin,Arjun Rathi,ITF Men Monastir - R1,2026-09-23 08:44:34,0.36817492553884396,0.6318250744611561,0.3921568627450981,0.6551724137931035,450,2026-09-23 08:52:31,2026-09-23 08:38:03,2026-09-23 08:44:34,3739209282,-8.0,15,
oh|c|sasikumar|m,oh|c,sasikumar|m,Chan-Yeong Oh,Mukund Sasikumar,ITF Men Yinchuan - QF,2026-09-25 04:05:00,0.3662112130226117,0.6337887869773883,0.390625,0.6575342465753424,750,2026-09-25 05:02:36,2026-09-25 04:48:59,2026-09-25 04:05:00,3740965426,-57.6,97,
oh|c|yang|z,oh|c,yang|z,Chan-Yeong Oh,Zijiang Yang,ITF Men Yinchuan - R16,2026-09-24 04:00:00,0.8395235362761923,0.1604764637238077,0.8614958448753463,0.18518518518518517,350,2026-09-24 02:01:09,2026-09-24 01:53:26,2026-09-24 04:00:00,3740036685,118.8,64,
okamura|k|wu|r,okamura|k,wu|r,Kyoka Okamura,Ru Xi Wu,WTA 125k Jingshan - R1,2026-09-29 04:30:00,0.8332438120106253,0.1667561879893748,0.8533724340175952,0.1890359168241966,1300,2026-09-29 04:31:16,2026-09-29 04:24:43,2026-09-29 04:30:00,3745645830,-1.3,189,
okamura|k|yamaguchi|m,okamura|k,yamaguchi|m,Kyoka Okamura,Mei Yamaguchi,WTA Singapore - Qualifiers,2026-09-20 05:30:00,0.36571646966847804,0.6342835303315221,0.3846153846153846,0.6527777777777778,1750,2026-09-20 06:05:41,2026-09-20 06:02:55,2026-09-20 05:30:00,3735825796,-35.7,51,
okonkwo|a|trotter|j,okonkwo|a,trotter|j,Alexander Okonkwo,James Trotter,ATP Challenger Columbus - Qualifiers,2026-09-27 20:00:00,0.24286587576203883,0.757134124237961,0.2724795640326976,0.7844827586206897,350,2026-09-27 19:16:00,2026-09-27 19:07:05,2026-09-27 20:00:00,3744933329,44.0,78,
oktiabreva|a|paoletti|m,oktiabreva|a,paoletti|m,Alisa Oktiabreva,Matilde Paoletti,ITF Women Santa Margherita di Pula - QF,2026-09-18 10:00:00,0.7723800224925468,0.22761997750745333,0.7955010224948876,0.25252525252525254,550,2026-09-18 08:00:01,2026-09-18 07:57:23,2026-09-18 10:00:00,3732564695,120.0,65,
oktiabreva|a|sziedat|f,oktiabreva|a,sziedat|f,Alisa Oktiabreva,Franziska Sziedat,ITF Women Santa Margherita di Pula - SF,2026-09-19 10:00:00,0.9395613492789393,0.060438650721060645,0.9552171965965071,0.08110300081103,750,2026-09-19 08:08:36,2026-09-19 08:06:58,2026-09-19 08:10:49,3733824586,111.4,60,
oktiabreva|a|yesypchuk|d,oktiabreva|a,yesypchuk|d,Alisa Oktiabreva,Daria Yesypchuk,ITF Women Santa Margherita di Pula - R16,2026-09-24 07:42:01,0.9275338934330116,0.07246610656698821,0.9445368829728231,0.09416195856873824,450,2026-09-24 07:41:30,2026-09-24 07:35:01,2026-09-24 07:42:01,3740176373,0.5,34,
okutoyi|a|petkovic|a,okutoyi|a,petkovic|a,Angella Okutoyi,Anna Petkovic,ITF Women Santa Margherita di Pula - R1,2026-09-23 07:40:30,0.6681659010658343,0.33183409893416543,0.691358024691358,0.35587188612099646,450,2026-09-23 07:48:24,2026-09-23 07:37:15,2026-09-23 07:40:30,3739157135,-8.0,95,
oliveira|n|tu|l,oliveira|n,tu|l,Nicolas Oliveira,Li Tu,ATP Challenger Columbus - Qualifiers,2026-09-27 21:29:09,0.2500521014251112,0.7499478985748887,0.2801120448179272,0.7777777777777779,350,2026-09-27 21:30:18,2026-09-27 21:20:35,2026-09-27 21:29:09,3745085531,-1.2,94,
olivetti|t|poonacha|g,olivetti|t,poonacha|g,Theo Arribage / Albano Olivetti,Gonzalo Escobar / Niki Kaliyanda Poonacha,ATP Chengdu Open - Doubles,2026-09-25 08:00:00,0.6409904369851078,0.3590095630148923,0.6644295302013422,0.38314176245210724,500,2026-09-25 08:43:52,2026-09-25 08:35:26,2026-09-25 08:00:00,3740970543,-43.9,84,
olivetti|t|zhou|a,olivetti|t,zhou|a,Theo Arribage / Albano Olivetti,Aoran Wang / Yi Zhou,ATP Chengdu Open - Doubles,2026-09-26 07:50:00,0.8259259374903875,0.17407406250961263,0.8484848484848485,0.19920318725099603,1250,2026-09-26 07:59:55,2026-09-26 07:59:11,2026-09-26 07:50:00,3742115450,-9.9,96,
oliynykova|o|wolff|v,oliynykova|o,wolff|v,Oleksandra Oliynykova,Vivian Wolff,WTA Singapore - R1,2026-09-22 04:00:00,0.7540111131448293,0.24598888685517067,0.7685185185185185,0.2610966057441253,3000,2026-09-22 03:00:35,2026-09-22 02:55:19,2026-09-22 04:00:00,3738076023,59.4,183,
olmos|i|panova|k,olmos|i,panova|k,Ingrid Neel / Giuliana Olmos,Kristina Mladenovic / Alexandra Panova,WTA Singapore - Doubles,2026-09-22 04:10:00,0.4640860716874564,0.5359139283125437,0.48780487804878053,0.5594713656387665,500,2026-09-22 03:59:32,2026-09-22 03:50:18,2026-09-22 04:10:00,3738091493,10.5,80,
olmo|a|wuerth|t,olmo|a,wuerth|t,Ane Mintegi Del Olmo,Tara Wuerth,ITF Women Plovdiv - R1,2026-09-22 08:00:00,0.7304568805560071,0.26954311944399295,0.7536945812807883,0.29411764705882354,450,2026-09-22 07:57:02,2026-09-22 07:52:01,2026-09-22 08:00:00,3738195385,3.0,55,
olmo|a|yaneva|e,olmo|a,yaneva|e,Ane Mintegi Del Olmo,Elizara Yaneva,ITF Women Plovdiv - Final,2026-09-27 09:00:00,0.3577184822796116,0.6422815177203883,0.38167938931297707,0.6655518394648829,750,2026-09-27 08:02:10,2026-09-27 07:52:58,2026-09-27 09:00:00,3743918739,57.8,102,
olmo|a|zeltina|b,olmo|a,zeltina|b,Ane Mintegi Del Olmo,Beatrise Zeltina,ITF Women Plovdiv - R16,2026-09-24 07:11:56,0.7988197742012023,0.2011802257987977,0.82174688057041,0.22624434389140272,450,2026-09-24 07:07:18,2026-09-24 07:04:33,2026-09-24 07:11:56,3740154575,4.6,31,
onclin|g|rodionov|j,onclin|g,rodionov|j,Gauthier Onclin,Jurij Rodionov,Davis Cup - Qualifiers,2026-09-18 11:00:00,0.3111780415686834,0.6888219584313164,0.3333333333333333,0.7101449275362319,450,2026-09-18 13:28:24,2026-09-18 13:17:42,2026-09-18 10:50:00,3732634762,-148.4,34,
onozawa|n|shimizu|e,onozawa|n,shimizu|e,Nana Onozawa,Eri Shimizu,ITF Women Nanao - R16,2026-09-24 02:20:00,0.10272269532291566,0.8972773046770843,0.12610340479192939,0.9167360532889259,450,2026-09-24 02:29:17,2026-09-24 02:23:38,2026-09-24 02:20:00,3740065814,-9.3,86,
oradini|g|pearson|k,oradini|g,pearson|k,Giovanni Oradini,Kody Pearson,ATP Challenger Genoa - Qualifiers,2026-09-20 12:00:00,0.9535463445731549,0.04645365542684521,0.9723985647253657,0.07716049382716049,50,2026-09-20 11:57:34,2026-09-20 11:57:34,2026-09-20 13:00:00,3736244261,2.4,47,
oradini|g|vela|g,oradini|g,vela|g,Giovanni Oradini,Giuseppe La Vela,ATP Challenger Genoa - R1,2026-09-22 14:00:00,0.5890149087402937,0.41098509125970634,0.6124031007751938,0.4347826086956522,1300,2026-09-22 14:00:18,2026-09-22 13:54:20,2026-09-22 14:00:00,3738482744,-0.3,35,
ortenzi|i|rodriguez|m,ortenzi|i,rodriguez|m,Ingrid Gamarra Martins / Jasmin Ortenzi,Maria Fernanda Navarro Oliva / Victoria Rodriguez,WTA Sao Paulo - Doubles,2026-09-16 22:00:00,0.6603517231933964,0.3396482768066036,0.6835443037974683,0.36363636363636365,500,2026-09-16 22:05:46,2026-09-16 21:57:23,2026-09-16 22:00:00,3731425877,-5.8,23,
ortenzi|i|zamarripa|a,ortenzi|i,zamarripa|a,Ingrid Gamarra Martins / Jasmin Ortenzi,Anna Rogers / Allura Zamarripa,WTA Sao Paulo - Doubles,2026-09-17 20:45:00,0.46625979929231565,0.5337402007076846,0.49019607843137253,0.5575221238938054,500,2026-09-17 22:00:09,2026-09-17 21:56:57,2026-09-17 20:45:00,3732322554,-75.2,84,
osborne|p|zarazua|i,osborne|p,zarazua|i,Priscilla Hon / Alexandra Osborne,Ingrid Gamarra Martins / Renata Zarazua,WTA Seoul - Doubles,2026-09-22 08:30:00,0.5,0.5,0.5238095238095238,0.5238095238095238,500,2026-09-22 09:32:05,2026-09-22 09:18:23,2026-09-22 08:30:00,3738214384,-62.1,132,
osborne|r|silva|v,osborne|r,silva|v,Rasheeda McAdoo / Alexandra Osborne,Victoria Luiza Barros / Nauhany Vitoria Leme Da Silva,WTA Sao Paulo - Doubles,2026-09-17 19:20:00,0.6163509825006221,0.38364901749937785,0.6402877697841727,0.4081632653061224,500,2026-09-17 19:50:45,2026-09-17 19:41:04,2026-09-17 19:20:00,3732256848,-30.8,54,
osorio|j|sakamoto|p,osorio|j,sakamoto|p,Juan Sebastian Osorio,Pedro Sakamoto,ITF Men Curitiba - QF,2026-09-25 15:00:00,0.24545387334767796,0.754546126652322,0.27027027027027023,0.7777777777777779,750,2026-09-25 15:11:46,2026-09-25 14:59:28,2026-09-25 15:00:00,3741243196,-11.8,68,
osorio|j|zanellato|n,osorio|j,zanellato|n,Juan Sebastian Osorio,Nicolas Zanellato,ITF Men Belem - SF,2026-09-19 17:30:00,0.5113695120820447,0.4886304879179552,0.5348837209302326,0.5121951219512195,750,2026-09-19 17:29:29,2026-09-19 17:28:18,2026-09-19 17:30:00,3734980227,0.5,108,
ostapenkov|d|palavestra|i,ostapenkov|d,palavestra|i,Daniil Ostapenkov,Ilija Palavestra,ATP Challenger Columbus - Qualifiers,2026-09-27 22:00:00,0.7167313250711901,0.28326867492880997,0.7442455242966751,0.3125,350,2026-09-27 22:06:30,2026-09-27 21:58:05,2026-09-27 22:00:00,3744971325,-6.6,99,
ostapenkov|d|vandecasteele|q,ostapenkov|d,vandecasteele|q,Daniil Ostapenkov,Quinn Vandecasteele,ATP Challenger Columbus - Qualifiers,2026-09-28 18:00:00,0.35265320091720226,0.6473467990827977,0.38167938931297707,0.6753246753246753,350,2026-09-28 17:01:01,2026-09-28 17:01:01,2026-09-28 17:08:26,3745584793,59.0,57,
ostapenko|j|preston|t,ostapenko|j,preston|t,Jelena Ostapenko,Taylah Preston,WTA Seoul - R16,2026-09-24 07:44:37,0.7205432756520306,0.2794567243479694,0.7347480106100795,0.29411764705882354,3000,2026-09-24 07:49:29,2026-09-24 07:38:06,2026-09-24 07:44:37,3740177881,-4.9,212,
ostapenko|j|zakharova|a,ostapenko|j,zakharova|a,Jelena Ostapenko,Anastasia Zakharova,WTA Seoul - R1,2026-09-22 07:00:00,0.5676347780789045,0.43236522192109555,0.5815899581589958,0.4464285714285714,2500,2026-09-22 07:01:11,2026-09-22 06:51:33,2026-09-22 07:00:00,3738158242,-1.2,121,
otzipka|j|voloshchuk|a,otzipka|j,voloshchuk|a,Jana Otzipka,Angelina Voloshchuk,WTA 125K Porto - Qualifiers,2026-09-20 10:00:00,0.2306862918121269,0.7693137081878734,0.2531645569620253,0.790356394129979,1750,2026-09-20 10:01:15,2026-09-20 09:49:24,2026-09-20 10:00:00,3735975052,-1.3,45,
ovarelli|g|walker|j,ovarelli|g,walker|j,Ginevra De Angelis / Arianna Ovarelli,Jamilah Snells / Brandy Walker,WTA 125k Tolentino - Doubles,2026-09-23 10:00:00,0.14781250651287012,0.8521874934871299,0.18867924528301888,0.8854524627720505,500,2026-09-23 10:49:02,2026-09-23 10:34:11,2026-09-23 10:00:00,3739266793,-49.0,13,
overbeck|c|tabacco|f,overbeck|c,tabacco|f,Carl Emil Overbeck,Fausto Tabacco,ATP Challenger Porto - Qualifiers,2026-09-27 10:05:00,0.6021545557785846,0.3978454442214155,0.6240601503759399,0.42016806722689076,1000,2026-09-27 09:59:12,2026-09-27 09:53:42,2026-09-27 10:05:00,3743990850,5.8,45,
ozeki|m|tamura|k,ozeki|m,tamura|k,Michika Ozeki,Kurumi Tamura,ITF Women Nanao - R16,2026-09-24 03:24:28,0.5677699702108443,0.4322300297891559,0.5918367346938775,0.4566210045662101,450,2026-09-24 03:23:27,2026-09-24 03:16:07,2026-09-24 03:24:28,3740090757,1.0,90,
ozeki|m|yang|y,ozeki|m,yang|y,Michika Ozeki,Yidi Yang,ITF Women Nanao - R1,2026-09-23 05:15:00,0.06644972385597668,0.9335502761440234,0.0876424189307625,0.9498997995991985,450,2026-09-23 04:36:10,2026-09-23 04:29:59,2026-09-23 04:37:01,3739068954,38.8,173,
oz|i|yaneva|e,oz|i,yaneva|e,Ipek Oz,Elizara Yaneva,ITF Women Pazardzhik - SF,2026-09-18 09:00:00,0.38950601328645296,0.610493986713547,0.4132231404958678,0.6336996336996338,750,2026-09-18 07:14:27,2026-09-18 07:07:52,2026-09-18 07:13:00,3732540951,105.5,60,
paardekooper|s|ricci|p,paardekooper|s,ricci|p,Stijn Paardekooper,Pietro Ricci,ITF Men Telavi - R1,2026-09-23 06:00:00,0.8567355837013702,0.1432644162986298,0.8781973203410476,0.16778523489932887,450,2026-09-23 05:59:14,2026-09-23 05:45:30,2026-09-23 06:00:00,3739057750,0.8,26,
paardekooper|s|tiukaev|r,paardekooper|s,tiukaev|r,Stijn Paardekooper,Ruslan Tiukaev,ITF Men Telavi - R1,2026-09-28 08:52:21,0.6708535126515482,0.3291464873484519,0.6941896024464832,0.35335689045936397,450,2026-09-28 08:55:44,2026-09-28 08:47:10,2026-09-28 08:52:21,3745342264,-3.5,22,
paganetti|v|pistola|i,paganetti|v,pistola|i,Vittoria Paganetti,Ilary Pistola,ITF Women Santa Margherita di Pula - R16,2026-09-17 11:01:36,0.6318250744611561,0.36817492553884396,0.6551724137931035,0.3921568627450981,450,2026-09-17 10:59:09,2026-09-17 10:52:48,2026-09-17 11:01:36,3731840185,2.4,52,
pankin|s|tang|s,pankin|s,tang|s,Semen Pankin,Sheng Tang,ITF Men Yinchuan - R16,2026-09-24 02:00:00,0.9031963365913926,0.09680366340860767,0.9222395023328148,0.11990407673860912,450,2026-09-24 02:01:09,2026-09-24 01:53:26,2026-09-24 02:00:00,3739974788,-1.2,19,
pankin|s|zeng|y,pankin|s,zeng|y,Semen Pankin,Yaojie Zeng,ITF Men Yinchuan - R1,2026-09-22 05:00:00,0.6670547634878301,0.3329452365121699,0.6904024767801857,0.35714285714285715,450,2026-09-22 05:57:21,2026-09-22 05:51:10,2026-09-22 05:56:37,3738131034,-57.4,89,
paoletti|m|yesypchuk|d,paoletti|m,yesypchuk|d,Matilde Paoletti,Daria Yesypchuk,ITF Women Santa Margherita di Pula - R16,2026-09-17 07:44:15,0.708789949209009,0.29121005079099116,0.7319034852546916,0.31545741324921134,450,2026-09-17 07:47:09,2026-09-17 07:36:31,2026-09-17 07:44:15,3731700733,-2.9,39,
paolini|j|svitolina|e,paolini|j,svitolina|e,Jasmine Paolini,Elina Svitolina,Billie Jean King Cup - Finals,2026-09-26 10:30:00,0.377790895883247,0.622209104116753,0.3921568627450981,0.6363636363636364,800,2026-09-26 11:00:23,2026-09-26 10:50:51,2026-09-26 10:30:00,3742287502,-30.4,12,
paolini|j|zheng|q,paolini|j,zheng|q,Jasmine Paolini,Qinwen Zheng,Billie Jean King Cup - Finals,2026-09-24 12:15:00,0.26757037885126117,0.732429621148739,0.2824858757062147,0.7468354430379747,2000,2026-09-24 12:16:10,2026-09-24 12:11:06,2026-09-24 12:16:14,3740390917,-1.2,19,
paolini|s|zhang|h,paolini|s,zhang|h,Sara Errani / Jasmine Paolini,Hanyu Guo / Shuai Zhang,Billie Jean King Cup - Doubles,2026-09-24 12:45:00,0.5258536928654708,0.47414630713452915,0.5515695067264574,0.5,375,2026-09-24 17:56:13,2026-09-24 17:44:44,2026-09-24 12:45:00,3740394410,-311.2,51,
papamichail|d|reales|g,papamichail|d,reales|g,Despina Papamichail,Guiomar Maristany Zuleta De Reales,WTA 125k Tolentino - R1,2026-09-21 11:00:00,0.16756151983939743,0.8324384801606026,0.18975332068311196,0.8525073746312685,1300,2026-09-21 10:57:54,2026-09-21 10:43:46,2026-09-21 11:00:00,3737575583,2.1,42,
papamichail|e|ruggeri|a,papamichail|e,ruggeri|a,Ekaterine Gorgodze / Despina Papamichail,Angelica Moratelli / Jennifer Ruggeri,WTA 125k Tolentino - Doubles,2026-09-26 09:00:00,0.5805651322961424,0.4194348677038577,0.6168582375478928,0.4566210045662101,450,2026-09-26 13:23:00,2026-09-26 13:08:57,2026-09-26 09:00:00,3742133943,-263.0,40,
papamichail|e|stefano|j,papamichail|e,stefano|j,Ekaterine Gorgodze / Despina Papamichail,Jessica Pieri / Samira De Stefano,WTA 125k Tolentino - Doubles,2026-09-23 15:30:00,0.6433872038727843,0.35661279612721586,0.6774193548387096,0.3921568627450981,500,2026-09-23 16:51:40,2026-09-23 16:38:21,2026-09-23 15:30:00,3739469707,-81.7,47,
parisca|i|pujolras|a,parisca|i,pujolras|a,Ignacio Parisca,Alex Marti Pujolras,ITF Men Sabadell - R16,2026-09-24 10:00:00,0.3807126399800214,0.6192873600199787,0.40485829959514175,0.6428571428571428,450,2026-09-24 10:08:53,2026-09-24 09:56:42,2026-09-24 10:00:00,3740193490,-8.9,43,
paris|t|visker|n,paris|t,visker|n,Tom Paris,Niels Visker,ATP Challenger Mouilleron-Le-Captif - Qualifiers,2026-09-27 10:15:00,0.42361665271212023,0.5763833472878798,0.45248868778280543,0.6047430830039526,350,2026-09-27 09:59:12,2026-09-27 09:53:42,2026-09-27 10:15:00,3743982302,15.8,47,
parks|a|yamaguchi|m,parks|a,yamaguchi|m,Alycia Parks,Mei Yamaguchi,WTA Singapore - R1,2026-09-22 04:30:00,0.7946464808670698,0.20535351913293023,0.8087954110898662,0.22026431718061673,2250,2026-09-22 05:13:41,2026-09-22 05:05:51,2026-09-22 05:14:33,3738114791,-43.7,97,
park|e|ye|y,park|e,ye|y,Eunhye Lee / Sohyun Park,Ya-Hsin Lee / Qiu Yu Ye,WTA Seoul - Doubles,2026-09-21 09:30:00,0.28709867275809325,0.7129013272419068,0.3115264797507788,0.7361477572559366,1500,2026-09-21 11:54:43,2026-09-21 11:44:09,2026-09-21 09:30:00,3737587532,-144.7,101,
park|j|poonacha|n,park|j,poonacha|n,Ji Sung Nam / Uisung Park,N.Sriram Balaji / Niki Kaliyanda Poonacha,Davis Cup - Doubles,2026-09-19 03:00:00,0.3995954180020959,0.6004045819979041,0.42372881355932196,0.6240601503759399,1250,2026-09-19 09:09:38,2026-09-19 08:55:05,2026-09-19 03:00:00,3733626698,-369.6,154,
park|s|tararudee|l,park|s,tararudee|l,Sohyun Park,Lanlana Tararudee,WTA Seoul - R16,2026-09-23 03:00:00,0.14402201606749002,0.85597798393251,0.1610305958132045,0.87146529562982,1500,2026-09-23 02:59:58,2026-09-23 02:59:22,2026-09-23 04:00:00,3739034055,0.0,104,
paterno|g|yesypchuk|d,paterno|g,yesypchuk|d,Giulia Paterno,Daria Yesypchuk,ITF Women Santa Margherita di Pula - R1,2026-09-23 07:42:12,0.08554785451990216,0.9144521454800979,0.10810810810810811,0.9326599326599327,450,2026-09-23 07:48:24,2026-09-23 07:37:15,2026-09-23 07:42:12,3739158561,-6.3,22,
pavic|n|puetz|k,pavic|n,puetz|k,Nikola Mektic / Mate Pavic,Kevin Krawietz / Tim Puetz,Davis Cup - Doubles,2026-09-20 10:00:00,0.43880708354287823,0.5611929164571219,0.4629629629629629,0.5850622406639003,1250,2026-09-20 10:57:51,2026-09-20 10:49:46,2026-09-20 10:00:00,3736045462,-57.9,147,
pavlova|k|tomase|e,pavlova|k,tomase|e,Kira Pavlova,Elza Tomase,ITF Women Yecla - R16,2026-09-24 10:30:00,0.5777663014124417,0.4222336985875583,0.601593625498008,0.4464285714285714,450,2026-09-24 10:33:52,2026-09-24 10:26:53,2026-09-24 10:30:00,3740260128,-3.9,50,
pawlikowska|z|perelygina|e,pawlikowska|z,perelygina|e,Zuzanna Pawlikowska,Ekaterina Perelygina,ITF Women Hurghada - SF,2026-09-19 06:00:00,0.5583659181727467,0.4416340818272533,0.5815899581589958,0.46511627906976744,750,2026-09-19 06:00:10,2026-09-19 05:53:56,2026-09-19 06:00:00,3733668022,-0.2,73,
pawlikowska|z|smirnova|k,pawlikowska|z,smirnova|k,Zuzanna Pawlikowska,Ksenia Smirnova,ITF Women Sharm El Sheikh - R16,2026-09-24 06:30:00,0.8455109738602221,0.154489026139778,0.8673740053050397,0.17921146953405018,450,2026-09-24 06:34:42,2026-09-24 06:25:16,2026-09-24 06:30:00,3740114779,-4.7,30,
pel|j|tobon|n,pel|j,tobon|n,Jesper De Jong / David Pel,Nicolas Barrientos / Miguel Tobon,Davis Cup - Doubles,2026-09-19 12:00:00,0.6944528807721922,0.30554711922780786,0.7198879551820728,0.33222591362126247,450,2026-09-19 13:17:44,2026-09-19 13:06:51,2026-09-19 12:00:00,3734091653,-77.8,22,
pel|s|stalder|m,pel|s,stalder|m,Sander Arends / David Pel,Miguel Reyes-Varela / Reese Stalder,ATP Hangzhou - Doubles,2026-09-24 08:00:00,0.5848116372634953,0.4151883627365048,0.607843137254902,0.43859649122807015,500,2026-09-24 08:01:11,2026-09-24 07:55:54,2026-09-24 08:00:00,3740058017,-1.2,86,
pel|s|stevens|e,pel|s,stevens|e,Sander Arends / David Pel,Evan King / Bart Stevens,ATP Hangzhou - Doubles,2026-09-28 05:50:00,0.585592156287665,0.414407843712335,0.609375,0.43859649122807015,1500,2026-09-28 05:33:44,2026-09-28 05:30:56,2026-09-28 05:50:00,3745280223,16.3,72,
peniston|r|romano|f,peniston|r,romano|f,Ryan Peniston,Filippo Romano,ATP Challenger Mouilleron-Le-Captif - Qualifiers,2026-09-28 10:57:46,0.4262382926565359,0.5737617073434641,0.45454545454545453,0.601593625498008,350,2026-09-28 10:59:38,2026-09-28 10:47:56,2026-09-28 10:57:46,3745401244,-1.9,71,
peniston|r|sels|j,peniston|r,sels|j,Ryan Peniston,Jelle Sels,ATP Challenger Mouilleron-Le-Captif - Qualifiers,2026-09-27 12:00:00,0.6121937125645516,0.38780628743544854,0.6402877697841727,0.4166666666666667,350,2026-09-27 11:18:34,2026-09-27 11:09:10,2026-09-27 12:00:00,3744116154,41.4,55,
pereira|j|roberts|j,pereira|j,roberts|j,Jose Pereira,Justin Roberts,ITF Men Curitiba - R16,2026-09-24 13:00:00,0.620738619844424,0.37926138015557614,0.6441281138790036,0.40322580645161293,450,2026-09-24 13:02:53,2026-09-24 12:57:51,2026-09-24 13:00:00,3740335690,-2.9,59,
pereira|j|tosetto|r,pereira|j,tosetto|r,Jose Pereira,Rafael Tosetto,ATP Challenger Curitiba - Qualifiers,2026-09-27 17:00:00,0.5479082922281371,0.45209170777186297,0.576271186440678,0.4807692307692307,350,2026-09-27 17:56:11,2026-09-27 17:45:30,2026-09-27 17:52:24,3744826036,-56.2,85,
pereira|t|tsitsipas|p,pereira|t,tsitsipas|p,Tiago Pereira,Pavlos Tsitsipas,ATP Challenger Plovdiv - Qualifiers,2026-09-20 13:38:34,0.9317120596425522,0.06828794035744784,0.9548124717577948,0.1019367991845056,50,2026-09-20 13:43:19,2026-09-20 13:32:51,2026-09-20 13:38:34,3736447486,-4.8,74,
perelygina|e|petretic|l,perelygina|e,petretic|l,Ekaterina Perelygina,Laia Petretic,ITF Women Hurghada - QF,2026-09-18 07:00:00,0.6686595257734561,0.33134047422654417,0.6923076923076923,0.35587188612099646,750,2026-09-18 06:13:29,2026-09-18 06:09:25,2026-09-18 06:14:34,3732526486,46.5,28,
perelygina|e|tupitsyna|e,perelygina|e,tupitsyna|e,Ekaterina Perelygina,Ekaterina Tupitsyna,ITF Women Hurghada - Final,2026-09-20 09:00:00,0.38580546100794577,0.6141945389920542,0.4098360655737705,0.6376811594202898,550,2026-09-20 06:33:11,2026-09-20 06:33:11,2026-09-20 09:00:00,3735826697,146.8,127,
perez|g|ryser|v,perez|g,ryser|v,Georgina Garcia Perez,Valentina Ryser,ITF Women Yecla - R1,2026-09-22 10:30:00,0.2333724359448033,0.7666275640551967,0.25839793281653745,0.7899159663865546,450,2026-09-22 10:32:04,2026-09-22 10:22:56,2026-09-22 10:30:00,3738223451,-2.1,68,
perez|m|prozorova|s,perez|m,prozorova|s,Miyu Kato / Ellen Perez,Sofya Lansere / Tatiana Prozorova,WTA Singapore - Doubles,2026-09-25 09:30:00,0.7346921103277578,0.2653078896722422,0.7578692493946732,0.2898550724637681,500,2026-09-25 09:36:59,2026-09-25 09:25:33,2026-09-25 09:40:00,3741085205,-7.0,101,
perez|m|vekic|m,perez|m,vekic|m,Miyu Kato / Ellen Perez,Maria Sakkari / Donna Vekic,WTA Singapore - Doubles,2026-09-21 07:30:00,0.6923644789871776,0.3076355210128226,0.7159090909090909,0.33222591362126247,1500,2026-09-21 08:26:52,2026-09-21 08:12:50,2026-09-21 07:30:00,3737563735,-56.9,87,
perez|m|xu|q,perez|m,xu|q,Miyu Kato / Ellen Perez,Qianhui Tang / Yi-Fan Xu,WTA Singapore - Doubles,2026-09-26 06:40:00,0.5215330759903644,0.4784669240096356,0.5454545454545454,0.5024875621890548,1250,2026-09-26 06:23:34,2026-09-26 06:18:51,2026-09-26 06:40:00,3742073107,16.4,73,
persson|k|timofeeva|m,persson|k,timofeeva|m,Kajsa Rinaldo Persson,Maria Timofeeva,WTA 125K Porto - R16,2026-09-23 14:34:22,0.17150009567576455,0.8284999043242353,0.19379844961240308,0.848714069591528,1300,2026-09-23 14:30:27,2026-09-23 14:26:45,2026-09-23 14:34:22,3739562251,3.9,109,
pertusa|a|rapagnetta|d,pertusa|a,rapagnetta|d,Alejandro Manzanera Pertusa,Daniele Rapagnetta,ITF Men Melilla - R16,2026-09-17 12:01:28,0.45884048713923714,0.5411595128607628,0.48309178743961345,0.5652173913043479,450,2026-09-17 12:09:54,2026-09-17 11:57:23,2026-09-17 12:01:28,3731885150,-8.5,49,
petkovic|a|valente|d,petkovic|a,valente|d,Anna Petkovic,Denise Valente,ITF Women Santa Margherita di Pula - R16,2026-09-24 08:30:00,0.816010699137762,0.18398930086223791,0.8384491114701131,0.20876826722338204,450,2026-09-24 07:41:30,2026-09-24 07:28:52,2026-09-24 07:37:32,3740173169,48.5,34,
petkovic|m|sachko|v,petkovic|m,sachko|v,Mika Petkovic,Vitaliy Sachko,ATP Challenger Bari - R1,2026-09-28 15:25:00,0.3316101495033302,0.6683898504966698,0.35335689045936397,0.6894409937888198,1750,2026-09-28 13:57:40,2026-09-28 13:49:03,2026-09-28 13:55:20,3745481971,87.3,48,
petre|s|zgola|b,petre|s,zgola|b,Stefan Ilie Bogdan Petre,Borys Zgola,ITF Men Slobozia - R1,2026-09-29 07:17:08,0.5380673142239828,0.46193268577601715,0.5614035087719298,0.4854368932038835,450,2026-09-29 07:27:35,2026-09-29 07:13:42,2026-09-29 07:17:08,3745871848,-10.5,27,
petrofsky|d|zgola|b,petrofsky|d,zgola|b,David Petrofsky,Borys Zgola,ITF Men Pardubice - R1,2026-09-23 07:47:26,0.3239006172634166,0.6760993827365833,0.3484320557491289,0.6996996996996997,450,2026-09-23 07:54:19,2026-09-23 07:46:22,2026-09-23 07:47:26,3739165621,-6.9,26,
petrovic|a|renard|l,petrovic|a,renard|l,Andreja Petrovic,Lucas Renard,ITF Men Falun - QF,2026-09-24 10:00:00,0.8094892255391782,0.19051077446082185,0.8322147651006712,0.21551724137931033,750,2026-09-24 10:08:53,2026-09-24 09:56:42,2026-09-24 10:00:00,3740192703,-8.9,43,
petrovic|a|wistrand|j,petrovic|a,wistrand|j,Andreja Petrovic,Jack Karlsson Wistrand,ITF Men Falun - R16,2026-09-23 11:10:18,0.8506533574202245,0.14934664257977584,0.8722860791826308,0.17391304347826086,450,2026-09-23 11:18:42,2026-09-23 11:18:42,2026-09-23 11:10:18,3739361004,-8.4,43,
petrovic|d|prihodko|o,petrovic|d,prihodko|o,Drazen Petrovic,Oleg Prihodko,ITF Men Zlatibor - R16,2026-09-18 10:00:00,0.0915554856716153,0.9084445143283848,0.11441647597254004,0.9271137026239066,350,2026-09-18 07:14:27,2026-09-18 07:11:08,2026-09-18 07:17:36,3732545571,165.5,28,
piccioli|t|sakamoto|p,piccioli|t,sakamoto|p,Thomas Enrique Menzel Piccioli,Pedro Sakamoto,ITF Men Belem - R1,2026-09-16 21:11:55,0.08201885275856978,0.9179811472414304,0.10438413361169102,0.9358974358974359,450,2026-09-16 21:10:26,2026-09-16 21:02:23,2026-09-16 21:11:55,3731425973,1.5,16,
pieczonka|f|trungelliti|m,pieczonka|f,trungelliti|m,Filip Pieczonka,Marco Trungelliti,ATP Challenger Szczecin - R16,2026-09-17 14:20:14,0.16890906066932979,0.83109093933067,0.186219739292365,0.8470948012232417,1900,2026-09-17 14:28:00,2026-09-17 14:14:52,2026-09-17 14:20:14,3731983124,-7.8,66,
pieleanu|r|popovic|s,pieleanu|r,popovic|s,Rares Teodor Pieleanu,Stefan Popovic,ITF Men Zlatibor - R1,2026-09-17 09:04:06,0.4396836310351271,0.5603163689648729,0.4629629629629629,0.5833333333333333,450,2026-09-17 09:08:45,2026-09-17 09:08:45,2026-09-17 09:04:06,3731744830,-4.7,42,
piening|c|siniakov|d,piening|c,siniakov|d,Claus Piening,Daniel Siniakov,ITF Men Pardubice - R1,2026-09-23 08:56:00,0.0653824918875869,0.9346175081124135,0.08650519031141868,0.9508599508599509,450,2026-09-23 08:57:53,2026-09-23 08:46:47,2026-09-23 08:56:00,3739170991,-1.9,31,
pieri|j|reales|g,pieri|j,reales|g,Jessica Pieri,Guiomar Maristany Zuleta De Reales,WTA 125k Tolentino - SF,2026-09-26 14:34:02,0.15927674511019282,0.8407232548898071,0.17889087656529518,0.8585572842998586,1250,2026-09-26 14:38:53,2026-09-26 14:24:21,2026-09-26 14:34:02,3742692526,-4.9,141,
pieri|j|ristic|m,pieri|j,ristic|m,Jessica Pieri,Mia Ristic,WTA 125k Tolentino - QF,2026-09-25 12:15:00,0.15611793513815198,0.8438820648618477,0.18083182640144665,0.8657718120805369,875,2026-09-25 12:19:36,2026-09-25 12:12:45,2026-09-25 12:20:03,3741210758,-4.6,103,
pigato|l|vandromme|j,pigato|l,vandromme|j,Lisa Pigato,Jeline Vandromme,WTA 125k Caldas Da Rainha - SF,2026-09-19 13:03:56,0.24438568941652108,0.7556143105834789,0.2617801047120419,0.7722095671981777,2500,2026-09-19 13:01:57,2026-09-19 12:56:36,2026-09-19 13:03:56,3734263793,2.0,67,
pigossi|e|valdmannova|m,pigossi|e,valdmannova|m,Ekaterina Ovcharenko / Laura Pigossi,Mary Stoiana / Vendula Valdmannova,WTA Sao Paulo - Doubles,2026-09-17 22:00:00,0.25886112234002623,0.7411388776599739,0.28328611898017,0.7641509433962264,500,2026-09-17 22:56:08,2026-09-17 22:42:13,2026-09-17 22:00:00,3732061564,-56.2,146,
pigossi|l|tubello|e,pigossi|l,tubello|e,Lucija Ciric Bagaric / Laura Pigossi,Enola Chiesa / Alice Tubello,WTA 125k Tolentino - Doubles,2026-09-24 13:30:00,0.8161703817783392,0.18382961822166066,0.8484848484848485,0.22123893805309736,500,2026-09-24 14:34:50,2026-09-24 14:25:09,2026-09-24 13:30:00,3740417318,-64.8,30,
pigossi|l|valdmannova|v,pigossi|l,valdmannova|v,Laura Pigossi,Vendula Valdmannova,WTA Sao Paulo - R1,2026-09-16 21:00:00,0.25026296030957307,0.749737039690427,0.26525198938992045,0.7641509433962264,2500,2026-09-16 20:19:10,2026-09-16 20:11:23,2026-09-16 21:00:00,3731383223,40.8,10,
pinto|l|sverzut|c,pinto|l,sverzut|c,Lucca Pinto,Corsini Lorenzo Sverzut,ITF Men Belem - R16,2026-09-17 18:19:25,0.6933139640484133,0.3066860359515865,0.71671388101983,0.33112582781456956,450,2026-09-17 18:13:15,2026-09-17 18:10:31,2026-09-17 18:19:25,3732204224,6.2,77,
piros|m|rodesch|a,piros|m,rodesch|a,Matyas Fuele / Zsombor Piros,Alex Knaff / Chris Rodesch,Davis Cup - Doubles,2026-09-19 12:00:00,0.44291377093197587,0.5570862290680241,0.4694835680751174,0.5833333333333333,950,2026-09-19 14:27:29,2026-09-19 14:15:10,2026-09-19 12:00:00,3734148560,-147.5,39,
piter|q|plipuech|m,piter|q,plipuech|m,Quinn Gleason / Katarzyna Piter,Momoko Kobori / Peangtarn Plipuech,WTA Guadalajara - Doubles,2026-09-18 16:00:00,0.7010020210417162,0.2989979789582838,0.7245179063360881,0.3236245954692557,1250,2026-09-18 21:55:54,2026-09-18 21:55:54,2026-09-18 16:00:00,3732797579,-355.9,88,
podoroska|n|quevedo|k,podoroska|n,quevedo|k,Nadia Podoroska,Kaitlin Quevedo,WTA Sao Paulo - Final,2026-09-21 14:00:00,0.4408040134806952,0.5591959865193049,0.45248868778280543,0.5708154506437768,8000,2026-09-21 13:59:48,2026-09-21 13:55:15,2026-09-21 15:00:00,3737734040,0.2,234,
podrez|v|pohankova|m,podrez|v,pohankova|m,Veronika Podrez,Mia Pohankova,WTA 125K Porto - R16,2026-09-24 10:11:37,0.31602091974911595,0.683979080250884,0.33783783783783783,0.7050147492625369,1750,2026-09-24 10:08:53,2026-09-24 09:56:42,2026-09-24 11:00:00,3740276585,2.7,103,
podrez|v|siskova|a,podrez|v,siskova|a,Veronika Podrez,Anna Siskova,ITF Women Le Neubourg - SF,2026-09-19 13:00:00,0.5215330759903644,0.4784669240096356,0.5454545454545454,0.5024875621890548,750,2026-09-19 12:05:37,2026-09-19 12:03:57,2026-09-19 12:12:14,3734154729,54.4,89,
pohankova|m|swan|k,pohankova|m,swan|k,Mia Pohankova,Katie Swan,WTA 125K Porto - QF,2026-09-25 15:15:00,0.5160716337787727,0.48392836622122726,0.5370370370370371,0.504950495049505,1750,2026-09-25 15:26:18,2026-09-25 15:14:33,2026-09-25 15:15:00,3741329509,-11.3,75,
pohankova|m|timofeeva|m,pohankova|m,timofeeva|m,Mia Pohankova,Maria Timofeeva,WTA 125K Porto - SF,2026-09-26 11:30:00,0.38597388948755046,0.6140261105124496,0.40322580645161293,0.6309963099630996,2500,2026-09-26 11:25:24,2026-09-26 11:21:11,2026-09-26 11:27:35,3742350915,4.6,65,
pokorny|l|recek|d,pokorny|l,recek|d,Lukas Pokorny,Dominik Recek,ITF Men Pardubice - QF,2026-09-26 07:48:34,0.6178248585273819,0.3821751414726181,0.6415770609318996,0.4065040650406504,750,2026-09-26 07:54:29,2026-09-26 07:44:02,2026-09-26 07:48:34,3742116178,-5.9,40,
pokorny|l|zielinski|m,pokorny|l,zielinski|m,Lukas Pokorny,Marcel Zielinski,ITF Men Pardubice - R1,2026-09-23 07:42:50,0.5283217511560561,0.47167824884394405,0.5515695067264574,0.49504950495049505,450,2026-09-23 07:48:24,2026-09-23 07:37:15,2026-09-23 07:42:50,3739161449,-5.7,25,
pokorny|m|tsitsipas|s,pokorny|m,tsitsipas|s,Milos Karol / Lukas Pokorny,Stefanos Sakellaridis / Stefanos Tsitsipas,Davis Cup - Doubles,2026-09-20 10:00:00,0.5315458372486201,0.4684541627513799,0.5555555555555556,0.4926108374384236,1250,2026-09-20 11:57:34,2026-09-20 11:50:09,2026-09-20 10:00:00,3736025767,-117.6,157,
poling|k|zahraj|p,poling|k,zahraj|p,Karl Poling,Patrick Zahraj,ATP Challenger Mouilleron-Le-Captif - Qualifiers,2026-09-27 08:05:00,0.3893270887675151,0.6106729112324847,0.4184100418410042,0.6389891696750902,350,2026-09-27 08:02:10,2026-09-27 07:52:58,2026-09-27 08:05:00,3743912140,2.8,36,
popa|g|schaefer|a,popa|g,schaefer|a,Giulia Safina Popa,Anne Schaefer,ITF Women Constanta - SF,2026-09-26 09:00:00,0.4931805498663601,0.5068194501336398,0.5169082125603864,0.5305164319248826,750,2026-09-26 08:37:19,2026-09-26 08:37:19,2026-09-26 08:40:44,3742160223,22.7,101,
popescu|a|prisacariu|a,popescu|a,prisacariu|a,Alessia Popescu,Andreea Prisacariu,ITF Women Constanta - R16,2026-09-24 07:09:40,0.06545888761452273,0.9345411123854773,0.08658008658008658,0.9507874015748032,450,2026-09-24 07:07:18,2026-09-24 07:04:33,2026-09-24 07:09:40,3740153518,2.3,38,
popovic|s|topo|m,popovic|s,topo|m,Stefan Popovic,Marko Topo,ITF Men Zlatibor - QF,2026-09-18 14:30:00,0.2231455968620361,0.7768544031379638,0.2481389578163772,0.8,750,2026-09-18 14:31:13,2026-09-18 14:18:06,2026-09-18 14:30:00,3732833772,-1.2,7,
poritskyy|a|zakaria|f,poritskyy|a,zakaria|f,Andriy Poritskyy,Fares Zakaria,ITF Men Sharm El Sheikh - R1,2026-09-23 09:00:00,0.05842086883929285,0.9415791311607071,0.07886435331230283,0.9569707401032703,450,2026-09-23 07:04:46,2026-09-23 07:04:46,2026-09-23 09:00:00,3739137728,115.2,23,
prata|v|stice|t,prata|v,stice|t,Vasco Leote Prata,Tyler Stice,ITF Men Setubal - R1,2026-09-23 11:00:00,0.598062922474078,0.40193707752592206,0.6212121212121212,0.425531914893617,450,2026-09-23 10:49:02,2026-09-23 10:34:11,2026-09-23 11:00:00,3739235874,11.0,124,
preston|j|pushkareva|a,preston|j,pushkareva|a,Janae Preston,Anna Pushkareva,ITF Women Berkeley - R1,2026-09-23 17:15:49,0.5830726139710743,0.41692738602892576,0.6062992125984252,0.44052863436123346,450,2026-09-23 17:22:52,2026-09-23 17:08:36,2026-09-23 17:15:49,3739708797,-7.1,74,
preston|t|sakatsume|h,preston|t,sakatsume|h,Taylah Preston,Himeno Sakatsume,WTA Seoul - R1,2026-09-22 04:00:00,0.47549159894379217,0.5245084010562078,0.49019607843137253,0.5391705069124424,2500,2026-09-22 03:00:35,2026-09-22 02:55:19,2026-09-22 04:00:00,3738076742,59.4,183,
pridankina|e|zaytseva|k,pridankina|e,zaytseva|k,Elena Pridankina,Ksenia Zaytseva,WTA 125K Ankara - R16,2026-09-23 12:16:34,0.6373225043490882,0.36267749565091184,0.6587030716723549,0.3846153846153846,1750,2026-09-23 12:10:43,2026-09-23 12:10:43,2026-09-23 12:16:34,3739435634,5.8,108,
primorac|i|snells|j,primorac|i,snells|j,Iva Primorac,Jamilah Snells,WTA 125k Tolentino - Qualifiers,2026-09-20 08:00:00,0.9126577330108144,0.0873422669891859,0.9341238471673255,0.1149425287356322,300,2026-09-20 07:57:32,2026-09-20 07:48:36,2026-09-20 08:00:00,3735904486,2.4,36,
primorac|i|spiteri|d,primorac|i,spiteri|d,Iva Primorac,Dalila Spiteri,WTA 125k Tolentino - Qualifiers,2026-09-21 08:00:00,0.5285202158717768,0.4714797841282233,0.5495495495495495,0.4926108374384236,1750,2026-09-21 07:58:36,2026-09-21 07:57:44,2026-09-21 09:00:00,3737574050,1.4,83,
prisacariu|a|pushkar|s,prisacariu|a,pushkar|s,Andreea Prisacariu,Stefaniya Pushkar,ITF Women Constanta - R1,2026-09-22 10:00:00,0.9092179063093985,0.09078209369060146,0.9278499278499278,0.11363636363636363,450,2026-09-22 09:59:24,2026-09-22 09:52:45,2026-09-22 10:00:00,3738202722,0.6,67,
prisacariu|a|todoni|c,prisacariu|a,todoni|c,Andreea Prisacariu,Cristiana Nicoleta Todoni,ITF Women Constanta - QF,2026-09-25 07:00:00,0.5022727742318428,0.49772722576815714,0.5260663507109005,0.5215311004784688,750,2026-09-25 06:58:26,2026-09-25 06:49:45,2026-09-25 07:00:00,3740976689,1.5,54,
prizmic|d|rincon|d,prizmic|d,rincon|d,Dino Prizmic,Daniel Rincon,ATP Challenger Porto - R1,2026-09-28 09:00:00,0.7931182736128685,0.20688172638713173,0.8116760828625235,0.22675736961451246,100,2026-09-27 23:50:36,2026-09-27 23:38:58,2026-09-28 09:00:00,3745171729,549.4,2,
prizmic|d|sanchis|d,prizmic|d,sanchis|d,Dino Prizmic,David Jorda Sanchis,ATP Challenger St Tropez - R16,2026-09-23 09:30:00,0.9262777718198574,0.0737222281801426,0.9434069043576684,0.09551098376313276,325,2026-09-23 08:42:17,2026-09-23 08:42:17,2026-09-23 08:41:58,3739206783,47.7,86,
prizmic|d|zverev|a,prizmic|d,zverev|a,Dino Prizmic,Alexander Zverev,Davis Cup - Qualifiers,2026-09-20 11:59:39,0.10559589684792653,0.8944041031520735,0.13157894736842105,0.91575400168492,300,2026-09-20 11:57:34,2026-09-20 11:50:09,2026-09-20 11:59:39,3736236365,2.1,56,
prozorova|t|wang|x,prozorova|t,wang|x,Tatiana Prozorova,Xinyu Wang,WTA Singapore - QF,2026-09-25 06:55:00,0.2979876478852636,0.7020123521147364,0.3105590062111801,0.7142857142857143,6000,2026-09-25 06:58:26,2026-09-25 06:53:03,2026-09-25 07:01:18,3741001805,-3.5,35,
purcell|m|yamasaki|j,purcell|m,yamasaki|j,Max Purcell,Jumpei Yamasaki,ITF Men Luan - R1,2026-09-29 05:02:00,0.9036675150576223,0.09633248494237764,0.9227202472952086,0.1194743130227001,450,2026-09-29 05:04:10,2026-09-29 04:54:56,2026-09-29 05:02:00,3745813727,-2.2,70,
purcell|r|zielinski|k,purcell|r,zielinski|k,Rinky Hijikata / Max Purcell,Karol Drzewiecki / Jan Zielinski,Davis Cup - Doubles,2026-09-20 03:00:00,0.5955312721219028,0.4044687278780971,0.6197718631178707,0.4291845493562232,1250,2026-09-20 03:56:38,2026-09-20 03:47:06,2026-09-20 03:00:00,3735534487,-56.7,105,
quevedo|k|silva|n,quevedo|k,silva|n,Kaitlin Quevedo,Nauhany Vitoria Leme Da Silva,WTA Sao Paulo - R16,2026-09-17 16:10:00,0.8179831217619421,0.18201687823805798,0.8319327731092437,0.19685039370078738,2250,2026-09-17 15:59:21,2026-09-17 15:54:42,2026-09-17 16:10:00,3732014378,10.6,46,
quilez|a|tabacco|f,quilez|a,tabacco|f,Alejo Sanchez Quilez,Fausto Tabacco,ATP Challenger Porto - Qualifiers,2026-09-28 10:10:00,0.6930931809445747,0.30690681905542505,0.7142857142857143,0.32894736842105265,1000,2026-09-28 10:01:41,2026-09-28 09:47:34,2026-09-28 10:10:00,3745369175,8.3,35,
rabl|l|samir|s,rabl|l,samir|s,Leonie Rabl,Sandra Samir,ITF Women Sharm El Sheikh - R1,2026-09-23 09:00:00,0.21027564987735867,0.7897243501226414,0.23529411764705882,0.8127340823970036,450,2026-09-23 08:27:26,2026-09-23 08:16:34,2026-09-23 08:25:52,3739192114,32.6,25,
radisic|m|rajecki|m,radisic|m,rajecki|m,Makoto Ninomiya / Nika Radisic,Madeleine Brooks / Amelia Rajecki,WTA 125k Jingshan - Doubles,2026-09-28 06:00:00,0.5608989530431753,0.43910104695682456,0.5951417004048584,0.4739336492890995,1500,2026-09-28 07:16:08,2026-09-28 07:01:30,2026-09-28 06:00:00,3745185261,-76.2,78,
radisic|n|yuan|c,radisic|n,yuan|c,Nika Radisic,Chengyiyi Yuan,WTA 125k Jingshan - Qualifiers,2026-09-26 03:11:45,0.3640034944599203,0.6359965055400797,0.3861003861003861,0.6575342465753424,1750,2026-09-26 03:07:34,2026-09-26 03:02:52,2026-09-26 03:11:45,3741988478,4.2,62,
radulov|i|rune|h,radulov|i,rune|h,Iliyan Radulov,Holger Rune,Davis Cup World - Group 1,2026-09-18 17:59:00,0.21293931282664763,0.7870606871733524,0.2277904328018223,0.8011928429423458,2250,2026-09-18 17:09:20,2026-09-18 16:57:52,2026-09-18 17:04:56,3733052852,49.7,51,
rahmani|k|willwerth|b,rahmani|k,willwerth|b,Kasra Rahmani,Benjamin Willwerth,ITF Men Monastir - Final,2026-09-20 09:14:44,0.5337402007076846,0.46625979929231565,0.5575221238938054,0.49019607843137253,750,2026-09-20 09:20:10,2026-09-20 09:07:38,2026-09-20 09:14:44,3735980703,-5.5,51,
rajecki|a|yuan|c,rajecki|a,yuan|c,Amelia Rajecki,Chengyiyi Yuan,WTA 125k Jingshan - Qualifiers,2026-09-27 03:10:49,0.6353918382350836,0.3646081617649165,0.6563573883161512,0.3861003861003861,1750,2026-09-27 03:16:28,2026-09-27 03:06:10,2026-09-27 03:10:49,3743783873,-5.7,128,
rakhimova|a|wu|h,rakhimova|a,wu|h,Alina Charaeva / Kamilla Rakhimova,Hao Ching Chan / Fang-Hsien Wu,WTA Seoul - Doubles,2026-09-23 06:00:00,0.4590548904480738,0.5409451095519262,0.4854368932038835,0.5670995670995671,500,2026-09-23 06:34:25,2026-09-23 06:28:28,2026-09-23 06:00:00,3738929722,-34.4,176,
rakhimova|k|volynets|k,rakhimova|k,volynets|k,Kamilla Rakhimova,Katie Volynets,WTA Seoul - R16,2026-09-23 03:00:00,0.34890060852050436,0.6510993914794955,0.36363636363636365,0.6655518394648829,3000,2026-09-23 02:59:58,2026-09-23 02:59:22,2026-09-23 04:00:00,3739032585,0.0,104,
rame|a|stankovic|a,rame|a,stankovic|a,Alice Rame,Anja Stankovic,ITF Women Plovdiv - R1,2026-09-23 12:10:42,0.590705001295145,0.4092949987048551,0.613899613899614,0.4329004329004329,450,2026-09-23 12:10:43,2026-09-23 12:03:06,2026-09-23 12:10:42,3739427929,-0.0,108,
rapagnetta|d|sciahbasi|m,rapagnetta|d,sciahbasi|m,Daniele Rapagnetta,Matteo Sciahbasi,ITF Men Santa Margherita di Pula - QF,2026-09-24 09:24:00,0.6909830056250527,0.3090169943749474,0.7142857142857143,0.3333333333333333,750,2026-09-24 09:34:18,2026-09-24 09:26:31,2026-09-24 09:33:00,3740253756,-10.3,39,
ravel|c|sheldon|m,ravel|c,sheldon|m,Cosme Rolland De Ravel,Max Sheldon,ITF Men Columbia - R1,2026-09-23 14:07:48,0.5777663014124417,0.4222336985875583,0.601593625498008,0.4464285714285714,450,2026-09-23 14:15:24,2026-09-23 14:03:50,2026-09-23 14:07:48,3739536456,-7.6,17,
ravel|c|witz|a,ravel|c,witz|a,Cosme Rolland De Ravel,Antonin Witz,ITF Men Columbia - R16,2026-09-24 23:54:28,0.8957958395686264,0.10420416043137355,0.9153976311336717,0.1277139208173691,450,2026-09-24 23:56:10,2026-09-24 23:50:30,2026-09-24 23:54:28,3740867198,-1.7,60,
reboul|s|zielinski|l,reboul|s,zielinski|l,Sadio Doumbia / Fabien Reboul,Luke Johnson / Jan Zielinski,ATP Chengdu Open - Doubles,2026-09-25 02:55:00,0.6441351105848953,0.35586488941510486,0.6677740863787376,0.3802281368821293,500,2026-09-25 03:47:02,2026-09-25 03:33:29,2026-09-25 02:55:00,3740851957,-52.1,69,
reco|a|zahraj|p,reco|a,zahraj|p,Alexandre Reco,Patrick Zahraj,ATP Challenger Mouilleron-Le-Captif - Qualifiers,2026-09-28 09:20:00,0.36666554094185716,0.6333344590581428,0.39525691699604737,0.6610169491525424,350,2026-09-28 09:08:06,2026-09-28 09:02:15,2026-09-28 09:20:00,3745345327,11.9,72,
rehberg|m|vanshelboim|e,rehberg|m,vanshelboim|e,Max Hans Rehberg,Eric Vanshelboim,ITF Men Santa Margherita di Pula - SF,2026-09-18 10:30:00,0.8203449893800495,0.17965501061995057,0.8427672955974843,0.20449897750511245,750,2026-09-18 13:28:24,2026-09-18 13:17:42,2026-09-18 10:30:00,3732658360,-178.4,97,
rehberg|m|weis|a,rehberg|m,weis|a,Max Hans Rehberg,Alexander Weis,ITF Men Santa Margherita di Pula - QF,2026-09-17 10:56:34,0.7799737302378681,0.220026269762132,0.8031496062992126,0.24509803921568626,750,2026-09-17 10:59:09,2026-09-17 10:52:48,2026-09-17 10:56:34,3731837640,-2.6,57,
reichel|a|vidal|l,reichel|a,vidal|l,Alicia Reichel,Leticia Garcia Vidal,ITF Women Belem - R16,2026-09-24 19:19:39,0.2118185711632465,0.7881814288367535,0.23696682464454974,0.8113207547169812,450,2026-09-24 19:28:12,2026-09-24 19:15:19,2026-09-24 19:19:39,3740715160,-8.6,82,
ren|y|sidorova|k,ren|y,sidorova|k,Yufei Ren,Kristiana Sidorova,ITF Women Shenyang - QF,2026-09-18 04:30:00,0.512451155402622,0.487548844597378,0.5370370370370371,0.5121951219512195,750,2026-09-18 03:45:03,2026-09-18 03:36:24,2026-09-18 03:44:04,3732487041,44.9,75,
republic|c|spain|,republic|c,spain|,Czech Republic,Spain,Billie Jean King Cup - Tie,2026-09-25 09:00:00,0.8843020172970992,0.11569798270290087,0.9060150375939849,0.141643059490085,50,2026-09-25 22:13:09,2026-09-25 22:13:09,2026-09-25 09:00:00,3741062721,-793.2,244,
republic|c|ukraine|,republic|c,ukraine|,Czech Republic,Ukraine,Billie Jean King Cup - Tie,2026-09-27 09:00:00,0.7916843679770785,0.20831563202292125,0.8144712430426716,0.2331002331002331,500,2026-09-27 11:04:18,2026-09-27 10:54:04,2026-09-27 09:00:00,3743963997,-124.3,55,
republic|c|usa|,republic|c,usa|,Czech Republic,USA,Davis Cup - Tie Winner,2026-09-18 13:00:00,0.4416340818272533,0.5583659181727467,0.46511627906976744,0.5815899581589958,500,2026-09-18 13:28:24,2026-09-18 13:17:42,2026-09-18 13:00:00,3732619519,-28.4,67,
reyniak|m|rojas|c,reyniak|m,rojas|c,Matias Reyniak,Carles Rojas,ITF Men Melilla - R16,2026-09-17 10:00:00,0.634530007378447,0.365469992621553,0.6575342465753424,0.3891050583657587,350,2026-09-17 07:58:57,2026-09-17 07:51:37,2026-09-17 10:00:00,3731700899,121.0,38,
reynolds|a|yuzuki|y,reynolds|a,yuzuki|y,Ajeet Rai / Finn Reynolds,Yosuke Watanuki / Takeru Yuzuki,Davis Cup - Doubles,2026-09-20 00:00:00,0.48635347849732036,0.5136465215026794,0.5098039215686274,0.5370370370370371,1250,2026-09-20 00:59:30,2026-09-20 00:45:59,2026-09-20 00:00:00,3735203371,-59.5,93,
ribera|m|you|x,ribera|m,you|x,Marina Bassols Ribera,Xiaodi You,WTA Beijing - Qualifiers,2026-09-29 04:28:35,0.5952252963075155,0.4047747036924843,0.613899613899614,0.42372881355932196,1700,2026-09-29 04:31:16,2026-09-29 04:31:16,2026-09-29 04:28:35,3745814071,-2.7,71,
riera|j|siskova|a,riera|j,siskova|a,Julia Riera,Anna Siskova,WTA 125K Adana - R1,2026-09-28 08:30:00,0.4185171481477564,0.5814828518522437,0.44052863436123346,0.6031746031746031,1750,2026-09-28 08:37:07,2026-09-28 08:27:43,2026-09-28 08:30:00,3745334877,-7.1,21,
rispoli|n|valle|f,rispoli|n,valle|f,Nicola Rispoli,Federico Valle,ITF Men Telavi - R1,2026-09-29 06:00:00,0.9407937107931811,0.05920628920681897,0.9562937062937064,0.07974481658692185,450,2026-09-29 06:00:08,2026-09-29 05:55:19,2026-09-29 06:00:00,3745809189,-0.2,75,
risso|l|rodrigues|b,risso|l,rodrigues|b,Leyla Fiorella Britez Risso,Beatriz Nahmias Melo Rodrigues,ITF Women Sao Luis - QF,2026-09-18 13:43:00,0.9791918726285243,0.020808127371475475,0.9877119685426394,0.03502626970227671,750,2026-09-18 13:44:09,2026-09-18 13:34:40,2026-09-18 13:43:00,3732808155,-1.2,65,
risso|l|silva|j,risso|l,silva|j,Leyla Fiorella Britez Risso,Julia Konishi Camargo Silva,ITF Women Sao Luis - SF,2026-09-19 15:00:00,0.9406061423815644,0.05939385761843563,0.9561211057481351,0.07993605115907275,750,2026-09-19 13:45:09,2026-09-19 13:36:52,2026-09-19 13:44:13,3734373914,74.8,99,
ristic|m|rus|a,ristic|m,rus|a,Mia Ristic,Arantxa Rus,WTA 125k Tolentino - R1,2026-09-21 11:30:00,0.5652028491633639,0.43479715083663617,0.5867768595041323,0.4566210045662101,1750,2026-09-21 10:57:54,2026-09-21 10:43:46,2026-09-21 11:30:00,3737634419,32.1,41,
rivet|m|wyk|k,rivet|m,wyk|k,Maxence Rivet,Kris Van Wyk,ITF Men Monastir - R1,2026-09-22 10:30:00,0.6792348595836315,0.3207651404163685,0.7023809523809524,0.3448275862068966,450,2026-09-22 10:32:04,2026-09-22 10:22:56,2026-09-22 10:30:00,3738223451,-2.1,69,
rocha|f|schoen|p,rocha|f,schoen|p,Francisco Rocha,Patrick Schoen,ITF Men Setubal - R1,2026-09-23 11:00:00,0.19490463829201127,0.8050953617079888,0.22026431718061673,0.8281786941580757,450,2026-09-23 11:00:20,2026-09-23 10:47:34,2026-09-23 11:00:00,3739235874,-0.3,127,
rodenas|p|xilas|i,rodenas|p,xilas|i,Pedro Rodenas,Ioannis Xilas,ITF Men Sabadell - R16,2026-09-24 12:18:08,0.610493986713547,0.38950601328645296,0.6336996336996338,0.4132231404958678,450,2026-09-24 12:16:10,2026-09-24 12:12:34,2026-09-24 12:18:08,3740391225,1.9,44,
rodriguez|j|zandschulp|b,rodriguez|j,zandschulp|b,Johan Alexander Rodriguez,Botic Van de Zandschulp,Davis Cup World - Group 1,2026-09-18 12:00:00,0.02827649487363433,0.9717235051263656,0.044306601683650866,0.9820627802690582,250,2026-09-18 13:28:24,2026-09-18 13:17:42,2026-09-18 12:00:00,3732637713,-88.4,27,
rogers|a|sholokhova|m,rogers|a,sholokhova|m,Anna Rogers,Maria Sholokhova,ITF Women Berkeley - R1,2026-09-23 17:00:00,0.45884048713923714,0.5411595128607628,0.48309178743961345,0.5652173913043479,450,2026-09-23 16:57:14,2026-09-23 16:49:53,2026-09-23 17:00:00,3739596547,2.7,56,
romano|f|schepper|k,romano|f,schepper|k,Filippo Romano,Kenny De Schepper,ATP Challenger Mouilleron-Le-Captif - Qualifiers,2026-09-27 12:00:00,0.7026245729509126,0.2973754270490874,0.7304582210242588,0.32679738562091504,350,2026-09-27 11:27:37,2026-09-27 11:18:30,2026-09-27 12:00:00,3744131639,32.4,56,
rosca|m|sakellaridi|s,rosca|m,sakellaridi|s,Maria Malina Rosca,Sapfo Sakellaridi,ITF Women Varna - R1,2026-09-29 06:30:00,0.030564385122754813,0.9694356148772453,0.047058823529411764,0.9802683504340962,450,2026-09-29 07:27:35,2026-09-29 07:25:54,2026-09-29 06:35:00,3745856361,-57.6,74,
rosca|m|todoni|c,rosca|m,todoni|c,Maria Malina Rosca,Cristiana Nicoleta Todoni,ITF Women Constanta - R1,2026-09-23 08:00:00,0.037052090645206155,0.9629479093547938,0.05473453749315818,0.975068561455996,450,2026-09-23 07:48:24,2026-09-23 07:37:15,2026-09-23 08:00:00,3739154405,11.5,11,
rottgering|m|winter|e,rottgering|m,winter|e,Mees Rottgering,Edward Winter,ATP Challenger Columbus - R1,2026-09-28 22:00:00,0.7255871694706928,0.27441283052930726,0.7468354430379747,0.29673590504451036,1750,2026-09-28 20:59:02,2026-09-28 20:51:43,2026-09-28 22:00:00,3745666433,61.0,58,
royer|v|walton|a,royer|v,walton|a,Valentin Royer,Adam Walton,ATP Hangzhou - R1,2026-09-23 11:43:43,0.47323752614037795,0.526762473859622,0.48780487804878053,0.5412844036697247,3000,2026-09-23 11:45:20,2026-09-23 11:34:52,2026-09-23 11:43:43,3739398619,-1.6,140,
royer|v|zandschulp|b,royer|v,zandschulp|b,Valentin Royer,Botic Van de Zandschulp,ATP Beijing - Qualifiers,2026-09-28 11:00:00,0.4235573183121927,0.5764426816878074,0.4424778761061947,0.5951417004048584,1750,2026-09-28 10:46:50,2026-09-28 10:41:51,2026-09-28 10:46:45,3745395279,13.2,33,
ruchkina|k|sasnouskaya|t,ruchkina|k,sasnouskaya|t,Kseniia Ruchkina,Tatsiana Sasnouskaya,ITF Women Monastir - R16,2026-09-24 11:00:00,0.3356956711091377,0.6643043288908622,0.3597122302158273,0.6875,450,2026-09-24 08:46:21,2026-09-24 08:41:11,2026-09-24 08:46:31,3740218366,133.6,38,
ruggeri|a|walker|j,ruggeri|a,walker|j,Angelica Moratelli / Jennifer Ruggeri,Jamilah Snells / Brandy Walker,WTA 125k Tolentino - Doubles,2026-09-24 11:00:00,0.8767466190017846,0.12325338099821577,0.9090909090909091,0.16501650165016502,250,2026-09-24 11:40:21,2026-09-24 11:27:18,2026-09-24 11:00:00,3740326241,-40.4,17,
ruggeri|a|zantedeschi|l,ruggeri|a,zantedeschi|l,Angelica Moratelli / Jennifer Ruggeri,Lisa Zaar / Aurora Zantedeschi,WTA 125k Tolentino - Doubles,2026-09-23 12:00:00,0.19842049447420573,0.8015795055257942,0.23809523809523808,0.8360655737704918,500,2026-09-23 13:57:59,2026-09-23 13:48:44,2026-09-23 12:00:00,3739426849,-118.0,28,
ruggeri|s|wyk|k,ruggeri|s,wyk|k,Samuel Vincent Ruggeri,Kris Van Wyk,ITF Men Monastir - R16,2026-09-24 11:00:00,0.8532970129626029,0.1467029870373971,0.8748435544430538,0.17123287671232876,350,2026-09-24 08:46:21,2026-09-24 08:36:01,2026-09-24 11:00:00,3740153518,133.6,35,
ruse|m|stollar|a,ruse|m,stollar|a,Maya Joint / Elena-Gabriela Ruse,Anna Bondar / Fanny Stollar,WTA Seoul - Doubles,2026-09-21 08:00:00,0.6318250744611561,0.36817492553884396,0.6551724137931035,0.3921568627450981,1500,2026-09-21 08:26:52,2026-09-21 08:12:50,2026-09-21 08:00:00,3737553756,-26.9,90,
ruud|c|te|r,ruud|c,te|r,Casper Ruud,Rigele Te,Davis Cup World - Group 1,2026-09-18 16:00:00,0.9829885496476328,0.017011450352366904,0.9898846854137164,0.028473804100227793,375,2026-09-18 16:03:26,2026-09-18 15:50:42,2026-09-18 16:00:00,3732958096,-3.5,44,
ruud|v|zhang|f,ruud|v,zhang|f,Viktor Durasovic / Casper Ruud,Fnu Nidunjianzan / Zhizhen Zhang,Davis Cup - Doubles,2026-09-19 13:30:00,0.7542810710971442,0.24571892890285588,0.7772828507795101,0.27027027027027023,1250,2026-09-19 14:27:29,2026-09-19 14:15:10,2026-09-19 13:30:00,3734269453,-57.5,39,
ruzic|a|valdmannova|v,ruzic|a,valdmannova|v,Antonia Ruzic,Vendula Valdmannova,WTA 125K Adana - R1,2026-09-28 08:30:00,0.5382595083400123,0.46174049165998776,0.5594713656387665,0.48309178743961345,1750,2026-09-28 08:37:07,2026-09-28 08:27:43,2026-09-28 08:30:00,3745333713,-7.1,21,
rybakov|a|sell|k,rybakov|a,sell|k,Alex Rybakov,Karue Sell,ATP Challenger San Diego - Qualifiers,2026-09-20 18:10:00,0.6771116256313583,0.32288837436864176,0.7050147492625369,0.35211267605633806,350,2026-09-20 18:06:01,2026-09-20 18:03:54,2026-09-20 18:12:17,3737086592,4.0,59,
rybakov|a|staeheli|l,rybakov|a,staeheli|l,Alex Rybakov,Luca Staeheli,ATP Challenger Columbus - Qualifiers,2026-09-28 15:00:00,0.6398251137727105,0.36017488622728966,0.6677740863787376,0.3891050583657587,350,2026-09-28 14:14:54,2026-09-28 14:04:08,2026-09-28 15:00:00,3745490111,45.1,57,
ryden|v|sigsgaard|c,ryden|v,sigsgaard|c,Victor Ryden,Christian Sigsgaard,ITF Men Falun - R1,2026-09-21 12:47:15,0.14471053629100716,0.8552894637089928,0.18214936247723132,0.8861047835990888,450,2026-09-21 12:54:24,2026-09-21 12:43:52,2026-09-21 12:47:15,3737699382,-7.2,47,
sabbatini|m|valle|f,sabbatini|m,valle|f,Matteo Sabbatini,Federico Valle,ITF Men Telavi - R1,2026-09-23 09:06:00,0.5696391374708195,0.43036086252918054,0.5934959349593496,0.45454545454545453,450,2026-09-23 09:55:44,2026-09-23 09:47:10,2026-09-23 09:55:00,3739280121,-49.8,21,
sacco|f|snigireva|a,sacco|f,snigireva|a,Federica Sacco,Anna Snigireva,ITF Women Sharm El Sheikh - R1,2026-09-23 14:50:44,0.7279157184641736,0.2720842815358264,0.7512437810945274,0.29673590504451036,450,2026-09-23 14:55:45,2026-09-23 14:41:51,2026-09-23 14:50:44,3739577793,-5.0,31,
safiullin|r|sun|f,safiullin|r,sun|f,Roman Safiullin,Fajing Sun,ATP Hangzhou - R1,2026-09-24 10:18:08,0.8090373463882742,0.19096265361172599,0.8230088495575221,0.20576131687242802,2250,2026-09-24 10:24:27,2026-09-24 10:11:47,2026-09-24 10:18:08,3740289628,-6.4,122,
sagandikova|a|sidorova|k,sagandikova|a,sidorova|k,Aruzhan Sagandikova,Kristiana Sidorova,WTA 125k Jingshan - Qualifiers,2026-09-26 04:00:00,0.095378288507412,0.9046217114925881,0.1234567901234568,0.9268471104608631,300,2026-09-26 03:07:34,2026-09-26 03:02:52,2026-09-26 03:10:30,3741987402,52.4,62,
sagandikova|a|son|h,sagandikova|a,son|h,Aruzhan Sagandikova,Ha Yoon Son,ITF Women Maanshan - R1,2026-09-23 01:40:57,0.6734976545395924,0.3265023454604076,0.696969696969697,0.3508771929824561,450,2026-09-23 01:45:25,2026-09-23 01:33:04,2026-09-23 01:40:57,3738992472,-4.6,40,
sagandikova|a|sun|y,sagandikova|a,sun|y,Aruzhan Sagandikova,Yingqun Sun,ITF Women Maanshan - R16,2026-09-24 04:52:07,0.4886304879179552,0.5113695120820447,0.5121951219512195,0.5348837209302326,450,2026-09-24 04:59:10,2026-09-24 04:47:23,2026-09-24 04:52:07,3740117654,-7.1,81,
sagandikova|a|zheng|w,sagandikova|a,zheng|w,Aruzhan Sagandikova,Wushuang Zheng,ITF Women Shenyang - R16,2026-09-17 02:00:00,0.28673267049301815,0.7132673295069818,0.3115264797507788,0.7368421052631579,450,2026-09-17 01:58:41,2026-09-17 01:49:14,2026-09-17 02:00:00,3731559259,1.3,42,
saigo|r|shubladze|a,saigo|r,shubladze|a,Rina Saigo,Alexandra Shubladze,WTA 125k Jingshan - R1,2026-09-29 03:13:11,0.0744396099664306,0.9255603900335696,0.10111223458038422,0.9456226209896683,225,2026-09-29 03:14:34,2026-09-29 03:03:52,2026-09-29 03:13:11,3745790849,-1.4,184,
saito|s|zhu|c,saito|s,zhu|c,Sara Saito,Chenting Zhu,WTA 125k Jingshan - R1,2026-09-28 04:00:00,0.7038694247506683,0.2961305752493318,0.7252747252747253,0.3184713375796178,1750,2026-09-28 03:11:47,2026-09-28 02:59:59,2026-09-28 04:00:00,3745243783,48.2,82,
sakamoto|p|zanellato|n,sakamoto|p,zanellato|n,Pedro Sakamoto,Nicolas Zanellato,ITF Men Curitiba - SF,2026-09-26 17:38:58,0.6120125461177437,0.3879874538822563,0.635036496350365,0.41152263374485604,750,2026-09-26 17:45:13,2026-09-26 17:32:39,2026-09-26 17:38:58,3743182783,-6.3,88,
sakamoto|r|shepp|a,sakamoto|r,shepp|a,Rei Sakamoto,Anton Shepp,Davis Cup World - Group 1,2026-09-19 00:17:00,0.8377105784685498,0.16228942153145015,0.8514115898959881,0.17699115044247787,2250,2026-09-19 00:12:53,2026-09-19 00:09:47,2026-09-19 00:17:00,3733594672,4.1,77,
sakamoto|r|watt|j,sakamoto|r,watt|j,Rei Sakamoto,James Watt,Davis Cup World - Group 1,2026-09-20 04:41:00,0.8517840505074384,0.14821594949256156,0.8673740053050397,0.1652892561983471,1500,2026-09-20 04:51:34,2026-09-20 04:47:29,2026-09-20 04:50:00,3735820727,-10.6,128,
sakellaridis|s|shimizu|y,sakellaridis|s,shimizu|y,Stefanos Sakellaridis,Yuta Shimizu,ATP Challenger Jingshan - R1,2026-09-29 06:40:00,0.683877509435219,0.31612249056478087,0.7005988023952096,0.3333333333333333,1750,2026-09-29 06:36:32,2026-09-29 06:25:31,2026-09-29 06:34:38,3745854564,3.4,69,
sakellaridi|s|wallberg|n,sakellaridi|s,wallberg|n,Sapfo Sakellaridi,Nellie Taraba Wallberg,ITF Women Plovdiv - R1,2026-09-22 08:00:00,0.30805913454356576,0.6919408654564342,0.33222591362126247,0.715099715099715,450,2026-09-22 07:57:02,2026-09-22 07:52:01,2026-09-22 08:00:00,3738196606,3.0,55,
salkova|d|stoiana|m,salkova|d,stoiana|m,Dominika Salkova,Mary Stoiana,WTA Sao Paulo - R16,2026-09-17 17:43:08,0.3771214269473416,0.6228785730526584,0.3921568627450981,0.6376811594202898,3000,2026-09-17 17:45:28,2026-09-17 17:35:55,2026-09-17 17:43:08,3732163510,-2.4,57,
salkova|k|sierra|j,salkova|k,sierra|j,Kaitlin Quevedo / Dominika Salkova,Julia Riera / Solana Sierra,WTA Sao Paulo - Doubles,2026-09-17 20:45:00,0.620738619844424,0.37926138015557614,0.6441281138790036,0.40322580645161293,500,2026-09-17 22:00:09,2026-09-17 21:56:57,2026-09-17 20:45:00,3732322554,-75.2,67,
salkova|k|stefani|g,salkova|k,stefani|g,Kaitlin Quevedo / Dominika Salkova,Gabriela Dabrowski / Luisa Stefani,WTA Sao Paulo - Doubles,2026-09-18 14:00:00,0.08364270680410375,0.9163572931958962,0.11049723756906077,0.9371464487743558,1250,2026-09-18 18:56:31,2026-09-18 18:49:49,2026-09-18 14:00:00,3732767573,-296.5,67,
salvestre|d|willwerth|b,salvestre|d,willwerth|b,Damien Salvestre,Benjamin Willwerth,ITF Men Monastir - QF,2026-09-18 11:00:00,0.4035668984116433,0.5964331015883567,0.4273504273504274,0.6197718631178707,750,2026-09-18 13:28:24,2026-09-18 13:17:42,2026-09-18 11:00:00,3732601114,-148.4,98,
sambeek|f|thomas|f,sambeek|f,thomas|f,Fons Van Sambeek,Flynn Thomas,ITF Men Forbach - R16,2026-09-24 09:00:00,0.5192593015921397,0.4807406984078603,0.5433789954337899,0.504950495049505,450,2026-09-24 08:01:11,2026-09-24 07:55:54,2026-09-24 09:00:00,3740121568,58.8,75,
samsonova|l|stearns|p,samsonova|l,stearns|p,Liudmila Samsonova,Peyton Stearns,WTA Guadalajara - SF,2026-09-19 01:02:48,0.5864818601792017,0.41351813982079844,0.5983935742971888,0.425531914893617,8000,2026-09-19 00:57:13,2026-09-19 00:57:13,2026-09-19 01:02:48,3733626801,5.5,117,
samson|l|sobolieva|a,samson|l,sobolieva|a,Laura Samson,Anastasiya Sobolieva,WTA 125K Ljubljana - QF,2026-09-18 08:00:00,0.5585431885572955,0.44145681144270454,0.5798319327731092,0.4629629629629629,1750,2026-09-18 08:00:01,2026-09-18 07:57:23,2026-09-18 09:00:00,3732564887,-0.0,175,
samson|l|stefano|s,samson|l,stefano|s,Laura Samson,Samira De Stefano,WTA 125K Ljubljana - SF,2026-09-19 10:10:00,0.6497034020085489,0.3502965979914512,0.6666666666666666,0.36764705882352944,2500,2026-09-19 10:03:38,2026-09-19 10:02:32,2026-09-19 10:10:54,3733952759,6.4,73,
sanchez|a|sharma|a,sanchez|a,sharma|a,Ana Sofia Sanchez,Astra Sharma,ITF Women Belem - QF,2026-09-25 19:56:08,0.3757527116952358,0.6242472883047642,0.4,0.647887323943662,750,2026-09-25 19:56:03,2026-09-25 19:48:53,2026-09-25 19:56:08,3741746772,0.1,68,
sanchis|d|wendelken|h,sanchis|d,wendelken|h,David Jorda Sanchis,Harry Wendelken,ATP Challenger St Tropez - R1,2026-09-22 08:12:07,0.2868153374903052,0.7131846625096949,0.303951367781155,0.7297297297297298,1750,2026-09-22 08:13:36,2026-09-22 08:07:02,2026-09-22 08:12:07,3738203007,-1.5,90,
santos|p|schenekenberg|g,santos|p,schenekenberg|g,Paulo Andre Saraiva Dos Santos,Gabriel Schenekenberg,ATP Challenger Curitiba - Qualifiers,2026-09-28 17:00:00,0.938716837137965,0.06128316286203494,0.9606144151240646,0.09416195856873824,200,2026-09-28 17:42:14,2026-09-28 17:35:27,2026-09-28 17:00:00,3745570670,-42.2,53,
santos|p|zanellato|n,santos|p,zanellato|n,Paulo Andre Saraiva Dos Santos,Nicolas Zanellato,ITF Men Belem - Final,2026-09-20 15:00:00,0.7315062586307044,0.2684937413692957,0.7549019607843137,0.29325513196480935,750,2026-09-20 13:43:19,2026-09-20 13:35:49,2026-09-20 13:41:37,3736459640,76.7,82,
santos|r|zanellato|n,santos|r,zanellato|n,Ryan Augusto Dos Santos,Nicolas Zanellato,ITF Men Curitiba - R16,2026-09-24 14:15:56,0.18651370063451975,0.8134862993654802,0.2114164904862579,0.8360655737704918,450,2026-09-24 14:23:32,2026-09-24 14:10:01,2026-09-24 14:15:56,3740468233,-7.6,50,
sasikumar|m|tang|s,sasikumar|m,tang|s,Mukund Sasikumar,Sheng Tang,ITF Men Guiyang - R16,2026-09-17 02:00:00,0.8194112732773933,0.18058872672260684,0.8417721518987341,0.2053388090349076,450,2026-09-17 01:58:41,2026-09-17 01:53:52,2026-09-17 03:00:00,3731563316,1.3,42,
sasnovich|a|zhang|j,sasnovich|a,zhang|j,Aliaksandra Sasnovich,Junhan Zhang,WTA Beijing - Qualifiers,2026-09-28 07:30:00,0.9465561374363344,0.053443862563665394,0.9625046869141358,0.075642965204236,200,2026-09-28 07:16:08,2026-09-28 07:11:40,2026-09-28 07:30:00,3745309417,13.8,24,
sato|h|uemura|m,sato|h,uemura|m,Hikaru Sato,Mutsumi Uemura,ITF Women Nanao - R16,2026-09-24 01:14:43,0.6435632705633721,0.35643672943662796,0.6666666666666666,0.3802281368821293,450,2026-09-24 01:10:36,2026-09-24 01:08:07,2026-09-24 01:14:43,3740030158,4.1,82,
sato|h|yoshioka|k,sato|h,yoshioka|k,Hikaru Sato,Kisa Yoshioka,ITF Women Nanao - R1,2026-09-23 01:00:00,0.5947899023670464,0.40521009763295357,0.6183206106870228,0.4291845493562232,450,2026-09-23 00:58:42,2026-09-23 00:58:34,2026-09-23 01:00:00,3738916187,1.3,132,
sawashiro|k|yodpetch|k,sawashiro|k,yodpetch|k,Kanon Sawashiro,Kamonwan Yodpetch,ITF Women Nanao - R1,2026-09-23 02:00:00,0.6391032351618482,0.3608967648381518,0.6621621621621622,0.3846153846153846,450,2026-09-23 02:10:35,2026-09-23 01:58:59,2026-09-23 02:00:00,3738947547,-10.6,82,
schaefer|a|varsa|a,schaefer|a,varsa|a,Anne Schaefer,Ana Ioana Varsa,ITF Women Constanta - R1,2026-09-22 10:00:00,0.9517459302885664,0.04825406971143368,0.9657416923603974,0.06756756756756756,450,2026-09-22 09:59:24,2026-09-22 09:52:45,2026-09-22 10:00:00,3738202298,0.6,67,
schenekenberg|g|silva|a,schenekenberg|g,silva|a,Gabriel Schenekenberg,Andre Souza Pinto De Camargo E Silva,ITF Men Belem - R16,2026-09-17 19:16:57,0.7010020210417162,0.2989979789582838,0.7245179063360881,0.3236245954692557,450,2026-09-17 19:25:01,2026-09-17 19:11:08,2026-09-17 19:16:57,3732263353,-8.1,66,
schenekenberg|g|zanellato|n,schenekenberg|g,zanellato|n,Gabriel Schenekenberg,Nicolas Zanellato,ATP Challenger Curitiba - Qualifiers,2026-09-27 17:00:00,0.1364875852388947,0.8635124147611053,0.17123287671232876,0.8921251348435815,125,2026-09-27 14:47:56,2026-09-27 14:35:08,2026-09-27 17:00:00,3744393908,132.1,68,
schiessl|j|zanellato|n,schiessl|j,zanellato|n,Joao Eduardo Schiessl,Nicolas Zanellato,ITF Men Curitiba - QF,2026-09-25 16:30:00,0.5777663014124417,0.4222336985875583,0.601593625498008,0.4464285714285714,750,2026-09-25 16:35:06,2026-09-25 16:23:20,2026-09-25 16:30:00,3741310761,-5.1,76,
schoen|p|tabacco|f,schoen|p,tabacco|f,Patrick Schoen,Fausto Tabacco,ITF Men Sintra - Final,2026-09-20 09:14:45,0.7027909662570176,0.2972090337429826,0.726027397260274,0.3215434083601286,750,2026-09-20 09:20:10,2026-09-20 09:07:38,2026-09-20 09:14:45,3735980447,-5.4,51,
sciahbasi|m|trivunac|n,sciahbasi|m,trivunac|n,Matteo Sciahbasi,Nikodije Trivunac,ITF Men Santa Margherita di Pula - R1,2026-09-22 10:30:00,0.969145807421162,0.030854192578838015,0.9800439034124925,0.0474158368895211,450,2026-09-22 09:59:24,2026-09-22 09:52:45,2026-09-22 10:30:00,3738264857,30.6,64,
searle|h|zhu|e,searle|h,zhu|e,Henry Searle,Evan Zhu,ATP Challenger San Diego - R1,2026-09-22 18:00:00,0.6438092458019197,0.35619075419808044,0.6644295302013422,0.37735849056603776,1750,2026-09-22 17:59:41,2026-09-22 17:59:28,2026-09-22 19:00:00,3738676188,0.3,58,
seggerman|m|wallner|j,seggerman|m,wallner|j,Marcelo Melo / Ryan Seggerman,Jakob Schnaitter / Mark Wallner,ATP Chengdu Open - Doubles,2026-09-26 06:00:00,0.43120350787471884,0.5687964921252813,0.45454545454545453,0.5918367346938775,1250,2026-09-26 06:57:55,2026-09-26 06:43:39,2026-09-26 06:00:00,3742033389,-57.9,89,
seggerman|r|vukic|a,seggerman|r,vukic|a,Ryan Seggerman,Aleksandar Vukic,ATP Challenger Jingshan - Qualifiers,2026-09-28 09:00:00,0.24632921327147278,0.7536707867285272,0.2710027100271003,0.7767857142857143,750,2026-09-28 07:16:08,2026-09-28 07:11:40,2026-09-28 09:00:00,3745306892,103.8,18,
seifert|s|thomas|f,seifert|s,thomas|f,Stefan Seifert,Flynn Thomas,ITF Men Forbach - Final,2026-09-27 12:41:21,0.6141945389920542,0.38580546100794577,0.6376811594202898,0.4098360655737705,750,2026-09-27 12:43:15,2026-09-27 12:31:52,2026-09-27 12:41:21,3744223489,-1.9,81,
sekulic|p|svrcina|d,sekulic|p,svrcina|d,Philip Sekulic,Dalibor Svrcina,ATP Hangzhou - Qualifiers,2026-09-22 05:54:44,0.18348888657572832,0.8165111134242717,0.20576131687242802,0.836867862969005,975,2026-09-22 05:57:21,2026-09-22 05:42:47,2026-09-22 06:00:00,3738126406,-2.6,27,
selekhmeteva|l|silva|f,selekhmeteva|l,silva|f,Leyre Romero Gormaz / Oksana Selekhmeteva,Freya Christie / Eden Silva,WTA 125k Valencia - Doubles,2026-09-17 17:30:00,0.47189423150955445,0.5281057684904457,0.5073891625615764,0.5633187772925764,500,2026-09-17 18:31:25,2026-09-17 18:25:37,2026-09-17 17:30:00,3732113721,-61.5,49,
selekhmeteva|o|stefano|s,selekhmeteva|o,stefano|s,Oksana Selekhmeteva,Samira De Stefano,WTA 125k Tolentino - R16,2026-09-24 16:30:00,0.49770637375484983,0.50229362624515,0.5192307692307692,0.5238095238095238,1750,2026-09-24 15:53:38,2026-09-24 15:47:51,2026-09-24 15:55:29,3740534256,36.3,132,
selekhmeteva|o|urgesi|f,selekhmeteva|o,urgesi|f,Oksana Selekhmeteva,Federica Urgesi,WTA 125k Tolentino - R1,2026-09-21 16:30:00,0.6418279406235883,0.3581720593764118,0.6632996632996633,0.3802281368821293,1750,2026-09-21 16:12:30,2026-09-21 16:12:09,2026-09-21 16:30:00,3737800763,17.5,43,
sharipov|m|ymer|e,sharipov|m,ymer|e,Marat Sharipov,Elias Ymer,ATP Challenger Guangzhou - QF,2026-09-18 09:53:35,0.6805183700748935,0.3194816299251066,0.6951219512195121,0.33444816053511706,3000,2026-09-18 09:58:42,2026-09-18 09:46:24,2026-09-18 09:53:35,3732631439,-5.1,93,
shcherbinina|a|strakhova|v,shcherbinina|a,strakhova|v,Alina Shcherbinina,Valeriya Strakhova,ITF Women Berkeley - R1,2026-09-23 19:30:00,0.8240343225703319,0.1759656774296679,0.8463901689708141,0.2008032128514056,450,2026-09-23 19:35:23,2026-09-23 19:20:52,2026-09-23 19:30:00,3739738522,-5.4,87,
shepp|a|shimabukuro|s,shepp|a,shimabukuro|s,Anton Shepp,Sho Shimabukuro,Davis Cup World - Group 1,2026-09-20 02:42:09,0.26268937360672745,0.7373106263932725,0.2777777777777778,0.7518610421836228,3000,2026-09-20 02:42:42,2026-09-20 02:31:36,2026-09-20 03:28:00,3735755912,-0.7,84,
shibahara|e|yoshimoto|n,shibahara|e,yoshimoto|n,Ena Shibahara,Natsuki Yoshimoto,ITF Women Kyoto - QF,2026-09-18 03:23:33,0.7079337903661596,0.2920662096338404,0.7311827956989247,0.3164556962025316,750,2026-09-18 03:16:19,2026-09-18 03:13:56,2026-09-18 03:23:33,3732480031,7.2,99,
shimabukuro|s|watt|j,shimabukuro|s,watt|j,Sho Shimabukuro,James Watt,Davis Cup World - Group 1,2026-09-19 02:16:12,0.796930545267742,0.20306945473225796,0.8109640831758034,0.2178649237472767,2250,2026-09-19 02:18:30,2026-09-19 02:07:28,2026-09-19 02:16:12,3733669548,-2.3,83,
shimizu|e|tsao|c,shimizu|e,tsao|c,Eri Shimizu,Chia Yi Tsao,ITF Women Nanao - R1,2026-09-23 03:29:38,0.5359139283125437,0.4640860716874564,0.5594713656387665,0.48780487804878053,450,2026-09-23 03:37:04,2026-09-23 03:25:06,2026-09-23 03:29:38,3739043017,-7.4,87,
shiraishi|h|walton|a,shiraishi|h,walton|a,Hikaru Shiraishi,Adam Walton,ATP Challenger Jingshan - Qualifiers,2026-09-28 05:10:00,0.08720374814049682,0.9127962518595032,0.11737089201877934,0.9357739242132306,100,2026-09-28 04:58:08,2026-09-28 04:45:38,2026-09-28 05:10:00,3745269224,11.8,16,
shubladze|a|sidorova|k,shubladze|a,sidorova|k,Alexandra Shubladze,Kristiana Sidorova,ITF Women Shenyang - R16,2026-09-17 03:51:00,0.8602147005420042,0.13978529945799578,0.8815165876777252,0.16420361247947454,450,2026-09-17 04:02:03,2026-09-17 03:54:52,2026-09-17 04:59:00,3731629205,-11.1,52,
sibanda|m|verwerft|l,sibanda|m,verwerft|l,Mehluli Don Ayanda Sibanda,Lars Goran Verwerft,ITF Men Monastir - R1,2026-09-23 10:30:00,0.29681582043031624,0.7031841795696836,0.3215434083601286,0.7267759562841529,450,2026-09-23 10:32:26,2026-09-23 10:17:22,2026-09-23 10:30:00,3739206437,-2.5,24,
sidorova|k|wei|s,sidorova|k,wei|s,Kristiana Sidorova,Sijia Wei,ITF Women Shenyang - Final,2026-09-20 02:00:00,0.4830120867060124,0.5169879132939876,0.5073891625615764,0.5412844036697247,750,2026-09-20 02:00:25,2026-09-20 01:58:30,2026-09-20 03:00:00,3735737737,-0.4,146,
silva|f|smith|m,silva|f,smith|m,Freya Christie / Eden Silva,Mana Ayukawa / Emily Webley-Smith,WTA 125K Porto - Doubles,2026-09-21 13:00:00,0.7972894041129603,0.20271059588703963,0.8299319727891156,0.23980815347721823,1500,2026-09-21 16:59:16,2026-09-21 16:46:01,2026-09-21 13:00:00,3737697398,-239.4,48,
silva|j|vidal|l,silva|j,vidal|l,Julia Konishi Camargo Silva,Leticia Garcia Vidal,ITF Women Belem - QF,2026-09-25 19:57:06,0.5368891287931538,0.46311087120684624,0.5614035087719298,0.48780487804878053,750,2026-09-25 19:56:03,2026-09-25 19:48:53,2026-09-25 19:57:06,3741747839,1.0,69,
silva|v|tikhonova|v,silva|v,tikhonova|v,Victoria Luiza Barros / Nauhany Vitoria Leme Da Silva,Valeriya Strakhova / Anastasia Tikhonova,WTA Sao Paulo - Doubles,2026-09-18 14:00:00,0.33913048328525747,0.6608695167147425,0.36363636363636365,0.6845425867507886,1250,2026-09-18 17:50:57,2026-09-18 17:36:45,2026-09-18 14:00:00,3732764142,-231.0,57,
simonsson|j|vinciguerra|w,simonsson|j,vinciguerra|w,Jan Simonsson,Willian Rejchtman Vinciguerra,ITF Men Falun - R1,2026-09-21 14:45:47,0.2945367737591587,0.7054632262408412,0.33112582781456956,0.7395833333333334,450,2026-09-21 14:51:30,2026-09-21 14:41:19,2026-09-21 14:45:47,3737755547,-5.7,55,
sinclair|c|yang|z,sinclair|c,yang|z,Colin Sinclair,Zijiang Yang,ITF Men Yinchuan - R1,2026-09-23 04:00:00,0.9497777044489397,0.0502222955510603,0.9640675530003594,0.06978367062107467,450,2026-09-23 03:59:37,2026-09-23 03:44:39,2026-09-23 04:00:00,3739004340,0.4,91,
singh|d|skvortcov|p,singh|d,skvortcov|p,Digvijay Pratap Singh,Pavel Skvortcov,ITF Men Baku - R1,2026-09-23 07:30:00,0.8576120053317922,0.14238799466820792,0.879081015719468,0.1669449081803005,450,2026-09-23 07:39:59,2026-09-23 07:31:15,2026-09-23 07:39:50,3739157072,-10.0,8,
singh|d|walters|m,singh|d,walters|m,Digvijay Pratap Singh,Marcus Walters,ITF Men Baku - R16,2026-09-24 07:30:00,0.6383798762953181,0.3616201237046819,0.6621621621621622,0.3861003861003861,450,2026-09-24 07:28:13,2026-09-24 07:25:41,2026-09-24 07:30:00,3740128318,1.8,29,
singh|k|strombachs|r,singh|k,strombachs|r,Karan Singh,Robert Strombachs,ITF Men Sharm El Sheikh - Final,2026-09-27 07:05:00,0.3807126399800214,0.6192873600199787,0.40485829959514175,0.6428571428571428,750,2026-09-27 07:02:03,2026-09-27 06:52:35,2026-09-27 07:05:00,3743785913,2.9,83,
singh|k|waldner|n,singh|k,waldner|n,Karan Singh,Niklas Waldner,ITF Men Sharm El Sheikh - R16,2026-09-24 09:00:00,0.8237200097440639,0.17627999025593616,0.8461538461538461,0.20120724346076457,450,2026-09-24 09:01:06,2026-09-24 08:56:18,2026-09-24 09:00:00,3740197706,-1.1,39,
siniakova|m|tormo|c,siniakova|m,tormo|c,Marie Bouzkova / Katerina Siniakova,Cristina Bucsa / Sara Sorribes Tormo,Billie Jean King Cup - Doubles,2026-09-25 12:05:00,0.7268825309011107,0.2731174690988893,0.7524752475247525,0.3003003003003003,375,2026-09-25 15:11:46,2026-09-25 14:59:28,2026-09-25 12:05:00,3741203585,-186.8,35,
siskova|a|tran|d,siskova|a,tran|d,Anna Siskova,Demi Tran,ITF Women Le Neubourg - R16,2026-09-17 11:00:00,0.9702210225248263,0.02977897747517372,0.9808905025797823,0.046125461254612546,450,2026-09-17 10:16:48,2026-09-17 10:07:30,2026-09-17 10:12:23,3731800163,43.2,64,
smith|j|tikhonova|v,smith|j,tikhonova|v,Justina Mikulskyte / Alana Smith,Valeriya Strakhova / Anastasia Tikhonova,WTA Sao Paulo - Doubles,2026-09-17 19:00:00,0.5,0.5,0.5238095238095238,0.5238095238095238,500,2026-09-17 20:23:35,2026-09-17 20:11:14,2026-09-17 19:00:00,3732185278,-83.6,56,
smith|k|winter|e,smith|k,winter|e,Keegan Smith,Edward Winter,ATP Challenger San Diego - R1,2026-09-21 22:36:40,0.6251611253080653,0.3748388746919347,0.646643109540636,0.3968253968253968,1750,2026-09-21 22:44:06,2026-09-21 22:31:06,2026-09-21 22:36:40,3737982655,-7.5,66,
smith|m|yamalapalli|n,smith|m,yamalapalli|n,Mana Ayukawa / Emily Webley-Smith,Naiktha Bains / Sahaja Yamalapalli,WTA 125K Porto - Doubles,2026-09-24 15:10:00,0.33718784219584436,0.6628121578041556,0.373134328358209,0.696969696969697,500,2026-09-24 15:53:38,2026-09-24 15:43:57,2026-09-24 15:10:00,3740485405,-43.7,40,
souza|r|stefani|g,souza|r,stefani|g,Rebeca Pereira / Marjorie Souza,Gabriela Dabrowski / Luisa Stefani,WTA Sao Paulo - Doubles,2026-09-17 14:00:00,0.040201533871048856,0.9597984661289513,0.08064516129032258,0.9803921568627451,150,2026-09-17 09:37:34,2026-09-17 09:23:54,2026-09-17 14:00:00,3731762146,262.4,2,
sperle|j|vela|g,sperle|j,vela|g,John Sperle,Giuseppe La Vela,ATP Challenger Bari - Qualifiers,2026-09-27 12:00:00,0.5428257917883873,0.4571742082116129,0.5708154506437768,0.4854368932038835,250,2026-09-27 11:58:59,2026-09-27 11:54:26,2026-09-27 13:00:00,3744179896,1.0,38,
spiteri|d|tubello|a,spiteri|d,tubello|a,Dalila Spiteri,Alice Tubello,WTA 125k Tolentino - R1,2026-09-22 09:30:00,0.204693326223242,0.7953066737767581,0.22727272727272727,0.8161764705882354,1300,2026-09-22 08:34:45,2026-09-22 08:32:10,2026-09-22 08:41:33,3738223117,55.2,34,
stearns|p|stephens|s,stearns|p,stephens|s,Peyton Stearns,Sloane Stephens,WTA Guadalajara - QF,2026-09-18 02:48:50,0.597278383363627,0.402721616636373,0.609375,0.41493775933609955,6000,2026-09-18 02:52:44,2026-09-18 02:43:45,2026-09-18 02:48:50,3732468698,-3.9,180,
stearns|p|vandecasteele|q,stearns|p,vandecasteele|q,Preston Stearns,Quinn Vandecasteele,ATP Challenger Columbus - Qualifiers,2026-09-27 21:05:59,0.3296581556367453,0.6703418443632548,0.35842293906810035,0.6978851963746223,350,2026-09-27 21:09:46,2026-09-27 20:57:43,2026-09-27 21:05:59,3745066315,-3.8,92,
stefani|g|you|y,stefani|g,you|y,Gabriela Dabrowski / Luisa Stefani,Yiming Dang / Xiaodi You,WTA Sao Paulo - Doubles,2026-09-19 19:55:00,0.9163572931958962,0.08364270680410375,0.9371464487743558,0.11049723756906077,1250,2026-09-19 20:59:12,2026-09-19 20:44:30,2026-09-19 19:55:00,3735389191,-64.2,70,
stefani|g|zamarripa|a,stefani|g,zamarripa|a,Gabriela Dabrowski / Luisa Stefani,Anna Rogers / Allura Zamarripa,WTA Sao Paulo - Doubles,2026-09-20 16:00:00,0.8527356447365086,0.14726435526349116,0.875,0.17271157167530224,1500,2026-09-20 16:45:19,2026-09-20 16:36:54,2026-09-20 16:00:00,3736823979,-45.3,40,
stefano|s|struplova|j,stefano|s,struplova|j,Samira De Stefano,Julie Struplova,WTA 125k Tolentino - R1,2026-09-22 15:00:00,0.712716897227143,0.28728310277285707,0.7340425531914894,0.30959752321981426,1750,2026-09-22 14:51:31,2026-09-22 14:39:38,2026-09-22 14:45:00,3738515220,8.5,124,
stefano|s|tubello|a,stefano|s,tubello|a,Samira De Stefano,Alice Tubello,WTA 125K Ljubljana - QF,2026-09-18 09:38:51,0.5295371898746397,0.4704628101253603,0.5515695067264574,0.4926108374384236,1750,2026-09-18 09:42:00,2026-09-18 09:31:19,2026-09-18 09:38:51,3732620767,-3.2,183,
steiner|v|swan|k,steiner|v,swan|k,Valentina Steiner,Katie Swan,WTA 125K Porto - R16,2026-09-24 13:59:18,0.1667561879893748,0.8332438120106253,0.1890359168241966,0.8533724340175952,1300,2026-09-24 13:55:34,2026-09-24 13:55:34,2026-09-24 14:45:00,3740452504,3.7,118,
steiner|v|werner|c,steiner|v,werner|c,Valentina Steiner,Caroline Werner,WTA 125K Porto - R1,2026-09-22 15:00:56,0.3338346499252977,0.6661653500747022,0.35587188612099646,0.6875,1750,2026-09-22 14:57:03,2026-09-22 14:57:03,2026-09-22 15:00:56,3738539553,3.9,63,
stevens|e|te|j,stevens|e,te|j,Evan King / Bart Stevens,Jie Cui / Rigele Te,ATP Hangzhou - Doubles,2026-09-25 10:44:00,0.7040684242856432,0.29593157571435674,0.7275204359673024,0.3205128205128205,500,2026-09-25 10:24:21,2026-09-25 10:11:10,2026-09-25 10:44:00,3741092902,19.6,96,
stevens|e|watt|f,stevens|e,watt|f,Evan King / Bart Stevens,Finn Reynolds / James Watt,ATP Hangzhou - Doubles,2026-09-26 08:10:00,0.3807126399800214,0.6192873600199787,0.40485829959514175,0.6428571428571428,1250,2026-09-26 07:59:55,2026-09-26 07:59:11,2026-09-26 08:10:00,3742117367,10.1,81,
strombachs|r|zakaria|f,strombachs|r,zakaria|f,Robert Strombachs,Fares Zakaria,ITF Men Sharm El Sheikh - QF,2026-09-25 07:17:18,0.7058210566145043,0.2941789433854955,0.7289972899728998,0.3184713375796178,750,2026-09-25 07:20:40,2026-09-25 07:08:28,2026-09-25 07:17:18,3741006703,-3.4,31,
sun|f|tomic|b,sun|f,tomic|b,Fajing Sun,Bernard Tomic,ATP Hangzhou - Qualifiers,2026-09-23 06:30:29,0.3450845101361231,0.6549154898638768,0.36496350364963503,0.6742671009771988,1750,2026-09-23 06:34:25,2026-09-23 06:21:23,2026-09-23 06:30:29,3739116498,-4.0,99,
sun|j|sun|y,sun|j,sun|y,Junlu Sun,Yingqun Sun,ITF Women Maanshan - R1,2026-09-29 05:56:00,0.2437222761583437,0.7562777238416564,0.26881720430107525,0.7797356828193832,450,2026-09-29 06:00:08,2026-09-29 05:55:19,2026-09-29 06:00:00,3745843559,-4.2,75,
sun|y|wang|y,sun|y,wang|y,Yingqun Sun,Yuhan Wang,ITF Women Maanshan - QF,2026-09-25 02:14:11,0.2850864344035292,0.7149135655964709,0.30959752321981426,0.7382198952879581,750,2026-09-25 02:14:12,2026-09-25 02:14:12,2026-09-25 02:14:11,3740928805,-0.0,83,
sutjiadi|e|xu|q,sutjiadi|e,xu|q,Erin Routliffe / Aldila Sutjiadi,Qianhui Tang / Yi-Fan Xu,WTA Singapore - Doubles,2026-09-27 07:00:00,0.617163245865067,0.38283675413493296,0.6402877697841727,0.4065040650406504,1250,2026-09-27 06:33:03,2026-09-27 06:22:24,2026-09-27 06:50:00,3743878102,26.9,67,
suvirdjonkova|d|yang|a,suvirdjonkova|d,yang|a,Darja Suvirdjonkova,Anna Yang,ITF Women Maanshan - R1,2026-09-23 02:38:00,0.33797769580909726,0.6620223041909029,0.3623188405797102,0.6855345911949686,450,2026-09-23 01:45:25,2026-09-23 01:37:58,2026-09-23 01:44:15,3738993751,52.5,3,
svajda|t|zheng|m,svajda|t,zheng|m,Trevor Svajda,Michael Zheng,ATP Challenger Tiburon - R16,2026-09-17 23:10:00,0.2423314455903164,0.7576685544096836,0.2597402597402597,0.7742663656884875,2525,2026-09-17 23:03:56,2026-09-17 23:03:56,2026-09-17 23:13:24,3732375590,6.0,93,
sverzut|c|zanellato|n,sverzut|c,zanellato|n,Corsini Lorenzo Sverzut,Nicolas Zanellato,ITF Men Belem - QF,2026-09-18 22:00:00,0.16470424487226484,0.8352957551277351,0.2,0.8654104979811574,400,2026-09-18 15:27:34,2026-09-18 15:18:28,2026-09-18 22:00:00,3732644114,392.4,53,
swan|k|yamalapalli|s,swan|k,yamalapalli|s,Katie Swan,Sahaja Yamalapalli,WTA 125K Porto - R1,2026-09-22 10:13:57,0.7814767039745064,0.21852329602549359,0.8023715415019763,0.24096385542168672,1300,2026-09-22 10:20:42,2026-09-22 10:07:50,2026-09-22 10:13:57,3738294824,-6.8,90,
sziedat|f|valente|d,sziedat|f,valente|d,Franziska Sziedat,Denise Valente,ITF Women Santa Margherita di Pula - R1,2026-09-23 07:41:47,0.8408823275330254,0.15911767246697464,0.8628257887517148,0.1838235294117647,450,2026-09-23 07:48:24,2026-09-23 07:37:15,2026-09-23 07:41:47,3739158058,-6.7,22,
tabacco|f|tabacco|g,tabacco|f,tabacco|g,Fausto Tabacco,Giorgio Tabacco,ITF Men Sintra - SF,2026-09-19 09:15:56,0.5483459559871412,0.45165404401285875,0.5726495726495727,0.47619047619047616,750,2026-09-19 09:22:20,2026-09-19 09:10:11,2026-09-19 09:15:56,3733883812,-6.4,67,
tabacco|f|torre|i,tabacco|f,torre|i,Fausto Tabacco,Inaki Montes-De La Torre,ITF Men Setubal - R16,2026-09-24 12:00:00,0.2382726109142252,0.7617273890857748,0.2631578947368421,0.7849462365591398,450,2026-09-24 11:57:16,2026-09-24 11:42:23,2026-09-24 12:00:00,3740283064,2.7,55,
taberner|c|wiskandt|m,taberner|c,wiskandt|m,Carlos Taberner,Max Wiskandt,ATP Challenger Plovdiv - R16,2026-09-23 13:01:00,0.6911877560439832,0.30881224395601686,0.7126436781609194,0.33112582781456956,1750,2026-09-23 12:58:54,2026-09-23 12:48:22,2026-09-23 12:56:38,3739471544,2.1,110,
tang|x|wang|y,tang|x,wang|y,Xiao Tang,Yuhan Wang,ITF Women Maanshan - R16,2026-09-24 03:20:25,0.15142750422963996,0.84857249577036,0.17605633802816903,0.8702983138780804,450,2026-09-24 03:23:27,2026-09-24 03:16:07,2026-09-24 03:20:25,3740089212,-3.1,72,
tan|h|voloshchuk|a,tan|h,voloshchuk|a,Harmony Tan,Angelina Voloshchuk,WTA 125K Porto - R16,2026-09-24 13:00:00,0.6431119214481378,0.35688807855186233,0.6644295302013422,0.37878787878787884,1750,2026-09-24 11:57:16,2026-09-24 11:42:23,2026-09-24 13:00:00,3740348182,62.7,115,
tararudee|l|uchijima|m,tararudee|l,uchijima|m,Lanlana Tararudee,Moyuka Uchijima,WTA Seoul - R1,2026-09-21 03:10:00,0.6673089394347224,0.3326910605652777,0.6815286624203821,0.3472222222222222,2500,2026-09-21 03:00:57,2026-09-21 02:55:48,2026-09-21 03:10:00,3737462866,9.0,120,
te|r|tomic|b,te|r,tomic|b,Rigele Te,Bernard Tomic,ATP Hangzhou - Qualifiers,2026-09-22 05:30:00,0.14776516004013762,0.8522348399598625,0.1724137931034483,0.8738965952080706,650,2026-09-22 05:38:33,2026-09-22 05:36:02,2026-09-22 05:45:11,3738126101,-8.6,24,
tien|l|zverev|a,tien|l,zverev|a,Learner Tien,Alexander Zverev,ATP Laver Cup,2026-09-27 14:15:00,0.2741782185825378,0.7258217814174621,0.29411764705882354,0.7448979591836734,1875,2026-09-27 13:34:45,2026-09-27 13:25:00,2026-09-27 13:32:06,3744308249,40.2,38,
tikhonova|e|zaytseva|m,tikhonova|e,zaytseva|m,Elena Pridankina / Anastasia Tikhonova,Mariana Drazic / Ksenia Zaytseva,WTA 125K Ankara - Doubles,2026-09-22 12:10:00,0.8070282150839723,0.19297178491602784,0.8412698412698413,0.23255813953488372,375,2026-09-22 12:00:49,2026-09-22 11:54:45,2026-09-22 12:10:00,3738388597,9.2,20,
tikhonova|v|zamarripa|a,tikhonova|v,zamarripa|a,Valeriya Strakhova / Anastasia Tikhonova,Anna Rogers / Allura Zamarripa,WTA Sao Paulo - Doubles,2026-09-19 16:10:00,0.47392353200298415,0.5260764679970158,0.49751243781094534,0.5495495495495495,1250,2026-09-19 18:56:26,2026-09-19 18:43:45,2026-09-19 16:10:00,3734764169,-166.5,49,
tiukaev|r|tkemaladze|z,tiukaev|r,tkemaladze|z,Ruslan Tiukaev,Zura Tkemaladze,ITF Men Telavi - R1,2026-09-23 10:48:27,0.7149135655964709,0.2850864344035292,0.7382198952879581,0.30959752321981426,450,2026-09-23 10:49:02,2026-09-23 10:39:29,2026-09-23 10:48:27,3739337496,-0.6,20,
tracy|f|winegar|j,tracy|f,winegar|j,Francisco Cabral / James Tracy,Jean-Julien Rojer / Theo Winegar,ATP Hangzhou - Doubles,2026-09-28 07:40:00,0.5714920741902716,0.4285079258097285,0.5951417004048584,0.45248868778280543,1500,2026-09-28 07:16:08,2026-09-28 07:11:40,2026-09-28 07:40:00,3745310101,23.8,78,
tracy|f|zhang|f,tracy|f,zhang|f,Francisco Cabral / James Tracy,Fajing Sun / Zhizhen Zhang,ATP Hangzhou - Doubles,2026-09-25 12:01:00,0.7120690400422321,0.2879309599577679,0.7354497354497355,0.3125,500,2026-09-25 11:57:40,2026-09-25 11:51:39,2026-09-25 12:01:00,3741192295,3.3,106,
trotter|j|tu|l,trotter|j,tu|l,James Trotter,Li Tu,ATP Challenger Columbus - Qualifiers,2026-09-28 15:36:54,0.5700720890616922,0.42992791093830796,0.5983935742971888,0.4587155963302753,350,2026-09-28 15:44:12,2026-09-28 15:31:26,2026-09-28 15:36:54,3745533263,-7.3,50,
trufelli|t|varga|a,trufelli|t,varga|a,Timeo Trufelli,Attila Hueller Varga,ITF Men Forbach - R1,2026-09-22 11:09:26,0.8992336245137869,0.10076637548621313,0.9185667752442996,0.1240694789081886,450,2026-09-22 11:17:58,2026-09-22 11:05:36,2026-09-22 11:09:26,3738342438,-8.6,74,
tseng|c|wallin|o,tseng|c,wallin|o,Chun Hsin Tseng,Olle Wallin,Davis Cup World - Group 1,2026-09-20 06:13:00,0.6535220592117224,0.34647794078827765,0.6677740863787376,0.36101083032490977,3000,2026-09-20 05:22:16,2026-09-20 05:22:16,2026-09-20 05:20:29,3735830796,50.7,98,
vacherot|v|vasa|e,vacherot|v,vasa|e,Valentin Vacherot,Eero Vasa,Davis Cup World - Group 1,2026-09-18 17:00:02,0.9442479802137025,0.055752019786297465,0.9580184718723762,0.07369196757553427,375,2026-09-18 16:57:19,2026-09-18 16:51:24,2026-09-18 17:00:02,3733047495,2.6,47,
vacherot|v|virtanen|o,vacherot|v,virtanen|o,Valentin Vacherot,Otto Virtanen,Davis Cup World - Group 1,2026-09-19 14:28:00,0.5922553071157969,0.4077446928842031,0.6062992125984252,0.42194092827004215,3000,2026-09-19 13:45:09,2026-09-19 13:36:52,2026-09-19 13:43:58,3734373187,42.8,79,
valdmannova|m|you|y,valdmannova|m,you|y,Mary Stoiana / Vendula Valdmannova,Yiming Dang / Xiaodi You,WTA Sao Paulo - Doubles,2026-09-18 23:35:00,0.7204371963000588,0.2795628036999412,0.7435897435897436,0.303951367781155,1250,2026-09-19 00:12:53,2026-09-19 00:06:45,2026-09-18 23:35:00,3733564577,-37.9,103,
vallejo|a|varillas|j,vallejo|a,varillas|j,Adolfo Daniel Vallejo,Juan Pablo Varillas,Davis Cup World - Group 1,2026-09-19 00:05:00,0.6588146627187734,0.3411853372812266,0.673202614379085,0.35587188612099646,3000,2026-09-19 00:12:53,2026-09-19 00:06:45,2026-09-19 00:05:00,3733586235,-7.9,103,
vallejo|a|wong|c,vallejo|a,wong|c,Adolfo Daniel Vallejo,Chak Lam Coleman Wong,ATP Hangzhou - R16,2026-09-26 13:48:48,0.41881379724741347,0.5811862027525865,0.4329004329004329,0.5951417004048584,4000,2026-09-26 13:50:20,2026-09-26 13:39:12,2026-09-26 13:48:48,3742554993,-1.6,163,
vaquero|c|yamalapalli|n,vaquero|c,yamalapalli|n,Celia Cervino Ruiz / Maria Martinez Vaquero,Naiktha Bains / Sahaja Yamalapalli,WTA 125K Porto - Doubles,2026-09-21 15:37:00,0.465351654086268,0.5346483459137321,0.5,0.5689655172413793,500,2026-09-21 15:39:59,2026-09-21 15:30:33,2026-09-21 15:37:00,3737777294,-3.0,38,
vaquero|m|yamalapalli|s,vaquero|m,yamalapalli|s,Maria Martinez Vaquero,Sahaja Yamalapalli,WTA 125K Porto - Qualifiers,2026-09-20 14:17:05,0.47598450736712633,0.5240154926328736,0.49751243781094534,0.5454545454545454,1750,2026-09-20 14:17:49,2026-09-20 14:07:49,2026-09-20 14:17:05,3736551426,-0.8,84,
vekic|d|wang|x,vekic|d,wang|x,Donna Vekic,Xinyu Wang,WTA Singapore - R1,2026-09-22 07:00:00,0.46660212840762383,0.5333978715923762,0.4807692307692307,0.5475113122171946,3000,2026-09-22 07:01:11,2026-09-22 06:59:29,2026-09-22 08:00:00,3738165044,-1.2,202,
venus|j|willis|d,venus|j,willis|d,John Peers / Michael Venus,David Stevenson / Marcus Willis,ATP Chengdu Open - Doubles,2026-09-25 02:55:00,0.5315458372486201,0.4684541627513799,0.5555555555555556,0.4926108374384236,500,2026-09-25 03:59:39,2026-09-25 03:48:36,2026-09-25 02:55:00,3740944894,-64.7,64,
venus|j|zielinski|l,venus|j,zielinski|l,John Peers / Michael Venus,Luke Johnson / Jan Zielinski,ATP Chengdu Open - Doubles,2026-09-26 05:00:00,0.4931805498663601,0.5068194501336398,0.5169082125603864,0.5305164319248826,1250,2026-09-26 05:41:28,2026-09-26 05:28:10,2026-09-26 05:00:00,3741856625,-41.5,119,
verbeek|s|watt|f,verbeek|s,watt|f,Sander Gille / Sem Verbeek,Finn Reynolds / James Watt,ATP Hangzhou - Doubles,2026-09-25 13:47:00,0.5136465215026794,0.48635347849732036,0.5370370370370371,0.5098039215686274,1250,2026-09-25 13:42:52,2026-09-25 13:28:33,2026-09-25 14:30:00,3741051147,4.1,113,
vogt|m|yashina|e,vogt|m,yashina|e,Marie Vogt,Ekaterina Yashina,WTA 125K Ankara - Qualifiers,2026-09-21 07:10:00,0.7672153300597905,0.2327846699402096,0.788135593220339,0.25510204081632654,1750,2026-09-21 07:11:48,2026-09-21 06:57:23,2026-09-21 07:10:00,3737532608,-1.8,83,
vukic|a|zhu|e,vukic|a,zhu|e,Aleksandar Vukic,Evan Zhu,ATP Challenger Jingshan - Qualifiers,2026-09-29 05:00:00,0.7620145136605619,0.23798548633943803,0.7830802603036876,0.2604166666666667,1000,2026-09-29 04:11:54,2026-09-29 04:09:36,2026-09-29 05:00:00,3745779681,48.1,84,
wagenaar|l|zeuch|t,wagenaar|l,zeuch|t,Lars Wagenaar,Tom Zeuch,ITF Men Forbach - R1,2026-09-22 07:00:00,0.14364457585546186,0.8563554241445382,0.1680672268907563,0.8777506112469436,450,2026-09-22 07:01:11,2026-09-22 06:59:29,2026-09-22 07:05:00,3738165834,-1.2,51,
wallner|j|zielinski|l,wallner|j,zielinski|l,Jakob Schnaitter / Mark Wallner,Luke Johnson / Jan Zielinski,ATP Chengdu Open - Doubles,2026-09-27 05:05:00,0.46193268577601715,0.5380673142239828,0.4854368932038835,0.5614035087719298,1250,2026-09-27 05:48:53,2026-09-27 05:37:06,2026-09-27 05:05:00,3743833090,-43.9,89,
wang|j|yastremska|d,wang|j,yastremska|d,JiaYi Wang,Dayana Yastremska,WTA Beijing - Qualifiers,2026-09-28 03:00:00,0.12548237414811472,0.8745176258518853,0.15220700152207,0.8971193415637859,250,2026-09-28 02:56:27,2026-09-28 02:54:20,2026-09-28 03:00:00,3745243654,3.5,11,
wang|j|zhang|r,wang|j,zhang|r,JiaYi Wang,Ruien Zhang,ITF Women Shenyang - R16,2026-09-17 02:00:00,0.5848116372634953,0.4151883627365048,0.607843137254902,0.43859649122807015,450,2026-09-17 01:58:41,2026-09-17 01:49:14,2026-09-17 02:00:00,3731532617,1.3,42,
wang|j|zhang|y,wang|j,zhang|y,Jiaqi Wang,Ying Zhang,WTA 125k Jingshan - Qualifiers,2026-09-26 04:48:22,0.673719615536414,0.3262803844635858,0.6951219512195121,0.3484320557491289,1750,2026-09-26 04:57:21,2026-09-26 04:42:55,2026-09-26 04:48:22,3742029761,-9.0,72,
wang|j|zheng|w,wang|j,zheng|w,Jiaqi Wang,Wushuang Zheng,WTA 125k Jingshan - Qualifiers,2026-09-27 06:00:00,0.531748738514257,0.4682512614857431,0.5535714285714286,0.49019607843137253,1750,2026-09-27 06:00:10,2026-09-27 05:58:52,2026-09-27 06:00:00,3743867048,-0.2,93,
wang|y|zharkikh|m,wang|y,zharkikh|m,Yuhan Wang,Mariya Zharkikh,ITF Women Maanshan - R1,2026-09-23 06:29:00,0.9727105204649624,0.027289479535037586,0.9828267216211576,0.04310344827586207,450,2026-09-23 06:34:25,2026-09-23 06:34:25,2026-09-23 07:38:00,3739121969,-5.4,26,
wehnelt|k|wiedenmann|l,wehnelt|k,wiedenmann|l,Kai Wehnelt,Luca Wiedenmann,ATP Challenger Plovdiv - Qualifiers,2026-09-20 10:58:31,0.6455350597310521,0.354464940268948,0.673202614379085,0.38314176245210724,350,2026-09-20 10:57:51,2026-09-20 10:49:46,2026-09-20 10:58:31,3736131638,0.7,56,
wei|s|yang|y,wei|s,yang|y,Sijia Wei,Yidi Yang,ITF Women Shenyang - QF,2026-09-18 02:47:31,0.5931331571886299,0.4068668428113702,0.6168582375478928,0.43103448275862066,750,2026-09-18 02:52:44,2026-09-18 02:52:44,2026-09-18 02:47:31,3732466334,-5.2,86,
wei|s|zhang|r,wei|s,zhang|r,Sijia Wei,Ruien Zhang,ITF Women Shenyang - SF,2026-09-19 02:12:49,0.726084027289395,0.2739159727106049,0.7493734335839599,0.29850746268656714,750,2026-09-19 02:18:30,2026-09-19 02:07:28,2026-09-19 02:12:49,3733667185,-5.7,50,
winegar|j|withrow|n,winegar|j,withrow|n,Jean-Julien Rojer / Theo Winegar,Nathaniel Lammons / Jackson Withrow,ATP Hangzhou - Doubles,2026-09-25 08:40:00,0.5169879132939876,0.4830120867060124,0.5412844036697247,0.5073891625615764,500,2026-09-25 08:27:51,2026-09-25 08:24:13,2026-09-25 08:50:00,3741045509,12.1,91,
wolff|v|zhao|c,wolff|v,zhao|c,Vivian Wolff,Carol Zhao,WTA Beijing - Qualifiers,2026-09-28 03:00:00,0.6622552880328378,0.3377447119671621,0.6835443037974683,0.3597122302158273,775,2026-09-28 02:56:27,2026-09-28 02:54:20,2026-09-28 03:00:00,3745243721,3.5,11,
wong|c|zhang|z,wong|c,zhang|z,Chak Lam Coleman Wong,Zhizhen Zhang,ATP Hangzhou - R1,2026-09-24 13:00:00,0.6164013596479049,0.38359864035209496,0.6309963099630996,0.39840637450199207,3000,2026-09-24 13:02:53,2026-09-24 12:57:51,2026-09-24 13:00:00,3740414600,-2.9,286,
wong|s|zeballos|m,wong|s,zeballos|m,Siu Chi Nicholas Cheng / Tsz Fu Wong,Murkel Dellien / Federico Zeballos,Davis Cup - Doubles,2026-09-19 20:00:00,0.05532105769067197,0.944678942309328,0.09328358208955223,0.9677419354838709,125,2026-09-19 12:05:37,2026-09-19 12:03:57,2026-09-19 20:00:00,3734146750,474.4,1,
wu|h|ye|y,wu|h,ye|y,Hao Ching Chan / Fang-Hsien Wu,Ya-Hsin Lee / Qiu Yu Ye,WTA Seoul - Doubles,2026-09-27 04:05:00,0.6484718263385891,0.351528173661411,0.6721311475409836,0.37593984962406013,1250,2026-09-27 04:49:37,2026-09-27 04:36:44,2026-09-27 04:05:00,3743810473,-44.6,80,
wu|h|yuan|e,wu|h,yuan|e,Hao Ching Chan / Fang-Hsien Wu,En Shuo Liang / Yue Yuan,WTA Seoul - Doubles,2026-09-26 04:20:00,0.56398207066022,0.43601792933978,0.5884773662551441,0.4608294930875576,1250,2026-09-26 04:34:35,2026-09-26 04:24:35,2026-09-26 04:30:00,3742024150,-14.6,204,
wu|r|ye|s,wu|r,ye|s,Ru Xi Wu,Shiyu Ye,ITF Women Maanshan - R1,2026-09-22 05:32:14,0.3207651404163685,0.6792348595836315,0.3448275862068966,0.7023809523809524,450,2026-09-22 05:38:33,2026-09-22 05:27:34,2026-09-22 05:32:14,3738121146,-6.3,98,
yamaguchi|m|zheng|w,yamaguchi|m,zheng|w,Mei Yamaguchi,Wushuang Zheng,WTA 125k Jingshan - R1,2026-09-28 04:00:00,0.5536838818402227,0.4463161181597773,0.574468085106383,0.4672897196261683,1750,2026-09-28 03:11:47,2026-09-28 03:08:51,2026-09-28 03:14:32,3745245840,48.2,52,
yoruk|i|zaytseva|k,yoruk|i,zaytseva|k,Ilay Yoruk,Ksenia Zaytseva,WTA 125K Ankara - Qualifiers,2026-09-21 09:00:00,0.05194187216785434,0.9480581278321455,0.07627765064836003,0.9649245878639074,225,2026-09-21 07:58:36,2026-09-21 07:57:44,2026-09-21 09:00:00,3737573251,61.4,85,
zamarripa|a|zimmermann|m,zamarripa|a,zimmermann|m,Anna Rogers / Allura Zamarripa,Michaela Bayerlova / Kimberley Zimmermann,WTA Sao Paulo - Doubles,2026-09-16 21:00:00,0.7814306203686444,0.21856937963135578,0.8043052837573386,0.24330900243309006,500,2026-09-16 21:10:26,2026-09-16 20:56:53,2026-09-16 21:00:00,3731394784,-10.5,16,
zaytseva|k|zidansek|t,zaytseva|k,zidansek|t,Ksenia Zaytseva,Tamara Zidansek,WTA Beijing - Qualifiers,2026-09-28 08:45:00,0.35106037063823575,0.6489396293617642,0.37037037037037035,0.6677740863787376,1700,2026-09-28 07:48:07,2026-09-28 07:46:48,2026-09-28 08:45:00,3745319225,56.9,25,
zeng|y|zheng|m,zeng|y,zheng|m,Yaojie Zeng,Michael Zheng,ATP Challenger Jingshan - R1,2026-09-29 06:58:57,0.023717861211157668,0.9762821387888423,0.03869969040247678,0.985551220921832,225,2026-09-29 07:00:13,2026-09-29 06:50:52,2026-09-29 06:58:57,3745864328,-1.3,53,
zhang|r|zheng|w,zhang|r,zheng|w,Ruien Zhang,Wushuang Zheng,ITF Women Shenyang - QF,2026-09-18 02:53:00,0.5337402007076846,0.46625979929231565,0.5575221238938054,0.49019607843137253,750,2026-09-18 01:59:46,2026-09-18 01:58:28,2026-09-18 02:53:00,3732442908,53.2,68,
