pair,seen_at,obs_at,start_time,mins_to_start,fair1,fair2,quote1,quote2,limit_usd,version
popa|g|sakellaridi|s,2026-10-03 00:53:27,2026-10-03 00:46:02,2026-10-03 07:30:00,396.5,0.6504120728898913,0.34958792711010866,0.6825396825396826,0.38314176245210724,375,3749683587
dart|h|jovic|i,2026-10-03 00:53:27,2026-10-03 00:46:02,2026-10-03 06:00:00,306.5,0.09169266152695467,0.9083073384730451,0.11210762331838565,0.9253174010455564,575,3749674146
kartal|s|wang|x,2026-10-03 00:53:27,2026-10-03 00:46:02,2026-10-03 11:00:00,606.5,0.5047174010164595,0.4952825989835406,0.5192307692307692,0.5098039215686274,3500,3749668539
falei|a|maneiro|j,2026-10-03 00:53:27,2026-10-03 00:46:02,2026-10-03 05:30:00,276.5,0.22208409179519287,0.7779159082048074,0.24213075060532688,0.7967479674796748,1500,3749688250
mertens|e|volynets|k,2026-10-03 00:53:27,2026-10-03 00:46:02,2026-10-03 03:00:00,126.5,0.526762473859622,0.47323752614037795,0.5412844036697247,0.48780487804878053,3500,3749677467
rublev|a|safiullin|r,2026-10-03 00:53:27,2026-10-03 00:52:05,2026-10-03 05:00:00,246.5,0.5732747888919816,0.42672521110801853,0.5850622406639003,0.43859649122807015,5000,3749694391
vekic|d|zhu|l,2026-10-03 00:53:27,2026-10-03 00:46:02,2026-10-03 03:00:00,126.5,0.6372288964306669,0.3627711035693332,0.6515679442508712,0.37735849056603776,3500,3749678157
ehrenschneider|n|matsuda|r,2026-10-03 00:53:27,2026-10-03 00:46:02,2026-10-03 02:00:00,66.5,0.6551129426811827,0.34488705731881736,0.6784565916398714,0.36900369003690037,750,3749665084
rouvroy|m|vedder|e,2026-10-03 00:53:27,2026-10-03 00:46:02,2026-10-03 11:00:00,606.5,0.37677756350854064,0.6232224364914594,0.4098360655737705,0.6551724137931035,375,3749677793
hurrion|m|yilmaz|k,2026-10-03 00:53:27,2026-10-03 00:46:02,2026-10-03 06:00:00,306.5,0.7964902944299472,0.20350970557005296,0.8236331569664903,0.23364485981308414,550,3749664982
krueger|a|li|a,2026-10-03 00:53:27,2026-10-03 00:46:02,2026-10-03 03:00:00,126.5,0.454968038468196,0.5450319615318039,0.4694835680751174,0.5594713656387665,3500,3749679451
medvedev|d|struff|j,2026-10-03 00:53:27,2026-10-03 00:46:02,2026-10-03 09:00:00,486.5,0.8373261923531387,0.16267380764686137,0.8509687034277199,0.1773049645390071,2250,3749677826
gauff|c|osorio|c,2026-10-03 00:53:27,2026-10-03 00:46:02,2026-10-03 03:00:00,126.5,0.9104457452671175,0.08955425473288244,0.9273255813953488,0.10989010989010989,575,3749678936
donald|m|manzano|j,2026-10-03 00:53:27,2026-10-03 00:46:02,2026-10-03 13:00:00,726.5,0.45428747096076744,0.5457125290392326,0.4739336492890995,0.5652173913043479,750,3749680944
bencic|b|zakharova|a,2026-10-03 00:53:27,2026-10-03 00:46:02,2026-10-03 06:30:00,336.5,0.7999349656510502,0.20006503434894995,0.8141263940520447,0.2150537634408602,2625,3749672365
siniakova|k|svitolina|e,2026-10-03 00:53:27,2026-10-03 00:46:02,2026-10-03 05:00:00,246.5,0.24037730122666323,0.7596226987733368,0.25510204081632654,0.7737556561085973,3500,3749677183
broek|i|nahimana|s,2026-10-03 00:53:27,2026-10-03 00:46:02,2026-10-03 12:30:00,696.5,0.5677344087498348,0.432265591250165,0.6000000000000001,0.46511627906976744,375,3749684023
jeanjean|l|ruzic|a,2026-10-03 00:53:27,2026-10-03 00:46:02,2026-10-03 13:00:00,726.5,0.4298791319611103,0.5701208680388898,0.4484304932735426,0.5884773662551441,750,3749687059
andreeva|e|boisson|l,2026-10-03 00:53:27,2026-10-03 00:46:02,2026-10-03 12:00:00,666.5,0.3039150661535802,0.6960849338464198,0.3236245954692557,0.715099715099715,750,3749687135
jones|e|shubladze|a,2026-10-03 00:53:27,2026-10-03 00:46:02,2026-10-03 04:30:00,216.5,0.4097661019747555,0.5902338980252445,0.4291845493562232,0.609375,1875,3749687416
hunter|s|sakkari|m,2026-10-03 00:53:27,2026-10-03 00:46:02,2026-10-03 05:00:00,246.5,0.2920521337530989,0.7079478662469012,0.3067484662576687,0.7222222222222222,3500,3749676440
badosa|p|ostapenko|j,2026-10-03 00:53:27,2026-10-03 00:46:02,2026-10-03 05:00:00,246.5,0.5946891817518234,0.40531081824817666,0.609375,0.42016806722689076,3500,3749675492
oberleitner|l|olivetti|t,2026-10-03 00:53:27,2026-10-03 00:46:02,2026-10-03 02:00:00,66.5,0.43880708354287823,0.5611929164571219,0.4629629629629629,0.5850622406639003,1250,3749681380
singh|d|walters|m,2026-10-03 00:53:27,2026-10-03 00:46:02,2026-10-03 06:00:00,306.5,0.6982184431635255,0.3017815568364745,0.726027397260274,0.33112582781456956,550,3749664982
bolt|a|harris|l,2026-10-03 00:53:27,2026-10-03 00:46:02,2026-10-03 03:00:00,126.5,0.16683276448699952,0.8331672355130004,0.18148820326678766,0.8468606431852986,2250,3749681951
huang|y|khamutsianskaya|d,2026-10-03 00:53:27,2026-10-03 00:46:02,2026-10-03 03:00:00,126.5,0.5171434175867502,0.4828565824132498,0.5391705069124424,0.504950495049505,1750,3749665084
pigato|l|swan|k,2026-10-03 00:53:27,2026-10-03 00:46:02,2026-10-03 11:00:00,606.5,0.38029467943679335,0.6197053205632067,0.4132231404958678,0.6515679442508712,375,3749668305
bucsa|c|sun|x,2026-10-03 00:53:27,2026-10-03 00:46:02,2026-10-03 09:00:00,486.5,0.6757317581398741,0.3242682418601259,0.6923076923076923,0.3412969283276451,2625,3749669766
bernet|h|chidekh|c,2026-10-03 00:53:27,2026-10-03 00:46:02,2026-10-03 14:00:00,786.5,0.38031243122660574,0.6196875687733944,0.4,0.6389891696750902,750,3749674853
kym|j|rocha|h,2026-10-03 00:53:27,2026-10-03 00:46:02,2026-10-03 12:00:00,666.5,0.43537303634062996,0.56462696365937,0.45248868778280543,0.5815899581589958,900,3749684023
vavassori|s|zielinski|m,2026-10-03 00:53:27,2026-10-03 00:46:02,2026-10-03 06:30:00,336.5,0.6089633980875238,0.39103660191247636,0.6323529411764706,0.41493775933609955,1250,3749683962
schwaerzler|j|wayenburg|s,2026-10-03 00:53:27,2026-10-03 00:46:02,2026-10-03 12:30:00,696.5,0.4056640677269721,0.594335932273028,0.425531914893617,0.613899613899614,750,3749674940
fernandez|l|rakhimova|k,2026-10-03 00:53:27,2026-10-03 00:46:02,2026-10-03 06:00:00,306.5,0.7578711224473139,0.24212887755268606,0.7722095671981777,0.2570694087403599,3500,3749672821
saigo|r|yang|y,2026-10-03 00:53:27,2026-10-03 00:46:02,2026-10-03 03:00:00,126.5,0.5,0.5,0.5215311004784688,0.5215311004784688,1750,3749665084
gao|x|swiatek|i,2026-10-03 00:53:27,2026-10-03 00:46:02,2026-10-03 05:00:00,246.5,0.02313333302273135,0.9768666669772686,0.037965072133637055,0.9859885105786745,325,3749674850
shi|h|yuan|c,2026-10-03 00:53:27,2026-10-03 00:46:02,2026-10-03 03:00:00,126.5,0.888022739880469,0.11197726011953099,0.9115826702033599,0.14084507042253522,300,3749665040
uesugi|r|vasselin|h,2026-10-03 00:53:27,2026-10-03 00:46:02,2026-10-03 03:30:00,156.5,0.2920662096338404,0.7079337903661596,0.3164556962025316,0.7311827956989247,1250,3749680394
alcaraz|c|arnaldi|m,2026-10-03 00:53:27,2026-10-03 00:46:02,2026-10-03 04:00:00,186.5,0.9279199332644763,0.07208006673552377,0.9418604651162791,0.08904719501335707,625,3749660566
birrell|k|bouzkova|m,2026-10-03 00:53:27,2026-10-03 00:46:02,2026-10-03 09:00:00,486.5,0.3230675249508634,0.6769324750491366,0.33783783783783783,0.691358024691358,3500,3749670841
charaeva|a|rybakina|e,2026-10-03 00:53:27,2026-10-03 00:46:02,2026-10-03 13:00:00,726.5,0.06460098188212697,0.9353990181178731,0.08333333333333333,0.9501495513459622,450,3749667859
kalinskaya|a|zheng|q,2026-10-03 00:53:27,2026-10-03 00:46:02,2026-10-03 06:30:00,336.5,0.38359864035209496,0.6164013596479049,0.39840637450199207,0.6309963099630996,3500,3749671741
banuls|c|hesse|a,2026-10-03 00:53:27,2026-10-03 00:46:02,2026-10-03 15:30:00,876.5,0.5904784236480539,0.40952157635194614,0.6226415094339623,0.4424778761061947,250,3749686571
lee|h|sun|y,2026-10-03 01:16:03,2026-10-03 01:01:09,2026-10-03 03:00:00,103.9,0.6484718263385891,0.351528173661411,0.6721311475409836,0.37593984962406013,750,3749698339
jones|h|pham|d,2026-10-03 01:16:03,2026-10-03 01:01:09,2026-10-03 07:00:00,343.9,0.5568676695573194,0.44313233044268074,0.5850622406639003,0.4716981132075471,750,3749698339
sidorova|k|zavatska|k,2026-10-03 01:16:03,2026-10-03 01:01:09,2026-10-03 05:00:00,223.9,0.6521602006833357,0.34783979931666453,0.6753246753246753,0.3717472118959108,1300,3749698339
jiang|z|luo|x,2026-10-03 01:16:03,2026-10-03 01:16:03,2026-10-03 03:00:00,103.9,0.3356956711091377,0.6643043288908622,0.3597122302158273,0.6875,750,3749706798
mushika|m|uemura|m,2026-10-03 01:16:03,2026-10-03 01:07:23,2026-10-03 01:11:03,-5.0,0.4886304879179552,0.5113695120820447,0.5121951219512195,0.5348837209302326,750,3749698996
li|z|lu|j,2026-10-03 01:16:03,2026-10-03 01:07:23,2026-10-03 05:00:00,223.9,0.3608967648381518,0.6391032351618482,0.3846153846153846,0.6621621621621622,1300,3749699754
jones|e|shubladze|a,2026-10-03 01:16:03,2026-10-03 01:07:23,2026-10-03 04:30:00,193.9,0.4096379498832976,0.5903620501167024,0.4273504273504274,0.607843137254902,1875,3749699126
andrade|a|dietrich|d,2026-10-03 01:16:03,2026-10-03 01:16:03,2026-10-03 14:00:00,763.9,0.3007445855112813,0.6992554144887184,0.3205128205128205,0.7183098591549296,200,3749702583
krueger|m|shelbayh|a,2026-10-03 01:16:03,2026-10-03 01:07:23,2026-10-03 14:00:00,763.9,0.4481610474573681,0.5518389525426317,0.4672897196261683,0.5708154506437768,200,3749702308
justo|g|vera|t,2026-10-03 01:16:03,2026-10-03 01:16:03,2026-10-03 15:00:00,823.9,0.36053334949869914,0.6394666505013008,0.3802281368821293,0.6587030716723549,200,3749703358
dias|p|heide|g,2026-10-03 01:16:03,2026-10-03 01:16:03,2026-10-03 16:30:00,913.9,0.1850295167994048,0.8149704832005952,0.20491803278688525,0.8333333333333334,150,3749703194
schwaerzler|j|wayenburg|s,2026-10-03 01:40:36,2026-10-03 01:31:18,2026-10-03 12:30:00,649.4,0.4056640677269721,0.594335932273028,0.425531914893617,0.613899613899614,1000,3749710455
sidorova|k|zavatska|k,2026-10-03 01:40:36,2026-10-03 01:31:18,2026-10-03 05:00:00,199.4,0.6529475739524281,0.3470524260475719,0.6742671009771988,0.36900369003690037,1300,3749718827
li|z|lu|j,2026-10-03 01:40:36,2026-10-03 01:37:22,2026-10-03 05:00:00,199.4,0.3613611880405896,0.6386388119594104,0.38314176245210724,0.6598639455782314,1300,3749720358
bernet|h|chidekh|c,2026-10-03 01:40:36,2026-10-03 01:31:18,2026-10-03 14:00:00,739.4,0.38031243122660574,0.6196875687733944,0.4,0.6389891696750902,1000,3749710374
popa|g|sakellaridi|s,2026-10-03 01:40:36,2026-10-03 01:37:22,2026-10-03 07:30:00,349.4,0.650375938330114,0.349624061669886,0.6784565916398714,0.37878787878787884,550,3749720108
gao|x|swiatek|i,2026-10-03 01:40:36,2026-10-03 01:31:18,2026-10-03 05:00:00,199.4,0.02322692408742555,0.9767730759125745,0.036297640653357534,0.9852092885667801,450,3749718827
shi|h|yuan|c,2026-10-03 01:40:36,2026-10-03 01:37:22,2026-10-03 03:00:00,79.4,0.888152315277518,0.11184768472248195,0.911660777385159,0.14064697609001406,300,3749721530
hoeyeraal|h|hoole|c,2026-10-03 01:40:36,2026-10-03 01:37:22,2026-10-03 05:30:00,229.4,0.3807126399800214,0.6192873600199787,0.40485829959514175,0.6428571428571428,550,3749720232
rybas|f|zhenikhova|s,2026-10-03 01:40:36,2026-10-03 01:37:22,2026-10-03 07:30:00,349.4,0.8173194400240712,0.18268055997592877,0.8439937597503899,0.2127659574468085,550,3749720108
djoubri|s|pree|b,2026-10-03 01:40:36,2026-10-03 01:37:22,2026-10-03 14:00:00,739.4,0.20515875271678108,0.7948412472832189,0.24038461538461536,0.8260869565217391,250,3749722399
bellucci|m|erel|y,2026-10-03 01:40:36,2026-10-03 01:37:22,2026-10-03 05:30:00,229.4,0.772935847426393,0.2270641525736071,0.7894736842105263,0.24449877750611249,2250,3749719561
donald|m|manzano|j,2026-10-03 01:40:36,2026-10-03 01:31:18,2026-10-03 13:00:00,679.4,0.45428747096076744,0.5457125290392326,0.4739336492890995,0.5652173913043479,1000,3749716830
kym|j|rocha|h,2026-10-03 01:40:36,2026-10-03 01:37:22,2026-10-03 12:00:00,619.4,0.43537303634062996,0.56462696365937,0.45248868778280543,0.5815899581589958,1200,3749720232
justo|g|vera|t,2026-10-03 01:40:36,2026-10-03 01:31:18,2026-10-03 15:00:00,799.4,0.35539025661378837,0.6446097433862117,0.37453183520599254,0.6632996632996633,200,3749713965
jones|e|shubladze|a,2026-10-03 01:40:36,2026-10-03 01:37:22,2026-10-03 04:30:00,169.4,0.4096379498832976,0.5903620501167024,0.4273504273504274,0.607843137254902,2500,3749719561
falei|a|maneiro|j,2026-10-03 01:40:36,2026-10-03 01:37:22,2026-10-03 05:30:00,229.4,0.2210958654930788,0.7789041345069214,0.24096385542168672,0.7975708502024291,1875,3749720108
bolt|a|harris|l,2026-10-03 01:40:36,2026-10-03 01:37:22,2026-10-03 03:00:00,79.4,0.18250145255399133,0.8174985474460087,0.1972386587771203,0.8313659359190556,2250,3749722985
shang|j|zverev|a,2026-10-03 01:56:21,2026-10-03 01:52:27,2026-10-03 11:00:00,543.6,0.09617677183224241,0.9038232281677576,0.11441647597254004,0.91941982272361,825,3749730854
ehrenschneider|n|matsuda|r,2026-10-03 01:56:21,2026-10-03 01:46:24,2026-10-03 02:00:00,3.6,0.653912699311627,0.34608730068837296,0.6774193548387096,0.37037037037037035,750,3749726927
schwaerzler|j|wayenburg|s,2026-10-03 01:56:21,2026-10-03 01:52:27,2026-10-03 12:30:00,633.6,0.4056640677269721,0.594335932273028,0.425531914893617,0.613899613899614,1250,3749730223
hurkacz|h|khachanov|k,2026-10-03 01:56:21,2026-10-03 01:46:24,2026-10-04 02:00:00,1443.6,0.4342458345805963,0.5657541654194037,0.4484304932735426,0.5798319327731092,3600,3749729083
cerundolo|f|mensik|j,2026-10-03 01:56:21,2026-10-03 01:52:27,2026-10-03 09:00:00,423.6,0.35245015960029746,0.6475498403997025,0.36496350364963503,0.6598639455782314,5000,3749731670
bolt|a|harris|l,2026-10-03 01:56:21,2026-10-03 01:46:24,2026-10-03 03:00:00,63.6,0.18638224733288966,0.8136177526671103,0.20120724346076457,0.8275862068965518,2250,3749725866
andreeva|e|boisson|l,2026-10-03 01:56:21,2026-10-03 01:46:24,2026-10-03 12:00:00,603.6,0.3039150661535802,0.6960849338464198,0.3236245954692557,0.715099715099715,1000,3749723582
bernet|h|chidekh|c,2026-10-03 01:56:21,2026-10-03 01:52:27,2026-10-03 14:00:00,723.6,0.38031243122660574,0.6196875687733944,0.4,0.6389891696750902,1250,3749730133
sidorova|k|zavatska|k,2026-10-03 01:56:21,2026-10-03 01:46:24,2026-10-03 05:00:00,183.6,0.6517333575010992,0.3482666424989009,0.673202614379085,0.37037037037037035,1300,3749727390
medvedev|d|struff|j,2026-10-03 01:56:21,2026-10-03 01:52:27,2026-10-03 09:00:00,423.6,0.8398904098938574,0.16010959010614267,0.8535871156661787,0.17482517482517484,2250,3749731394
charaeva|a|rybakina|e,2026-10-03 01:56:21,2026-10-03 01:52:27,2026-10-03 13:00:00,663.6,0.06364857355986148,0.9363514264401385,0.0823045267489712,0.9510044096031357,450,3749729401
jeanjean|l|ruzic|a,2026-10-03 01:56:21,2026-10-03 01:46:24,2026-10-03 13:00:00,663.6,0.4298791319611103,0.5701208680388898,0.4484304932735426,0.5884773662551441,1000,3749723458
shapovalov|d|tabilo|a,2026-10-03 01:56:21,2026-10-03 01:46:24,2026-10-03 02:09:00,12.6,0.5658554367337016,0.4341445632662984,0.5780590717299579,0.4464285714285714,5000,3749725235
falei|a|maneiro|j,2026-10-03 01:56:21,2026-10-03 01:46:24,2026-10-03 05:30:00,213.6,0.2215888680077804,0.7784111319922196,0.24154589371980673,0.7971602434077079,1875,3749727512
bellucci|m|erel|y,2026-10-03 01:56:21,2026-10-03 01:46:24,2026-10-03 05:30:00,213.6,0.7522986896263217,0.2477013103736785,0.76905311778291,0.26525198938992045,2250,3749727121
jacquet|k|munar|j,2026-10-03 02:10:14,2026-10-03 02:07:35,2026-10-04 00:00:00,1309.8,0.4145172755603552,0.5854827244396449,0.4291845493562232,0.6000000000000001,3600,3749738746
nugroho|p|okamura|k,2026-10-03 02:10:14,2026-10-03 02:07:35,2026-10-03 06:00:00,229.8,0.4396836310351271,0.5603163689648729,0.4629629629629629,0.5833333333333333,1300,3749737786
singh|d|walters|m,2026-10-03 02:10:14,2026-10-03 02:07:35,2026-10-03 06:00:00,229.8,0.6978713659918011,0.30212863400819895,0.7214484679665738,0.32679738562091504,550,3749737660
shang|j|zverev|a,2026-10-03 02:10:14,2026-10-03 02:01:31,2026-10-03 11:00:00,529.8,0.08658715726577175,0.9134128427342281,0.10438413361169102,0.9284180386542591,825,3749733397
bellucci|m|erel|y,2026-10-03 02:10:14,2026-10-03 02:07:35,2026-10-03 05:30:00,199.8,0.7522249157249132,0.24777508427508685,0.7663551401869159,0.26246719160104987,2250,3749737107
kym|j|rocha|h,2026-10-03 02:10:14,2026-10-03 02:07:35,2026-10-03 12:00:00,589.8,0.43537303634062996,0.56462696365937,0.45248868778280543,0.5815899581589958,1500,3749737724
hurrion|m|yilmaz|k,2026-10-03 02:10:14,2026-10-03 02:07:35,2026-10-03 06:00:00,229.8,0.7956164851887437,0.20438351481125622,0.8185117967332124,0.22935779816513766,550,3749737660
li|z|lu|j,2026-10-03 02:10:14,2026-10-03 02:07:35,2026-10-03 05:00:00,169.8,0.3613611880405896,0.6386388119594104,0.38314176245210724,0.6598639455782314,1750,3749737805
donald|m|manzano|j,2026-10-03 02:10:14,2026-10-03 02:01:31,2026-10-03 13:00:00,649.8,0.45428747096076744,0.5457125290392326,0.4739336492890995,0.5652173913043479,1250,3749734283
bucsa|c|sun|x,2026-10-03 02:10:14,2026-10-03 02:07:35,2026-10-03 09:00:00,409.8,0.6753905358582265,0.3246094641417736,0.6894409937888198,0.3389830508474576,3500,3749737805
berrettini|m|vallejo|a,2026-10-03 02:10:14,2026-10-03 02:07:35,2026-10-03 07:00:00,289.8,0.6098629520826196,0.39013704791738046,0.6212121212121212,0.4016064257028112,5000,3749739741
gauff|c|osorio|c,2026-10-03 02:10:14,2026-10-03 02:07:35,2026-10-03 03:00:00,49.8,0.9111258691341007,0.08887413086589929,0.9279538904899135,0.1091703056768559,575,3749738502
alcaraz|c|arnaldi|m,2026-10-03 02:10:14,2026-10-03 02:01:31,2026-10-03 03:41:00,90.8,0.9291042431940212,0.07089575680597886,0.9429549343981746,0.08779631255487269,625,3749733128
paardekooper|s|popko|d,2026-10-03 02:10:14,2026-10-03 02:07:35,2026-10-03 08:00:00,349.8,0.27904582074866485,0.7209541792513352,0.30864197530864196,0.7487437185929648,550,3749737107
ehrenschneider|n|matsuda|r,2026-10-03 02:10:14,2026-10-03 02:07:35,2026-10-03 03:00:00,49.8,0.6497100177435879,0.3502899822564121,0.673202614379085,0.37453183520599254,750,3749738540
falei|a|maneiro|j,2026-10-03 02:10:14,2026-10-03 02:07:35,2026-10-03 05:30:00,199.8,0.2218241023805066,0.7781758976194934,0.23923444976076558,0.7946611909650925,1875,3749737660
sidorova|k|zavatska|k,2026-10-03 02:10:14,2026-10-03 02:01:31,2026-10-03 05:00:00,169.8,0.6517333575010992,0.3482666424989009,0.673202614379085,0.37037037037037035,1750,3749735615
fils|a|vacherot|v,2026-10-03 02:10:14,2026-10-03 02:07:35,2026-10-04 00:00:00,1309.8,0.7886224428434041,0.21137755715659584,0.8027613412228797,0.22624434389140272,3600,3749739315
jeanjean|l|ruzic|a,2026-10-03 02:10:14,2026-10-03 02:07:35,2026-10-03 13:00:00,649.8,0.4253643740734904,0.5746356259265095,0.4444444444444444,0.5934959349593496,1000,3749738540
shapovalov|d|tabilo|a,2026-10-03 02:10:14,2026-10-03 02:07:35,2026-10-03 02:09:00,-1.2,0.5649553518941811,0.435044648105819,0.576271186440678,0.4464285714285714,5000,3749739403
djoubri|s|pree|b,2026-10-03 02:10:14,2026-10-03 02:07:35,2026-10-03 14:00:00,709.8,0.20515875271678108,0.7948412472832189,0.24038461538461536,0.8260869565217391,375,3749737724
andreeva|e|boisson|l,2026-10-03 02:41:05,2026-10-03 02:37:50,2026-10-03 12:00:00,558.9,0.3007445855112813,0.6992554144887184,0.3205128205128205,0.7183098591549296,1250,3749756853
justo|g|vera|t,2026-10-03 02:41:05,2026-10-03 02:31:42,2026-10-03 15:00:00,738.9,0.35539025661378837,0.6446097433862117,0.37453183520599254,0.6632996632996633,350,3749740099
huang|y|khamutsianskaya|d,2026-10-03 02:41:05,2026-10-03 02:31:42,2026-10-03 04:00:00,78.9,0.5171434175867502,0.4828565824132498,0.5391705069124424,0.504950495049505,1750,3749748136
dias|p|heide|g,2026-10-03 02:41:05,2026-10-03 02:31:42,2026-10-03 17:00:00,858.9,0.1850295167994048,0.8149704832005952,0.20491803278688525,0.8333333333333334,250,3749749153
saigo|r|yang|y,2026-10-03 02:41:05,2026-10-03 02:31:42,2026-10-03 04:00:00,78.9,0.5,0.5,0.5215311004784688,0.5215311004784688,1750,3749748136
pel|s|zhou|z,2026-10-03 02:41:05,2026-10-03 02:37:50,2026-10-03 07:00:00,258.9,0.6668054543697338,0.33319454563026624,0.6923076923076923,0.3597122302158273,250,3749756853
andrade|a|dietrich|d,2026-10-03 02:41:05,2026-10-03 02:37:50,2026-10-03 16:30:00,828.9,0.30257235729193793,0.6974276427080621,0.3225806451612903,0.71671388101983,350,3749756722
bernet|h|chidekh|c,2026-10-03 02:41:05,2026-10-03 02:37:50,2026-10-03 14:30:00,708.9,0.38689559499948684,0.6131044050005131,0.4065040650406504,0.6323529411764706,1500,3749754592
nugroho|p|okamura|k,2026-10-03 02:41:05,2026-10-03 02:37:50,2026-10-03 06:00:00,198.9,0.43950930609921285,0.5604906939007871,0.4608294930875576,0.5815899581589958,1300,3749754485
falei|a|maneiro|j,2026-10-03 02:41:05,2026-10-03 02:37:50,2026-10-03 05:30:00,168.9,0.2218241023805066,0.7781758976194934,0.23923444976076558,0.7946611909650925,2500,3749754320
sanchis|d|torre|i,2026-10-03 02:41:05,2026-10-03 02:37:50,2026-10-03 10:05:00,443.9,0.28969918579232184,0.7103008142076781,0.3067484662576687,0.7267759562841529,1800,3749755490
nijboer|r|ritschard|a,2026-10-03 02:41:05,2026-10-03 02:37:50,2026-10-03 08:30:00,348.9,0.293096484578179,0.7069035154218208,0.3225806451612903,0.7347480106100795,550,3749754399
erler|r|tracy|f,2026-10-03 02:41:05,2026-10-03 02:37:50,2026-10-03 08:30:00,348.9,0.3781250688795766,0.6218749311204232,0.40485829959514175,0.647887323943662,250,3749756853
vavassori|s|zielinski|m,2026-10-03 02:41:05,2026-10-03 02:31:42,2026-10-03 06:30:00,228.9,0.6126927108448337,0.3873072891551664,0.6363636363636364,0.41152263374485604,1250,3749747458
halys|q|minaur|a,2026-10-03 02:41:05,2026-10-03 02:37:50,2026-10-03 03:00:00,18.9,0.27174464123184655,0.7282553587681534,0.2840909090909091,0.7402597402597403,5000,3749755535
shi|h|yuan|c,2026-10-03 02:41:05,2026-10-03 02:31:42,2026-10-03 04:00:00,78.9,0.888152315277518,0.11184768472248195,0.911660777385159,0.14064697609001406,300,3749748136
kym|j|rocha|h,2026-10-03 02:41:05,2026-10-03 02:37:50,2026-10-03 12:00:00,558.9,0.43817645028877095,0.561823549711229,0.45454545454545453,0.5780590717299579,1800,3749755874
schwaerzler|j|wayenburg|s,2026-10-03 02:41:05,2026-10-03 02:37:50,2026-10-03 12:30:00,588.9,0.4056640677269721,0.594335932273028,0.425531914893617,0.613899613899614,1500,3749754687
pieri|s|sachko|v,2026-10-03 02:41:05,2026-10-03 02:31:42,2026-10-03 10:30:00,468.9,0.24375386850010092,0.7562461314998993,0.2638522427440633,0.7752808988764045,1500,3749747199
berrettini|m|vallejo|a,2026-10-03 02:41:05,2026-10-03 02:31:42,2026-10-03 07:00:00,258.9,0.605976652390012,0.394023347609988,0.6183206106870228,0.4065040650406504,5000,3749741208
donald|m|manzano|j,2026-10-03 02:41:05,2026-10-03 02:31:42,2026-10-03 13:00:00,618.9,0.4481610474573681,0.5518389525426317,0.4672897196261683,0.5708154506437768,1500,3749751525
humbert|u|lehecka|j,2026-10-03 02:41:05,2026-10-03 02:31:42,2026-10-03 09:00:00,378.9,0.4043521250133533,0.5956478749866466,0.4166666666666667,0.607843137254902,5000,3749741543
sato|n|sawashiro|k,2026-10-03 02:41:05,2026-10-03 02:37:50,2026-10-03 03:36:00,54.9,0.7116321147641232,0.2883678852358769,0.7435897435897436,0.3225806451612903,375,3749756576
fernandez|l|rakhimova|k,2026-10-03 02:41:05,2026-10-03 02:31:42,2026-10-03 06:00:00,198.9,0.7552191960415952,0.24478080395840493,0.7695852534562212,0.2597402597402597,3500,3749746374
krueger|m|shelbayh|a,2026-10-03 02:41:05,2026-10-03 02:31:42,2026-10-03 18:30:00,948.9,0.4481610474573681,0.5518389525426317,0.4672897196261683,0.5708154506437768,350,3749748418
jeanjean|l|ruzic|a,2026-10-03 02:41:05,2026-10-03 02:37:50,2026-10-03 13:00:00,618.9,0.4253643740734904,0.5746356259265095,0.4444444444444444,0.5934959349593496,1250,3749756774
bellucci|m|erel|y,2026-10-03 02:41:05,2026-10-03 02:37:50,2026-10-03 05:30:00,168.9,0.7522249157249132,0.24777508427508685,0.7663551401869159,0.26246719160104987,3000,3749753978
lee|h|sun|y,2026-10-03 03:03:47,2026-10-03 03:01:53,2026-10-03 04:30:00,86.2,0.6484718263385891,0.351528173661411,0.6721311475409836,0.37593984962406013,750,3749762610
lansere|s|qu|y,2026-10-03 03:03:47,2026-10-03 03:01:53,2026-10-03 08:00:00,296.2,0.6681659010658343,0.33183409893416543,0.691358024691358,0.35587188612099646,200,3749758665
jeanjean|l|ruzic|a,2026-10-03 03:03:47,2026-10-03 03:01:53,2026-10-03 14:00:00,656.2,0.4253643740734904,0.5746356259265095,0.4444444444444444,0.5934959349593496,1500,3749757009
biolay|s|santiago|m,2026-10-03 03:03:47,2026-10-03 03:01:53,2026-10-03 09:00:00,356.2,0.6729898169199791,0.32701018308002094,0.7005988023952096,0.35587188612099646,550,3749767701
bonding|o|coquelin|h,2026-10-03 03:03:47,2026-10-03 03:01:53,2026-10-03 15:00:00,716.2,0.8357452439439966,0.1642547560560034,0.8655913978494624,0.19920318725099603,250,3749760592
dahlin|m|tomizawa|n,2026-10-03 03:03:47,2026-10-03 03:01:53,2026-10-03 15:00:00,716.2,0.8153172675198376,0.1846827324801626,0.8459167950693375,0.21978021978021978,250,3749766343
jiang|z|luo|x,2026-10-03 03:03:47,2026-10-03 03:01:53,2026-10-03 04:30:00,86.2,0.3356956711091377,0.6643043288908622,0.3597122302158273,0.6875,750,3749762610
andrade|a|dietrich|d,2026-10-03 03:03:47,2026-10-03 03:01:53,2026-10-03 16:30:00,806.2,0.3039150661535802,0.6960849338464198,0.3236245954692557,0.715099715099715,350,3749757849
kartal|s|wang|x,2026-10-03 03:03:47,2026-10-03 03:01:53,2026-10-03 11:26:00,502.2,0.5047174010164595,0.4952825989835406,0.5192307692307692,0.5098039215686274,3500,3749766216
verwerft|l|wyk|k,2026-10-03 03:03:47,2026-10-03 03:01:53,2026-10-03 09:00:00,356.2,0.6442644615668934,0.3557355384331067,0.6721311475409836,0.3846153846153846,550,3749767701
lopez|n|meerschen|m,2026-10-03 03:03:47,2026-10-03 03:01:53,2026-10-03 09:00:00,356.2,0.27786685743856737,0.7221331425614327,0.3125,0.7542997542997544,375,3749762224
shi|h|yuan|c,2026-10-03 03:03:47,2026-10-03 03:01:53,2026-10-03 04:00:00,56.2,0.8777942974791996,0.12220570252080047,0.9001996007984032,0.1488095238095238,575,3749766322
bencic|b|zakharova|a,2026-10-03 03:03:47,2026-10-03 03:01:53,2026-10-03 07:26:00,262.2,0.7999349656510502,0.20006503434894995,0.8141263940520447,0.2150537634408602,2625,3749766216
birrell|k|bouzkova|m,2026-10-03 03:03:47,2026-10-03 03:01:53,2026-10-03 09:17:00,373.2,0.3230675249508634,0.6769324750491366,0.33783783783783783,0.691358024691358,3500,3749762610
bertimon|c|mashtakov|n,2026-10-03 03:03:47,2026-10-03 03:01:53,2026-10-03 10:30:00,446.2,0.1565365698913821,0.8434634301086179,0.19157088122605365,0.8730964467005076,375,3749762399
siniakova|k|svitolina|e,2026-10-03 03:03:47,2026-10-03 03:01:53,2026-10-03 05:17:00,133.2,0.24037730122666323,0.7596226987733368,0.25510204081632654,0.7737556561085973,3500,3749762610
jones|h|pham|d,2026-10-03 03:03:47,2026-10-03 03:01:53,2026-10-03 07:00:00,236.2,0.5544122104497016,0.44558778955029815,0.5780590717299579,0.4694835680751174,750,3749767701
paardekooper|s|popko|d,2026-10-03 03:03:47,2026-10-03 03:01:53,2026-10-03 07:00:00,236.2,0.2801746555499159,0.7198253444500842,0.30959752321981426,0.7474747474747475,550,3749762815
krueger|a|li|a,2026-10-03 03:03:47,2026-10-03 03:01:53,2026-10-03 03:18:00,14.2,0.44682300904411665,0.5531769909558835,0.4608294930875576,0.5670995670995671,3500,3749767173
mertens|e|volynets|k,2026-10-03 03:03:47,2026-10-03 03:01:53,2026-10-03 04:00:00,56.2,0.5312069086717481,0.468793091328252,0.5454545454545454,0.48309178743961345,3500,3749765889
medvedev|d|struff|j,2026-10-03 03:03:47,2026-10-03 03:01:53,2026-10-03 09:26:00,382.2,0.8398904098938574,0.16010959010614267,0.8535871156661787,0.17482517482517484,2800,3749766460
rublev|a|safiullin|r,2026-10-03 03:03:47,2026-10-03 03:01:53,2026-10-03 05:26:00,142.2,0.5732747888919816,0.42672521110801853,0.5850622406639003,0.43859649122807015,5000,3749766460
rajecki|m|shubladze|s,2026-10-03 03:03:47,2026-10-03 03:01:53,2026-10-03 08:30:00,326.2,0.5,0.5,0.5412844036697247,0.5412844036697247,125,3749762316
bax|f|hemery|c,2026-10-03 03:03:47,2026-10-03 03:01:53,2026-10-03 09:00:00,356.2,0.39534374517951976,0.6046562548204802,0.42372881355932196,0.6323529411764706,550,3749767701
schwaerzler|j|wayenburg|s,2026-10-03 03:03:47,2026-10-03 03:01:53,2026-10-03 12:30:00,566.2,0.4047747036924843,0.5952252963075155,0.42372881355932196,0.613899613899614,1500,3749764582
alcaraz|c|arnaldi|m,2026-10-03 03:03:47,2026-10-03 03:01:53,2026-10-03 03:41:00,37.2,0.9289089899589952,0.0710910100410049,0.9427917620137299,0.08802816901408451,625,3749768033
fernandez|l|rakhimova|k,2026-10-03 03:03:47,2026-10-03 03:01:53,2026-10-03 07:18:00,254.2,0.7552191960415952,0.24478080395840493,0.7695852534562212,0.2597402597402597,3500,3749763590
hunter|s|sakkari|m,2026-10-03 03:03:47,2026-10-03 03:01:53,2026-10-03 05:20:00,136.2,0.2920521337530989,0.7079478662469012,0.3067484662576687,0.7222222222222222,3500,3749764462
bucsa|c|sun|x,2026-10-03 03:03:47,2026-10-03 03:01:53,2026-10-03 09:18:00,374.2,0.6753905358582265,0.3246094641417736,0.6894409937888198,0.3389830508474576,3500,3749763590
gima|s|turcanu|r,2026-10-03 03:03:47,2026-10-03 03:01:53,2026-10-03 11:00:00,476.2,0.41792618647802415,0.5820738135219758,0.4504504504504505,0.613899613899614,375,3749763545
andreeva|e|boisson|l,2026-10-03 03:03:47,2026-10-03 03:01:53,2026-10-03 12:00:00,536.2,0.3007445855112813,0.6992554144887184,0.3205128205128205,0.7183098591549296,1500,3749757047
badosa|p|ostapenko|j,2026-10-03 03:03:47,2026-10-03 03:01:53,2026-10-03 05:18:00,134.2,0.5946891817518234,0.40531081824817666,0.609375,0.42016806722689076,3500,3749763590
gauff|c|osorio|c,2026-10-03 03:03:47,2026-10-03 03:01:53,2026-10-03 03:18:00,14.2,0.9132424295489833,0.08675757045101652,0.9299229152067273,0.10695187165775401,575,3749763992
cerundolo|f|mensik|j,2026-10-03 03:03:47,2026-10-03 03:01:53,2026-10-03 11:18:00,494.2,0.35245015960029746,0.6475498403997025,0.36496350364963503,0.6598639455782314,5000,3749763590
houkes|m|lock|b,2026-10-03 03:03:47,2026-10-03 03:01:53,2026-10-03 10:30:00,446.2,0.8962777635047446,0.10372223649525512,0.9224204809930178,0.13736263736263735,375,3749763105
sato|n|sawashiro|k,2026-10-03 03:03:47,2026-10-03 03:01:53,2026-10-03 04:30:00,86.2,0.7132673295069818,0.28673267049301815,0.7368421052631579,0.3115264797507788,750,3749764999
dart|h|jovic|i,2026-10-03 03:03:47,2026-10-03 03:01:53,2026-10-03 07:17:00,253.2,0.09169266152695467,0.9083073384730451,0.11210762331838565,0.9253174010455564,575,3749762610
humbert|u|lehecka|j,2026-10-03 03:03:47,2026-10-03 03:01:53,2026-10-03 09:00:00,356.2,0.4059959190236991,0.594004080976301,0.4184100418410042,0.6062992125984252,5000,3749757669
halys|q|minaur|a,2026-10-03 03:03:47,2026-10-03 03:01:53,2026-10-03 03:09:00,5.2,0.27433597379573726,0.7256640262042627,0.28653295128939826,0.7375328083989502,5000,3749763206
papamalamis|t|rozin|s,2026-10-03 03:03:47,2026-10-03 03:01:53,2026-10-03 15:00:00,716.2,0.5380489939190274,0.46195100608097267,0.5708154506437768,0.49504950495049505,250,3749766152
bolt|a|harris|l,2026-10-03 03:03:47,2026-10-03 02:52:52,2026-10-03 03:00:00,-3.8,0.18518518518518515,0.8148148148148149,0.2,0.8287671232876712,2250,3749763992
pigato|l|swan|k,2026-10-03 03:34:02,2026-10-03 03:32:04,2026-10-03 09:00:00,325.9,0.3782903789861324,0.6217096210138676,0.4065040650406504,0.6491228070175439,550,3749775840
dart|h|jovic|i,2026-10-03 03:34:02,2026-10-03 03:32:04,2026-10-03 06:59:00,204.9,0.09169266152695467,0.9083073384730451,0.11210762331838565,0.9253174010455564,575,3749771868
medvedev|d|struff|j,2026-10-03 03:34:02,2026-10-03 03:32:04,2026-10-03 09:00:00,325.9,0.8398904098938574,0.16010959010614267,0.8535871156661787,0.17482517482517484,2800,3749773487
hunter|s|sakkari|m,2026-10-03 03:34:02,2026-10-03 03:32:04,2026-10-03 05:01:00,86.9,0.2920521337530989,0.7079478662469012,0.3067484662576687,0.7222222222222222,3500,3749773886
badosa|p|ostapenko|j,2026-10-03 03:34:02,2026-10-03 03:32:04,2026-10-03 05:00:00,85.9,0.5871969383542082,0.41280306164579184,0.601593625498008,0.4273504273504274,3500,3749781041
papamalamis|t|rozin|s,2026-10-03 03:34:02,2026-10-03 03:32:04,2026-10-03 15:00:00,685.9,0.5380489939190274,0.46195100608097267,0.5708154506437768,0.49504950495049505,375,3749768311
sidorova|k|zavatska|k,2026-10-03 03:34:02,2026-10-03 03:32:04,2026-10-03 06:30:00,175.9,0.6517333575010992,0.3482666424989009,0.673202614379085,0.37037037037037035,1750,3749777694
kartal|s|wang|x,2026-10-03 03:34:02,2026-10-03 03:32:04,2026-10-03 11:00:00,445.9,0.5047174010164595,0.4952825989835406,0.5192307692307692,0.5098039215686274,3500,3749773487
rajecki|m|shubladze|s,2026-10-03 03:34:02,2026-10-03 03:32:04,2026-10-03 08:30:00,295.9,0.4999999999999999,0.4999999999999999,0.5370370370370371,0.5370370370370371,250,3749770555
krueger|m|shelbayh|a,2026-10-03 03:34:02,2026-10-03 03:32:04,2026-10-03 18:30:00,895.9,0.4481610474573681,0.5518389525426317,0.4672897196261683,0.5708154506437768,500,3749770564
erler|r|tracy|f,2026-10-03 03:34:02,2026-10-03 03:32:04,2026-10-03 08:30:00,295.9,0.3936001847740686,0.6063998152259314,0.42016806722689076,0.6323529411764706,450,3749777012
lopez|n|meerschen|m,2026-10-03 03:34:02,2026-10-03 03:32:04,2026-10-03 09:00:00,325.9,0.293096484578179,0.7069035154218208,0.3225806451612903,0.7347480106100795,550,3749768350
li|z|lu|j,2026-10-03 03:34:02,2026-10-03 03:32:04,2026-10-03 06:30:00,175.9,0.3613611880405896,0.6386388119594104,0.38314176245210724,0.6598639455782314,1750,3749777694
nijboer|r|ritschard|a,2026-10-03 03:34:02,2026-10-03 03:32:04,2026-10-03 09:00:00,325.9,0.29223177484860147,0.7077682251513983,0.3215434083601286,0.7354497354497355,550,3749770959
ivanov|v|ruiz|c,2026-10-03 03:34:02,2026-10-03 03:32:04,2026-10-03 10:30:00,415.9,0.520778178696458,0.4792218213035419,0.5535714285714286,0.5121951219512195,375,3749776003
fernandez|l|rakhimova|k,2026-10-03 03:34:02,2026-10-03 03:32:04,2026-10-03 07:00:00,205.9,0.7552191960415952,0.24478080395840493,0.7695852534562212,0.2597402597402597,3500,3749772490
shi|h|yuan|c,2026-10-03 03:34:02,2026-10-03 03:32:04,2026-10-03 05:00:00,85.9,0.8777942974791996,0.12220570252080047,0.9001996007984032,0.1488095238095238,575,3749777694
hoeyeraal|h|hoole|c,2026-10-03 03:34:02,2026-10-03 03:32:04,2026-10-03 05:30:00,115.9,0.3807126399800214,0.6192873600199787,0.40485829959514175,0.6428571428571428,550,3749772279
pel|s|zhou|z,2026-10-03 03:34:02,2026-10-03 03:32:04,2026-10-03 07:00:00,205.9,0.6463903378494004,0.3536096621505997,0.6721311475409836,0.3802281368821293,450,3749775770
banuls|c|hesse|a,2026-10-03 03:34:02,2026-10-03 03:32:04,2026-10-03 09:00:00,325.9,0.5959028593232604,0.4040971406767396,0.6240601503759399,0.4329004329004329,550,3749776384
dotsenko|e|mi|l,2026-10-03 03:34:02,2026-10-03 03:32:04,2026-10-03 09:00:00,325.9,0.6252621697482417,0.37473783025175833,0.6575342465753424,0.4081632653061224,375,3749781938
cerundolo|f|mensik|j,2026-10-03 03:34:02,2026-10-03 03:32:04,2026-10-03 11:00:00,445.9,0.35245015960029746,0.6475498403997025,0.36496350364963503,0.6598639455782314,5000,3749773487
birrell|k|bouzkova|m,2026-10-03 03:34:02,2026-10-03 03:32:04,2026-10-03 08:59:00,324.9,0.3230675249508634,0.6769324750491366,0.33783783783783783,0.691358024691358,3500,3749771868
bonding|o|coquelin|h,2026-10-03 03:34:02,2026-10-03 03:32:04,2026-10-03 15:00:00,685.9,0.8357452439439966,0.1642547560560034,0.8655913978494624,0.19920318725099603,375,3749768690
rublev|a|safiullin|r,2026-10-03 03:34:02,2026-10-03 03:32:04,2026-10-03 05:00:00,85.9,0.5732747888919816,0.42672521110801853,0.5850622406639003,0.43859649122807015,5000,3749773487
broek|i|nahimana|s,2026-10-03 03:34:02,2026-10-03 03:32:04,2026-10-03 12:30:00,535.9,0.5630968313923191,0.43690316860768086,0.5951417004048584,0.4694835680751174,375,3749776345
bencic|b|zakharova|a,2026-10-03 03:34:02,2026-10-03 03:32:04,2026-10-03 07:00:00,205.9,0.7999349656510502,0.20006503434894995,0.8141263940520447,0.2150537634408602,2625,3749773487
huang|y|khamutsianskaya|d,2026-10-03 03:34:02,2026-10-03 03:32:04,2026-10-03 05:00:00,85.9,0.5171434175867502,0.4828565824132498,0.5391705069124424,0.504950495049505,1750,3749777694
bucsa|c|sun|x,2026-10-03 03:34:02,2026-10-03 03:32:04,2026-10-03 09:00:00,325.9,0.6753905358582265,0.3246094641417736,0.6894409937888198,0.3389830508474576,3500,3749772490
maria|t|mcdonald|e,2026-10-03 03:34:02,2026-10-03 03:32:04,2026-10-04 00:00:00,1225.9,0.8098061244535946,0.19019387554640538,0.8405103668261563,0.22522522522522526,250,3749780064
andrade|a|dietrich|d,2026-10-03 03:34:02,2026-10-03 03:32:04,2026-10-03 16:30:00,775.9,0.3039150661535802,0.6960849338464198,0.3236245954692557,0.715099715099715,500,3749770630
justo|g|vera|t,2026-10-03 03:34:02,2026-10-03 03:32:04,2026-10-03 15:00:00,685.9,0.348046522574496,0.6519534774255041,0.36764705882352944,0.6710526315789473,500,3749770640
nugroho|p|okamura|k,2026-10-03 03:34:02,2026-10-03 03:32:04,2026-10-03 06:00:00,145.9,0.43950930609921285,0.5604906939007871,0.4608294930875576,0.5815899581589958,1750,3749768767
dahlin|m|tomizawa|n,2026-10-03 03:34:02,2026-10-03 03:32:04,2026-10-03 15:00:00,685.9,0.8153172675198376,0.1846827324801626,0.8459167950693375,0.21978021978021978,375,3749768690
alcaraz|c|arnaldi|m,2026-10-03 03:34:02,2026-10-03 03:32:04,2026-10-03 04:09:00,34.9,0.9272478858275055,0.07275211417249448,0.9412455934195065,0.08976660682226212,625,3749782224
canas|a|jong|s,2026-10-03 03:34:02,2026-10-03 03:32:04,2026-10-03 11:00:00,445.9,0.6563079138872809,0.3436920861127194,0.6884735202492213,0.37735849056603776,375,3749770882
dias|p|heide|g,2026-10-03 03:34:02,2026-10-03 03:32:04,2026-10-03 17:00:00,805.9,0.1850295167994048,0.8149704832005952,0.20491803278688525,0.8333333333333334,375,3749770630
paardekooper|s|popko|d,2026-10-03 03:34:02,2026-10-03 03:32:04,2026-10-03 07:00:00,205.9,0.28035205539112124,0.7196479446088788,0.3048780487804878,0.7429305912596401,550,3749768311
rouvroy|m|vedder|e,2026-10-03 03:34:02,2026-10-03 03:32:04,2026-10-03 10:30:00,415.9,0.37677756350854064,0.6232224364914594,0.4098360655737705,0.6551724137931035,375,3749775629
saigo|r|yang|y,2026-10-03 03:34:02,2026-10-03 03:32:04,2026-10-03 05:00:00,85.9,0.5,0.5,0.5215311004784688,0.5215311004784688,1750,3749777694
gao|x|swiatek|i,2026-10-03 03:34:02,2026-10-03 03:32:04,2026-10-03 05:00:00,85.9,0.02767046243256106,0.9723295375674389,0.041684035014589414,0.9817218058855786,450,3749777808
siniakova|k|svitolina|e,2026-10-03 03:34:02,2026-10-03 03:32:04,2026-10-03 04:59:00,84.9,0.24037730122666323,0.7596226987733368,0.25510204081632654,0.7737556561085973,3500,3749771868
sato|n|sawashiro|k,2026-10-03 03:34:02,2026-10-03 03:32:04,2026-10-03 04:38:00,63.9,0.7132673295069818,0.28673267049301815,0.7368421052631579,0.3115264797507788,750,3749781226
demanet|e|duran|t,2026-10-03 03:34:02,2026-10-03 03:32:04,2026-10-03 09:00:00,325.9,0.4530059123359965,0.5469940876640035,0.4807692307692307,0.574468085106383,550,3749768690
sato|n|sawashiro|k,2026-10-03 03:58:20,2026-10-03 03:47:12,2026-10-03 04:47:00,48.6,0.7346921103277578,0.2653078896722422,0.7578692493946732,0.2898550724637681,750,3749785527
lansere|s|qu|y,2026-10-03 03:58:20,2026-10-03 03:47:12,2026-10-03 08:00:00,241.6,0.6681659010658343,0.33183409893416543,0.691358024691358,0.35587188612099646,275,3749786663
rybas|f|zhenikhova|s,2026-10-03 03:58:20,2026-10-03 03:47:12,2026-10-03 07:30:00,211.6,0.8169801577980799,0.18301984220192025,0.8394863563402889,0.20790020790020788,550,3749782658
gao|x|swiatek|i,2026-10-03 03:58:20,2026-10-03 03:47:12,2026-10-03 05:00:00,61.6,0.02799077248876001,0.9720092275112401,0.04206983592763988,0.9814677538917715,450,3749783437
bucsa|c|sun|x,2026-10-03 03:58:20,2026-10-03 03:47:12,2026-10-03 08:45:00,286.6,0.6753905358582265,0.3246094641417736,0.6894409937888198,0.3389830508474576,3500,3749784255
dahlin|m|tomizawa|n,2026-10-03 03:58:20,2026-10-03 03:47:12,2026-10-03 15:00:00,661.6,0.8200547853417635,0.17994521465823654,0.8505231689088191,0.2150537634408602,375,3749786017
rajecki|m|shubladze|s,2026-10-03 03:58:20,2026-10-03 03:53:39,2026-10-03 08:30:00,271.6,0.4999999999999999,0.4999999999999999,0.5370370370370371,0.5370370370370371,450,3749788698
boitan|g|zgola|b,2026-10-03 03:58:20,2026-10-03 03:47:12,2026-10-03 09:30:00,331.6,0.9190882036148914,0.0809117963851087,0.939903846153846,0.10810810810810811,550,3749782744
nugroho|p|okamura|k,2026-10-03 03:58:20,2026-10-03 03:47:12,2026-10-03 06:30:00,151.6,0.43950930609921285,0.5604906939007871,0.4608294930875576,0.5815899581589958,1750,3749786158
popa|g|sakellaridi|s,2026-10-03 03:58:20,2026-10-03 03:47:12,2026-10-03 07:30:00,211.6,0.6497100177435879,0.3502899822564121,0.673202614379085,0.37453183520599254,550,3749782658
cerundolo|f|mensik|j,2026-10-03 03:58:20,2026-10-03 03:47:12,2026-10-03 10:45:00,406.6,0.35245015960029746,0.6475498403997025,0.36496350364963503,0.6598639455782314,5000,3749784255
dotsenko|e|mi|l,2026-10-03 03:58:20,2026-10-03 03:47:12,2026-10-03 09:00:00,301.6,0.6258161674983517,0.3741838325016484,0.6539792387543253,0.40322580645161293,550,3749784052
dart|h|jovic|i,2026-10-03 03:58:20,2026-10-03 03:47:12,2026-10-03 06:51:00,172.6,0.09169266152695467,0.9083073384730451,0.11210762331838565,0.9253174010455564,575,3749786626
birrell|k|bouzkova|m,2026-10-03 03:58:20,2026-10-03 03:47:12,2026-10-03 08:51:00,292.6,0.3230675249508634,0.6769324750491366,0.33783783783783783,0.691358024691358,3500,3749786611
fernandez|l|rakhimova|k,2026-10-03 03:58:20,2026-10-03 03:47:12,2026-10-03 06:45:00,166.6,0.7552191960415952,0.24478080395840493,0.7695852534562212,0.2597402597402597,3500,3749784255
hoeyeraal|h|hoole|c,2026-10-03 03:58:20,2026-10-03 03:47:12,2026-10-03 05:30:00,91.6,0.3807126399800214,0.6192873600199787,0.40485829959514175,0.6428571428571428,750,3749782744
alcaraz|c|arnaldi|m,2026-10-03 03:58:20,2026-10-03 03:47:12,2026-10-03 04:46:00,47.6,0.9272478858275055,0.07275211417249448,0.9412455934195065,0.08976660682226212,625,3749784622
justo|g|vera|t,2026-10-03 04:21:03,2026-10-03 04:17:21,2026-10-03 15:00:00,638.9,0.33921019053286244,0.6607898094671376,0.35842293906810035,0.6794871794871794,750,3749797215
hurrion|m|yilmaz|k,2026-10-03 04:21:03,2026-10-03 04:17:21,2026-10-03 06:00:00,98.9,0.7956164851887437,0.20438351481125622,0.8185117967332124,0.22935779816513766,750,3749794918
moyano|l|sanchez|a,2026-10-03 04:21:03,2026-10-03 04:17:21,2026-10-03 17:00:00,758.9,0.14244542361782528,0.8575545763821748,0.18248175182481752,0.88998899889989,75,3749800887
dias|p|heide|g,2026-10-03 04:21:03,2026-10-03 04:17:21,2026-10-03 17:00:00,758.9,0.1850295167994048,0.8149704832005952,0.20491803278688525,0.8333333333333334,550,3749797215
andrade|a|dietrich|d,2026-10-03 04:21:03,2026-10-03 04:17:21,2026-10-03 16:30:00,728.9,0.3039150661535802,0.6960849338464198,0.3236245954692557,0.715099715099715,750,3749797215
pigato|l|swan|k,2026-10-03 04:21:03,2026-10-03 04:17:21,2026-10-03 09:00:00,278.9,0.40815177643714146,0.5918482235628587,0.4366812227074236,0.6197718631178707,550,3749801677
risso|l|urrutia|m,2026-10-03 04:21:03,2026-10-03 04:17:21,2026-10-03 16:00:00,698.9,0.6743337113049839,0.3256662886950162,0.7101449275362319,0.36363636363636365,75,3749798498
bowers|a|sharma|a,2026-10-03 04:21:03,2026-10-03 04:17:21,2026-10-03 18:00:00,818.9,0.12243027094676792,0.8775697290532322,0.15673981191222572,0.9052132701421802,250,3749799596
brengle|m|pareja|j,2026-10-03 04:21:03,2026-10-03 04:17:21,2026-10-04 00:00:00,1178.9,0.2695002355961033,0.7304997644038967,0.30864197530864196,0.7663551401869159,75,3749799846
bencic|b|zakharova|a,2026-10-03 04:21:03,2026-10-03 04:17:21,2026-10-03 07:19:00,177.9,0.7999349656510502,0.20006503434894995,0.8141263940520447,0.2150537634408602,2625,3749798216
kartal|s|wang|x,2026-10-03 04:21:03,2026-10-03 04:17:21,2026-10-03 11:19:00,417.9,0.5047174010164595,0.4952825989835406,0.5192307692307692,0.5098039215686274,3500,3749798216
nijkamp|r|refaat|m,2026-10-03 04:21:03,2026-10-03 04:17:21,2026-10-03 18:00:00,818.9,0.42328083421308726,0.5767191657869128,0.4566210045662101,0.609375,250,3749799596
bucsa|c|sun|x,2026-10-03 04:21:03,2026-10-03 04:17:21,2026-10-03 08:45:00,263.9,0.6753905358582265,0.3246094641417736,0.6894409937888198,0.3389830508474576,3500,3749801766
schwaerzler|j|wayenburg|s,2026-10-03 04:21:03,2026-10-03 04:17:21,2026-10-03 12:30:00,488.9,0.4047747036924843,0.5952252963075155,0.42372881355932196,0.613899613899614,1500,3749794275
singh|d|walters|m,2026-10-03 04:21:03,2026-10-03 04:17:21,2026-10-03 06:00:00,98.9,0.6978713659918011,0.30212863400819895,0.7214484679665738,0.32679738562091504,750,3749794918
rublev|a|safiullin|r,2026-10-03 04:21:03,2026-10-03 04:17:21,2026-10-03 05:19:00,57.9,0.5830291017896844,0.4169708982103156,0.5951417004048584,0.4291845493562232,5000,3749801862
sato|n|sawashiro|k,2026-10-03 04:21:03,2026-10-03 04:17:21,2026-10-03 04:15:03,-6.0,0.7397812779895799,0.2602187220104202,0.7630331753554502,0.2849002849002849,750,3749796108
fernandez|l|rakhimova|k,2026-10-03 04:21:03,2026-10-03 04:17:21,2026-10-03 06:45:00,143.9,0.7552191960415952,0.24478080395840493,0.7695852534562212,0.2597402597402597,3500,3749801766
krueger|m|shelbayh|a,2026-10-03 04:21:03,2026-10-03 04:17:21,2026-10-03 18:30:00,848.9,0.4481610474573681,0.5518389525426317,0.4672897196261683,0.5708154506437768,750,3749797142
braswell|j|mosejczuk|d,2026-10-03 04:21:03,2026-10-03 04:17:21,2026-10-03 16:00:00,698.9,0.4071112555362966,0.5928887444637034,0.44052863436123346,0.6254681647940076,375,3749794960
medvedev|d|struff|j,2026-10-03 04:21:03,2026-10-03 04:17:21,2026-10-03 09:19:00,297.9,0.8418999909530511,0.1581000090469489,0.8554913294797688,0.17271157167530224,2800,3749798670
alcaraz|c|arnaldi|m,2026-10-03 04:21:03,2026-10-03 04:17:21,2026-10-03 04:46:00,24.9,0.9299214533925928,0.07007854660740717,0.943725379853686,0.08695652173913043,625,3749798910
cerundolo|f|mensik|j,2026-10-03 04:21:03,2026-10-03 04:17:21,2026-10-03 10:45:00,383.9,0.35245015960029746,0.6475498403997025,0.36496350364963503,0.6598639455782314,5000,3749801766
jones|e|shubladze|a,2026-10-03 04:39:07,2026-10-03 04:32:28,2026-10-03 04:30:00,-9.1,0.4096379498832976,0.5903620501167024,0.4273504273504274,0.607843137254902,2500,3749807605
erler|r|tracy|f,2026-10-03 04:39:07,2026-10-03 04:32:28,2026-10-03 08:30:00,230.9,0.3936001847740686,0.6063998152259314,0.42016806722689076,0.6323529411764706,625,3749802050
moyano|l|sanchez|a,2026-10-03 04:39:07,2026-10-03 04:32:28,2026-10-03 17:00:00,740.9,0.14624423611881976,0.8537557638811805,0.1811594202898551,0.882903981264637,150,3749802243
kalinskaya|a|zheng|q,2026-10-03 04:39:07,2026-10-03 04:32:28,2026-10-03 06:30:00,110.9,0.38359864035209496,0.6164013596479049,0.39840637450199207,0.6309963099630996,3500,3749807847
boitan|g|zgola|b,2026-10-03 04:39:07,2026-10-03 04:38:49,2026-10-03 09:30:00,290.9,0.9165943475645008,0.08340565243549919,0.9376558603491272,0.1107419712070875,550,3749809802
siniakova|k|svitolina|e,2026-10-03 04:39:07,2026-10-03 04:32:28,2026-10-03 04:59:00,19.9,0.23699386005302647,0.7630061399469735,0.2518891687657431,0.7772828507795101,3500,3749807077
risso|l|urrutia|m,2026-10-03 04:39:07,2026-10-03 04:32:28,2026-10-03 16:00:00,680.9,0.6739359079333098,0.3260640920666902,0.7058823529411764,0.3597122302158273,375,3749804286
hurkacz|h|khachanov|k,2026-10-03 04:39:07,2026-10-03 04:38:49,2026-10-04 02:00:00,1280.9,0.4296285963740005,0.5703714036259995,0.4444444444444444,0.5850622406639003,3600,3749809279
humbert|u|lehecka|j,2026-10-03 04:39:07,2026-10-03 04:32:28,2026-10-03 09:00:00,260.9,0.4059959190236991,0.594004080976301,0.4184100418410042,0.6062992125984252,5000,3749804398
sidorova|k|zavatska|k,2026-10-03 04:39:07,2026-10-03 04:32:28,2026-10-03 08:00:00,200.9,0.6517333575010992,0.3482666424989009,0.673202614379085,0.37037037037037035,1750,3749807441
li|z|lu|j,2026-10-03 04:39:07,2026-10-03 04:38:49,2026-10-03 08:00:00,200.9,0.3613611880405896,0.6386388119594104,0.38314176245210724,0.6598639455782314,1750,3749808221
pel|s|zhou|z,2026-10-03 04:39:07,2026-10-03 04:32:28,2026-10-03 07:00:00,140.9,0.6463903378494004,0.3536096621505997,0.6721311475409836,0.3802281368821293,625,3749802050
ivanov|v|ruiz|c,2026-10-03 04:39:07,2026-10-03 04:38:49,2026-10-03 10:30:00,350.9,0.5201218213325326,0.4798781786674674,0.5475113122171946,0.5073891625615764,550,3749808221
huang|y|khamutsianskaya|d,2026-10-03 04:39:07,2026-10-03 04:32:28,2026-10-03 06:30:00,110.9,0.5171434175867502,0.4828565824132498,0.5391705069124424,0.504950495049505,1750,3749804056
hunter|s|sakkari|m,2026-10-03 04:39:07,2026-10-03 04:38:49,2026-10-03 05:01:00,21.9,0.312021862961416,0.6879781370385841,0.32679738562091504,0.7023809523809524,3500,3749809727
bucsa|c|sun|x,2026-10-03 04:39:07,2026-10-03 04:32:28,2026-10-03 09:30:00,290.9,0.6753905358582265,0.3246094641417736,0.6894409937888198,0.3389830508474576,3500,3749803640
charaeva|a|rybakina|e,2026-10-03 04:39:07,2026-10-03 04:38:49,2026-10-03 13:00:00,500.9,0.06320368521661625,0.9367963147833835,0.0818330605564648,0.9514091350826044,450,3749809836
alcaraz|c|arnaldi|m,2026-10-03 04:39:07,2026-10-03 04:38:49,2026-10-03 04:52:00,12.9,0.9299214533925928,0.07007854660740717,0.943725379853686,0.08695652173913043,625,3749809279
shi|h|yuan|c,2026-10-03 04:39:07,2026-10-03 04:32:28,2026-10-03 06:30:00,110.9,0.8777942974791996,0.12220570252080047,0.9001996007984032,0.1488095238095238,575,3749804056
dart|h|jovic|i,2026-10-03 04:39:07,2026-10-03 04:32:28,2026-10-03 07:32:00,172.9,0.09169266152695467,0.9083073384730451,0.11210762331838565,0.9253174010455564,575,3749804398
saigo|r|yang|y,2026-10-03 04:39:07,2026-10-03 04:32:28,2026-10-03 06:30:00,110.9,0.5,0.5,0.5215311004784688,0.5215311004784688,1750,3749804056
berrettini|m|vallejo|a,2026-10-03 04:39:07,2026-10-03 04:32:28,2026-10-03 07:00:00,140.9,0.605976652390012,0.394023347609988,0.6183206106870228,0.4065040650406504,5000,3749804398
cerundolo|f|mensik|j,2026-10-03 04:39:07,2026-10-03 04:32:28,2026-10-03 11:30:00,410.9,0.35245015960029746,0.6475498403997025,0.36496350364963503,0.6598639455782314,5000,3749804056
matsuda|r|wei|s,2026-10-03 04:39:07,2026-10-03 04:32:28,2026-10-03 08:00:00,200.9,0.26704900088104133,0.7329509991189587,0.29154518950437314,0.7560975609756098,200,3749806152
rouvroy|m|vedder|e,2026-10-03 04:39:07,2026-10-03 04:38:49,2026-10-03 10:30:00,350.9,0.3776566591333419,0.6223433408666582,0.4065040650406504,0.6503496503496503,550,3749808221
bertimon|c|mashtakov|n,2026-10-03 04:39:07,2026-10-03 04:38:49,2026-10-03 10:30:00,350.9,0.15682573568518748,0.8431742643148127,0.18656716417910446,0.8689384010484928,550,3749808113
fernandez|l|rakhimova|k,2026-10-03 04:39:07,2026-10-03 04:32:28,2026-10-03 07:30:00,170.9,0.7552191960415952,0.24478080395840493,0.7695852534562212,0.2597402597402597,3500,3749803640
jiang|z|luo|x,2026-10-03 04:39:07,2026-10-03 04:32:28,2026-10-03 04:38:00,-1.1,0.3356956711091377,0.6643043288908622,0.3597122302158273,0.6875,750,3749806948
lee|h|sun|y,2026-10-03 04:39:07,2026-10-03 04:32:28,2026-10-03 05:30:00,50.9,0.6484718263385891,0.351528173661411,0.6721311475409836,0.37593984962406013,750,3749805041
brengle|m|pareja|j,2026-10-03 04:39:07,2026-10-03 04:32:28,2026-10-04 00:00:00,1160.9,0.2697578840882081,0.7302421159117919,0.303951367781155,0.7619047619047619,250,3749804056
nugroho|p|okamura|k,2026-10-03 04:39:07,2026-10-03 04:38:49,2026-10-03 08:00:00,200.9,0.43950930609921285,0.5604906939007871,0.4608294930875576,0.5815899581589958,1750,3749808221
houkes|m|lock|b,2026-10-03 04:39:07,2026-10-03 04:32:28,2026-10-03 10:30:00,350.9,0.8961447802385053,0.10385521976149471,0.9190283400809717,0.1322751322751323,550,3749807405
birrell|k|bouzkova|m,2026-10-03 04:39:07,2026-10-03 04:32:28,2026-10-03 09:32:00,292.9,0.3230675249508634,0.6769324750491366,0.33783783783783783,0.691358024691358,3500,3749804398
jiang|z|luo|x,2026-10-03 04:49:48,2026-10-03 04:47:33,2026-10-03 04:47:00,-2.8,0.3356956711091377,0.6643043288908622,0.3597122302158273,0.6875,750,3749814249
siniakova|k|svitolina|e,2026-10-03 04:49:48,2026-10-03 04:47:33,2026-10-03 04:59:00,9.2,0.23699386005302647,0.7630061399469735,0.2518891687657431,0.7772828507795101,3500,3749813061
rublev|a|safiullin|r,2026-10-03 04:49:48,2026-10-03 04:47:33,2026-10-03 05:19:00,29.2,0.5639600220898047,0.4360399779101953,0.576271186440678,0.4484304932735426,5000,3749812180
dotsenko|e|mi|l,2026-10-03 04:49:48,2026-10-03 04:47:33,2026-10-03 09:00:00,250.2,0.6272214216145603,0.3727785783854398,0.6551724137931035,0.4016064257028112,550,3749811954
rajecki|m|shubladze|s,2026-10-03 04:57:03,2026-10-03 04:53:43,2026-10-03 08:30:00,212.9,0.4999999999999999,0.4999999999999999,0.5370370370370371,0.5370370370370371,625,3749814306
bencic|b|zakharova|a,2026-10-03 04:57:03,2026-10-03 04:53:43,2026-10-03 07:19:00,141.9,0.7999349656510502,0.20006503434894995,0.8141263940520447,0.2150537634408602,2625,3749815041
kartal|s|wang|x,2026-10-03 04:57:03,2026-10-03 04:53:43,2026-10-03 11:19:00,381.9,0.5047174010164595,0.4952825989835406,0.5192307692307692,0.5098039215686274,3500,3749815041
bucsa|c|sun|x,2026-10-03 04:57:03,2026-10-03 04:53:43,2026-10-03 09:30:00,272.9,0.6790110775709384,0.32098892242906163,0.6932515337423313,0.33557046979865773,3500,3749814617
rublev|a|safiullin|r,2026-10-03 04:57:03,2026-10-03 04:53:43,2026-10-03 05:19:00,21.9,0.5639600220898047,0.4360399779101953,0.576271186440678,0.4484304932735426,5000,3749815280
humbert|u|lehecka|j,2026-10-03 04:57:03,2026-10-03 04:53:43,2026-10-03 09:00:00,242.9,0.4059959190236991,0.594004080976301,0.4184100418410042,0.6062992125984252,5000,3749815667
gao|x|swiatek|i,2026-10-03 04:57:03,2026-10-03 04:53:43,2026-10-03 05:00:00,2.9,0.02799077248876001,0.9720092275112401,0.04206983592763988,0.9814677538917715,450,3749815102
medvedev|d|struff|j,2026-10-03 04:57:03,2026-10-03 04:53:43,2026-10-03 09:19:00,261.9,0.8418999909530511,0.1581000090469489,0.8554913294797688,0.17271157167530224,2800,3749815280
justo|g|vera|t,2026-10-03 05:09:14,2026-10-03 05:08:47,2026-10-03 15:00:00,590.7,0.33921019053286244,0.6607898094671376,0.35842293906810035,0.6794871794871794,1000,3749823228
dotsenko|e|mi|l,2026-10-03 05:09:14,2026-10-03 05:02:38,2026-10-03 09:00:00,230.7,0.6270643801670884,0.3729356198329117,0.6503496503496503,0.3968253968253968,550,3749818930
siniakova|k|svitolina|e,2026-10-03 05:09:14,2026-10-03 05:02:38,2026-10-03 05:59:00,49.7,0.23699386005302647,0.7630061399469735,0.2518891687657431,0.7772828507795101,3500,3749817101
badosa|p|ostapenko|j,2026-10-03 05:09:14,2026-10-03 05:08:47,2026-10-03 05:00:00,-9.3,0.5871969383542082,0.41280306164579184,0.601593625498008,0.4273504273504274,3500,3749822274
pel|s|zhou|z,2026-10-03 05:09:14,2026-10-03 05:02:38,2026-10-03 07:00:00,110.7,0.6355861790157512,0.3644138209842488,0.6610169491525424,0.390625,625,3749816514
kartal|s|wang|x,2026-10-03 05:09:14,2026-10-03 05:02:38,2026-10-03 12:04:00,414.7,0.5047174010164595,0.4952825989835406,0.5192307692307692,0.5098039215686274,3500,3749816371
bax|f|hemery|c,2026-10-03 05:09:14,2026-10-03 05:02:38,2026-10-03 09:00:00,230.7,0.3948390748882274,0.6051609251117726,0.4184100418410042,0.6282527881040892,550,3749818930
krueger|m|shelbayh|a,2026-10-03 05:09:14,2026-10-03 05:08:47,2026-10-03 18:30:00,800.7,0.4481610474573681,0.5518389525426317,0.4672897196261683,0.5708154506437768,1000,3749823145
fernandez|l|rakhimova|k,2026-10-03 05:09:14,2026-10-03 05:08:47,2026-10-03 07:30:00,140.7,0.7552191960415952,0.24478080395840493,0.7695852534562212,0.2597402597402597,3500,3749823053
dias|p|heide|g,2026-10-03 05:09:14,2026-10-03 05:08:47,2026-10-03 17:00:00,710.7,0.1850295167994048,0.8149704832005952,0.20491803278688525,0.8333333333333334,750,3749823228
bencic|b|zakharova|a,2026-10-03 05:09:14,2026-10-03 05:02:38,2026-10-03 08:04:00,174.7,0.7999349656510502,0.20006503434894995,0.8141263940520447,0.2150537634408602,2625,3749816371
dart|h|jovic|i,2026-10-03 05:09:14,2026-10-03 05:02:38,2026-10-03 08:05:00,175.7,0.09169266152695467,0.9083073384730451,0.11210762331838565,0.9253174010455564,575,3749816637
nijboer|r|ritschard|a,2026-10-03 05:09:14,2026-10-03 05:08:47,2026-10-03 09:00:00,230.7,0.2929274647825482,0.7070725352174517,0.31746031746031744,0.7304582210242588,550,3749820053
canas|a|jong|s,2026-10-03 05:09:14,2026-10-03 05:08:47,2026-10-03 11:00:00,350.7,0.6562800734888042,0.34371992651119593,0.6845425867507886,0.373134328358209,550,3749820006
kalinskaya|a|zheng|q,2026-10-03 05:09:14,2026-10-03 05:02:38,2026-10-03 08:06:00,176.7,0.38359864035209496,0.6164013596479049,0.39840637450199207,0.6309963099630996,3500,3749817119
verwerft|l|wyk|k,2026-10-03 05:09:14,2026-10-03 05:02:38,2026-10-03 09:00:00,230.7,0.6697601948126828,0.3302398051873172,0.6932515337423313,0.35460992907801414,550,3749818997
lopez|n|meerschen|m,2026-10-03 05:09:14,2026-10-03 05:02:38,2026-10-03 09:00:00,230.7,0.2929274647825482,0.7070725352174517,0.31746031746031744,0.7304582210242588,550,3749819606
paardekooper|s|popko|d,2026-10-03 05:09:14,2026-10-03 05:02:38,2026-10-03 07:00:00,110.7,0.28035205539112124,0.7196479446088788,0.3048780487804878,0.7429305912596401,750,3749819606
moyano|l|sanchez|a,2026-10-03 05:09:14,2026-10-03 05:08:47,2026-10-03 17:00:00,710.7,0.14624423611881976,0.8537557638811805,0.1811594202898551,0.882903981264637,375,3749819955
biolay|s|santiago|m,2026-10-03 05:09:14,2026-10-03 05:02:38,2026-10-03 09:00:00,230.7,0.6659360955329487,0.3340639044670512,0.6894409937888198,0.35842293906810035,550,3749818930
medvedev|d|struff|j,2026-10-03 05:09:14,2026-10-03 05:02:38,2026-10-03 10:04:00,294.7,0.8418999909530511,0.1581000090469489,0.8554913294797688,0.17271157167530224,2800,3749816637
cerundolo|f|mensik|j,2026-10-03 05:09:14,2026-10-03 05:08:47,2026-10-03 11:30:00,380.7,0.35245015960029746,0.6475498403997025,0.36496350364963503,0.6598639455782314,5000,3749823053
gao|x|swiatek|i,2026-10-03 05:09:14,2026-10-03 05:02:38,2026-10-03 06:00:00,50.7,0.026042048371520462,0.9739579516284793,0.03972983710766786,0.983013419398675,450,3749817461
jones|e|shubladze|a,2026-10-03 05:09:14,2026-10-03 05:08:47,2026-10-03 04:45:00,-24.3,0.4096379498832976,0.5903620501167024,0.4273504273504274,0.607843137254902,2500,3749821664
gima|s|turcanu|r,2026-10-03 05:09:14,2026-10-03 05:08:47,2026-10-03 11:00:00,350.7,0.4182652954378177,0.5817347045621825,0.4464285714285714,0.609375,550,3749819913
jiang|z|luo|x,2026-10-03 05:09:14,2026-10-03 05:02:38,2026-10-03 05:04:00,-5.3,0.3356956711091377,0.6643043288908622,0.3597122302158273,0.6875,750,3749818016
rublev|a|safiullin|r,2026-10-03 05:09:14,2026-10-03 05:02:38,2026-10-03 06:04:00,54.7,0.5639600220898047,0.4360399779101953,0.576271186440678,0.4484304932735426,5000,3749816637
birrell|k|bouzkova|m,2026-10-03 05:09:14,2026-10-03 05:02:38,2026-10-03 10:05:00,295.7,0.3230675249508634,0.6769324750491366,0.33783783783783783,0.691358024691358,3500,3749816637
pigato|l|swan|k,2026-10-03 05:09:14,2026-10-03 05:08:47,2026-10-03 09:00:00,230.7,0.4085373044418874,0.5914626955581126,0.4329004329004329,0.6153846153846154,550,3749819873
andrade|a|dietrich|d,2026-10-03 05:09:14,2026-10-03 05:08:47,2026-10-03 16:30:00,680.7,0.3039150661535802,0.6960849338464198,0.3236245954692557,0.715099715099715,1000,3749823228
bucsa|c|sun|x,2026-10-03 05:09:14,2026-10-03 05:08:47,2026-10-03 09:30:00,260.7,0.686999238568488,0.313000761431512,0.7014925373134329,0.3278688524590164,3500,3749823053
demanet|e|duran|t,2026-10-03 05:09:14,2026-10-03 05:08:47,2026-10-03 09:00:00,230.7,0.4525817907919766,0.5474182092080234,0.47619047619047616,0.5708154506437768,550,3749820006
banuls|c|hesse|a,2026-10-03 05:09:14,2026-10-03 05:08:47,2026-10-03 09:00:00,230.7,0.5964331015883567,0.4035668984116433,0.6197718631178707,0.4273504273504274,550,3749820177
bowers|a|sharma|a,2026-10-03 05:32:16,2026-10-03 05:17:45,2026-10-03 18:00:00,747.7,0.1323681866351579,0.8676318133648424,0.1669449081803005,0.8959417273673258,250,3749825043
kartal|s|wang|x,2026-10-03 05:32:16,2026-10-03 05:32:16,2026-10-03 11:58:00,385.7,0.5047174010164595,0.4952825989835406,0.5192307692307692,0.5098039215686274,3500,3749840561
fernandez|l|rakhimova|k,2026-10-03 05:32:16,2026-10-03 05:32:16,2026-10-03 07:14:00,101.7,0.7552191960415952,0.24478080395840493,0.7695852534562212,0.2597402597402597,3500,3749837486
bellucci|m|erel|y,2026-10-03 05:32:16,2026-10-03 05:32:16,2026-10-03 06:30:00,57.7,0.7558187802633181,0.2441812197366819,0.7701149425287357,0.2590673575129534,3000,3749838125
bertimon|c|mashtakov|n,2026-10-03 05:32:16,2026-10-03 05:32:16,2026-10-03 10:30:00,297.7,0.16540000940794325,0.8345999905920566,0.1953125,0.8607242339832869,550,3749836259
falei|a|maneiro|j,2026-10-03 05:32:16,2026-10-03 05:23:52,2026-10-03 06:30:00,57.7,0.2189439026260654,0.7810560973739347,0.23640661938534277,0.7975708502024291,2500,3749835175
rybas|f|zhenikhova|s,2026-10-03 05:32:16,2026-10-03 05:23:52,2026-10-03 07:30:00,117.7,0.8071580740893128,0.19284192591068716,0.8299319727891156,0.2178649237472767,550,3749835651
bucsa|c|sun|x,2026-10-03 05:32:16,2026-10-03 05:32:16,2026-10-03 09:14:00,221.7,0.686999238568488,0.313000761431512,0.7014925373134329,0.3278688524590164,3500,3749837486
rublev|a|safiullin|r,2026-10-03 05:32:16,2026-10-03 05:32:16,2026-10-03 05:58:00,25.7,0.5630523910751374,0.4369476089248626,0.574468085106383,0.4484304932735426,5000,3749840561
medvedev|d|struff|j,2026-10-03 05:32:16,2026-10-03 05:32:16,2026-10-03 09:58:00,265.7,0.8494942081353153,0.15050579186468474,0.865047233468286,0.16750418760469013,2800,3749840561
pel|s|zhou|z,2026-10-03 05:32:16,2026-10-03 05:17:45,2026-10-03 07:00:00,87.7,0.6355861790157512,0.3644138209842488,0.6610169491525424,0.390625,950,3749830898
gima|s|turcanu|r,2026-10-03 05:32:16,2026-10-03 05:17:45,2026-10-03 11:00:00,327.7,0.41651176375292465,0.5834882362470754,0.4444444444444444,0.6108949416342413,550,3749824637
erler|r|tracy|f,2026-10-03 05:32:16,2026-10-03 05:17:45,2026-10-03 08:30:00,177.7,0.3936001847740686,0.6063998152259314,0.42016806722689076,0.6323529411764706,950,3749830898
risso|l|urrutia|m,2026-10-03 05:32:16,2026-10-03 05:23:52,2026-10-03 16:00:00,627.7,0.6739359079333098,0.3260640920666902,0.7058823529411764,0.3597122302158273,375,3749833018
cerundolo|f|mensik|j,2026-10-03 05:32:16,2026-10-03 05:32:16,2026-10-03 11:14:00,341.7,0.35245015960029746,0.6475498403997025,0.36496350364963503,0.6598639455782314,5000,3749837486
bencic|b|zakharova|a,2026-10-03 05:32:16,2026-10-03 05:32:16,2026-10-03 07:58:00,145.7,0.7999349656510502,0.20006503434894995,0.8141263940520447,0.2150537634408602,2625,3749840561
rajecki|m|shubladze|s,2026-10-03 05:48:19,2026-10-03 05:47:57,2026-10-03 08:30:00,161.7,0.4999999999999999,0.4999999999999999,0.5370370370370371,0.5370370370370371,950,3749855065
krueger|m|shelbayh|a,2026-10-03 05:48:19,2026-10-03 05:47:57,2026-10-03 18:30:00,761.7,0.4481610474573681,0.5518389525426317,0.4672897196261683,0.5708154506437768,1250,3749846384
erler|r|tracy|f,2026-10-03 05:48:19,2026-10-03 05:47:57,2026-10-03 08:30:00,161.7,0.3941344506978634,0.6058655493021367,0.4184100418410042,0.6296296296296295,950,3749855065
kalinskaya|a|zheng|q,2026-10-03 05:48:19,2026-10-03 05:47:57,2026-10-03 08:46:00,177.7,0.38359864035209496,0.6164013596479049,0.39840637450199207,0.6309963099630996,3500,3749846521
popa|g|sakellaridi|s,2026-10-03 05:48:19,2026-10-03 05:47:57,2026-10-03 07:30:00,101.7,0.6497100177435879,0.3502899822564121,0.673202614379085,0.37453183520599254,750,3749842643
boitan|g|zgola|b,2026-10-03 05:48:19,2026-10-03 05:47:57,2026-10-03 09:30:00,221.7,0.9162635462599588,0.08373645374004132,0.9342969776609724,0.10615711252653928,550,3749842736
medvedev|d|struff|j,2026-10-03 05:48:19,2026-10-03 05:47:57,2026-10-03 09:24:00,215.7,0.8493068193904796,0.15069318060952036,0.8628257887517148,0.1652892561983471,2500,3749855177
gao|x|swiatek|i,2026-10-03 05:48:19,2026-10-03 05:47:57,2026-10-03 06:00:00,11.7,0.026512535875447794,0.9734874641245522,0.040290088638195005,0.982638888888889,450,3749850364
pel|s|zhou|z,2026-10-03 05:48:19,2026-10-03 05:47:57,2026-10-03 07:00:00,71.7,0.6351321400101436,0.3648678599898564,0.6587030716723549,0.3891050583657587,950,3749855065
justo|g|vera|t,2026-10-03 05:48:19,2026-10-03 05:47:57,2026-10-03 15:00:00,551.7,0.33921019053286244,0.6607898094671376,0.35842293906810035,0.6794871794871794,1250,3749846563
bucsa|c|sun|x,2026-10-03 05:48:19,2026-10-03 05:47:57,2026-10-03 09:14:00,205.7,0.6899176190695269,0.3100823809304731,0.7041420118343195,0.3246753246753247,3500,3749850166
nijkamp|r|refaat|m,2026-10-03 05:48:19,2026-10-03 05:47:57,2026-10-03 18:00:00,731.7,0.42328083421308726,0.5767191657869128,0.4566210045662101,0.609375,250,3749844490
dart|h|jovic|i,2026-10-03 05:48:19,2026-10-03 05:47:57,2026-10-03 08:46:00,177.7,0.09169266152695467,0.9083073384730451,0.11210762331838565,0.9253174010455564,575,3749845778
schwaerzler|j|wayenburg|s,2026-10-03 05:48:19,2026-10-03 05:47:57,2026-10-03 12:30:00,401.7,0.4047747036924843,0.5952252963075155,0.42372881355932196,0.613899613899614,1500,3749849894
kartal|s|wang|x,2026-10-03 05:48:19,2026-10-03 05:47:57,2026-10-03 11:24:00,335.7,0.5047174010164595,0.4952825989835406,0.5192307692307692,0.5098039215686274,3500,3749844236
bowers|a|sharma|a,2026-10-03 05:48:19,2026-10-03 05:47:57,2026-10-03 18:00:00,731.7,0.1323681866351579,0.8676318133648424,0.1669449081803005,0.8959417273673258,250,3749844490
andrade|a|dietrich|d,2026-10-03 05:48:19,2026-10-03 05:47:57,2026-10-03 16:30:00,641.7,0.3039150661535802,0.6960849338464198,0.3236245954692557,0.715099715099715,1250,3749846563
matsuda|r|wei|s,2026-10-03 05:48:19,2026-10-03 05:47:57,2026-10-03 08:00:00,131.7,0.26704900088104133,0.7329509991189587,0.29154518950437314,0.7560975609756098,275,3749842736
rybas|f|zhenikhova|s,2026-10-03 05:48:19,2026-10-03 05:47:57,2026-10-03 07:30:00,101.7,0.8071580740893128,0.19284192591068716,0.8299319727891156,0.2178649237472767,750,3749842643
dias|p|heide|g,2026-10-03 05:48:19,2026-10-03 05:47:57,2026-10-03 17:00:00,671.7,0.1850295167994048,0.8149704832005952,0.20491803278688525,0.8333333333333334,950,3749846563
jiang|z|luo|x,2026-10-03 05:48:19,2026-10-03 05:47:57,2026-10-03 05:53:00,4.7,0.3356956711091377,0.6643043288908622,0.3597122302158273,0.6875,750,3749852611
bencic|b|zakharova|a,2026-10-03 05:48:19,2026-10-03 05:47:57,2026-10-03 07:24:00,95.7,0.7999349656510502,0.20006503434894995,0.8141263940520447,0.2150537634408602,2625,3749844236
rublev|a|safiullin|r,2026-10-03 05:48:19,2026-10-03 05:47:57,2026-10-03 05:53:25,5.1,0.5630523910751374,0.4369476089248626,0.574468085106383,0.4484304932735426,5000,3749851242
birrell|k|bouzkova|m,2026-10-03 05:48:19,2026-10-03 05:47:57,2026-10-03 10:46:00,297.7,0.3230675249508634,0.6769324750491366,0.33783783783783783,0.691358024691358,3500,3749845819
hoeyeraal|h|hoole|c,2026-10-03 05:48:19,2026-10-03 05:38:57,2026-10-03 05:43:16,-5.1,0.3807126399800214,0.6192873600199787,0.40485829959514175,0.6428571428571428,750,3749842954
bellucci|m|erel|y,2026-10-03 05:48:19,2026-10-03 05:38:57,2026-10-03 05:43:49,-4.5,0.7552191960415952,0.24478080395840493,0.7695852534562212,0.2597402597402597,3000,3749843369
erler|r|tracy|f,2026-10-03 05:56:00,2026-10-03 05:54:05,2026-10-03 08:30:00,154.0,0.3941344506978634,0.6058655493021367,0.4184100418410042,0.6296296296296295,950,3749858266
siniakova|k|svitolina|e,2026-10-03 05:56:00,2026-10-03 05:54:05,2026-10-03 05:59:00,3.0,0.23953383366595896,0.7604661663340412,0.2544529262086514,0.7747747747747747,3500,3749858843
humbert|u|lehecka|j,2026-10-03 05:56:00,2026-10-03 05:54:05,2026-10-03 09:00:00,184.0,0.4059959190236991,0.594004080976301,0.4184100418410042,0.6062992125984252,5000,3749856859
pel|s|zhou|z,2026-10-03 05:56:00,2026-10-03 05:54:05,2026-10-03 07:00:00,64.0,0.6351321400101436,0.3648678599898564,0.6587030716723549,0.3891050583657587,950,3749858266
kym|j|rocha|h,2026-10-03 05:56:00,2026-10-03 05:54:05,2026-10-03 12:00:00,364.0,0.43348127149203863,0.5665187285079614,0.4504504504504505,0.5833333333333333,1800,3749857247
berrettini|m|vallejo|a,2026-10-03 05:56:00,2026-10-03 05:54:05,2026-10-03 07:00:00,64.0,0.605976652390012,0.394023347609988,0.6183206106870228,0.4065040650406504,5000,3749856859
jiang|z|luo|x,2026-10-03 05:56:00,2026-10-03 05:54:05,2026-10-03 05:53:00,-3.0,0.3356956711091377,0.6643043288908622,0.3597122302158273,0.6875,750,3749858540
lee|h|sun|y,2026-10-03 06:10:21,2026-10-03 06:03:02,2026-10-03 06:08:48,-1.6,0.6466635764698324,0.35333642353016753,0.66996699669967,0.37735849056603776,750,3749862385
li|z|lu|j,2026-10-03 06:10:21,2026-10-03 06:09:25,2026-10-03 08:00:00,109.6,0.3613611880405896,0.6386388119594104,0.38314176245210724,0.6598639455782314,1750,3749863663
nijkamp|r|refaat|m,2026-10-03 06:10:21,2026-10-03 06:03:02,2026-10-03 18:00:00,709.6,0.42328083421308726,0.5767191657869128,0.4566210045662101,0.609375,375,3749863124
krueger|m|shelbayh|a,2026-10-03 06:10:21,2026-10-03 06:09:25,2026-10-03 18:30:00,739.6,0.4481610474573681,0.5518389525426317,0.4672897196261683,0.5708154506437768,1500,3749866117
qu|y|zheng|w,2026-10-03 06:10:21,2026-10-03 06:03:02,2026-10-03 08:00:00,109.6,0.19391955169251185,0.8060804483074883,0.2188183807439825,0.8287671232876712,200,3749858503
jiang|z|luo|x,2026-10-03 06:10:21,2026-10-03 06:09:25,2026-10-03 06:01:00,-9.4,0.33797769580909726,0.6620223041909029,0.3623188405797102,0.6855345911949686,750,3749865825
huang|y|khamutsianskaya|d,2026-10-03 06:10:21,2026-10-03 06:09:25,2026-10-03 06:30:00,19.6,0.5171434175867502,0.4828565824132498,0.5391705069124424,0.504950495049505,1750,3749863663
saigo|r|yang|y,2026-10-03 06:10:21,2026-10-03 06:09:25,2026-10-03 06:30:00,19.6,0.5,0.5,0.5215311004784688,0.5215311004784688,1750,3749863663
dias|p|heide|g,2026-10-03 06:10:21,2026-10-03 06:09:25,2026-10-03 17:00:00,649.6,0.1850295167994048,0.8149704832005952,0.20491803278688525,0.8333333333333334,1125,3749866204
birrell|k|bouzkova|m,2026-10-03 06:10:21,2026-10-03 06:09:25,2026-10-03 10:46:00,275.6,0.3230675249508634,0.6769324750491366,0.33783783783783783,0.691358024691358,3500,3749864158
erler|r|tracy|f,2026-10-03 06:10:21,2026-10-03 06:03:02,2026-10-03 08:30:00,139.6,0.3995954180020959,0.6004045819979041,0.42372881355932196,0.6240601503759399,950,3749862178
sanchis|d|torre|i,2026-10-03 06:10:21,2026-10-03 06:09:25,2026-10-03 10:05:00,234.6,0.28969918579232184,0.7103008142076781,0.3067484662576687,0.7267759562841529,2250,3749866204
dart|h|jovic|i,2026-10-03 06:10:21,2026-10-03 06:09:25,2026-10-03 08:46:00,155.6,0.09169266152695467,0.9083073384730451,0.11210762331838565,0.9253174010455564,575,3749864158
shi|h|yuan|c,2026-10-03 06:10:21,2026-10-03 06:09:25,2026-10-03 06:30:00,19.6,0.8777942974791996,0.12220570252080047,0.9001996007984032,0.1488095238095238,575,3749863556
sidorova|k|zavatska|k,2026-10-03 06:10:21,2026-10-03 06:09:25,2026-10-03 08:00:00,109.6,0.6517333575010992,0.3482666424989009,0.673202614379085,0.37037037037037035,1750,3749863663
humbert|u|lehecka|j,2026-10-03 06:10:21,2026-10-03 06:03:02,2026-10-03 09:04:00,173.6,0.4059959190236991,0.594004080976301,0.4184100418410042,0.6062992125984252,5000,3749860145
moyano|l|sanchez|a,2026-10-03 06:10:21,2026-10-03 06:03:02,2026-10-03 17:00:00,649.6,0.15337146321275139,0.8466285367872486,0.18832391713747648,0.8760842627013631,375,3749862816
fernandez|l|rakhimova|k,2026-10-03 06:10:21,2026-10-03 06:09:25,2026-10-03 07:14:00,63.6,0.7440035057433816,0.2559964942566182,0.7584541062801933,0.2710027100271003,3500,3749865545
nugroho|p|okamura|k,2026-10-03 06:10:21,2026-10-03 06:09:25,2026-10-03 08:00:00,109.6,0.43950930609921285,0.5604906939007871,0.4608294930875576,0.5815899581589958,1750,3749863663
kalinskaya|a|zheng|q,2026-10-03 06:10:21,2026-10-03 06:09:25,2026-10-03 08:28:00,137.6,0.38359864035209496,0.6164013596479049,0.39840637450199207,0.6309963099630996,3500,3749865880
andrade|a|dietrich|d,2026-10-03 06:10:21,2026-10-03 06:09:25,2026-10-03 16:30:00,619.6,0.3039150661535802,0.6960849338464198,0.3236245954692557,0.715099715099715,1500,3749866204
berrettini|m|vallejo|a,2026-10-03 06:10:21,2026-10-03 06:03:02,2026-10-03 07:04:00,53.6,0.6083331455477812,0.3916668544522189,0.6197718631178707,0.40322580645161293,5000,3749861371
bowers|a|sharma|a,2026-10-03 06:10:21,2026-10-03 06:03:02,2026-10-03 18:00:00,709.6,0.1323681866351579,0.8676318133648424,0.1669449081803005,0.8959417273673258,375,3749863124
justo|g|vera|t,2026-10-03 06:10:21,2026-10-03 06:09:25,2026-10-03 15:00:00,529.6,0.33921019053286244,0.6607898094671376,0.35842293906810035,0.6794871794871794,1500,3749866204
siniakova|k|svitolina|e,2026-10-03 06:10:21,2026-10-03 06:09:25,2026-10-03 05:59:00,-11.4,0.23953383366595896,0.7604661663340412,0.2544529262086514,0.7747747747747747,3500,3749864107
gao|x|swiatek|i,2026-10-03 06:10:21,2026-10-03 06:09:25,2026-10-03 06:00:00,-10.4,0.025506606872001632,0.9744933931279985,0.039077764751856196,0.9834327369118621,450,3749866026
bowers|a|sharma|a,2026-10-03 06:45:06,2026-10-03 06:39:37,2026-10-03 18:00:00,674.9,0.1312506394355511,0.8687493605644487,0.16583747927031509,0.8970133882595263,375,3749888947
moyano|l|sanchez|a,2026-10-03 06:45:06,2026-10-03 06:39:37,2026-10-03 17:00:00,614.9,0.15346338149672015,0.8465366185032797,0.18832391713747648,0.8759305210918114,375,3749889335
bucsa|c|sun|x,2026-10-03 06:45:06,2026-10-03 06:33:13,2026-10-03 09:26:00,160.9,0.6899176190695269,0.3100823809304731,0.7041420118343195,0.3246753246753247,3500,3749873364
schwaerzler|j|wayenburg|s,2026-10-03 06:45:06,2026-10-03 06:39:37,2026-10-03 12:30:00,344.9,0.41395302766068903,0.5860469723393109,0.4329004329004329,0.6047430830039526,1500,3749889507
erler|r|tracy|f,2026-10-03 06:45:06,2026-10-03 06:33:13,2026-10-03 08:30:00,104.9,0.3995954180020959,0.6004045819979041,0.42372881355932196,0.6240601503759399,1250,3749873628
cerundolo|f|mensik|j,2026-10-03 06:45:06,2026-10-03 06:33:13,2026-10-03 11:26:00,280.9,0.35245015960029746,0.6475498403997025,0.36496350364963503,0.6598639455782314,5000,3749874304
djoubri|s|pree|b,2026-10-03 06:45:06,2026-10-03 06:39:37,2026-10-03 14:00:00,434.9,0.21199666727345456,0.7880033327265454,0.2469135802469136,0.8191681735985533,375,3749890251
kalinskaya|a|zheng|q,2026-10-03 06:45:06,2026-10-03 06:33:13,2026-10-03 08:11:00,85.9,0.38359864035209496,0.6164013596479049,0.39840637450199207,0.6309963099630996,3500,3749877883
maria|t|mcdonald|e,2026-10-03 06:45:06,2026-10-03 06:33:13,2026-10-04 00:00:00,1034.9,0.8082449006042752,0.19175509939572494,0.8389694041867954,0.22675736961451246,250,3749880813
fernandez|l|rakhimova|k,2026-10-03 06:45:06,2026-10-03 06:33:13,2026-10-03 07:26:00,40.9,0.7430391312339095,0.25696086876609026,0.7572815533980582,0.2717391304347826,3500,3749873364
rouvroy|m|vedder|e,2026-10-03 06:45:06,2026-10-03 06:39:37,2026-10-03 10:30:00,224.9,0.37782123123530603,0.6221787687646939,0.4016064257028112,0.6453900709219857,550,3749887592
andrade|a|dietrich|d,2026-10-03 06:45:06,2026-10-03 06:33:13,2026-10-03 16:30:00,584.9,0.3048454405233989,0.6951545594766008,0.3246753246753247,0.7142857142857143,1500,3749878718
bernet|h|chidekh|c,2026-10-03 06:45:06,2026-10-03 06:33:13,2026-10-03 14:30:00,464.9,0.37116418240151283,0.6288358175984872,0.390625,0.647887323943662,1500,3749878265
humbert|u|lehecka|j,2026-10-03 06:45:06,2026-10-03 06:33:13,2026-10-03 09:00:00,134.9,0.402721616636373,0.597278383363627,0.41493775933609955,0.609375,5000,3749882660
pieri|s|sachko|v,2026-10-03 06:45:06,2026-10-03 06:33:13,2026-10-03 10:30:00,224.9,0.24375386850010092,0.7562461314998993,0.2638522427440633,0.7752808988764045,1875,3749887326
berrettini|m|vallejo|a,2026-10-03 06:45:06,2026-10-03 06:33:13,2026-10-03 07:00:00,14.9,0.6083331455477812,0.3916668544522189,0.6197718631178707,0.40322580645161293,5000,3749882660
medvedev|d|struff|j,2026-10-03 06:45:06,2026-10-03 06:33:13,2026-10-03 09:30:00,164.9,0.8493068193904796,0.15069318060952036,0.8628257887517148,0.1652892561983471,2500,3749876927
kym|j|rocha|h,2026-10-03 06:45:06,2026-10-03 06:33:13,2026-10-03 12:00:00,314.9,0.43348127149203863,0.5665187285079614,0.4504504504504505,0.5833333333333333,1800,3749878480
ivanov|v|ruiz|c,2026-10-03 06:45:06,2026-10-03 06:39:37,2026-10-03 10:30:00,224.9,0.5192593015921397,0.4807406984078603,0.5433789954337899,0.504950495049505,550,3749887592
dart|h|jovic|i,2026-10-03 06:45:06,2026-10-03 06:33:13,2026-10-03 08:13:00,87.9,0.09169266152695467,0.9083073384730451,0.11210762331838565,0.9253174010455564,575,3749879850
fils|a|vacherot|v,2026-10-03 06:45:06,2026-10-03 06:39:37,2026-10-04 01:00:00,1094.9,0.7886224428434041,0.21137755715659584,0.8027613412228797,0.22624434389140272,3600,3749890969
pel|s|zhou|z,2026-10-03 06:45:06,2026-10-03 06:33:13,2026-10-03 07:00:00,14.9,0.6351321400101436,0.3648678599898564,0.6587030716723549,0.3891050583657587,1250,3749873628
qu|y|zheng|w,2026-10-03 06:45:06,2026-10-03 06:33:13,2026-10-03 08:00:00,74.9,0.2780899803452363,0.7219100196547638,0.30303030303030304,0.7455470737913487,200,3749882281
dias|p|heide|g,2026-10-03 06:45:06,2026-10-03 06:33:13,2026-10-03 17:00:00,614.9,0.1855267968017053,0.8144732031982947,0.2053388090349076,0.8327759197324415,1125,3749880117
rajecki|m|shubladze|s,2026-10-03 06:45:06,2026-10-03 06:33:13,2026-10-03 08:30:00,104.9,0.5,0.5,0.5348837209302326,0.5348837209302326,950,3749878165
houkes|m|lock|b,2026-10-03 06:45:06,2026-10-03 06:39:37,2026-10-03 10:30:00,224.9,0.8851239846534295,0.11487601534657049,0.9053030303030303,0.13869625520110956,550,3749888896
birrell|k|bouzkova|m,2026-10-03 06:45:06,2026-10-03 06:33:13,2026-10-03 10:13:00,207.9,0.3230675249508634,0.6769324750491366,0.33783783783783783,0.691358024691358,3500,3749879850
broek|i|nahimana|s,2026-10-03 06:45:06,2026-10-03 06:33:13,2026-10-03 12:30:00,344.9,0.5627185436408034,0.4372814563591966,0.5901639344262295,0.46511627906976744,550,3749887381
bertimon|c|mashtakov|n,2026-10-03 06:45:06,2026-10-03 06:33:13,2026-10-03 10:30:00,224.9,0.1657579865542395,0.8342420134457603,0.19047619047619047,0.8563218390804597,550,3749887457
risso|l|urrutia|m,2026-10-03 06:45:06,2026-10-03 06:33:13,2026-10-03 16:00:00,554.9,0.6246501946944161,0.37534980530558393,0.6563573883161512,0.4081632653061224,375,3749880813
kartal|s|wang|x,2026-10-03 06:45:06,2026-10-03 06:33:13,2026-10-03 11:30:00,284.9,0.5047174010164595,0.4952825989835406,0.5192307692307692,0.5098039215686274,3500,3749876927
matsuda|r|wei|s,2026-10-03 06:45:06,2026-10-03 06:33:13,2026-10-03 08:00:00,74.9,0.24168166172384925,0.7583183382761508,0.26666666666666666,0.7816593886462881,450,3749887381
popa|g|sakellaridi|s,2026-10-03 06:45:06,2026-10-03 06:33:13,2026-10-03 07:30:00,44.9,0.6466635764698324,0.35333642353016753,0.66996699669967,0.37735849056603776,750,3749871652
sanchis|d|torre|i,2026-10-03 06:45:06,2026-10-03 06:39:37,2026-10-03 10:05:00,199.9,0.2899597281242944,0.7100402718757056,0.3048780487804878,0.7245179063360881,2250,3749891695
jacquet|k|munar|j,2026-10-03 06:45:06,2026-10-03 06:39:37,2026-10-04 01:00:00,1094.9,0.4145172755603552,0.5854827244396449,0.4291845493562232,0.6000000000000001,4500,3749890141
bencic|b|zakharova|a,2026-10-03 06:45:06,2026-10-03 06:33:13,2026-10-03 07:30:00,44.9,0.7999349656510502,0.20006503434894995,0.8141263940520447,0.2150537634408602,2625,3749876927
birrell|k|bouzkova|m,2026-10-03 07:08:03,2026-10-03 07:03:23,2026-10-03 10:02:00,173.9,0.3230675249508634,0.6769324750491366,0.33783783783783783,0.691358024691358,3500,3749903792
banuls|c|hesse|a,2026-10-03 07:08:03,2026-10-03 07:03:23,2026-10-03 09:00:00,111.9,0.5964331015883567,0.4035668984116433,0.6197718631178707,0.4273504273504274,750,3749910369
huang|y|khamutsianskaya|d,2026-10-03 07:08:03,2026-10-03 07:03:23,2026-10-03 08:00:00,51.9,0.5171434175867502,0.4828565824132498,0.5391705069124424,0.504950495049505,1750,3749895463
canas|a|jong|s,2026-10-03 07:08:03,2026-10-03 07:03:23,2026-10-03 11:00:00,231.9,0.6563048209020549,0.34369517909794517,0.6794871794871794,0.36764705882352944,550,3749910277
rajecki|m|shubladze|s,2026-10-03 07:08:03,2026-10-03 07:03:23,2026-10-03 08:30:00,81.9,0.5,0.5,0.5348837209302326,0.5348837209302326,1250,3749900134
hurrion|m|yilmaz|k,2026-10-03 07:08:03,2026-10-03 07:03:23,2026-10-03 08:00:00,51.9,0.7956164851887437,0.20438351481125622,0.8185117967332124,0.22935779816513766,750,3749893710
demanet|e|duran|t,2026-10-03 07:08:03,2026-10-03 07:03:23,2026-10-03 09:00:00,111.9,0.4525817907919766,0.5474182092080234,0.47619047619047616,0.5708154506437768,750,3749910277
saigo|r|yang|y,2026-10-03 07:08:03,2026-10-03 07:03:23,2026-10-03 08:00:00,51.9,0.5,0.5,0.5215311004784688,0.5215311004784688,1750,3749895463
pigato|l|swan|k,2026-10-03 07:08:03,2026-10-03 07:03:23,2026-10-03 09:00:00,111.9,0.4240328647581213,0.5759671352418788,0.4484304932735426,0.6000000000000001,750,3749910120
bax|f|hemery|c,2026-10-03 07:08:03,2026-10-03 07:03:23,2026-10-03 09:00:00,111.9,0.3948390748882274,0.6051609251117726,0.4184100418410042,0.6282527881040892,750,3749909062
nugroho|p|okamura|k,2026-10-03 07:08:03,2026-10-03 07:03:23,2026-10-03 09:30:00,141.9,0.43950930609921285,0.5604906939007871,0.4608294930875576,0.5815899581589958,1750,3749895463
nijboer|r|ritschard|a,2026-10-03 07:08:03,2026-10-03 07:03:23,2026-10-03 09:00:00,111.9,0.2929274647825482,0.7070725352174517,0.31746031746031744,0.7304582210242588,750,3749910277
bencic|b|zakharova|a,2026-10-03 07:08:03,2026-10-03 07:03:23,2026-10-03 08:07:00,58.9,0.7999349656510502,0.20006503434894995,0.8141263940520447,0.2150537634408602,2625,3749907678
lopez|n|meerschen|m,2026-10-03 07:08:03,2026-10-03 07:03:23,2026-10-03 09:00:00,111.9,0.2929274647825482,0.7070725352174517,0.31746031746031744,0.7304582210242588,750,3749909687
kartal|s|wang|x,2026-10-03 07:08:03,2026-10-03 07:03:23,2026-10-03 12:07:00,298.9,0.5047174010164595,0.4952825989835406,0.5192307692307692,0.5098039215686274,3500,3749907678
gima|s|turcanu|r,2026-10-03 07:08:03,2026-10-03 07:03:23,2026-10-03 11:00:00,231.9,0.41692738602892576,0.5830726139710743,0.44052863436123346,0.6062992125984252,550,3749910166
qu|y|zheng|w,2026-10-03 07:08:03,2026-10-03 07:03:23,2026-10-03 08:00:00,51.9,0.2780899803452363,0.7219100196547638,0.30303030303030304,0.7455470737913487,275,3749904044
biolay|s|santiago|m,2026-10-03 07:08:03,2026-10-03 07:03:23,2026-10-03 09:00:00,111.9,0.6659360955329487,0.3340639044670512,0.6894409937888198,0.35842293906810035,750,3749909062
shi|h|yuan|c,2026-10-03 07:08:03,2026-10-03 07:03:23,2026-10-03 07:00:00,-8.1,0.8777942974791996,0.12220570252080047,0.9001996007984032,0.1488095238095238,575,3749895463
bucsa|c|sun|x,2026-10-03 07:08:03,2026-10-03 07:03:23,2026-10-03 10:06:00,177.9,0.6899176190695269,0.3100823809304731,0.7041420118343195,0.3246753246753247,3500,3749907179
pieri|s|sachko|v,2026-10-03 07:08:03,2026-10-03 07:03:23,2026-10-03 10:30:00,201.9,0.24498694882130925,0.7550130511786908,0.26246719160104987,0.771689497716895,1875,3749910120
singh|d|walters|m,2026-10-03 07:08:03,2026-10-03 07:03:23,2026-10-03 08:00:00,51.9,0.6978713659918011,0.30212863400819895,0.7214484679665738,0.32679738562091504,750,3749893851
sidorova|k|zavatska|k,2026-10-03 07:08:03,2026-10-03 07:03:23,2026-10-03 09:30:00,141.9,0.6517333575010992,0.3482666424989009,0.673202614379085,0.37037037037037035,1750,3749895463
charaeva|a|rybakina|e,2026-10-03 07:08:03,2026-10-03 07:03:23,2026-10-03 13:00:00,351.9,0.06182646275468487,0.9381735372453153,0.08032128514056225,0.9526290857413547,450,3749899619
dotsenko|e|mi|l,2026-10-03 07:08:03,2026-10-03 07:03:23,2026-10-03 09:00:00,111.9,0.6270643801670884,0.3729356198329117,0.6503496503496503,0.3968253968253968,750,3749909062
humbert|u|lehecka|j,2026-10-03 07:08:03,2026-10-03 07:03:23,2026-10-03 08:34:00,85.9,0.4093240212525828,0.5906759787474172,0.42194092827004215,0.6031746031746031,5000,3749909671
fernandez|l|rakhimova|k,2026-10-03 07:08:03,2026-10-03 07:03:23,2026-10-03 08:06:00,57.9,0.7453113688814372,0.2546886311185628,0.7596153846153847,0.2695417789757412,3500,3749907624
braswell|j|mosejczuk|d,2026-10-03 07:08:03,2026-10-03 07:03:23,2026-10-03 16:00:00,531.9,0.388393810790289,0.611606189209711,0.42194092827004215,0.6441281138790036,375,3749905472
kalinskaya|a|zheng|q,2026-10-03 07:08:03,2026-10-03 07:03:23,2026-10-03 08:11:00,62.9,0.3735495302472534,0.6264504697527468,0.38759689922480617,0.6402877697841727,3500,3749908865
li|z|lu|j,2026-10-03 07:08:03,2026-10-03 07:03:23,2026-10-03 09:30:00,141.9,0.3613611880405896,0.6386388119594104,0.38314176245210724,0.6598639455782314,1750,3749895463
verwerft|l|wyk|k,2026-10-03 07:08:03,2026-10-03 07:03:23,2026-10-03 09:00:00,111.9,0.6697601948126828,0.3302398051873172,0.6932515337423313,0.35460992907801414,750,3749909062
medvedev|d|struff|j,2026-10-03 07:08:03,2026-10-03 07:03:23,2026-10-03 10:07:00,178.9,0.8493068193904796,0.15069318060952036,0.8628257887517148,0.1652892561983471,2500,3749907678
cerundolo|f|mensik|j,2026-10-03 07:08:03,2026-10-03 07:03:23,2026-10-03 12:06:00,297.9,0.35245015960029746,0.6475498403997025,0.36496350364963503,0.6598639455782314,5000,3749907179
berrettini|m|vallejo|a,2026-10-03 07:08:03,2026-10-03 06:54:28,2026-10-03 07:00:00,-8.1,0.6036707415357715,0.3963292584642285,0.6153846153846154,0.4081632653061224,5000,3749904591
paardekooper|s|popko|d,2026-10-03 07:08:03,2026-10-03 06:54:28,2026-10-03 07:00:00,-8.1,0.2999006278825916,0.7000993721174084,0.3246753246753247,0.7237569060773481,750,3749900492
jacquet|k|munar|j,2026-10-03 07:30:24,2026-10-03 07:18:31,2026-10-04 02:00:00,1109.6,0.4145172755603552,0.5854827244396449,0.4291845493562232,0.6000000000000001,4500,3749912625
fernandez|l|rakhimova|k,2026-10-03 07:30:24,2026-10-03 07:24:41,2026-10-03 07:42:00,11.6,0.7380008792926106,0.26199912070738934,0.7524752475247525,0.2770083102493075,3500,3749922998
kym|j|rocha|h,2026-10-03 07:30:24,2026-10-03 07:18:31,2026-10-03 12:00:00,269.6,0.42607644798455174,0.5739235520154482,0.4424778761061947,0.5901639344262295,1800,3749913110
sanchis|d|torre|i,2026-10-03 07:30:24,2026-10-03 07:18:31,2026-10-03 10:05:00,154.6,0.2899597281242944,0.7100402718757056,0.3048780487804878,0.7245179063360881,3000,3749913567
bernet|h|chidekh|c,2026-10-03 07:30:24,2026-10-03 07:18:31,2026-10-03 14:30:00,419.6,0.38098029324828786,0.6190197067517121,0.4,0.6376811594202898,1500,3749912816
fils|a|vacherot|v,2026-10-03 07:30:24,2026-10-03 07:18:31,2026-10-04 07:00:00,1409.6,0.7886224428434041,0.21137755715659584,0.8027613412228797,0.22624434389140272,3600,3749912625
donald|m|manzano|j,2026-10-03 07:30:24,2026-10-03 07:18:31,2026-10-03 13:00:00,329.6,0.46371363147270445,0.5362863685272956,0.48309178743961345,0.5555555555555556,1500,3749917406
bucsa|c|sun|x,2026-10-03 07:30:24,2026-10-03 07:18:31,2026-10-03 09:42:00,131.6,0.6899176190695269,0.3100823809304731,0.7041420118343195,0.3246753246753247,3500,3749919002
humbert|u|lehecka|j,2026-10-03 07:30:24,2026-10-03 07:18:31,2026-10-03 08:34:00,63.6,0.4093240212525828,0.5906759787474172,0.42194092827004215,0.6031746031746031,5000,3749911521
cerundolo|f|mensik|j,2026-10-03 07:30:24,2026-10-03 07:18:31,2026-10-03 11:42:00,251.6,0.35245015960029746,0.6475498403997025,0.36496350364963503,0.6598639455782314,5000,3749919002
bencic|b|zakharova|a,2026-10-03 07:30:24,2026-10-03 07:24:41,2026-10-03 08:07:00,36.6,0.8021035179194823,0.1978964820805178,0.8161764705882354,0.2127659574468085,2625,3749921295
paardekooper|s|popko|d,2026-10-03 07:30:24,2026-10-03 07:24:41,2026-10-03 07:00:00,-30.4,0.3003022355206178,0.6996977644793823,0.3246753246753247,0.7229916897506925,750,3749920216
matsuda|r|wei|s,2026-10-03 07:45:47,2026-10-03 07:33:35,2026-10-03 08:00:00,14.2,0.24168166172384925,0.7583183382761508,0.26666666666666666,0.7816593886462881,600,3749929740
kartal|s|wang|x,2026-10-03 07:45:47,2026-10-03 07:39:50,2026-10-03 12:07:00,261.2,0.5047174010164595,0.4952825989835406,0.5192307692307692,0.5098039215686274,3500,3749933207
boitan|g|zgola|b,2026-10-03 07:45:47,2026-10-03 07:33:35,2026-10-03 09:30:00,104.2,0.9162635462599588,0.08373645374004132,0.9342969776609724,0.10615711252653928,750,3749929740
kym|j|rocha|h,2026-10-03 07:45:47,2026-10-03 07:33:35,2026-10-03 12:00:00,254.2,0.4234255751309999,0.5765744248690002,0.44052863436123346,0.5934959349593496,1800,3749923794
bencic|b|zakharova|a,2026-10-03 07:45:47,2026-10-03 07:39:50,2026-10-03 08:07:00,21.2,0.8021035179194823,0.1978964820805178,0.8161764705882354,0.2127659574468085,2625,3749933207
bernet|h|chidekh|c,2026-10-03 07:45:47,2026-10-03 07:33:35,2026-10-03 14:30:00,404.2,0.37255170190417447,0.6274482980958255,0.3921568627450981,0.646643109540636,1500,3749924410
kalinskaya|a|zheng|q,2026-10-03 07:45:47,2026-10-03 07:39:50,2026-10-03 08:11:00,25.2,0.377790895883247,0.622209104116753,0.3921568627450981,0.6363636363636364,3500,3749930657
medvedev|d|struff|j,2026-10-03 07:45:47,2026-10-03 07:39:50,2026-10-03 10:07:00,141.2,0.8493068193904796,0.15069318060952036,0.8628257887517148,0.1652892561983471,2500,3749933207
cerundolo|f|mensik|j,2026-10-03 07:45:47,2026-10-03 07:33:35,2026-10-03 11:45:00,239.2,0.35245015960029746,0.6475498403997025,0.36496350364963503,0.6598639455782314,5000,3749929151
pieri|s|sachko|v,2026-10-03 07:45:47,2026-10-03 07:33:35,2026-10-03 10:30:00,164.2,0.24498694882130925,0.7550130511786908,0.26246719160104987,0.771689497716895,2500,3749929690
birrell|k|bouzkova|m,2026-10-03 07:45:47,2026-10-03 07:33:35,2026-10-03 10:02:00,136.2,0.3230675249508634,0.6769324750491366,0.33783783783783783,0.691358024691358,3500,3749929886
popa|g|sakellaridi|s,2026-10-03 07:45:47,2026-10-03 07:33:35,2026-10-03 08:30:00,44.2,0.6479142731881701,0.35208572681182987,0.6710526315789473,0.37593984962406013,750,3749929886
bucsa|c|sun|x,2026-10-03 07:45:47,2026-10-03 07:33:35,2026-10-03 09:20:00,94.2,0.6950974871541382,0.30490251284586173,0.7093023255813954,0.3194888178913738,3500,3749928343
rybas|f|zhenikhova|s,2026-10-03 07:45:47,2026-10-03 07:39:50,2026-10-03 08:38:00,52.2,0.8071580740893128,0.19284192591068716,0.8299319727891156,0.2178649237472767,750,3749930620
alexandrova|e|shnaider|d,2026-10-03 07:45:47,2026-10-03 07:39:50,2026-10-04 03:00:00,1154.2,0.3256688497534961,0.674331150246504,0.3401360544217687,0.6884735202492213,400,3749932610
andreeva|m|kudermetova|p,2026-10-03 07:45:47,2026-10-03 07:39:50,2026-10-04 03:00:00,1154.2,0.9225582668829541,0.07744173311704593,0.9384993849938499,0.0970873786407767,250,3749934277
kraus|s|yastremska|d,2026-10-03 07:45:47,2026-10-03 07:39:50,2026-10-04 03:00:00,1154.2,0.28103151687884703,0.7189684831211529,0.2958579881656805,0.7333333333333333,400,3749932564
bartunkova|n|sabalenka|a,2026-10-03 07:45:47,2026-10-03 07:39:50,2026-10-04 03:00:00,1154.2,0.13695652548889845,0.8630434745111015,0.15384615384615385,0.878345498783455,250,3749931387
bejlek|s|osaka|n,2026-10-03 07:45:47,2026-10-03 07:39:50,2026-10-04 03:00:00,1154.2,0.27413563460887497,0.725864365391125,0.28901734104046245,0.7402597402597403,400,3749933207
muchova|k|samsonova|l,2026-10-03 07:45:47,2026-10-03 07:39:50,2026-10-04 03:00:00,1154.2,0.7716069419158575,0.22839305808414248,0.7858672376873661,0.24330900243309006,400,3749933842
preston|t|snigur|d,2026-10-03 07:55:06,2026-10-03 07:48:41,2026-10-04 03:00:00,1144.9,0.38878248841640833,0.6112175115835916,0.40322580645161293,0.6254681647940076,400,3749936530
andrade|a|dietrich|d,2026-10-03 07:55:06,2026-10-03 07:48:41,2026-10-03 16:30:00,514.9,0.2985321127080642,0.7014678872919358,0.3184713375796178,0.7206703910614525,1500,3749937266
kartal|s|wang|x,2026-10-03 07:55:06,2026-10-03 07:55:06,2026-10-03 12:47:00,291.9,0.5047174010164595,0.4952825989835406,0.5192307692307692,0.5098039215686274,3500,3749941197
verwerft|l|wyk|k,2026-10-03 07:55:06,2026-10-03 07:55:06,2026-10-03 09:00:00,64.9,0.6659360955329487,0.3340639044670512,0.6894409937888198,0.35842293906810035,750,3749941823
muchova|k|samsonova|l,2026-10-03 07:55:06,2026-10-03 07:55:06,2026-10-04 03:00:00,1144.9,0.7708407524662304,0.22915924753376946,0.7849462365591398,0.24390243902439027,400,3749941736
lopez|n|meerschen|m,2026-10-03 07:55:06,2026-10-03 07:55:06,2026-10-03 09:00:00,64.9,0.29681582043031624,0.7031841795696836,0.3215434083601286,0.7267759562841529,750,3749942214
bencic|b|zakharova|a,2026-10-03 07:55:06,2026-10-03 07:55:06,2026-10-03 08:47:00,51.9,0.8021035179194823,0.1978964820805178,0.8161764705882354,0.2127659574468085,2625,3749941197
birrell|k|bouzkova|m,2026-10-03 07:55:06,2026-10-03 07:48:41,2026-10-03 10:49:00,173.9,0.3230675249508634,0.6769324750491366,0.33783783783783783,0.691358024691358,3500,3749934661
andreeva|m|kudermetova|p,2026-10-03 07:55:06,2026-10-03 07:48:41,2026-10-04 03:00:00,1144.9,0.9244776367015577,0.07552236329844235,0.94026284348865,0.09505703422053233,250,3749934632
medvedev|d|struff|j,2026-10-03 07:55:06,2026-10-03 07:55:06,2026-10-03 10:47:00,171.9,0.8493068193904796,0.15069318060952036,0.8628257887517148,0.1652892561983471,2500,3749941197
rajecki|m|shubladze|s,2026-10-03 07:55:06,2026-10-03 07:48:41,2026-10-03 09:00:00,64.9,0.5,0.5,0.5348837209302326,0.5348837209302326,1250,3749936844
schwaerzler|j|wayenburg|s,2026-10-03 07:55:06,2026-10-03 07:48:41,2026-10-03 12:30:00,274.9,0.41917461527728456,0.5808253847227155,0.43859649122807015,0.6000000000000001,1500,3749936259
qu|y|zheng|w,2026-10-03 07:55:06,2026-10-03 07:55:06,2026-10-03 08:00:00,4.9,0.2780899803452363,0.7219100196547638,0.30303030303030304,0.7455470737913487,450,3749942579
kalinskaya|a|zheng|q,2026-10-03 07:55:06,2026-10-03 07:48:41,2026-10-03 08:49:00,53.9,0.377790895883247,0.622209104116753,0.3921568627450981,0.6363636363636364,3500,3749940078
dart|h|jovic|i,2026-10-03 07:55:06,2026-10-03 07:48:41,2026-10-03 08:13:00,17.9,0.09086173248197503,0.909138267518025,0.11123470522803114,0.926090169992609,575,3749937054
golubic|v|noskova|l,2026-10-03 07:55:06,2026-10-03 07:48:41,2026-10-04 03:00:00,1144.9,0.13285739300077617,0.8671426069992239,0.14970059880239522,0.8823529411764706,300,3749937570
banuls|c|hesse|a,2026-10-03 07:55:06,2026-10-03 07:48:41,2026-10-03 09:00:00,64.9,0.5714920741902716,0.4285079258097285,0.5951417004048584,0.45248868778280543,750,3749939323
cerundolo|f|mensik|j,2026-10-03 08:26:43,2026-10-03 08:18:52,2026-10-03 11:17:00,170.3,0.35245015960029746,0.6475498403997025,0.36496350364963503,0.6598639455782314,5000,3749952838
broek|i|nahimana|s,2026-10-03 08:26:43,2026-10-03 08:18:52,2026-10-03 12:30:00,243.3,0.5548820155599392,0.4451179844400609,0.5833333333333333,0.4739336492890995,550,3749953774
salden|d|valdmannova|a,2026-10-03 08:26:43,2026-10-03 08:25:12,2026-10-03 15:00:00,393.3,0.5278640450004207,0.4721359549995793,0.5652173913043479,0.5098039215686274,250,3749962981
nijkamp|r|refaat|m,2026-10-03 08:26:43,2026-10-03 08:18:52,2026-10-03 18:00:00,573.3,0.4136810243082138,0.5863189756917861,0.4464285714285714,0.6183206106870228,375,3749957714
kym|j|rocha|h,2026-10-03 08:26:43,2026-10-03 08:18:52,2026-10-03 12:00:00,213.3,0.4216359527660841,0.5783640472339159,0.43859649122807015,0.5951417004048584,2250,3749950630
birrell|k|bouzkova|m,2026-10-03 08:26:43,2026-10-03 08:25:12,2026-10-03 10:49:00,142.3,0.3230675249508634,0.6769324750491366,0.33783783783783783,0.691358024691358,3500,3749961494
glasspool|j|zverev|m,2026-10-03 08:26:43,2026-10-03 08:25:12,2026-10-04 02:00:00,1053.3,0.7190070632925106,0.2809929367074894,0.7442455242966751,0.3076923076923077,250,3749962981
houkes|m|lock|b,2026-10-03 08:26:43,2026-10-03 08:18:52,2026-10-03 10:30:00,123.3,0.8832651107920184,0.11673488920798164,0.9035679845708775,0.14064697609001406,550,3749959917
dart|h|jovic|i,2026-10-03 08:26:43,2026-10-03 08:18:52,2026-10-03 08:45:00,18.3,0.09086173248197503,0.909138267518025,0.11123470522803114,0.926090169992609,575,3749956304
andreeva|e|boisson|l,2026-10-03 08:26:43,2026-10-03 08:18:52,2026-10-03 12:00:00,213.3,0.3007445855112813,0.6992554144887184,0.3205128205128205,0.7183098591549296,1875,3749948497
humbert|u|lehecka|j,2026-10-03 08:26:43,2026-10-03 08:18:52,2026-10-03 09:54:00,87.3,0.4093240212525828,0.5906759787474172,0.42194092827004215,0.6031746031746031,5000,3749959540
medvedev|d|struff|j,2026-10-03 08:26:43,2026-10-03 08:18:52,2026-10-03 10:00:00,93.3,0.8493068193904796,0.15069318060952036,0.8628257887517148,0.1652892561983471,2500,3749956597
boitan|g|zgola|b,2026-10-03 08:26:43,2026-10-03 08:18:52,2026-10-03 09:30:00,63.3,0.9132355999950578,0.0867644000049423,0.9315537303216975,0.10940919037199125,750,3749950437
djoubri|s|pree|b,2026-10-03 08:26:43,2026-10-03 08:18:52,2026-10-03 14:00:00,333.3,0.2122662493970589,0.787733750602941,0.24213075060532688,0.8148148148148148,550,3749948214
kartal|s|wang|x,2026-10-03 08:26:43,2026-10-03 08:18:52,2026-10-03 12:00:00,213.3,0.5047174010164595,0.4952825989835406,0.5192307692307692,0.5098039215686274,3500,3749956597
jones|h|pham|d,2026-10-03 08:26:43,2026-10-03 08:18:52,2026-10-03 08:25:59,-0.8,0.5544122104497016,0.44558778955029815,0.5780590717299579,0.4694835680751174,750,3749958664
birrell|k|bouzkova|m,2026-10-03 08:43:31,2026-10-03 08:33:59,2026-10-03 10:58:00,134.5,0.3230675249508634,0.6769324750491366,0.33783783783783783,0.691358024691358,3500,3749968197
glasspool|j|zverev|m,2026-10-03 08:43:31,2026-10-03 08:33:59,2026-10-04 02:00:00,1036.5,0.6684089436617956,0.33159105633820435,0.6941896024464832,0.35842293906810035,250,3749967410
andreeva|e|boisson|l,2026-10-03 08:43:31,2026-10-03 08:33:59,2026-10-03 12:00:00,196.5,0.30051149138807115,0.6994885086119289,0.31746031746031744,0.7159090909090909,1875,3749971357
broek|i|nahimana|s,2026-10-03 08:43:31,2026-10-03 08:33:59,2026-10-03 12:30:00,226.5,0.5544122104497016,0.44558778955029815,0.5780590717299579,0.4694835680751174,550,3749971096
kraus|s|yastremska|d,2026-10-03 08:43:31,2026-10-03 08:40:24,2026-10-04 03:00:00,1096.5,0.28103151687884703,0.7189684831211529,0.2958579881656805,0.7333333333333333,700,3749975723
rouvroy|m|vedder|e,2026-10-03 08:43:31,2026-10-03 08:33:59,2026-10-03 10:30:00,106.5,0.37782123123530603,0.6221787687646939,0.4016064257028112,0.6453900709219857,750,3749971357
bertimon|c|mashtakov|n,2026-10-03 08:43:31,2026-10-03 08:33:59,2026-10-03 10:30:00,106.5,0.1657579865542395,0.8342420134457603,0.19047619047619047,0.8563218390804597,750,3749971257
alexandrova|e|shnaider|d,2026-10-03 08:43:31,2026-10-03 08:40:24,2026-10-04 03:00:00,1096.5,0.3256688497534961,0.674331150246504,0.3401360544217687,0.6884735202492213,700,3749975412
hurkacz|h|khachanov|k,2026-10-03 08:43:31,2026-10-03 08:40:24,2026-10-04 02:00:00,1036.5,0.4296285963740005,0.5703714036259995,0.4444444444444444,0.5850622406639003,3600,3749974374
kym|j|rocha|h,2026-10-03 08:43:31,2026-10-03 08:33:59,2026-10-03 12:00:00,196.5,0.41280306164579184,0.5871969383542082,0.4273504273504274,0.601593625498008,2250,3749971257
bartunkova|n|sabalenka|a,2026-10-03 08:43:31,2026-10-03 08:40:24,2026-10-04 03:00:00,1096.5,0.13695652548889845,0.8630434745111015,0.15384615384615385,0.878345498783455,350,3749973990
schwaerzler|j|wayenburg|s,2026-10-03 08:43:31,2026-10-03 08:33:59,2026-10-03 12:30:00,226.5,0.41917461527728456,0.5808253847227155,0.43859649122807015,0.6000000000000001,1875,3749971357
andreeva|m|kudermetova|p,2026-10-03 08:43:31,2026-10-03 08:40:24,2026-10-04 03:00:00,1096.5,0.9255022278176712,0.07449777218232888,0.9412110523221634,0.09398496240601503,250,3749974277
shang|j|zverev|a,2026-10-03 08:43:31,2026-10-03 08:33:59,2026-10-03 11:00:00,136.5,0.08566404304134956,0.9143359569586506,0.10341261633919338,0.9292786421499292,825,3749966864
ivanov|v|ruiz|c,2026-10-03 08:43:31,2026-10-03 08:33:59,2026-10-03 10:30:00,106.5,0.5192593015921397,0.4807406984078603,0.5433789954337899,0.504950495049505,750,3749971357
dart|h|jovic|i,2026-10-03 08:43:31,2026-10-03 08:40:24,2026-10-03 08:45:00,1.5,0.08944017321670948,0.9105598267832906,0.10976948408342481,0.9274310595065312,575,3749974977
charaeva|a|rybakina|e,2026-10-03 08:43:31,2026-10-03 08:40:24,2026-10-03 13:00:00,256.5,0.059734186742909146,0.9402658132570908,0.078064012490242,0.9545040946314831,450,3749975267
donald|m|manzano|j,2026-10-03 08:43:31,2026-10-03 08:33:59,2026-10-03 13:00:00,256.5,0.4735396981990836,0.5264603018009165,0.4926108374384236,0.5454545454545454,1500,3749969871
bejlek|s|osaka|n,2026-10-03 08:43:31,2026-10-03 08:40:24,2026-10-04 03:00:00,1096.5,0.27413563460887497,0.725864365391125,0.28901734104046245,0.7402597402597403,700,3749975489
houkes|m|lock|b,2026-10-03 08:43:31,2026-10-03 08:33:59,2026-10-03 10:30:00,106.5,0.8832651107920184,0.11673488920798164,0.9035679845708775,0.14064697609001406,750,3749969706
preston|t|snigur|d,2026-10-03 08:55:21,2026-10-03 08:49:06,2026-10-04 03:00:00,1084.6,0.38878248841640833,0.6112175115835916,0.40322580645161293,0.6254681647940076,700,3749980196
shang|j|zverev|a,2026-10-03 08:55:21,2026-10-03 08:55:18,2026-10-03 11:00:00,124.6,0.08524698798375563,0.9147530120162443,0.10298661174047373,0.9296765119549929,825,3749990423
cerundolo|f|mensik|j,2026-10-03 08:55:21,2026-10-03 08:49:06,2026-10-03 11:17:00,141.6,0.35682448479145235,0.6431755152085478,0.36900369003690037,0.6551724137931035,5000,3749984503
muchova|k|samsonova|l,2026-10-03 08:55:21,2026-10-03 08:49:06,2026-10-04 03:00:00,1084.6,0.7708407524662304,0.22915924753376946,0.7849462365591398,0.24390243902439027,700,3749978507
banuls|c|hesse|a,2026-10-03 08:55:21,2026-10-03 08:55:18,2026-10-03 09:00:00,4.6,0.5714920741902716,0.4285079258097285,0.5951417004048584,0.45248868778280543,750,3749989520
charaeva|a|rybakina|e,2026-10-03 08:55:21,2026-10-03 08:49:06,2026-10-03 13:00:00,244.6,0.058491133457954037,0.9415088665420459,0.07668711656441718,0.9555950266429839,450,3749979630
kym|j|rocha|h,2026-10-03 08:55:21,2026-10-03 08:49:06,2026-10-03 12:00:00,184.6,0.4136086018572103,0.5863913981427896,0.4273504273504274,0.6000000000000001,2250,3749984839
pigato|l|swan|k,2026-10-03 08:55:21,2026-10-03 08:55:18,2026-10-03 09:00:00,4.6,0.43411564494282884,0.5658843550571712,0.4587155963302753,0.5901639344262295,750,3749990017
birrell|k|bouzkova|m,2026-10-03 08:55:21,2026-10-03 08:49:06,2026-10-03 10:34:00,98.6,0.3230675249508634,0.6769324750491366,0.33783783783783783,0.691358024691358,3500,3749981659
andreeva|m|kudermetova|p,2026-10-03 08:55:21,2026-10-03 08:49:06,2026-10-04 03:00:00,1084.6,0.928427360291435,0.07157263970856495,0.943851768669287,0.09082652134423251,250,3749979630
bax|f|hemery|c,2026-10-03 08:55:21,2026-10-03 08:55:18,2026-10-03 09:00:00,4.6,0.3948390748882274,0.6051609251117726,0.4184100418410042,0.6282527881040892,750,3749987819
humbert|u|lehecka|j,2026-10-03 08:55:21,2026-10-03 08:55:18,2026-10-03 09:27:00,31.6,0.3963292584642285,0.6036707415357715,0.4081632653061224,0.6153846153846154,5000,3749987607
golubic|v|noskova|l,2026-10-03 08:55:21,2026-10-03 08:55:18,2026-10-04 03:00:00,1084.6,0.13513913002566422,0.8648608699743358,0.1519756838905775,0.8800959232613909,350,3749987368
demanet|e|duran|t,2026-10-03 08:55:21,2026-10-03 08:55:18,2026-10-03 09:00:00,4.6,0.418681155258392,0.581318844741608,0.4424778761061947,0.6047430830039526,750,3749989742
medvedev|d|struff|j,2026-10-03 08:55:21,2026-10-03 08:49:06,2026-10-03 09:54:00,58.6,0.8493068193904796,0.15069318060952036,0.8628257887517148,0.1652892561983471,2500,3749981659
lopez|n|meerschen|m,2026-10-03 08:55:21,2026-10-03 08:55:18,2026-10-03 09:00:00,4.6,0.29681582043031624,0.7031841795696836,0.3215434083601286,0.7267759562841529,750,3749986288
kartal|s|wang|x,2026-10-03 08:55:21,2026-10-03 08:49:06,2026-10-03 11:54:00,178.6,0.5047174010164595,0.4952825989835406,0.5192307692307692,0.5098039215686274,3500,3749981659
canas|a|jong|s,2026-10-03 09:22:20,2026-10-03 09:19:18,2026-10-03 11:00:00,97.7,0.6563048209020549,0.34369517909794517,0.6794871794871794,0.36764705882352944,750,3749998511
braswell|j|mosejczuk|d,2026-10-03 09:22:20,2026-10-03 09:19:18,2026-10-03 16:00:00,397.7,0.3699355579143,0.6300644420857,0.40322580645161293,0.6621621621621622,375,3749994667
cerundolo|f|mensik|j,2026-10-03 09:22:20,2026-10-03 09:19:18,2026-10-03 12:10:00,167.7,0.35682448479145235,0.6431755152085478,0.36900369003690037,0.6551724137931035,5000,3749995700
andreeva|m|kudermetova|p,2026-10-03 09:22:20,2026-10-03 09:19:18,2026-10-04 03:00:00,1057.7,0.9266313416531217,0.0733686583468781,0.9422299248989023,0.0927643784786642,250,3749998243
gima|s|turcanu|r,2026-10-03 09:22:20,2026-10-03 09:19:18,2026-10-03 11:00:00,97.7,0.39641179069625493,0.6035882093037451,0.42016806722689076,0.626865671641791,750,3749998690
boitan|g|zgola|b,2026-10-03 09:22:20,2026-10-03 09:19:18,2026-10-03 09:30:00,7.7,0.9076909019826476,0.09230909801735221,0.9264164827078734,0.1152073732718894,750,3750015482
krueger|m|shelbayh|a,2026-10-03 09:22:20,2026-10-03 09:19:18,2026-10-03 18:30:00,547.7,0.445237247851061,0.554762752148939,0.46511627906976744,0.574468085106383,1500,3749992522
kym|j|rocha|h,2026-10-03 09:22:20,2026-10-03 09:19:18,2026-10-03 12:00:00,157.7,0.4136086018572103,0.5863913981427896,0.4273504273504274,0.6000000000000001,3000,3749998511
andreeva|e|boisson|l,2026-10-03 09:22:20,2026-10-03 09:19:18,2026-10-03 12:00:00,157.7,0.30051149138807115,0.6994885086119289,0.31746031746031744,0.7159090909090909,2500,3749998676
donald|m|manzano|j,2026-10-03 09:22:20,2026-10-03 09:19:18,2026-10-03 13:00:00,217.7,0.4735396981990836,0.5264603018009165,0.4926108374384236,0.5454545454545454,1875,3749998511
schwaerzler|j|wayenburg|s,2026-10-03 09:22:20,2026-10-03 09:19:18,2026-10-03 12:30:00,187.7,0.4216359527660841,0.5783640472339159,0.43859649122807015,0.5951417004048584,1875,3749998676
hurkacz|h|khachanov|k,2026-10-03 09:22:20,2026-10-03 09:19:18,2026-10-04 05:00:00,1177.7,0.4296285963740005,0.5703714036259995,0.4444444444444444,0.5850622406639003,4500,3750009923
bucsa|c|sun|x,2026-10-03 09:22:20,2026-10-03 09:19:18,2026-10-03 09:20:00,-2.3,0.6932223846234584,0.3067776153765416,0.7076023391812866,0.3215434083601286,3500,3750004386
bonding|o|coquelin|h,2026-10-03 09:22:20,2026-10-03 09:19:18,2026-10-03 15:00:00,337.7,0.8353780642130306,0.16462193578696974,0.8614958448753463,0.19455252918287938,550,3749998511
salden|d|valdmannova|a,2026-10-03 09:22:20,2026-10-03 09:19:18,2026-10-03 15:00:00,337.7,0.5278640450004207,0.4721359549995793,0.5652173913043479,0.5098039215686274,450,3749997865
medvedev|d|struff|j,2026-10-03 09:22:20,2026-10-03 09:19:18,2026-10-03 09:54:00,31.7,0.8476119376111418,0.15238806238885852,0.861111111111111,0.1669449081803005,2500,3750007386
glasspool|j|zverev|m,2026-10-03 09:22:20,2026-10-03 09:19:18,2026-10-04 02:00:00,997.7,0.6684089436617956,0.33159105633820435,0.6941896024464832,0.35842293906810035,450,3749997865
papamalamis|t|rozin|s,2026-10-03 09:22:20,2026-10-03 09:19:18,2026-10-03 15:00:00,337.7,0.5376268514207653,0.46237314857923467,0.5652173913043479,0.49019607843137253,550,3749997467
banuls|c|hesse|a,2026-10-03 09:22:20,2026-10-03 09:19:18,2026-10-03 09:26:06,3.8,0.5714920741902716,0.4285079258097285,0.5951417004048584,0.45248868778280543,750,3750013150
jeanjean|l|ruzic|a,2026-10-03 09:22:20,2026-10-03 09:19:18,2026-10-03 14:00:00,277.7,0.4253643740734904,0.5746356259265095,0.4444444444444444,0.5934959349593496,1500,3750001017
dahlin|m|tomizawa|n,2026-10-03 09:22:20,2026-10-03 09:19:18,2026-10-03 15:00:00,337.7,0.8181333124925634,0.1818666875074366,0.84472049689441,0.21186440677966098,550,3749998676
andrade|a|dietrich|d,2026-10-03 09:22:20,2026-10-03 09:19:18,2026-10-03 16:30:00,427.7,0.29286527816354596,0.707134721836454,0.3125,0.726027397260274,1500,3749996520
ivanov|v|ruiz|c,2026-10-03 09:22:20,2026-10-03 09:19:18,2026-10-03 10:30:00,67.7,0.5305456869879751,0.46945431301202484,0.5535714285714286,0.4926108374384236,750,3749994138
biolay|s|santiago|m,2026-10-03 09:22:20,2026-10-03 09:10:36,2026-10-03 09:16:36,-5.7,0.6603517231933964,0.3396482768066036,0.6835443037974683,0.36363636363636365,750,3750002557
verwerft|l|wyk|k,2026-10-03 09:22:20,2026-10-03 09:10:36,2026-10-03 09:16:50,-5.5,0.6659360955329487,0.3340639044670512,0.6894409937888198,0.35842293906810035,750,3750002485
lopez|n|meerschen|m,2026-10-03 09:22:20,2026-10-03 09:10:36,2026-10-03 09:16:11,-6.2,0.28913966969822874,0.7108603303017711,0.31347962382445144,0.7340425531914894,750,3750003348
bax|f|hemery|c,2026-10-03 09:22:20,2026-10-03 09:10:36,2026-10-03 09:15:31,-6.8,0.39799718640119486,0.6020028135988053,0.42194092827004215,0.6254681647940076,750,3750002485
humbert|u|lehecka|j,2026-10-03 09:22:20,2026-10-03 09:10:36,2026-10-03 09:20:09,-2.2,0.4043521250133533,0.5956478749866466,0.4166666666666667,0.607843137254902,5000,3750006084
shi|h|yuan|c,2026-10-03 09:32:38,2026-10-03 09:25:29,2026-10-03 07:00:00,-152.6,0.8777942974791996,0.12220570252080047,0.9001996007984032,0.1488095238095238,575,3750021914
rajecki|m|shubladze|s,2026-10-03 09:32:38,2026-10-03 09:25:29,2026-10-03 09:00:00,-32.6,0.5,0.5,0.5348837209302326,0.5348837209302326,1250,3750022768
saigo|r|yang|y,2026-10-03 09:32:38,2026-10-03 09:25:29,2026-10-03 08:00:00,-92.6,0.5,0.5,0.5215311004784688,0.5215311004784688,1750,3750021762
huang|y|khamutsianskaya|d,2026-10-03 09:32:38,2026-10-03 09:25:29,2026-10-03 08:00:00,-92.6,0.5171434175867502,0.4828565824132498,0.5391705069124424,0.504950495049505,1750,3750022174
bucsa|c|sun|x,2026-10-03 09:32:38,2026-10-03 09:25:29,2026-10-03 09:20:00,-12.6,0.6932223846234584,0.3067776153765416,0.7076023391812866,0.3215434083601286,3500,3750020778
alcaraz|c|shapovalov|d,2026-10-03 09:32:38,2026-10-03 09:25:29,2026-10-04 04:00:00,1107.4,0.8787590912682346,0.12124090873176548,0.8955067920585162,0.1402524544179523,250,3750019678
qu|y|zheng|w,2026-10-03 09:32:38,2026-10-03 09:25:29,2026-10-04 02:00:00,987.4,0.2780899803452363,0.7219100196547638,0.30303030303030304,0.7455470737913487,450,3750021380
matsuda|r|wei|s,2026-10-03 09:32:38,2026-10-03 09:25:29,2026-10-04 05:00:00,1167.4,0.24168166172384925,0.7583183382761508,0.26666666666666666,0.7816593886462881,800,3750021590
birrell|k|bouzkova|m,2026-10-03 09:42:22,2026-10-03 09:34:20,2026-10-03 10:40:00,57.6,0.3230675249508634,0.6769324750491366,0.33783783783783783,0.691358024691358,3500,3750031179
huang|y|khamutsianskaya|d,2026-10-03 09:42:22,2026-10-03 09:34:20,2026-10-04 02:00:00,977.6,0.5169879132939876,0.4830120867060124,0.5412844036697247,0.5073891625615764,1750,3750027266
saigo|r|yang|y,2026-10-03 09:42:22,2026-10-03 09:34:20,2026-10-04 03:30:00,1067.6,0.5,0.5,0.5238095238095238,0.5238095238095238,1750,3750027266
matsuda|r|wei|s,2026-10-03 09:42:22,2026-10-03 09:34:20,2026-10-04 05:00:00,1157.6,0.24168166172384925,0.7583183382761508,0.26666666666666666,0.7816593886462881,1050,3750026868
kraus|s|yastremska|d,2026-10-03 09:42:22,2026-10-03 09:40:35,2026-10-04 03:00:00,1037.6,0.28103151687884703,0.7189684831211529,0.2958579881656805,0.7333333333333333,1000,3750040405
sanchis|d|torre|i,2026-10-03 09:42:22,2026-10-03 09:34:20,2026-10-03 10:05:00,22.6,0.2994740134320684,0.7005259865679314,0.31446540880503143,0.715099715099715,3000,3750032322
kartal|s|wang|x,2026-10-03 09:42:22,2026-10-03 09:34:20,2026-10-03 12:34:00,171.6,0.5047174010164595,0.4952825989835406,0.5192307692307692,0.5098039215686274,3500,3750023791
bertimon|c|mashtakov|n,2026-10-03 09:42:22,2026-10-03 09:40:35,2026-10-03 10:30:00,47.6,0.1997878661688952,0.8002121338311048,0.2247191011235955,0.8230088495575221,750,3750038110
alexandrova|e|shnaider|d,2026-10-03 09:42:22,2026-10-03 09:40:35,2026-10-04 03:00:00,1037.6,0.32780856804674474,0.6721914319532553,0.3424657534246575,0.6865203761755486,1000,3750039838
fils|a|vacherot|v,2026-10-03 09:42:22,2026-10-03 09:40:35,2026-10-04 07:00:00,1277.6,0.788801832007658,0.21119816799234212,0.800796812749004,0.22371364653243844,4500,3750040016
qu|y|zheng|w,2026-10-03 09:42:22,2026-10-03 09:34:20,2026-10-04 02:00:00,977.6,0.2780899803452363,0.7219100196547638,0.30303030303030304,0.7455470737913487,800,3750026868
shi|h|yuan|c,2026-10-03 09:42:22,2026-10-03 09:34:20,2026-10-04 03:30:00,1067.6,0.8780243991202866,0.12197560087971339,0.9021526418786692,0.1510574018126888,575,3750026868
bartunkova|n|sabalenka|a,2026-10-03 09:42:22,2026-10-03 09:40:35,2026-10-04 03:00:00,1037.6,0.13695652548889845,0.8630434745111015,0.15384615384615385,0.878345498783455,500,3750037728
schwaerzler|j|wayenburg|s,2026-10-03 09:42:22,2026-10-03 09:34:20,2026-10-03 12:30:00,167.6,0.42790374058678565,0.5720962594132143,0.4444444444444444,0.5884773662551441,2500,3750034677
ivanov|v|ruiz|c,2026-10-03 09:42:22,2026-10-03 09:34:20,2026-10-03 10:30:00,47.6,0.5453511946446948,0.4546488053553053,0.5689655172413793,0.47846889952153115,750,3750033656
jacquet|k|munar|j,2026-10-03 09:42:22,2026-10-03 09:40:35,2026-10-04 02:00:00,977.6,0.4152373264673674,0.5847626735326326,0.4273504273504274,0.5967741935483871,6000,3750037728
donald|m|manzano|j,2026-10-03 09:42:22,2026-10-03 09:34:20,2026-10-03 13:00:00,197.6,0.4733784461863233,0.5266215538136767,0.49019607843137253,0.5433789954337899,1875,3750033656
bejlek|s|osaka|n,2026-10-03 09:42:22,2026-10-03 09:40:35,2026-10-04 03:00:00,1037.6,0.27413563460887497,0.725864365391125,0.28901734104046245,0.7402597402597403,1000,3750040016
medvedev|d|struff|j,2026-10-03 09:42:22,2026-10-03 09:34:20,2026-10-03 10:34:00,51.6,0.8476119376111418,0.15238806238885852,0.861111111111111,0.1669449081803005,2500,3750023791
rajecki|m|shubladze|s,2026-10-03 09:54:17,2026-10-03 09:49:25,2026-10-03 09:50:00,-4.3,0.4794023332743885,0.5205976667256115,0.5145631067961165,0.5555555555555556,1250,3750048209
andreeva|m|kudermetova|p,2026-10-03 09:54:17,2026-10-03 09:49:25,2026-10-04 03:00:00,1025.7,0.9266313416531217,0.0733686583468781,0.9422299248989023,0.0927643784786642,250,3750046673
sanchis|d|torre|i,2026-10-03 09:54:17,2026-10-03 09:49:25,2026-10-03 10:09:00,14.7,0.2994740134320684,0.7005259865679314,0.31446540880503143,0.715099715099715,3000,3750043095
ivanov|v|ruiz|c,2026-10-03 09:54:17,2026-10-03 09:49:25,2026-10-03 10:30:00,35.7,0.5603163689648729,0.4396836310351271,0.5833333333333333,0.4629629629629629,750,3750052224
muchova|k|samsonova|l,2026-10-03 09:54:17,2026-10-03 09:49:25,2026-10-04 03:00:00,1025.7,0.7708407524662304,0.22915924753376946,0.7849462365591398,0.24390243902439027,1000,3750044188
cerundolo|f|mensik|j,2026-10-03 09:54:17,2026-10-03 09:49:25,2026-10-03 12:50:00,175.7,0.35682448479145235,0.6431755152085478,0.36900369003690037,0.6551724137931035,5000,3750044440
golubic|v|noskova|l,2026-10-03 09:54:17,2026-10-03 09:49:25,2026-10-04 03:00:00,1025.7,0.13513913002566422,0.8648608699743358,0.1519756838905775,0.8800959232613909,500,3750052089
preston|t|snigur|d,2026-10-03 09:54:17,2026-10-03 09:49:25,2026-10-04 03:00:00,1025.7,0.38878248841640833,0.6112175115835916,0.40322580645161293,0.6254681647940076,1000,3750046804
braswell|j|mosejczuk|d,2026-10-03 09:54:17,2026-10-03 09:49:25,2026-10-03 16:00:00,365.7,0.36525481173182023,0.6347451882681797,0.39840637450199207,0.6666666666666666,375,3750048469
kartal|s|wang|x,2026-10-03 09:59:42,2026-10-03 09:56:13,2026-10-03 12:34:00,154.3,0.5047174010164595,0.4952825989835406,0.5192307692307692,0.5098039215686274,3500,3750057956
ivanov|v|ruiz|c,2026-10-03 09:59:42,2026-10-03 09:56:13,2026-10-03 10:30:00,30.3,0.5462866728583532,0.4537133271416468,0.5708154506437768,0.47846889952153115,750,3750058512
kym|j|rocha|h,2026-10-03 09:59:42,2026-10-03 09:56:13,2026-10-03 12:00:00,120.3,0.4136086018572103,0.5863913981427896,0.4273504273504274,0.6000000000000001,3000,3750057137
bertimon|c|mashtakov|n,2026-10-03 09:59:42,2026-10-03 09:56:13,2026-10-03 10:30:00,30.3,0.2039621383825342,0.7960378616174656,0.22883295194508008,0.8188405797101449,750,3750056653
qu|y|zheng|w,2026-10-03 09:59:42,2026-10-03 09:56:13,2026-10-04 02:00:00,960.3,0.2780899803452363,0.7219100196547638,0.30303030303030304,0.7455470737913487,1050,3750056601
boitan|g|zgola|b,2026-10-03 09:59:42,2026-10-03 09:56:13,2026-10-03 10:01:52,2.2,0.9050046453310333,0.09499535466896666,0.923954372623574,0.11806375442739081,750,3750055553
kartal|s|wang|x,2026-10-03 10:18:09,2026-10-03 10:04:30,2026-10-03 11:49:00,90.8,0.5047174010164595,0.4952825989835406,0.5192307692307692,0.5098039215686274,3500,3750062454
rajecki|m|shubladze|s,2026-10-03 10:18:09,2026-10-03 10:04:30,2026-10-03 10:10:00,-8.2,0.4794023332743885,0.5205976667256115,0.5145631067961165,0.5555555555555556,1250,3750061748
shang|j|zverev|a,2026-10-03 10:18:09,2026-10-03 10:04:30,2026-10-03 11:11:00,52.8,0.08196931276783673,0.9180306872321634,0.09950248756218905,0.9327052489905788,825,3750067158
sanchis|d|torre|i,2026-10-03 10:18:09,2026-10-03 10:04:30,2026-10-03 10:12:52,-5.3,0.3039735594464901,0.6960264405535099,0.3184713375796178,0.7101449275362319,3000,3750067035
justo|g|vera|t,2026-10-03 10:18:09,2026-10-03 10:11:22,2026-10-03 15:00:00,281.8,0.3303097366932832,0.6696902633067168,0.34965034965034963,0.6884735202492213,1500,3750071887
salden|d|valdmannova|a,2026-10-03 10:18:09,2026-10-03 10:04:30,2026-10-03 15:00:00,281.8,0.5278640450004207,0.4721359549995793,0.5652173913043479,0.5098039215686274,625,3750066931
risso|l|urrutia|m,2026-10-03 10:18:09,2026-10-03 10:04:30,2026-10-03 16:00:00,341.8,0.6244001518568222,0.37559984814317776,0.6527777777777778,0.40485829959514175,550,3750067712
alcaraz|c|shapovalov|d,2026-10-03 10:18:09,2026-10-03 10:04:30,2026-10-04 04:00:00,1061.8,0.8959404068382768,0.10405959316172314,0.913718723037101,0.125,250,3750068200
rouvroy|m|vedder|e,2026-10-03 10:18:09,2026-10-03 10:11:22,2026-10-03 10:30:00,11.8,0.37782123123530603,0.6221787687646939,0.4016064257028112,0.6453900709219857,750,3750070436
li|z|lu|j,2026-10-03 10:18:09,2026-10-03 10:04:30,2026-10-04 02:00:00,941.8,0.3608967648381518,0.6391032351618482,0.3846153846153846,0.6621621621621622,1750,3750068200
braswell|j|mosejczuk|d,2026-10-03 10:18:09,2026-10-03 10:04:30,2026-10-03 16:00:00,341.8,0.36531624575838284,0.6346837542416173,0.39370078740157477,0.6621621621621622,550,3750067712
medvedev|d|struff|j,2026-10-03 10:18:09,2026-10-03 10:11:22,2026-10-03 10:34:00,15.8,0.848643437437324,0.151356562562676,0.8620689655172414,0.16583747927031509,2500,3750076360
donald|m|manzano|j,2026-10-03 10:18:09,2026-10-03 10:11:22,2026-10-03 13:00:00,161.8,0.4679042226001363,0.5320957773998638,0.4854368932038835,0.5495495495495495,2500,3750074310
nugroho|p|okamura|k,2026-10-03 10:18:09,2026-10-03 10:04:30,2026-10-04 05:00:00,1121.8,0.4396836310351271,0.5603163689648729,0.4629629629629629,0.5833333333333333,1750,3750068200
djoubri|s|pree|b,2026-10-03 10:18:09,2026-10-03 10:04:30,2026-10-03 14:00:00,221.8,0.2126638756671352,0.7873361243328648,0.23752969121140144,0.810246679316888,550,3750067798
jeanjean|l|ruzic|a,2026-10-03 10:18:09,2026-10-03 10:04:30,2026-10-03 14:00:00,221.8,0.4253643740734904,0.5746356259265095,0.4444444444444444,0.5934959349593496,1875,3750067989
sidorova|k|zavatska|k,2026-10-03 10:18:09,2026-10-03 10:04:30,2026-10-04 03:30:00,1031.8,0.6521602006833357,0.34783979931666453,0.6753246753246753,0.3717472118959108,1750,3750065097
cerundolo|f|mensik|j,2026-10-03 10:18:09,2026-10-03 10:11:22,2026-10-03 12:50:00,151.8,0.35682448479145235,0.6431755152085478,0.36900369003690037,0.6551724137931035,5000,3750075971
bucsa|c|sun|x,2026-10-03 10:18:09,2026-10-03 10:04:30,2026-10-03 10:30:00,11.8,0.6932223846234584,0.3067776153765416,0.7076023391812866,0.3215434083601286,3500,3750059544
kym|j|rocha|h,2026-10-03 10:18:09,2026-10-03 10:04:30,2026-10-03 11:42:00,83.8,0.41110300984562614,0.5888969901543739,0.425531914893617,0.6031746031746031,3000,3750062149
birrell|k|bouzkova|m,2026-10-03 10:18:09,2026-10-03 10:11:22,2026-10-03 10:40:00,21.8,0.3184618591908575,0.6815381408091424,0.3333333333333333,0.6960486322188449,3500,3750072635
charaeva|a|rybakina|e,2026-10-03 10:18:09,2026-10-03 10:04:30,2026-10-03 13:11:00,172.8,0.058491133457954037,0.9415088665420459,0.07668711656441718,0.9555950266429839,450,3750067158
alcaraz|c|shapovalov|d,2026-10-03 10:31:57,2026-10-03 10:26:04,2026-10-04 04:00:00,1048.0,0.8959404068382768,0.10405959316172314,0.913718723037101,0.125,250,3750095230
shang|j|zverev|a,2026-10-03 10:31:57,2026-10-03 10:19:37,2026-10-03 11:24:00,52.0,0.08196931276783673,0.9180306872321634,0.09950248756218905,0.9327052489905788,825,3750085343
risso|l|urrutia|m,2026-10-03 10:31:57,2026-10-03 10:19:37,2026-10-03 16:00:00,328.0,0.6437039017218222,0.3562960982781777,0.6710526315789473,0.3846153846153846,550,3750078833
minaur|a|rublev|a,2026-10-03 10:31:57,2026-10-03 10:19:37,2026-10-04 07:00:00,1228.0,0.5638570731048889,0.43614292689511114,0.5780590717299579,0.4504504504504505,475,3750088704
alexandrova|e|shnaider|d,2026-10-03 10:31:57,2026-10-03 10:19:37,2026-10-04 03:00:00,988.0,0.32997668123595175,0.6700233187640482,0.3448275862068966,0.6845425867507886,1000,3750085557
cerundolo|f|mensik|j,2026-10-03 10:31:57,2026-10-03 10:26:04,2026-10-03 12:37:00,125.0,0.35682448479145235,0.6431755152085478,0.36900369003690037,0.6551724137931035,5000,3750092020
charaeva|a|rybakina|e,2026-10-03 10:31:57,2026-10-03 10:19:37,2026-10-03 13:24:00,172.0,0.058491133457954037,0.9415088665420459,0.07668711656441718,0.9555950266429839,450,3750085343
pieri|s|sachko|v,2026-10-03 10:31:57,2026-10-03 10:26:04,2026-10-03 10:30:00,-2.0,0.2423314455903164,0.7576685544096836,0.2597402597402597,0.7742663656884875,2500,3750094970
donald|m|manzano|j,2026-10-03 10:31:57,2026-10-03 10:26:04,2026-10-03 13:00:00,148.0,0.46355569374750766,0.5364443062524925,0.4807692307692307,0.5535714285714286,2500,3750097461
birrell|k|bouzkova|m,2026-10-03 10:31:57,2026-10-03 10:19:37,2026-10-03 11:20:00,48.0,0.3184618591908575,0.6815381408091424,0.3333333333333333,0.6960486322188449,3500,3750080137
bucsa|c|sun|x,2026-10-03 10:31:57,2026-10-03 10:18:49,2026-10-03 10:24:05,-7.9,0.6899176190695269,0.3100823809304731,0.7041420118343195,0.3246753246753247,3500,3750083243
jeanjean|l|ruzic|a,2026-10-03 10:52:23,2026-10-03 10:49:49,2026-10-03 14:00:00,187.6,0.42523051889752983,0.5747694811024702,0.4424778761061947,0.5918367346938775,1875,3750107784
bernet|h|chidekh|c,2026-10-03 10:52:23,2026-10-03 10:49:49,2026-10-03 14:30:00,217.6,0.37255170190417447,0.6274482980958255,0.3921568627450981,0.646643109540636,1875,3750107784
djoubri|s|pree|b,2026-10-03 10:52:23,2026-10-03 10:49:49,2026-10-03 14:00:00,187.6,0.2104672477629022,0.789532752237098,0.23529411764705882,0.8123827392120074,550,3750104505
andreeva|m|kudermetova|p,2026-10-03 10:52:23,2026-10-03 10:49:49,2026-10-04 03:00:00,967.6,0.9266313416531217,0.0733686583468781,0.9422299248989023,0.0927643784786642,250,3750121144
muchova|k|samsonova|l,2026-10-03 10:52:23,2026-10-03 10:49:49,2026-10-04 03:00:00,967.6,0.7710823118988949,0.22891768810110508,0.7854077253218884,0.24390243902439027,1500,3750118739
kraus|s|yastremska|d,2026-10-03 10:52:23,2026-10-03 10:49:49,2026-10-04 03:00:00,967.6,0.28103151687884703,0.7189684831211529,0.2958579881656805,0.7333333333333333,1500,3750114856
shi|h|yuan|c,2026-10-03 10:52:23,2026-10-03 10:49:49,2026-10-04 03:30:00,997.6,0.8777942974791996,0.12220570252080047,0.9001996007984032,0.1488095238095238,575,3750107581
bartunkova|n|sabalenka|a,2026-10-03 10:52:23,2026-10-03 10:49:49,2026-10-04 03:00:00,967.6,0.13695652548889845,0.8630434745111015,0.15384615384615385,0.878345498783455,750,3750111948
birrell|k|bouzkova|m,2026-10-03 10:52:23,2026-10-03 10:49:49,2026-10-03 11:38:00,45.6,0.3267351946803381,0.6732648053196619,0.3412969283276451,0.6875,3500,3750104246
bonding|o|coquelin|h,2026-10-03 10:52:23,2026-10-03 10:49:49,2026-10-03 15:00:00,247.6,0.8318170915074473,0.16818290849255266,0.8579545454545455,0.19801980198019803,550,3750126651
broek|i|nahimana|s,2026-10-03 10:52:23,2026-10-03 10:49:49,2026-10-03 12:30:00,97.6,0.5544122104497016,0.44558778955029815,0.5780590717299579,0.4694835680751174,750,3750107581
bejlek|s|osaka|n,2026-10-03 10:52:23,2026-10-03 10:49:49,2026-10-04 03:00:00,967.6,0.27413563460887497,0.725864365391125,0.28901734104046245,0.7402597402597403,1500,3750114378
huang|y|khamutsianskaya|d,2026-10-03 10:52:23,2026-10-03 10:49:49,2026-10-04 02:00:00,907.6,0.5171434175867502,0.4828565824132498,0.5391705069124424,0.504950495049505,1750,3750101351
charaeva|a|rybakina|e,2026-10-03 10:52:23,2026-10-03 10:49:49,2026-10-03 13:02:00,129.6,0.061446147698446446,0.9385538523015536,0.07993605115907275,0.9529854254818995,450,3750128138
golubic|v|noskova|l,2026-10-03 10:52:23,2026-10-03 10:49:49,2026-10-04 03:00:00,967.6,0.13513913002566422,0.8648608699743358,0.1519756838905775,0.8800959232613909,750,3750126978
preston|t|snigur|d,2026-10-03 10:52:23,2026-10-03 10:49:49,2026-10-04 03:00:00,967.6,0.38878248841640833,0.6112175115835916,0.40322580645161293,0.6254681647940076,1500,3750121363
minaur|a|rublev|a,2026-10-03 10:52:23,2026-10-03 10:49:49,2026-10-04 07:00:00,1207.6,0.5590963836648213,0.4409036163351787,0.5726495726495727,0.45454545454545453,475,3750100173
alexandrova|e|shnaider|d,2026-10-03 10:52:23,2026-10-03 10:49:49,2026-10-04 03:00:00,967.6,0.32997668123595175,0.6700233187640482,0.3448275862068966,0.6845425867507886,1500,3750114246
saigo|r|yang|y,2026-10-03 10:52:23,2026-10-03 10:49:49,2026-10-04 03:30:00,997.6,0.5,0.5,0.5215311004784688,0.5215311004784688,1750,3750107977
justo|g|vera|t,2026-10-03 11:06:00,2026-10-03 11:04:54,2026-10-03 15:00:00,234.0,0.315831929757971,0.6841680702420291,0.33557046979865773,0.7032640949554896,1875,3750137946
bonding|o|coquelin|h,2026-10-03 11:06:00,2026-10-03 11:04:54,2026-10-03 15:00:00,234.0,0.8051537306813528,0.19484626931864732,0.8278829604130808,0.21978021978021978,550,3750142707
dahlin|m|tomizawa|n,2026-10-03 11:06:00,2026-10-03 11:04:54,2026-10-03 15:00:00,234.0,0.8177977786304599,0.18220222136954006,0.840255591054313,0.20703933747412007,550,3750142569
kym|j|rocha|h,2026-10-03 11:06:00,2026-10-03 11:04:54,2026-10-03 11:59:00,53.0,0.41110300984562614,0.5888969901543739,0.425531914893617,0.6031746031746031,3000,3750128994
bernet|h|chidekh|c,2026-10-03 11:06:00,2026-10-03 11:04:54,2026-10-03 14:30:00,204.0,0.3603283577794201,0.6396716422205797,0.37735849056603776,0.6563573883161512,1875,3750142569
canas|a|jong|s,2026-10-03 11:06:00,2026-10-03 11:04:54,2026-10-03 11:00:00,-6.0,0.6563048209020549,0.34369517909794517,0.6794871794871794,0.36764705882352944,750,3750143298
minaur|a|rublev|a,2026-10-03 11:06:00,2026-10-03 11:04:54,2026-10-04 07:00:00,1194.0,0.526762473859622,0.47323752614037795,0.5412844036697247,0.48780487804878053,475,3750135854
ivanov|v|ruiz|c,2026-10-03 11:06:00,2026-10-03 11:04:54,2026-10-03 10:30:00,-36.0,0.5462866728583532,0.4537133271416468,0.5708154506437768,0.47846889952153115,750,3750141077
moyano|l|sanchez|a,2026-10-03 11:06:00,2026-10-03 11:04:54,2026-10-03 17:00:00,354.0,0.1538246416879709,0.8461753583120291,0.18348623853211007,0.8717948717948718,550,3750142222
jeanjean|l|ruzic|a,2026-10-03 11:06:00,2026-10-03 11:04:54,2026-10-03 14:00:00,174.0,0.42523051889752983,0.5747694811024702,0.4424778761061947,0.5918367346938775,2500,3750142569
salden|d|valdmannova|a,2026-10-03 11:06:00,2026-10-03 11:04:54,2026-10-03 15:00:00,234.0,0.5278640450004207,0.4721359549995793,0.5652173913043479,0.5098039215686274,950,3750141411
papamalamis|t|rozin|s,2026-10-03 11:06:00,2026-10-03 11:04:54,2026-10-03 15:00:00,234.0,0.5380673142239828,0.46193268577601715,0.5614035087719298,0.4854368932038835,550,3750140919
maneiro|j|shubladze|a,2026-10-03 11:06:00,2026-10-03 11:04:54,2026-10-04 04:30:00,1044.0,0.6131044050005131,0.38689559499948684,0.6323529411764706,0.4065040650406504,200,3750141764
mertens|e|ostapenko|j,2026-10-03 12:03:47,2026-10-03 11:50:10,2026-10-06 02:00:00,3716.2,0.6207737673426815,0.3792262326573185,0.635036496350365,0.39370078740157477,400,3750180334
maneiro|j|shubladze|a,2026-10-03 12:03:47,2026-10-03 11:50:10,2026-10-04 04:30:00,986.2,0.6008341346394764,0.39916586536052356,0.6197718631178707,0.4184100418410042,200,3750170159
minaur|a|rublev|a,2026-10-03 12:03:47,2026-10-03 11:50:10,2026-10-04 07:00:00,1136.2,0.5470960155851047,0.45290398441489543,0.5614035087719298,0.4672897196261683,850,3750172735
bejlek|s|osaka|n,2026-10-03 12:03:47,2026-10-03 11:50:10,2026-10-04 03:00:00,896.2,0.27413563460887497,0.725864365391125,0.28901734104046245,0.7402597402597403,2000,3750198724
muchova|k|samsonova|l,2026-10-03 12:03:47,2026-10-03 11:50:10,2026-10-04 03:00:00,896.2,0.7710823118988949,0.22891768810110508,0.7854077253218884,0.24390243902439027,2000,3750204246
golubic|v|noskova|l,2026-10-03 12:03:47,2026-10-03 11:50:10,2026-10-04 03:00:00,896.2,0.13513913002566422,0.8648608699743358,0.1519756838905775,0.8800959232613909,1000,3750214372
schwaerzler|j|wayenburg|s,2026-10-03 12:03:47,2026-10-03 11:50:10,2026-10-03 12:30:00,26.2,0.42790374058678565,0.5720962594132143,0.4444444444444444,0.5884773662551441,2500,3750211353
justo|g|vera|t,2026-10-03 12:03:47,2026-10-03 11:50:10,2026-10-03 15:00:00,176.2,0.31612249056478087,0.683877509435219,0.3333333333333333,0.7005988023952096,1875,3750190596
hurkacz|h|khachanov|k,2026-10-03 12:03:47,2026-10-03 11:56:39,2026-10-04 05:00:00,1016.2,0.42778739049224174,0.5722126095077582,0.4424778761061947,0.5867768595041323,4500,3750219104
alexandrova|e|shnaider|d,2026-10-03 12:03:47,2026-10-03 11:50:10,2026-10-04 03:00:00,896.2,0.32997668123595175,0.6700233187640482,0.3448275862068966,0.6845425867507886,2000,3750198412
cerundolo|f|mensik|j,2026-10-03 12:03:47,2026-10-03 11:50:10,2026-10-03 12:52:00,48.2,0.35429260853856087,0.6457073914614392,0.3663003663003663,0.6575342465753424,5000,3750206550
salden|d|valdmannova|a,2026-10-03 12:03:47,2026-10-03 11:50:10,2026-10-03 16:15:00,251.2,0.5281057684904457,0.47189423150955445,0.5633187772925764,0.5073891625615764,950,3750211353
maria|t|mcdonald|e,2026-10-03 12:03:47,2026-10-03 11:56:39,2026-10-04 00:00:00,716.2,0.7952699977683871,0.20473000223161286,0.826388888888889,0.23980815347721823,250,3750218464
alcaraz|c|shapovalov|d,2026-10-03 12:03:47,2026-10-03 11:50:10,2026-10-04 04:00:00,956.2,0.8894061669428308,0.11059383305716919,0.9057492931196984,0.129366106080207,400,3750199267
bernet|h|chidekh|c,2026-10-03 12:03:47,2026-10-03 11:50:10,2026-10-03 16:55:00,291.2,0.35666215022254066,0.6433378497774594,0.37593984962406013,0.6621621621621622,2500,3750214781
kraus|s|yastremska|d,2026-10-03 12:03:47,2026-10-03 11:50:10,2026-10-04 03:00:00,896.2,0.28103151687884703,0.7189684831211529,0.2958579881656805,0.7333333333333333,2000,3750199267
sidorova|k|zavatska|k,2026-10-03 12:03:47,2026-10-03 11:50:10,2026-10-04 03:30:00,926.2,0.6517333575010992,0.3482666424989009,0.673202614379085,0.37037037037037035,1750,3750187421
li|z|lu|j,2026-10-03 12:03:47,2026-10-03 11:50:10,2026-10-04 02:00:00,836.2,0.3613611880405896,0.6386388119594104,0.38314176245210724,0.6598639455782314,1750,3750181941
charaeva|a|rybakina|e,2026-10-03 12:03:47,2026-10-03 11:56:39,2026-10-03 12:38:00,34.2,0.0600932214147458,0.9399067785852542,0.0784313725490196,0.9541704857928506,450,3750220943
houkes|m|lock|b,2026-10-03 12:03:47,2026-10-03 11:50:10,2026-10-03 11:53:42,-10.1,0.8824821763328128,0.1175178236671872,0.902818270165209,0.14144271570014144,750,3750208510
kartal|s|wang|x,2026-10-03 12:03:47,2026-10-03 11:50:10,2026-10-03 12:49:00,45.2,0.5070768891233867,0.4929231108766134,0.5215311004784688,0.5073891625615764,3500,3750209338
jeanjean|l|ruzic|a,2026-10-03 12:03:47,2026-10-03 11:56:39,2026-10-03 14:00:00,116.2,0.39193385487105886,0.6080661451289412,0.4081632653061224,0.6240601503759399,2500,3750217198
andreeva|m|kudermetova|p,2026-10-03 12:03:47,2026-10-03 11:50:10,2026-10-04 03:00:00,896.2,0.9266313416531217,0.0733686583468781,0.9422299248989023,0.0927643784786642,250,3750207306
preston|t|snigur|d,2026-10-03 12:03:47,2026-10-03 11:50:10,2026-10-04 03:00:00,896.2,0.38878248841640833,0.6112175115835916,0.40322580645161293,0.6254681647940076,2000,3750207485
jacquet|k|munar|j,2026-10-03 12:03:47,2026-10-03 11:50:10,2026-10-04 02:00:00,836.2,0.4213253351434473,0.5786746648565528,0.4329004329004329,0.5901639344262295,6000,3750186421
bartunkova|n|sabalenka|a,2026-10-03 12:03:47,2026-10-03 11:50:10,2026-10-04 03:00:00,896.2,0.14172192324795047,0.8582780767520496,0.15873015873015872,0.8737373737373737,1000,3750195912
braswell|j|mosejczuk|d,2026-10-03 13:52:42,2026-10-03 13:50:54,2026-10-03 16:00:00,127.3,0.365469992621553,0.634530007378447,0.3891050583657587,0.6575342465753424,550,3750231359
jeanjean|l|ruzic|a,2026-10-03 13:52:42,2026-10-03 13:50:54,2026-10-03 14:00:00,7.3,0.3807126399800214,0.6192873600199787,0.40485829959514175,0.6428571428571428,2500,3750440898
papamalamis|t|rozin|s,2026-10-03 13:52:42,2026-10-03 13:50:54,2026-10-03 15:00:00,67.3,0.5380673142239828,0.46193268577601715,0.5614035087719298,0.4854368932038835,750,3750328251
salden|d|valdmannova|a,2026-10-03 13:52:42,2026-10-03 13:50:54,2026-10-03 16:49:00,176.3,0.5281057684904457,0.47189423150955445,0.5633187772925764,0.5073891625615764,1250,3750428135
bernet|h|chidekh|c,2026-10-03 13:52:42,2026-10-03 13:50:54,2026-10-03 16:16:00,143.3,0.3490703565309352,0.6509296434690648,0.3663003663003663,0.6677740863787376,2500,3750451116
djoubri|s|pree|b,2026-10-03 13:52:42,2026-10-03 13:50:54,2026-10-03 14:00:00,7.3,0.21377951419040786,0.7862204858095921,0.23866348448687355,0.8091603053435115,750,3750411144
maneiro|j|shubladze|a,2026-10-03 13:52:42,2026-10-03 13:50:54,2026-10-04 04:30:00,877.3,0.6093750000000001,0.3906249999999999,0.6282527881040892,0.4098360655737705,500,3750331342
andreeva|m|kudermetova|p,2026-10-03 13:52:42,2026-10-03 13:50:54,2026-10-04 03:00:00,787.3,0.9266313416531217,0.0733686583468781,0.9422299248989023,0.0927643784786642,375,3750300472
andrade|a|dietrich|d,2026-10-03 13:52:42,2026-10-03 13:50:54,2026-10-03 16:30:00,157.3,0.293107170696413,0.706892829303587,0.3105590062111801,0.7237569060773481,2500,3750407298
bonding|o|coquelin|h,2026-10-03 13:52:42,2026-10-03 13:50:54,2026-10-03 15:00:00,67.3,0.8051537306813528,0.19484626931864732,0.8278829604130808,0.21978021978021978,750,3750331061
justo|g|vera|t,2026-10-03 13:52:42,2026-10-03 13:50:54,2026-10-03 15:00:00,67.3,0.31612249056478087,0.683877509435219,0.3333333333333333,0.7005988023952096,2500,3750231715
lehecka|j|vallejo|a,2026-10-03 13:52:42,2026-10-03 13:50:54,2026-10-04 09:00:00,1147.3,0.7079478662469012,0.2920521337530989,0.7222222222222222,0.3067484662576687,850,3750342873
hurkacz|h|khachanov|k,2026-10-03 13:52:42,2026-10-03 13:50:54,2026-10-04 05:00:00,907.3,0.43226559125016517,0.5677344087498349,0.4444444444444444,0.5798319327731092,6000,3750392770
nugroho|p|okamura|k,2026-10-03 13:52:42,2026-10-03 13:50:54,2026-10-04 05:00:00,907.3,0.43950930609921285,0.5604906939007871,0.4608294930875576,0.5815899581589958,1750,3750231857
bartunkova|n|sabalenka|a,2026-10-03 13:52:42,2026-10-03 13:50:54,2026-10-04 03:00:00,787.3,0.14172192324795047,0.8582780767520496,0.15873015873015872,0.8737373737373737,1500,3750285932
alexandrova|e|shnaider|d,2026-10-03 13:52:42,2026-10-03 13:50:54,2026-10-04 03:00:00,787.3,0.32997668123595175,0.6700233187640482,0.3448275862068966,0.6845425867507886,3000,3750289016
kraus|s|yastremska|d,2026-10-03 13:52:42,2026-10-03 13:50:54,2026-10-04 03:00:00,787.3,0.28103151687884703,0.7189684831211529,0.2958579881656805,0.7333333333333333,3000,3750289990
dahlin|m|tomizawa|n,2026-10-03 13:52:42,2026-10-03 13:50:54,2026-10-03 15:00:00,67.3,0.8177977786304599,0.18220222136954006,0.840255591054313,0.20703933747412007,750,3750331061
golubic|v|noskova|l,2026-10-03 13:52:42,2026-10-03 13:50:54,2026-10-04 03:00:00,787.3,0.13513913002566422,0.8648608699743358,0.1519756838905775,0.8800959232613909,1500,3750309032
bowers|a|sharma|a,2026-10-03 13:52:42,2026-10-03 13:50:54,2026-10-03 18:00:00,247.3,0.1315847187737628,0.8684152812262372,0.1610305958132045,0.8931623931623931,550,3750229841
risso|l|urrutia|m,2026-10-03 13:52:42,2026-10-03 13:50:54,2026-10-03 16:00:00,127.3,0.6435632705633721,0.35643672943662796,0.6666666666666666,0.3802281368821293,550,3750231359
dias|p|heide|g,2026-10-03 13:52:42,2026-10-03 13:50:54,2026-10-03 17:00:00,187.3,0.18593516445287137,0.8140648355471286,0.2032520325203252,0.830220713073005,1400,3750407345
alcaraz|c|shapovalov|d,2026-10-03 13:52:42,2026-10-03 13:50:54,2026-10-04 04:00:00,847.3,0.8894061669428308,0.11059383305716919,0.9057492931196984,0.129366106080207,800,3750381290
muchova|k|samsonova|l,2026-10-03 13:52:42,2026-10-03 13:50:54,2026-10-04 13:00:00,1387.3,0.7710823118988949,0.22891768810110508,0.7854077253218884,0.24390243902439027,3000,3750418767
moyano|l|sanchez|a,2026-10-03 13:52:42,2026-10-03 13:50:54,2026-10-03 17:00:00,187.3,0.15552299980478188,0.8444770001952181,0.1801801801801802,0.8663101604278075,550,3750330308
minaur|a|rublev|a,2026-10-03 13:52:42,2026-10-03 13:50:54,2026-10-04 07:00:00,1027.3,0.5470960155851047,0.45290398441489543,0.5614035087719298,0.4672897196261683,1800,3750367010
glasspool|j|zverev|m,2026-10-03 13:52:42,2026-10-03 13:50:54,2026-10-04 02:00:00,727.3,0.6716975355280848,0.32830246447191525,0.696969696969697,0.35460992907801414,450,3750418767
jacquet|k|munar|j,2026-10-03 13:52:42,2026-10-03 13:50:54,2026-10-04 02:00:00,727.3,0.42855612347385974,0.5714438765261404,0.44052863436123346,0.5833333333333333,6000,3750314178
mertens|e|ostapenko|j,2026-10-03 13:52:42,2026-10-03 13:50:54,2026-10-06 02:00:00,3607.3,0.6207737673426815,0.3792262326573185,0.635036496350365,0.39370078740157477,1000,3750378704
bejlek|s|osaka|n,2026-10-03 13:52:42,2026-10-03 13:50:54,2026-10-04 03:00:00,787.3,0.27413563460887497,0.725864365391125,0.28901734104046245,0.7402597402597403,3000,3750289485
nijkamp|r|refaat|m,2026-10-03 13:52:42,2026-10-03 13:50:54,2026-10-03 18:00:00,247.3,0.4140075079233145,0.5859924920766852,0.4424778761061947,0.613899613899614,550,3750229841
brengle|m|pareja|j,2026-10-03 13:52:42,2026-10-03 13:50:54,2026-10-04 00:00:00,607.3,0.2697578840882081,0.7302421159117919,0.303951367781155,0.7619047619047619,375,3750229841
maria|t|mcdonald|e,2026-10-03 13:52:42,2026-10-03 13:50:54,2026-10-04 00:00:00,607.3,0.8345853501750516,0.16541464982494852,0.8644986449864499,0.2004008016032064,375,3750331342
preston|t|snigur|d,2026-10-03 13:52:42,2026-10-03 13:50:54,2026-10-04 03:00:00,787.3,0.38878248841640833,0.6112175115835916,0.40322580645161293,0.6254681647940076,3000,3750300622
donald|m|manzano|j,2026-10-03 13:52:42,2026-10-03 13:42:19,2026-10-03 13:53:39,0.9,0.4550977024161929,0.5449022975838071,0.4716981132075471,0.5614035087719298,2500,3750432536
jeanjean|l|ruzic|a,2026-10-03 14:47:20,2026-10-03 14:42:45,2026-10-03 15:15:00,27.7,0.3800907488132585,0.6199092511867415,0.3968253968253968,0.6363636363636364,2500,3750626670
dias|p|heide|g,2026-10-03 14:47:20,2026-10-03 14:36:15,2026-10-03 17:00:00,132.7,0.18593516445287137,0.8140648355471286,0.2032520325203252,0.830220713073005,1875,3750484898
justo|g|vera|t,2026-10-03 14:47:20,2026-10-03 14:36:15,2026-10-03 15:00:00,12.7,0.31216326972885267,0.6878367302711474,0.32894736842105265,0.7041420118343195,2500,3750562425
dahlin|m|tomizawa|n,2026-10-03 14:47:20,2026-10-03 14:36:15,2026-10-03 15:00:00,12.7,0.8198793665618709,0.1801206334381291,0.8422712933753943,0.20491803278688525,750,3750556261
andrade|a|dietrich|d,2026-10-03 14:47:20,2026-10-03 14:36:15,2026-10-03 16:30:00,102.7,0.29919457817251605,0.700805421827484,0.3164556962025316,0.7175141242937854,2500,3750484898
minaur|a|rublev|a,2026-10-03 14:47:20,2026-10-03 14:36:15,2026-10-04 07:00:00,972.7,0.5470960155851047,0.45290398441489543,0.5614035087719298,0.4672897196261683,2400,3750547273
djokovic|n|zverev|a,2026-10-03 14:47:20,2026-10-03 14:42:45,2026-10-04 11:00:00,1212.7,0.25696086876609026,0.7430391312339095,0.2717391304347826,0.7572815533980582,475,3750653986
mertens|e|ostapenko|j,2026-10-03 14:47:20,2026-10-03 14:36:15,2026-10-06 02:00:00,3552.7,0.6207737673426815,0.3792262326573185,0.635036496350365,0.39370078740157477,1500,3750568067
maneiro|j|shubladze|a,2026-10-03 14:47:20,2026-10-03 14:36:15,2026-10-04 04:30:00,822.7,0.6093750000000001,0.3906249999999999,0.6282527881040892,0.4098360655737705,750,3750485153
braswell|j|mosejczuk|d,2026-10-03 14:47:20,2026-10-03 14:36:15,2026-10-03 16:00:00,72.7,0.374973753307001,0.6250262466929991,0.39840637450199207,0.647887323943662,750,3750570199
alcaraz|c|shapovalov|d,2026-10-03 14:47:20,2026-10-03 14:36:15,2026-10-04 04:00:00,792.7,0.8894061669428308,0.11059383305716919,0.9057492931196984,0.129366106080207,1200,3750572699
krueger|m|shelbayh|a,2026-10-03 14:47:20,2026-10-03 14:36:15,2026-10-03 18:30:00,222.7,0.44129519117689764,0.5587048088231024,0.4608294930875576,0.5780590717299579,1875,3750611442
risso|l|urrutia|m,2026-10-03 14:47:20,2026-10-03 14:36:15,2026-10-03 16:00:00,72.7,0.6435632705633721,0.35643672943662796,0.6666666666666666,0.3802281368821293,750,3750483901
salden|d|valdmannova|a,2026-10-03 14:47:20,2026-10-03 14:42:45,2026-10-03 17:08:00,140.7,0.5281057684904457,0.47189423150955445,0.5633187772925764,0.5073891625615764,1250,3750643776
lehecka|j|vallejo|a,2026-10-03 14:47:20,2026-10-03 14:36:15,2026-10-04 09:00:00,1092.7,0.7079478662469012,0.2920521337530989,0.7222222222222222,0.3067484662576687,1200,3750505000
cerundolo|f|medvedev|d,2026-10-03 14:47:20,2026-10-03 14:36:15,2026-10-04 09:00:00,1092.7,0.2963910705297638,0.7036089294702363,0.3115264797507788,0.7183098591549296,475,3750587617
djoubri|s|pree|b,2026-10-03 14:47:20,2026-10-03 14:42:45,2026-10-03 14:34:00,-13.3,0.20831563202292125,0.7916843679770785,0.2331002331002331,0.8144712430426716,750,3750653986
nijkamp|r|refaat|m,2026-10-03 14:47:20,2026-10-03 14:36:15,2026-10-03 18:00:00,192.7,0.414407843712335,0.585592156287665,0.43859649122807015,0.609375,550,3750480555
bowers|a|sharma|a,2026-10-03 14:47:20,2026-10-03 14:36:15,2026-10-03 18:00:00,192.7,0.1319822342575909,0.8680177657424092,0.15625,0.8890122086570477,550,3750480555
glasspool|j|zverev|m,2026-10-03 14:47:20,2026-10-03 14:36:15,2026-10-04 02:00:00,672.7,0.6716975355280848,0.32830246447191525,0.696969696969697,0.35460992907801414,625,3750481432
preston|t|snigur|d,2026-10-03 16:00:11,2026-10-03 15:51:39,2026-10-04 03:00:00,659.8,0.39493574834949874,0.6050642516505014,0.4098360655737705,0.6197718631178707,3000,3750785389
qu|y|zheng|w,2026-10-03 16:00:11,2026-10-03 15:51:39,2026-10-04 02:00:00,599.8,0.28998376563344525,0.7100162343665547,0.31446540880503143,0.7333333333333333,1050,3750855148
krueger|m|shelbayh|a,2026-10-03 16:00:11,2026-10-03 15:51:39,2026-10-03 18:30:00,149.8,0.44010917125346066,0.5598908287465394,0.4566210045662101,0.576271186440678,2500,3750805603
pel|s|shang|a,2026-10-03 16:00:11,2026-10-03 15:51:39,2026-10-04 01:00:00,539.8,0.6025512225355992,0.39744877746440094,0.6282527881040892,0.42372881355932196,250,3750867061
kraus|s|yastremska|d,2026-10-03 16:00:11,2026-10-03 15:51:39,2026-10-04 03:00:00,659.8,0.27754070369872424,0.7224592963012757,0.29239766081871343,0.7368421052631579,3000,3750783768
bartunkova|n|sabalenka|a,2026-10-03 16:00:11,2026-10-03 15:51:39,2026-10-04 03:00:00,659.8,0.14453319318547436,0.8554668068145256,0.16155088852988692,0.8709677419354839,1500,3750834551
lee|h|luo|x,2026-10-03 16:00:11,2026-10-03 15:58:11,2026-10-04 02:30:00,629.8,0.5803042773662878,0.4196957226337123,0.6124031007751938,0.45248868778280543,375,3750871846
maneiro|j|shubladze|a,2026-10-03 16:00:11,2026-10-03 15:51:39,2026-10-04 04:30:00,749.8,0.6093750000000001,0.3906249999999999,0.6282527881040892,0.4098360655737705,1250,3750807177
djoubri|s|pree|b,2026-10-03 16:00:11,2026-10-03 15:51:39,2026-10-03 16:30:00,29.8,0.21091574421001896,0.789084255789981,0.23584905660377356,0.81203007518797,750,3750812698
salden|d|valdmannova|a,2026-10-03 16:00:11,2026-10-03 15:58:11,2026-10-03 16:53:00,52.8,0.5355870925240013,0.46441290747599884,0.5708154506437768,0.5,1250,3750871576
alexandrova|e|shnaider|d,2026-10-03 16:00:11,2026-10-03 15:51:39,2026-10-04 03:00:00,659.8,0.3365824382816992,0.6634175617183008,0.3508771929824561,0.6774193548387096,3000,3750784397
olivetti|t|uesugi|r,2026-10-03 16:00:11,2026-10-03 15:58:11,2026-10-04 00:00:00,479.8,0.6672979024192854,0.33270209758071456,0.6932515337423313,0.3597122302158273,250,3750880030
mertens|e|ostapenko|j,2026-10-03 16:00:11,2026-10-03 15:58:11,2026-10-06 02:00:00,3479.8,0.6207737673426815,0.3792262326573185,0.635036496350365,0.39370078740157477,2500,3750870305
dias|p|heide|g,2026-10-03 16:00:11,2026-10-03 15:51:39,2026-10-03 17:00:00,59.8,0.1819262742470487,0.8180737257529513,0.19920318725099603,0.8341625207296849,1875,3750776316
moyano|l|sanchez|a,2026-10-03 16:00:11,2026-10-03 15:51:39,2026-10-03 17:00:00,59.8,0.15552299980478188,0.8444770001952181,0.1801801801801802,0.8663101604278075,750,3750708040
papamalamis|t|rozin|s,2026-10-03 16:00:11,2026-10-03 15:51:39,2026-10-03 16:00:00,-0.2,0.5283217511560561,0.47167824884394405,0.5515695067264574,0.49504950495049505,750,3750855495
mektic|a|vavassori|s,2026-10-03 16:00:11,2026-10-03 15:58:11,2026-10-04 00:00:00,479.8,0.4155438359923585,0.5844561640076416,0.4424778761061947,0.6108949416342413,250,3750880030
fils|a|vacherot|v,2026-10-03 16:00:11,2026-10-03 15:51:39,2026-10-04 07:00:00,899.8,0.7840500401100045,0.2159499598899955,0.7959183673469388,0.22831050228310504,6000,3750697956
bejlek|s|osaka|n,2026-10-03 16:00:11,2026-10-03 15:51:39,2026-10-04 03:00:00,659.8,0.27263682749898827,0.7273631725010117,0.28735632183908044,0.7416020671834626,3000,3750823342
bellucci|m|harris|l,2026-10-03 16:00:11,2026-10-03 15:58:11,2026-10-04 03:05:00,664.8,0.4733784461863233,0.5266215538136767,0.49019607843137253,0.5433789954337899,250,3750877930
alcaraz|c|shapovalov|d,2026-10-03 16:00:11,2026-10-03 15:58:11,2026-10-04 04:00:00,719.8,0.8870543294280623,0.11294567057193752,0.9034749034749034,0.13175230566534915,1200,3750877930
risso|l|urrutia|m,2026-10-03 16:00:11,2026-10-03 15:58:11,2026-10-03 16:00:00,-0.2,0.6435632705633721,0.35643672943662796,0.6666666666666666,0.3802281368821293,750,3750868677
mushika|m|sato|n,2026-10-03 16:00:11,2026-10-03 15:58:11,2026-10-04 02:30:00,629.8,0.2602663733971643,0.7397336266028357,0.2949852507374631,0.771689497716895,250,3750853740
djokovic|n|zverev|a,2026-10-03 16:00:11,2026-10-03 15:58:11,2026-10-04 11:00:00,1139.8,0.26685436338411656,0.7331456366158834,0.28169014084507044,0.7474747474747475,850,3750876984
lehecka|j|vallejo|a,2026-10-03 16:00:11,2026-10-03 15:51:39,2026-10-04 09:00:00,1019.8,0.7079478662469012,0.2920521337530989,0.7222222222222222,0.3067484662576687,1800,3750723626
minaur|a|rublev|a,2026-10-03 16:00:11,2026-10-03 15:58:11,2026-10-04 07:00:00,899.8,0.5333978715923762,0.46660212840762383,0.5475113122171946,0.4807692307692307,3600,3750876570
andrade|a|dietrich|d,2026-10-03 16:00:11,2026-10-03 15:51:39,2026-10-03 16:30:00,29.8,0.2926417789381624,0.7073582210618375,0.30959752321981426,0.7237569060773481,2500,3750777751
golubic|v|noskova|l,2026-10-03 16:00:11,2026-10-03 15:51:39,2026-10-04 03:00:00,659.8,0.1276191039848297,0.8723808960151703,0.14430014430014432,0.8873873873873873,1500,3750770704
cerundolo|f|medvedev|d,2026-10-03 16:00:11,2026-10-03 15:51:39,2026-10-04 09:00:00,1019.8,0.31398584235848387,0.6860141576415162,0.32894736842105265,0.7005988023952096,850,3750810289
becroft|i|ehrenschneider|n,2026-10-03 16:00:11,2026-10-03 15:51:39,2026-10-04 02:00:00,599.8,0.44361774451841496,0.556382255481585,0.47619047619047616,0.5884773662551441,375,3750842016
banuls|c|ivanov|v,2026-10-03 17:25:22,2026-10-03 17:22:11,2026-10-04 10:00:00,994.6,0.7273826730964047,0.27261732690359525,0.7590361445783133,0.3067484662576687,250,3750963090
djokovic|n|zverev|a,2026-10-03 17:25:22,2026-10-03 17:22:11,2026-10-04 11:00:00,1054.6,0.26862482441116187,0.7313751755888382,0.28328611898017,0.7455470737913487,1200,3751021715
alcaraz|c|shapovalov|d,2026-10-03 17:25:22,2026-10-03 17:22:11,2026-10-04 04:00:00,634.6,0.864273006217669,0.13572699378233072,0.8815165876777252,0.15503875968992248,1800,3751076910
muhammad|l|zvonareva|m,2026-10-03 17:25:22,2026-10-03 17:22:11,2026-10-04 02:00:00,514.6,0.42421833902983613,0.5757816609701639,0.4504504504504505,0.601593625498008,450,3751069270
popa|g|zhenikhova|s,2026-10-03 17:25:22,2026-10-03 17:22:11,2026-10-04 07:00:00,814.6,0.6952869073156378,0.3047130926843624,0.7275204359673024,0.3389830508474576,250,3751031994
rocha|h|torre|i,2026-10-03 17:25:22,2026-10-03 17:22:11,2026-10-04 10:00:00,994.6,0.6383650599767022,0.3616349400232978,0.6551724137931035,0.37878787878787884,250,3751072341
moyano|l|sanchez|a,2026-10-03 17:25:22,2026-10-03 17:22:11,2026-10-03 17:30:00,4.6,0.15552299980478188,0.8444770001952181,0.1801801801801802,0.8663101604278075,750,3751024884
duran|t|wyk|k,2026-10-03 17:25:22,2026-10-03 17:22:11,2026-10-04 11:00:00,1054.6,0.9046607236610774,0.0953392763389227,0.9299719887955181,0.12853470437017994,250,3750932198
canas|a|ritschard|a,2026-10-03 17:25:22,2026-10-03 17:22:11,2026-10-04 09:30:00,964.6,0.48463462576247174,0.5153653742375283,0.5169082125603864,0.5475113122171946,250,3750995921
stefani|g|xu|q,2026-10-03 17:25:22,2026-10-03 17:22:11,2026-10-04 02:00:00,514.6,0.8086097308691085,0.19139026913089147,0.8333333333333334,0.2188183807439825,450,3751029146
braswell|j|mosejczuk|d,2026-10-03 17:25:22,2026-10-03 17:22:11,2026-10-03 17:30:00,4.6,0.374973753307001,0.6250262466929991,0.39840637450199207,0.647887323943662,750,3750886929
bellucci|m|harris|l,2026-10-03 17:25:22,2026-10-03 17:22:11,2026-10-04 03:05:00,579.6,0.4733784461863233,0.5266215538136767,0.49019607843137253,0.5433789954337899,600,3751068828
bowers|a|sharma|a,2026-10-03 17:25:22,2026-10-03 17:22:11,2026-10-03 18:00:00,34.6,0.1319822342575909,0.8680177657424092,0.15625,0.8890122086570477,750,3750890166
mertens|e|ostapenko|j,2026-10-03 17:25:22,2026-10-03 17:22:11,2026-10-06 02:00:00,3394.6,0.6207737673426815,0.3792262326573185,0.635036496350365,0.39370078740157477,3000,3750947687
boitan|g|gima|s,2026-10-03 17:25:22,2026-10-03 17:22:11,2026-10-04 09:30:00,964.6,0.7156524830012185,0.28434751699878147,0.7474747474747475,0.3184713375796178,250,3750975192
nijkamp|r|refaat|m,2026-10-03 17:25:22,2026-10-03 17:22:11,2026-10-03 18:00:00,34.6,0.414407843712335,0.585592156287665,0.43859649122807015,0.609375,750,3750890166
bartunkova|n|sabalenka|a,2026-10-03 17:25:22,2026-10-03 17:22:11,2026-10-04 03:00:00,574.6,0.14402201606749002,0.85597798393251,0.1610305958132045,0.87146529562982,1500,3751030203
glasspool|j|zverev|m,2026-10-03 17:25:22,2026-10-03 17:22:11,2026-10-04 02:00:00,514.6,0.6716975355280848,0.32830246447191525,0.696969696969697,0.35460992907801414,950,3751036881
krueger|m|shelbayh|a,2026-10-03 17:25:22,2026-10-03 17:22:11,2026-10-03 18:30:00,64.6,0.44402642705627404,0.555973572943726,0.4608294930875576,0.5726495726495727,2500,3750976705
lopez|n|mashtakov|n,2026-10-03 17:25:22,2026-10-03 17:22:11,2026-10-04 10:00:00,994.6,0.2308964469874477,0.7691035530125523,0.26595744680851063,0.800796812749004,250,3750945476
mektic|a|vavassori|s,2026-10-03 17:25:22,2026-10-03 17:22:11,2026-10-04 00:00:00,394.6,0.4155438359923585,0.5844561640076416,0.4424778761061947,0.6108949416342413,450,3750987828
maria|t|mcdonald|e,2026-10-03 17:25:22,2026-10-03 17:22:11,2026-10-04 00:00:00,394.6,0.8300728451332869,0.16992715486671317,0.8601398601398601,0.20491803278688525,375,3751003021
li|m|mladenovic|s,2026-10-03 17:25:22,2026-10-03 17:22:11,2026-10-04 02:00:00,514.6,0.3671062572471317,0.6328937427528682,0.39370078740157477,0.6587030716723549,450,3751069270
olivetti|t|uesugi|r,2026-10-03 17:25:22,2026-10-03 17:22:11,2026-10-04 00:00:00,394.6,0.6819636587387514,0.3180363412612485,0.7076023391812866,0.3448275862068966,450,3751068222
hemery|c|lock|b,2026-10-03 17:25:22,2026-10-03 17:22:11,2026-10-04 10:00:00,994.6,0.7875440703703855,0.2124559296296144,0.8188405797101449,0.24752475247524752,250,3750976142
qu|y|zheng|w,2026-10-03 17:25:22,2026-10-03 17:22:11,2026-10-04 02:00:00,514.6,0.2989979789582838,0.7010020210417162,0.3236245954692557,0.7245179063360881,1050,3751015743
dias|p|heide|g,2026-10-03 17:25:22,2026-10-03 17:22:11,2026-10-03 17:30:00,4.6,0.17998608465872443,0.8200139153412755,0.1972386587771203,0.8360655737704918,1875,3751054595
maneiro|j|shubladze|a,2026-10-03 17:25:22,2026-10-03 17:22:11,2026-10-04 04:30:00,664.6,0.6093750000000001,0.3906249999999999,0.6282527881040892,0.4098360655737705,1500,3750893593
swiatek|i|vekic|d,2026-10-03 17:25:22,2026-10-03 17:22:11,2026-10-06 02:00:00,3394.6,0.9202018960839183,0.07979810391608162,0.936346276257161,0.09960159362549802,250,3751066408
panova|m|shnaider|e,2026-10-03 17:25:22,2026-10-03 17:22:11,2026-10-04 02:00:00,514.6,0.24482937106827204,0.755170628931728,0.2717391304347826,0.7802197802197802,250,3751042987
kalinskaya|m|klepac|m,2026-10-03 17:25:22,2026-10-03 17:22:11,2026-10-04 02:00:00,514.6,0.6518952582368339,0.34810474176316625,0.6774193548387096,0.37453183520599254,450,3751069270
pigato|l|vedder|e,2026-10-03 17:25:22,2026-10-03 17:22:11,2026-10-04 11:00:00,1054.6,0.6430270670564717,0.35697293294352833,0.6753246753246753,0.390625,250,3750949322
chwalinska|n|tjen|c,2026-10-03 17:25:22,2026-10-03 17:22:11,2026-10-04 02:00:00,514.6,0.2817913339759532,0.7182086660240469,0.30864197530864196,0.7435897435897436,450,3751069270
becroft|i|ehrenschneider|n,2026-10-03 17:25:22,2026-10-03 17:22:11,2026-10-04 02:00:00,514.6,0.4505419597838264,0.5494580402161736,0.48309178743961345,0.5815899581589958,375,3750976142
lehecka|j|vallejo|a,2026-10-03 17:25:22,2026-10-03 17:22:11,2026-10-04 09:00:00,934.6,0.7079478662469012,0.2920521337530989,0.7222222222222222,0.3067484662576687,3600,3751048849
salden|d|valdmannova|a,2026-10-03 17:25:22,2026-10-03 17:22:11,2026-10-03 18:23:00,57.6,0.5,0.5,0.5348837209302326,0.5348837209302326,1250,3751076132
cerundolo|f|medvedev|d,2026-10-03 17:25:22,2026-10-03 17:22:11,2026-10-04 09:00:00,934.6,0.31398584235848387,0.6860141576415162,0.32894736842105265,0.7005988023952096,1200,3750961911
hurkacz|h|khachanov|k,2026-10-03 17:25:22,2026-10-03 17:22:11,2026-10-04 05:00:00,694.6,0.43040284802604034,0.5695971519739598,0.4424778761061947,0.5815899581589958,6000,3751031476
rocha|h|torre|i,2026-10-03 18:25:16,2026-10-03 18:22:35,2026-10-04 10:00:00,934.7,0.6545571783615187,0.3454428216384812,0.6710526315789473,0.3623188405797102,425,3751192717
duran|t|wyk|k,2026-10-03 18:25:16,2026-10-03 18:22:35,2026-10-04 11:00:00,994.7,0.8955464560487043,0.10445354395129566,0.9217527386541472,0.13812154696132597,250,3751093434
hoole|c|jones|h,2026-10-03 18:25:16,2026-10-03 18:22:35,2026-10-04 05:30:00,664.7,0.5021552124563856,0.49784478754361444,0.5391705069124424,0.5348837209302326,75,3751189643
chwalinska|n|tjen|c,2026-10-03 18:25:16,2026-10-03 18:22:35,2026-10-04 02:00:00,454.7,0.2817913339759532,0.7182086660240469,0.30864197530864196,0.7435897435897436,625,3751190924
becroft|i|ehrenschneider|n,2026-10-03 18:25:16,2026-10-03 18:22:35,2026-10-04 02:00:00,454.7,0.47164826371867696,0.528351736281323,0.504950495049505,0.5614035087719298,375,3751143626
alcaraz|c|shapovalov|d,2026-10-03 18:25:16,2026-10-03 18:22:35,2026-10-04 04:00:00,574.7,0.8644110694017865,0.1355889305982135,0.8796630565583634,0.1524390243902439,1800,3751173131
cerundolo|f|medvedev|d,2026-10-03 18:25:16,2026-10-03 18:22:35,2026-10-04 09:00:00,874.7,0.31398584235848387,0.6860141576415162,0.32894736842105265,0.7005988023952096,1800,3751089567
olivetti|t|uesugi|r,2026-10-03 18:25:16,2026-10-03 18:22:35,2026-10-04 00:00:00,334.7,0.6388233617938165,0.36117663820618356,0.6644295302013422,0.38759689922480617,625,3751139230
andreeva|m|kudermetova|p,2026-10-03 18:25:16,2026-10-03 18:22:35,2026-10-04 03:00:00,514.7,0.9271830548594281,0.07281694514057159,0.9427262313860252,0.09216589861751152,375,3751196679
chidekh|c|wayenburg|s,2026-10-03 18:25:16,2026-10-03 18:22:35,2026-10-04 13:00:00,1114.7,0.5558317723023807,0.44416822769761943,0.574468085106383,0.4629629629629629,350,3751192092
muhammad|l|zvonareva|m,2026-10-03 18:25:16,2026-10-03 18:22:35,2026-10-04 02:00:00,454.7,0.42421833902983613,0.5757816609701639,0.4504504504504505,0.601593625498008,625,3751190924
swiatek|i|vekic|d,2026-10-03 18:25:16,2026-10-03 18:22:35,2026-10-06 02:00:00,3334.7,0.9175997054618364,0.08240029453816355,0.9339498018494056,0.1023541453428864,250,3751196819
djokovic|n|zverev|a,2026-10-03 18:25:16,2026-10-03 18:22:35,2026-10-04 11:00:00,994.7,0.27524294300708924,0.7247570569929107,0.2898550724637681,0.7389033942558746,1800,3751150402
matsuda|r|wei|s,2026-10-03 18:25:16,2026-10-03 18:22:35,2026-10-04 05:00:00,634.7,0.24667509601511123,0.7533249039848887,0.2717391304347826,0.7767857142857143,1050,3751166016
panova|m|shnaider|e,2026-10-03 18:25:16,2026-10-03 18:22:35,2026-10-04 02:00:00,454.7,0.24482937106827204,0.755170628931728,0.2717391304347826,0.7802197802197802,450,3751121360
kalinskaya|m|klepac|m,2026-10-03 18:25:16,2026-10-03 18:22:35,2026-10-04 02:00:00,454.7,0.6560446594396669,0.34395534056033317,0.6815286624203821,0.37037037037037035,625,3751192092
stefani|g|xu|q,2026-10-03 18:25:16,2026-10-03 18:22:35,2026-10-04 02:00:00,454.7,0.8100232176329701,0.1899767823670296,0.8347107438016529,0.2173913043478261,625,3751191775
pel|s|shang|a,2026-10-03 18:25:16,2026-10-03 18:22:35,2026-10-04 01:00:00,394.7,0.7042449293451538,0.29575507065484613,0.7297297297297298,0.3225806451612903,625,3751110130
bartunkova|n|sabalenka|a,2026-10-03 18:25:16,2026-10-03 18:22:35,2026-10-04 03:00:00,514.7,0.1438130977604631,0.856186902239537,0.1607717041800643,0.871630295250321,1500,3751144580
mektic|a|vavassori|s,2026-10-03 18:25:16,2026-10-03 18:22:35,2026-10-04 00:00:00,334.7,0.4155438359923585,0.5844561640076416,0.4424778761061947,0.6108949416342413,625,3751110609
li|m|mladenovic|s,2026-10-03 18:25:16,2026-10-03 18:22:35,2026-10-04 02:00:00,454.7,0.3671062572471317,0.6328937427528682,0.39370078740157477,0.6587030716723549,625,3751190924
manzano|j|pieri|s,2026-10-03 18:25:16,2026-10-03 18:22:35,2026-10-04 09:00:00,874.7,0.6268076432451725,0.3731923567548276,0.6453900709219857,0.3921568627450981,350,3751183987
maneiro|j|shubladze|a,2026-10-03 18:25:16,2026-10-03 18:22:35,2026-10-04 04:30:00,604.7,0.6204702327627166,0.37952976723728343,0.6389891696750902,0.39840637450199207,1500,3751167574
jacquet|k|munar|j,2026-10-03 18:25:16,2026-10-03 18:22:35,2026-10-04 02:00:00,454.7,0.4204819279741515,0.5795180720258486,0.4329004329004329,0.5918367346938775,6000,3751163205
boitan|g|gima|s,2026-10-03 18:25:16,2026-10-03 18:22:35,2026-10-04 09:30:00,904.7,0.7473971508022204,0.2526028491977796,0.7792494481236203,0.28735632183908044,250,3751150744
hurkacz|h|khachanov|k,2026-10-03 18:25:16,2026-10-03 18:22:35,2026-10-04 05:00:00,634.7,0.42586101236327956,0.5741389876367204,0.43859649122807015,0.5867768595041323,6000,3751083720
maria|t|mcdonald|e,2026-10-03 18:25:16,2026-10-03 18:22:35,2026-10-04 00:00:00,334.7,0.8295936582703777,0.1704063417296224,0.8559077809798271,0.2004008016032064,550,3751156869
popa|g|zhenikhova|s,2026-10-03 18:25:16,2026-10-03 18:22:35,2026-10-04 07:00:00,754.7,0.6971551528529991,0.30284484714700094,0.7289972899728998,0.3367003367003367,250,3751174902
minaur|a|rublev|a,2026-10-03 18:25:16,2026-10-03 18:22:35,2026-10-04 06:30:00,724.7,0.5365834906023977,0.46341650939760237,0.5515695067264574,0.47846889952153115,3600,3751193517
dias|p|heide|g,2026-10-03 18:25:16,2026-10-03 18:22:35,2026-10-03 19:10:00,44.7,0.17919288979799325,0.8208071102020069,0.19646365422396858,0.836867862969005,1875,3751190459
bellucci|m|harris|l,2026-10-03 18:25:16,2026-10-03 18:22:35,2026-10-04 03:05:00,519.7,0.4614117323941385,0.5385882676058615,0.47846889952153115,0.5555555555555556,900,3751190542
brengle|m|pareja|j,2026-10-03 18:25:16,2026-10-03 18:22:35,2026-10-04 00:00:00,334.7,0.27054669765663963,0.7294533023433601,0.3003003003003003,0.7572815533980582,550,3751156869
popa|g|zhenikhova|s,2026-10-03 19:14:12,2026-10-03 19:07:52,2026-10-04 07:00:00,705.8,0.6971551528529991,0.30284484714700094,0.7289972899728998,0.3367003367003367,375,3751279924
kraus|s|yastremska|d,2026-10-03 19:14:12,2026-10-03 19:07:52,2026-10-04 03:00:00,465.8,0.28624493638481135,0.7137550636151887,0.30120481927710846,0.7282608695652174,3000,3751255260
mektic|a|vavassori|s,2026-10-03 19:14:12,2026-10-03 19:07:52,2026-10-04 00:00:00,285.8,0.4155438359923585,0.5844561640076416,0.4424778761061947,0.6108949416342413,950,3751230480
pigato|l|vedder|e,2026-10-03 19:14:12,2026-10-03 19:07:52,2026-10-04 11:00:00,945.8,0.6314412628922,0.3685587371078,0.6632996632996633,0.4016064257028112,250,3751260390
alcaraz|c|shapovalov|d,2026-10-03 19:14:12,2026-10-03 19:07:52,2026-10-04 04:00:00,525.8,0.8634210388989721,0.1365789611010278,0.8786407766990292,0.15337423312883436,1800,3751270653
djokovic|n|zverev|a,2026-10-03 19:14:12,2026-10-03 19:07:52,2026-10-04 11:00:00,945.8,0.2744854842762426,0.7255145157237575,0.28901734104046245,0.7395833333333334,3000,3751272044
manzano|j|pieri|s,2026-10-03 19:14:12,2026-10-03 19:07:52,2026-10-04 09:00:00,825.8,0.6315799168929357,0.36842008310706437,0.6503496503496503,0.38759689922480617,350,3751216252
pel|s|shang|a,2026-10-03 19:14:12,2026-10-03 19:07:52,2026-10-04 01:00:00,345.8,0.7036773622499055,0.29632263775009443,0.7267759562841529,0.3205128205128205,950,3751270653
panova|m|shnaider|e,2026-10-03 19:14:12,2026-10-03 19:07:52,2026-10-04 02:00:00,405.8,0.24482937106827204,0.755170628931728,0.2717391304347826,0.7802197802197802,625,3751242066
olivetti|t|uesugi|r,2026-10-03 19:14:12,2026-10-03 19:07:52,2026-10-04 00:00:00,285.8,0.6218749311204232,0.3781250688795766,0.647887323943662,0.40485829959514175,950,3751230480
rocha|h|torre|i,2026-10-03 19:14:12,2026-10-03 19:07:52,2026-10-04 10:00:00,885.8,0.66491738808211,0.3350826119178901,0.6815286624203821,0.35211267605633806,425,3751259357
glasspool|j|zverev|m,2026-10-03 19:14:12,2026-10-03 19:07:52,2026-10-04 02:00:00,405.8,0.6708535126515482,0.3291464873484519,0.6941896024464832,0.35335689045936397,950,3751230480
chidekh|c|wayenburg|s,2026-10-03 19:14:12,2026-10-03 19:07:52,2026-10-04 13:00:00,1065.8,0.5527650408672667,0.4472349591327333,0.5726495726495727,0.4672897196261683,350,3751202838
mushika|m|sato|n,2026-10-03 19:14:12,2026-10-03 19:07:52,2026-10-04 02:30:00,435.8,0.25471967009533203,0.7452803299046681,0.28901734104046245,0.7767857142857143,375,3751201640
hoole|c|jones|h,2026-10-03 19:14:12,2026-10-03 19:07:52,2026-10-04 05:30:00,615.8,0.45768579081160876,0.5423142091883913,0.49019607843137253,0.574468085106383,375,3751216872
cerundolo|f|medvedev|d,2026-10-03 19:14:12,2026-10-03 19:07:52,2026-10-04 09:00:00,825.8,0.3067776153765416,0.6932223846234584,0.3215434083601286,0.7076023391812866,3000,3751282910
maneiro|j|shubladze|a,2026-10-03 19:14:12,2026-10-03 19:07:52,2026-10-04 04:30:00,555.8,0.6146004763234836,0.3853995236765163,0.6336996336996338,0.40485829959514175,1500,3751262187
bejlek|s|osaka|n,2026-10-03 19:14:12,2026-10-03 19:07:52,2026-10-04 11:00:00,945.8,0.27155061288070154,0.7284493871192985,0.28653295128939826,0.7429305912596401,3000,3751200786
stefani|g|xu|q,2026-10-03 19:14:12,2026-10-03 19:07:52,2026-10-04 02:00:00,405.8,0.8100232176329701,0.1899767823670296,0.8347107438016529,0.2173913043478261,950,3751270653
chidekh|c|wayenburg|s,2026-10-03 20:05:27,2026-10-03 19:53:09,2026-10-04 13:00:00,1014.5,0.5527650408672667,0.4472349591327333,0.5726495726495727,0.4672897196261683,500,3751309887
rocha|h|torre|i,2026-10-03 20:05:27,2026-10-03 19:53:09,2026-10-04 10:00:00,834.5,0.66491738808211,0.3350826119178901,0.6815286624203821,0.35211267605633806,600,3751310497
pel|s|shang|a,2026-10-03 20:05:27,2026-10-03 19:53:09,2026-10-04 01:00:00,294.5,0.6563048209020549,0.34369517909794517,0.6794871794871794,0.36764705882352944,1250,3751351584
manzano|j|pieri|s,2026-10-03 20:05:27,2026-10-03 19:53:09,2026-10-04 09:00:00,774.5,0.6464484637665144,0.3535515362334856,0.6655518394648829,0.373134328358209,500,3751364157
kalinskaya|m|klepac|m,2026-10-03 20:05:27,2026-10-03 19:53:09,2026-10-04 07:30:00,684.5,0.6560446594396669,0.34395534056033317,0.6815286624203821,0.37037037037037035,625,3751335501
swiatek|i|vekic|d,2026-10-03 20:05:27,2026-10-03 19:53:09,2026-10-06 02:00:00,3234.5,0.9175997054618364,0.08240029453816355,0.9339498018494056,0.1023541453428864,250,3751308548
stefani|g|xu|q,2026-10-03 20:05:27,2026-10-03 19:53:09,2026-10-04 03:00:00,414.5,0.8084378146759277,0.19156218532407238,0.8310810810810811,0.21645021645021645,950,3751342759
olivetti|t|uesugi|r,2026-10-03 20:05:27,2026-10-03 19:53:09,2026-10-04 00:00:00,234.5,0.620738619844424,0.37926138015557614,0.6441281138790036,0.40322580645161293,1250,3751342759
panova|m|shnaider|e,2026-10-03 20:05:27,2026-10-03 19:53:09,2026-10-04 07:30:00,684.5,0.24482937106827204,0.755170628931728,0.2717391304347826,0.7802197802197802,625,3751335501
mektic|a|vavassori|s,2026-10-03 20:05:27,2026-10-03 19:53:09,2026-10-05 01:00:00,1734.5,0.4155438359923585,0.5844561640076416,0.4424778761061947,0.6108949416342413,300,3751318296
bejlek|s|osaka|n,2026-10-03 20:05:27,2026-10-03 19:53:09,2026-10-04 11:00:00,894.5,0.27489125803933334,0.7251087419606668,0.2898550724637681,0.7395833333333334,3000,3751348491
bellucci|m|harris|l,2026-10-03 20:05:27,2026-10-03 19:53:09,2026-10-04 03:05:00,419.5,0.4614117323941385,0.5385882676058615,0.47846889952153115,0.5555555555555556,1500,3751357084
alcaraz|c|shapovalov|d,2026-10-03 20:05:27,2026-10-03 19:53:09,2026-10-04 04:00:00,474.5,0.862581442303614,0.13741855769638572,0.8778998778998779,0.15432098765432098,1800,3751339676
djokovic|n|zverev|a,2026-10-03 20:05:27,2026-10-03 19:53:09,2026-10-04 11:00:00,894.5,0.2744854842762426,0.7255145157237575,0.28901734104046245,0.7395833333333334,3600,3751328633
chwalinska|n|tjen|c,2026-10-03 20:05:27,2026-10-03 19:53:09,2026-10-04 06:00:00,594.5,0.2817913339759532,0.7182086660240469,0.30864197530864196,0.7435897435897436,625,3751318296
minaur|a|rublev|a,2026-10-03 20:05:27,2026-10-03 19:53:09,2026-10-04 06:30:00,624.5,0.5333978715923762,0.46660212840762383,0.5475113122171946,0.4807692307692307,3600,3751296397
muhammad|l|zvonareva|m,2026-10-03 20:05:27,2026-10-03 19:59:58,2026-10-04 03:00:00,414.5,0.42484989400518214,0.575150105994818,0.4484304932735426,0.5983935742971888,950,3751364213
cerundolo|f|medvedev|d,2026-10-03 20:05:27,2026-10-03 19:53:09,2026-10-04 09:00:00,774.5,0.3067776153765416,0.6932223846234584,0.3215434083601286,0.7076023391812866,3600,3751328045
hurkacz|h|khachanov|k,2026-10-03 20:05:27,2026-10-03 19:53:09,2026-10-04 05:00:00,534.5,0.4231100146928952,0.5768899853071048,0.4347826086956522,0.5884773662551441,6000,3751349984
li|m|mladenovic|s,2026-10-03 20:05:27,2026-10-03 19:53:09,2026-10-04 06:00:00,594.5,0.3671062572471317,0.6328937427528682,0.39370078740157477,0.6587030716723549,625,3751318296
matsuda|r|wei|s,2026-10-03 20:05:27,2026-10-03 19:53:09,2026-10-04 05:00:00,534.5,0.24667509601511123,0.7533249039848887,0.2717391304347826,0.7767857142857143,1300,3751328215
alexandrova|e|shnaider|d,2026-10-03 21:09:17,2026-10-03 21:08:37,2026-10-04 03:00:00,350.7,0.33380393814871134,0.6661960618512887,0.3484320557491289,0.6805111821086262,3000,3751432812
becroft|i|ehrenschneider|n,2026-10-03 21:09:17,2026-10-03 21:08:37,2026-10-04 02:00:00,290.7,0.4733760529675483,0.5266239470324517,0.5024875621890548,0.5555555555555556,550,3751375422
brengle|m|pareja|j,2026-10-03 21:09:17,2026-10-03 21:08:37,2026-10-04 00:00:00,170.7,0.2688132193257678,0.731186780674232,0.29325513196480935,0.7542997542997544,550,3751410050
muhammad|l|zvonareva|m,2026-10-03 21:09:17,2026-10-03 21:08:37,2026-10-04 03:00:00,350.7,0.42484989400518214,0.575150105994818,0.4484304932735426,0.5983935742971888,1250,3751429735
bejlek|s|osaka|n,2026-10-03 21:09:17,2026-10-03 21:08:37,2026-10-04 11:00:00,830.7,0.26581405989939816,0.7341859401006019,0.2808988764044944,0.7487437185929648,3000,3751387897
chidekh|c|wayenburg|s,2026-10-03 21:09:17,2026-10-03 21:08:37,2026-10-04 13:00:00,950.7,0.5606496319606274,0.43935036803937255,0.5798319327731092,0.4587155963302753,750,3751390956
minaur|a|rublev|a,2026-10-03 21:09:17,2026-10-03 21:08:37,2026-10-04 06:30:00,560.7,0.5333978715923762,0.46660212840762383,0.5475113122171946,0.4807692307692307,3600,3751375190
djokovic|n|zverev|a,2026-10-03 21:09:17,2026-10-03 21:08:37,2026-10-04 11:00:00,830.7,0.28461135913471397,0.7153886408652859,0.29940119760479045,0.7297297297297298,3600,3751389139
lee|h|luo|x,2026-10-03 21:09:17,2026-10-03 21:08:37,2026-10-04 02:30:00,320.7,0.5799661776875239,0.4200338223124761,0.607843137254902,0.4484304932735426,550,3751407913
rocha|h|torre|i,2026-10-03 21:09:17,2026-10-03 21:08:37,2026-10-04 10:00:00,770.7,0.66491738808211,0.3350826119178901,0.6815286624203821,0.35211267605633806,900,3751392008
bellucci|m|harris|l,2026-10-03 21:09:17,2026-10-03 21:08:37,2026-10-04 03:05:00,355.7,0.4667355196782166,0.5332644803217834,0.48309178743961345,0.5495495495495495,1800,3751411824
jacquet|k|munar|j,2026-10-03 21:09:17,2026-10-03 21:08:37,2026-10-04 02:00:00,290.7,0.42586101236327956,0.5741389876367204,0.43859649122807015,0.5867768595041323,6000,3751390635
andreeva|m|kudermetova|p,2026-10-03 21:09:17,2026-10-03 21:08:37,2026-10-04 03:00:00,350.7,0.923861026780269,0.07613897321973105,0.9396863691194209,0.09569377990430622,375,3751414094
maria|t|mcdonald|e,2026-10-03 21:09:17,2026-10-03 21:08:37,2026-10-04 00:00:00,170.7,0.8294389465520523,0.17056105344794767,0.8516320474777449,0.1953125,550,3751374546
hurkacz|h|khachanov|k,2026-10-03 21:09:17,2026-10-03 21:08:37,2026-10-04 05:00:00,470.7,0.4152373264673674,0.5847626735326326,0.4273504273504274,0.5967741935483871,6000,3751380991
alcaraz|c|shapovalov|d,2026-10-03 21:09:17,2026-10-03 21:08:37,2026-10-04 04:00:00,410.7,0.8668870822319058,0.1331129177680938,0.8820754716981132,0.14992503748125938,1800,3751426409
hoole|c|jones|h,2026-10-03 21:09:17,2026-10-03 21:08:37,2026-10-04 05:30:00,500.7,0.4704208603116727,0.5295791396883271,0.5024875621890548,0.5614035087719298,375,3751392244
bartunkova|n|sabalenka|a,2026-10-03 21:09:17,2026-10-03 21:08:37,2026-10-04 03:00:00,350.7,0.1428044525545486,0.8571955474454513,0.1597444089456869,0.8726114649681528,1500,3751424966
kraus|s|yastremska|d,2026-10-03 21:09:17,2026-10-03 21:08:37,2026-10-04 03:00:00,350.7,0.2920521337530989,0.7079478662469012,0.3067484662576687,0.7222222222222222,3000,3751430885
qu|y|zheng|w,2026-10-03 21:09:17,2026-10-03 21:08:37,2026-10-04 02:00:00,290.7,0.2989979789582838,0.7010020210417162,0.3236245954692557,0.7245179063360881,1300,3751424506
chwalinska|n|tjen|c,2026-10-03 21:09:17,2026-10-03 21:08:37,2026-10-04 06:00:00,530.7,0.2817913339759532,0.7182086660240469,0.30864197530864196,0.7435897435897436,950,3751429735
cerundolo|f|medvedev|d,2026-10-03 21:09:17,2026-10-03 21:08:37,2026-10-04 09:00:00,710.7,0.29551296295699825,0.7044870370430018,0.3105590062111801,0.7191011235955056,3600,3751384593
swiatek|i|vekic|d,2026-10-03 21:09:17,2026-10-03 21:08:37,2026-10-06 02:00:00,3170.7,0.9185542502678495,0.08144574973215041,0.9348109517601042,0.10131712259371835,250,3751427759
mushika|m|sato|n,2026-10-03 21:09:17,2026-10-03 21:08:37,2026-10-04 02:30:00,320.7,0.25501739846010496,0.744982601539895,0.2849002849002849,0.7727272727272727,550,3751405933
pel|s|shang|a,2026-10-03 21:09:17,2026-10-03 21:08:37,2026-10-04 07:30:00,620.7,0.6565704597248527,0.34342954027514727,0.6825396825396826,0.37037037037037035,625,3751433217
manzano|j|pieri|s,2026-10-03 21:09:17,2026-10-03 21:08:37,2026-10-04 09:00:00,710.7,0.6458725505379643,0.35412744946203567,0.6644295302013422,0.373134328358209,750,3751427989
golubic|v|noskova|l,2026-10-03 21:09:17,2026-10-03 21:08:37,2026-10-04 03:00:00,350.7,0.13080035999590606,0.869199640004094,0.14749262536873156,0.8842592592592592,1500,3751417402
stefani|g|xu|q,2026-10-03 21:09:17,2026-10-03 21:08:37,2026-10-04 03:00:00,350.7,0.8084378146759277,0.19156218532407238,0.8310810810810811,0.21645021645021645,1250,3751429735
li|m|mladenovic|s,2026-10-03 21:09:17,2026-10-03 21:08:37,2026-10-04 06:00:00,530.7,0.3671062572471317,0.6328937427528682,0.39370078740157477,0.6587030716723549,950,3751429735
glasspool|j|zverev|m,2026-10-03 21:09:17,2026-10-03 21:08:37,2026-10-04 12:30:00,920.7,0.6716975355280848,0.32830246447191525,0.696969696969697,0.35460992907801414,450,3751433217
