pair,seen_at,obs_at,start_time,mins_to_start,fair1,fair2,quote1,quote2,limit_usd,version
khazime|d|lagarrigue|f,2026-09-17 00:11:09,2026-09-17 00:03:31,2026-09-17 08:00:00,468.8,0.40952157635194614,0.5904784236480539,0.4424778761061947,0.6226415094339623,225,3731506243
sasikumar|m|tang|s,2026-09-17 00:11:09,2026-09-17 00:11:09,2026-09-17 02:00:00,108.8,0.8194112732773933,0.18058872672260684,0.8417721518987341,0.2053388090349076,450,3731511528
reyniak|m|rojas|c,2026-09-17 00:11:09,2026-09-17 00:03:31,2026-09-17 10:00:00,588.8,0.6670436969396786,0.33295630306032153,0.6987951807228916,0.3663003663003663,225,3731508477
kirkin|e|liu|l,2026-09-17 00:11:09,2026-09-17 00:03:31,2026-09-17 11:00:00,648.8,0.6717712591336662,0.32822874086633386,0.7041420118343195,0.3623188405797102,150,3731506243
banerjee|s|eldin|r,2026-09-17 00:11:09,2026-09-17 00:03:31,2026-09-17 13:00:00,768.8,0.9646693683298604,0.0353306316701396,0.9799156457119903,0.06142506142506142,150,3731508108
hewitt|c|kouzmine|c,2026-09-17 00:11:09,2026-09-17 00:03:31,2026-09-17 03:00:00,168.8,0.7437335701102588,0.25626642988974146,0.7732426303854876,0.2881844380403458,1300,3731508773
sagandikova|a|zheng|w,2026-09-17 00:11:09,2026-09-17 00:11:09,2026-09-17 02:00:00,108.8,0.2773131653241151,0.722686834675885,0.3021148036253776,0.7461928934010152,450,3731511185
barsukov|n|xia|y,2026-09-17 00:11:09,2026-09-17 00:03:31,2026-09-17 03:00:00,168.8,0.9281092538870952,0.07189074611290497,0.9450549450549449,0.09354536950420955,350,3731508368
chepelev|a|comino|l,2026-09-17 00:11:09,2026-09-17 00:03:31,2026-09-17 09:00:00,528.8,0.7934573161768742,0.20654268382312588,0.8245614035087718,0.24154589371980673,375,3731508368
car|h|donnet|e,2026-09-17 00:11:09,2026-09-17 00:11:09,2026-09-17 12:00:00,708.8,0.5650136343271807,0.4349863656728193,0.5967741935483871,0.4672897196261683,225,3731511337
catanzarite|a|cinalli|l,2026-09-17 00:11:09,2026-09-17 00:11:09,2026-09-17 14:30:00,858.8,0.24774071472778,0.75225928527222,0.2824858757062147,0.7840172786177105,350,3731511730
domingos|d|ruggeri|s,2026-09-17 00:11:09,2026-09-17 00:03:31,2026-09-17 11:00:00,648.8,0.2137546656256583,0.7862453343743416,0.24875621890547267,0.8175182481751824,225,3731508775
blaydes|b|makhlouf|m,2026-09-17 00:11:09,2026-09-17 00:03:31,2026-09-17 11:00:00,648.8,0.8960861040635029,0.10391389593649711,0.9222395023328148,0.13755158184319122,225,3731508773
bax|f|borisiouk|m,2026-09-17 00:11:09,2026-09-17 00:03:31,2026-09-17 03:00:00,168.8,0.5423142091883913,0.4576857908116087,0.5652173913043479,0.4807692307692307,1300,3731508773
cordoba|c|fernandez|m,2026-09-17 00:11:09,2026-09-17 00:03:31,2026-09-17 10:30:00,618.8,0.7284466382101056,0.2715533617898945,0.7601918465227817,0.3058103975535168,225,3731505194
fuster|j|sheyngezikht|l,2026-09-17 00:11:09,2026-09-17 00:03:31,2026-09-17 10:00:00,588.8,0.0910972964589948,0.9089027035410052,0.1240694789081886,0.933774834437086,225,3731508381
connel|j|salvestre|d,2026-09-17 00:11:09,2026-09-17 00:03:31,2026-09-17 11:00:00,648.8,0.588778946354633,0.411221053645367,0.6212121212121212,0.4444444444444444,150,3731506123
ishii|s|rajecki|a,2026-09-17 00:11:09,2026-09-17 00:11:09,2026-09-17 02:00:00,108.8,0.37717741170555596,0.622822588294444,0.4016064257028112,0.646643109540636,450,3731511185
barrera|a|tabacco|f,2026-09-17 00:11:09,2026-09-17 00:03:31,2026-09-17 11:00:00,648.8,0.49122536862611416,0.5087746313738858,0.5238095238095238,0.5412844036697247,225,3731505731
leonard|m|tan|l,2026-09-17 00:11:09,2026-09-17 00:03:31,2026-09-17 10:00:00,588.8,0.6591817043936612,0.3408182956063388,0.691358024691358,0.37453183520599254,225,3731507404
nugroho|p|ren|y,2026-09-17 00:11:09,2026-09-17 00:11:09,2026-09-17 02:00:00,108.8,0.4285079258097285,0.5714920741902716,0.45248868778280543,0.5951417004048584,450,3731511337
dong|z|ferguson|c,2026-09-17 00:11:09,2026-09-17 00:11:09,2026-09-17 02:00:00,108.8,0.15707061676257184,0.8429293832374283,0.18181818181818182,0.8648648648648649,450,3731511185
chung|y|han|x,2026-09-17 00:11:09,2026-09-17 00:11:09,2026-09-17 02:00:00,108.8,0.8947717596779637,0.10522824032203608,0.9143835616438356,0.1287001287001287,450,3731511337
kharlamov|r|tiukaev|r,2026-09-17 00:11:09,2026-09-17 00:03:31,2026-09-17 08:00:00,468.8,0.2875279696792712,0.7124720303207288,0.3215434083601286,0.7442455242966751,225,3731506123
kouame|m|peliwo|f,2026-09-17 00:11:09,2026-09-17 00:03:31,2026-09-17 03:00:00,168.8,0.9271973753810657,0.07280262461893433,0.9484270242392986,0.10183299389002036,175,3731508773
laborde|a|sarksian|d,2026-09-17 00:11:09,2026-09-17 00:03:31,2026-09-17 08:00:00,468.8,0.3853715850671897,0.6146284149328104,0.4184100418410042,0.646643109540636,225,3731506123
huang|y|shi|h,2026-09-17 00:11:09,2026-09-17 00:11:09,2026-09-17 02:00:00,108.8,0.2842704519585321,0.7157295480414679,0.30864197530864196,0.7389033942558746,450,3731511185
deng|t|yoshimoto|n,2026-09-17 00:11:09,2026-09-17 00:11:09,2026-09-17 02:00:00,108.8,0.44961353216888644,0.5503864678311137,0.4739336492890995,0.574468085106383,450,3731511185
duhan|c|karthik|p,2026-09-17 00:11:09,2026-09-17 00:03:31,2026-09-17 09:00:00,528.8,0.7156524830012185,0.28434751699878147,0.7474747474747475,0.3184713375796178,225,3731508589
kukasian|a|pleshivtsev|e,2026-09-17 00:11:09,2026-09-17 00:03:31,2026-09-17 08:00:00,468.8,0.2697578840882081,0.7302421159117919,0.303951367781155,0.7619047619047619,225,3731506511
inoue|h|matsuda|r,2026-09-17 00:11:09,2026-09-17 00:11:09,2026-09-17 02:00:00,108.8,0.5669206085253843,0.43307939147461577,0.5901639344262295,0.4566210045662101,450,3731511185
wang|j|zhang|r,2026-09-17 00:11:09,2026-09-17 00:11:09,2026-09-17 02:00:00,108.8,0.5873106871868211,0.4126893128131789,0.6108949416342413,0.4366812227074236,450,3731511185
albieri|s|vidal|l,2026-09-17 00:11:09,2026-09-17 00:11:09,2026-09-17 14:30:00,858.8,0.13149535153710032,0.8685046484628998,0.16611295681063123,0.8968008255933954,350,3731511337
diaz|m|willwerth|b,2026-09-17 00:11:09,2026-09-17 00:03:31,2026-09-17 11:00:00,648.8,0.19410983285385586,0.8058901671461441,0.22935779816513766,0.836867862969005,225,3731508773
kachmazov|a|sun|q,2026-09-17 00:11:09,2026-09-17 00:11:09,2026-09-17 02:00:00,108.8,0.7804615402421738,0.21953845975782618,0.8035363457760314,0.24449877750611249,450,3731511185
arcangioli|m|podrez|v,2026-09-17 00:11:09,2026-09-17 00:03:31,2026-09-17 11:30:00,678.8,0.1160029231053642,0.8839970768946359,0.15015015015015015,0.9111900532859679,225,3731508477
melleiro|c|silva|i,2026-09-17 00:11:09,2026-09-17 00:11:09,2026-09-17 15:30:00,918.8,0.7819623115612583,0.21803768843874155,0.8134328358208955,0.2531645569620253,350,3731511730
kubka|m|tanguilig|c,2026-09-17 00:11:09,2026-09-17 00:03:31,2026-09-17 10:00:00,588.8,0.751375824460981,0.24862417553901914,0.7830802603036876,0.28328611898017,225,3731505140
borg|l|shin|m,2026-09-17 00:11:09,2026-09-17 00:11:09,2026-09-17 02:00:00,108.8,0.8428258375241994,0.1571741624758005,0.8646820027063599,0.18181818181818182,450,3731511185
paganetti|v|pistola|i,2026-09-17 00:11:09,2026-09-17 00:03:31,2026-09-17 10:00:00,588.8,0.6333928189838288,0.36660718101617107,0.6655518394648829,0.4,225,3731508275
meerschen|m|vavassori|m,2026-09-17 00:11:09,2026-09-17 00:03:31,2026-09-17 08:00:00,468.8,0.8448444436858299,0.15515555631417005,0.8743718592964823,0.19011406844106465,225,3731506511
diatlova|k|pawlikowska|z,2026-09-17 00:11:09,2026-09-17 00:11:09,2026-09-17 06:00:00,348.8,0.2451839078414083,0.7548160921585917,0.2747252747252747,0.7821350762527233,350,3731511337
mchugh|a|vinciguerra|w,2026-09-17 00:11:09,2026-09-17 00:11:09,2026-09-17 12:00:00,708.8,0.8239900036547766,0.17600999634522346,0.8542274052478134,0.21097046413502107,225,3731511337
catry|r|han|s,2026-09-17 00:11:09,2026-09-17 00:11:09,2026-09-17 02:00:00,108.8,0.7459855528372662,0.2540144471627336,0.76905311778291,0.2785515320334262,450,3731511337
danilova|o|perelygina|e,2026-09-17 00:11:09,2026-09-17 00:11:09,2026-09-17 06:00:00,348.8,0.10086449042755909,0.8991355095724409,0.12919896640826872,0.9218139171227521,350,3731511337
pinto|l|sverzut|c,2026-09-17 00:11:09,2026-09-17 00:11:09,2026-09-17 15:00:00,888.8,0.7911678771032804,0.20883212289671957,0.822380106571936,0.24390243902439027,150,3731512480
mchugh|a|vinciguerra|w,2026-09-17 00:58:06,2026-09-17 00:48:49,2026-09-17 12:00:00,661.9,0.7886439958386854,0.21135600416131464,0.8198198198198198,0.2463054187192118,225,3731524904
caniato|c|valiente|i,2026-09-17 00:58:06,2026-09-17 00:53:52,2026-09-17 10:00:00,541.9,0.6331825674955253,0.3668174325044748,0.6563573883161512,0.390625,275,3731532372
jorge|f|kasintseva|v,2026-09-17 00:58:06,2026-09-17 00:48:49,2026-09-17 13:30:00,751.9,0.43036086252918054,0.5696391374708195,0.45454545454545453,0.5934959349593496,275,3731524211
cecchinato|m|moeller|m,2026-09-17 00:58:06,2026-09-17 00:48:49,2026-09-17 11:00:00,601.9,0.6146004763234836,0.3853995236765163,0.6336996336996338,0.40485829959514175,350,3731519573
delaney|j|tomic|b,2026-09-17 00:58:06,2026-09-17 00:48:49,2026-09-17 07:30:00,391.9,0.21686176202915028,0.7831382379708497,0.23696682464454974,0.801980198019802,350,3731523047
ellis|b|simakin|i,2026-09-17 00:58:06,2026-09-17 00:48:49,2026-09-17 04:30:00,211.9,0.2238103492878683,0.7761896507121318,0.2610966057441253,0.8095238095238095,975,3731524055
barrena|a|pieri|s,2026-09-17 00:58:06,2026-09-17 00:48:49,2026-09-17 11:30:00,631.9,0.5873106871868211,0.4126893128131789,0.6108949416342413,0.4366812227074236,275,3731519573
escorihuela|i|schunk|n,2026-09-17 00:58:06,2026-09-17 00:48:49,2026-09-17 13:30:00,751.9,0.34608730068837296,0.653912699311627,0.37037037037037035,0.6774193548387096,275,3731519573
lu|j|yodpetch|k,2026-09-17 00:58:06,2026-09-17 00:53:52,2026-09-17 01:00:00,1.9,0.7421064202581027,0.2578935797418971,0.7652582159624413,0.2824858757062147,450,3731534283
binda|a|sun|f,2026-09-17 00:58:06,2026-09-17 00:48:49,2026-09-17 07:30:00,391.9,0.2440215123315973,0.7559784876684027,0.2638522427440633,0.7747747747747747,350,3731529692
ishii|s|rajecki|a,2026-09-17 00:58:06,2026-09-17 00:48:49,2026-09-17 02:00:00,61.9,0.3807126399800214,0.6192873600199787,0.40485829959514175,0.6428571428571428,450,3731516471
biryukov|p|honda|n,2026-09-17 00:58:06,2026-09-17 00:48:49,2026-09-17 07:30:00,391.9,0.6047277654460406,0.39527223455395943,0.6240601503759399,0.41493775933609955,350,3731519817
abe|h|mushika|m,2026-09-17 00:58:06,2026-09-17 00:48:49,2026-09-17 01:00:00,1.9,0.8458525332773386,0.15414746672266152,0.8677248677248678,0.17889087656529518,450,3731530574
pieczonka|f|trungelliti|m,2026-09-17 00:58:06,2026-09-17 00:48:49,2026-09-17 13:00:00,721.9,0.1942211100416092,0.8057788899583908,0.21413276231263384,0.8242530755711774,275,3731519573
durand|y|maestrelli|f,2026-09-17 00:58:06,2026-09-17 00:48:49,2026-09-17 10:30:00,571.9,0.2882416174542715,0.7117583825457285,0.3076923076923077,0.7304582210242588,350,3731530490
akugue|n|rapolu|m,2026-09-17 00:58:06,2026-09-17 00:48:49,2026-09-17 12:00:00,661.9,0.5169879132939876,0.4830120867060124,0.5412844036697247,0.5073891625615764,275,3731523305
brunold|m|forti|f,2026-09-17 00:58:06,2026-09-17 00:48:49,2026-09-17 10:00:00,541.9,0.6821992077605881,0.317800792239412,0.7058823529411764,0.3424657534246575,275,3731519573
manukyan|v|monzon|i,2026-09-17 00:58:06,2026-09-17 00:48:49,2026-09-17 08:00:00,421.9,0.2007870051570561,0.799212994842944,0.23584905660377356,0.830220713073005,225,3731529692
dias|s|estevez|j,2026-09-17 00:58:06,2026-09-17 00:48:49,2026-09-17 14:00:00,781.9,0.27385513949693613,0.7261448605030638,0.31545741324921134,0.7641509433962264,500,3731515184
malygina|e|vandromme|j,2026-09-17 00:58:06,2026-09-17 00:48:49,2026-09-17 11:00:00,601.9,0.11032980901716083,0.8896701909828392,0.141643059490085,0.9147485080988917,200,3731528172
dekkers|f|garcia|m,2026-09-17 00:58:06,2026-09-17 00:48:49,2026-09-17 09:30:00,511.9,0.24221883837179314,0.757781161628207,0.2770083102493075,0.7894736842105263,225,3731526571
boehner|l|oktiabreva|a,2026-09-17 00:58:06,2026-09-17 00:53:52,2026-09-17 10:00:00,541.9,0.027222370979190422,0.9727776290208096,0.05122950819672131,0.9857040743388135,225,3731533836
leong|m|trotter|j,2026-09-17 00:58:06,2026-09-17 00:48:49,2026-09-17 07:30:00,391.9,0.33753550773335733,0.6624644922666427,0.35714285714285715,0.6815286624203821,350,3731519614
kitahara|y|shibahara|e,2026-09-17 00:58:06,2026-09-17 00:53:52,2026-09-17 03:30:00,151.9,0.14026561298995224,0.8597343870100478,0.16474464579901152,0.8810939357907254,350,3731532873
dourado|j|soares|m,2026-09-17 00:58:06,2026-09-17 00:48:49,2026-09-17 13:00:00,721.9,0.7037549772384578,0.29624502276154224,0.7354497354497355,0.33003300330033003,200,3731522338
monteiro|s|schoen|p,2026-09-17 00:58:06,2026-09-17 00:48:49,2026-09-17 11:00:00,601.9,0.023509828482696376,0.9764901715173034,0.0463821892393321,0.9882228241667648,225,3731513193
babel|o|petkovic|a,2026-09-17 00:58:06,2026-09-17 00:48:49,2026-09-17 10:00:00,541.9,0.6636471911696588,0.3363528088303413,0.6960486322188449,0.37037037037037035,225,3731515111
duhan|c|karthik|p,2026-09-17 00:58:06,2026-09-17 00:48:49,2026-09-17 09:00:00,481.9,0.6702108168402052,0.3297891831597946,0.7023809523809524,0.36363636363636365,225,3731523743
paoletti|m|yesypchuk|d,2026-09-17 00:58:06,2026-09-17 00:48:49,2026-09-17 10:00:00,541.9,0.7507462716151299,0.24925372838487012,0.782608695652174,0.2840909090909091,225,3731525718
avdeeva|j|klugman|h,2026-09-17 00:58:06,2026-09-17 00:48:49,2026-09-17 12:30:00,691.9,0.4598083509103355,0.5401916490896644,0.4926108374384236,0.5726495726495727,225,3731524041
wang|j|zhang|r,2026-09-17 00:58:06,2026-09-17 00:53:52,2026-09-17 02:00:00,61.9,0.5848116372634953,0.4151883627365048,0.607843137254902,0.43859649122807015,450,3731532617
fuster|j|sheyngezikht|l,2026-09-17 00:58:06,2026-09-17 00:48:49,2026-09-17 10:00:00,541.9,0.0856417074178505,0.9143582925821495,0.11820330969267138,0.9385749385749387,225,3731512901
leonard|m|tan|l,2026-09-17 00:58:06,2026-09-17 00:48:49,2026-09-17 10:00:00,541.9,0.6533851262917639,0.3466148737082362,0.6855345911949686,0.3802281368821293,225,3731528033
barthel|m|ristic|m,2026-09-17 00:58:06,2026-09-17 00:48:49,2026-09-17 08:00:00,421.9,0.5,0.5,0.5238095238095238,0.5238095238095238,275,3731521449
stefano|s|tubello|a,2026-09-17 00:58:06,2026-09-17 00:48:49,2026-09-17 08:40:00,461.9,0.5159252299148626,0.4840747700851375,0.5391705069124424,0.5073891625615764,275,3731521449
arcangioli|m|podrez|v,2026-09-17 00:58:06,2026-09-17 00:48:49,2026-09-17 11:30:00,631.9,0.12913536676632037,0.8708646332336796,0.1636661211129296,0.8989898989898989,225,3731523245
brancatelli|g|funk|a,2026-09-17 00:58:06,2026-09-17 00:48:49,2026-09-17 09:00:00,481.9,0.321975616220348,0.678024383779652,0.35587188612099646,0.7101449275362319,225,3731519573
huang|y|shi|h,2026-09-17 00:58:06,2026-09-17 00:48:49,2026-09-17 02:00:00,61.9,0.2862712282897982,0.7137287717102015,0.3105590062111801,0.7368421052631579,450,3731531789
compagnucci|t|manzano|j,2026-09-17 00:58:06,2026-09-17 00:48:49,2026-09-17 11:30:00,631.9,0.5283217511560561,0.47167824884394405,0.5515695067264574,0.49504950495049505,275,3731519573
stearns|p|stephens|s,2026-09-17 00:58:06,2026-09-17 00:48:49,2026-09-17 16:00:00,901.9,0.6164013596479049,0.38359864035209496,0.6309963099630996,0.39840637450199207,4500,3731522712
matusevich|a|schoolkate|t,2026-09-17 00:58:06,2026-09-17 00:48:49,2026-09-17 09:00:00,481.9,0.43361794303097434,0.5663820569690258,0.45248868778280543,0.5850622406639003,350,3731520788
hewitt|c|kouzmine|c,2026-09-17 00:58:06,2026-09-17 00:48:49,2026-09-17 03:00:00,121.9,0.7725942142877081,0.2274057857122919,0.801980198019802,0.2597402597402597,1300,3731514982
samson|l|sobolieva|a,2026-09-17 00:58:06,2026-09-17 00:48:49,2026-09-17 08:00:00,421.9,0.529330537912523,0.4706694620874769,0.5535714285714286,0.49504950495049505,275,3731519817
kubka|m|tanguilig|c,2026-09-17 00:58:06,2026-09-17 00:48:49,2026-09-17 10:00:00,541.9,0.7632942819726364,0.23670571802736368,0.7950819672131147,0.2717391304347826,225,3731516032
huang|y|shi|h,2026-09-17 01:25:53,2026-09-17 01:19:02,2026-09-17 02:00:00,34.1,0.28876813308568555,0.7112318669143144,0.31347962382445144,0.7347480106100795,450,3731535913
chen|m|yang|y,2026-09-17 01:25:53,2026-09-17 01:19:02,2026-09-17 03:00:00,94.1,0.10208403230173561,0.897915967698264,0.12547051442910917,0.9173553719008265,450,3731540961
bejlek|s|bucsa|c,2026-09-17 01:25:53,2026-09-17 01:19:02,2026-09-17 18:10:00,1004.1,0.6523149587581858,0.34768504124181426,0.6666666666666666,0.3623188405797102,475,3731546655
frech|m|jovic|i,2026-09-17 01:25:53,2026-09-17 01:19:02,2026-09-17 16:00:00,874.1,0.25696086876609026,0.7430391312339095,0.2717391304347826,0.7572815533980582,475,3731547169
khazime|d|lagarrigue|f,2026-09-17 01:25:53,2026-09-17 01:19:02,2026-09-17 08:00:00,394.1,0.4546746571374164,0.5453253428625837,0.48780487804878053,0.5780590717299579,225,3731540071
khomutsianskaya|d|zhang|j,2026-09-17 01:25:53,2026-09-17 01:19:02,2026-09-17 03:00:00,94.1,0.7500249958341387,0.2499750041658613,0.7732426303854876,0.2747252747252747,450,3731541207
bertrand|r|murgett|f,2026-09-17 01:25:53,2026-09-17 01:19:02,2026-09-17 11:00:00,574.1,0.7050129288186874,0.2949870711813127,0.7368421052631579,0.32894736842105265,225,3731546884
pigossi|e|valdmannova|m,2026-09-17 01:25:53,2026-09-17 01:19:02,2026-09-17 13:00:00,694.1,0.3180363412612485,0.6819636587387514,0.3448275862068966,0.7076023391812866,250,3731540809
dourado|j|soares|m,2026-09-17 01:25:53,2026-09-17 01:19:02,2026-09-17 13:00:00,694.1,0.7037549772384578,0.29624502276154224,0.7354497354497355,0.33003300330033003,225,3731540961
barrena|a|pieri|s,2026-09-17 01:25:53,2026-09-17 01:23:51,2026-09-17 11:30:00,604.1,0.5873106871868211,0.4126893128131789,0.6108949416342413,0.4366812227074236,450,3731548340
paganetti|v|pistola|i,2026-09-17 01:25:53,2026-09-17 01:19:02,2026-09-17 10:00:00,514.1,0.6663996260468822,0.3336003739531179,0.6987951807228916,0.36764705882352944,225,3731539033
inoue|h|matsuda|r,2026-09-17 01:25:53,2026-09-17 01:19:02,2026-09-17 02:09:00,43.1,0.5669206085253843,0.43307939147461577,0.5901639344262295,0.4566210045662101,450,3731544413
hewitt|c|kouzmine|c,2026-09-17 01:25:53,2026-09-17 01:19:02,2026-09-17 03:00:00,94.1,0.7718996860015678,0.2281003139984323,0.7929606625258799,0.2506265664160401,1750,3731540840
barsukov|n|xia|y,2026-09-17 01:25:53,2026-09-17 01:19:02,2026-09-17 03:00:00,94.1,0.9281092538870952,0.07189074611290497,0.9450549450549449,0.09354536950420955,450,3731540961
klok|d|melnic|v,2026-09-17 01:25:53,2026-09-17 01:19:02,2026-09-17 07:00:00,334.1,0.6069114337902296,0.3930885662097702,0.635036496350365,0.42194092827004215,450,3731540855
juhas|k|radovanovic|t,2026-09-17 01:25:53,2026-09-17 01:19:02,2026-09-17 07:00:00,334.1,0.979148499015136,0.020851500984863876,0.9888827126181211,0.038774718883288095,450,3731540917
ellis|b|simakin|i,2026-09-17 01:25:53,2026-09-17 01:19:02,2026-09-17 04:30:00,184.1,0.22506026848426447,0.7749397315157356,0.24752475247524752,0.7959183673469388,1300,3731543403
kuzmova|k|lizunova|a,2026-09-17 01:25:53,2026-09-17 01:19:02,2026-09-17 07:00:00,334.1,0.7496795248646915,0.2503204751353083,0.7772828507795101,0.2801120448179272,350,3731540961
bax|f|borisiouk|m,2026-09-17 01:25:53,2026-09-17 01:19:02,2026-09-17 03:00:00,94.1,0.5285202158717768,0.4714797841282233,0.5495495495495495,0.4926108374384236,1750,3731545899
shubladze|a|sidorova|k,2026-09-17 01:25:53,2026-09-17 01:19:02,2026-09-17 03:00:00,94.1,0.8535155431628869,0.14648445683711347,0.875,0.17094017094017094,450,3731541211
matusevich|a|schoolkate|t,2026-09-17 01:25:53,2026-09-17 01:19:02,2026-09-17 09:00:00,454.1,0.4156789664594738,0.5843210335405263,0.4347826086956522,0.6031746031746031,350,3731540592
cordoba|c|fernandez|m,2026-09-17 01:25:53,2026-09-17 01:19:02,2026-09-17 10:30:00,544.1,0.7436803744292236,0.2563196255707764,0.7752808988764045,0.29069767441860467,225,3731537039
bai|z|wei|s,2026-09-17 01:25:53,2026-09-17 01:19:02,2026-09-17 03:00:00,94.1,0.705334550500461,0.2946654494995391,0.7289972899728998,0.3194888178913738,450,3731541211
banerjee|s|eldin|r,2026-09-17 01:25:53,2026-09-17 01:19:02,2026-09-17 13:00:00,694.1,0.9721238577503708,0.02787614224962928,0.9852550869949868,0.052083333333333336,225,3731541207
deng|t|yoshimoto|n,2026-09-17 01:25:53,2026-09-17 01:19:02,2026-09-17 02:08:00,42.1,0.44961353216888644,0.5503864678311137,0.4739336492890995,0.574468085106383,450,3731543829
kubka|m|tanguilig|c,2026-09-17 01:25:53,2026-09-17 01:19:02,2026-09-17 10:00:00,514.1,0.7638627956294628,0.23613720437053715,0.7955010224948876,0.2710027100271003,225,3731535321
ehrenschneider|n|wang|k,2026-09-17 01:25:53,2026-09-17 01:19:02,2026-09-17 03:00:00,94.1,0.8890702923853149,0.11092970761468517,0.9090081892629663,0.13458950201884254,450,3731540961
ishii|s|rajecki|a,2026-09-17 01:25:53,2026-09-17 01:19:02,2026-09-17 02:08:00,42.1,0.39257936512719893,0.6074206348728012,0.4166666666666667,0.6309963099630996,450,3731544413
kouame|m|peliwo|f,2026-09-17 01:25:53,2026-09-17 01:19:02,2026-09-17 03:00:00,94.1,0.9279529031187309,0.07204709688126944,0.9477260846837429,0.09852216748768472,225,3731539138
binda|a|sun|f,2026-09-17 01:25:53,2026-09-17 01:19:02,2026-09-17 07:30:00,364.1,0.2590110569797018,0.7409889430202982,0.2785515320334262,0.7596153846153847,350,3731543403
bejlek|s|bucsa|c,2026-09-17 01:42:50,2026-09-17 01:38:52,2026-09-17 18:10:00,987.2,0.6673089394347224,0.3326910605652777,0.6815286624203821,0.3472222222222222,475,3731556096
akugue|n|rapolu|m,2026-09-17 01:42:50,2026-09-17 01:34:07,2026-09-17 12:00:00,617.2,0.5169879132939876,0.4830120867060124,0.5412844036697247,0.5073891625615764,450,3731552903
malygina|e|vandromme|j,2026-09-17 01:42:50,2026-09-17 01:38:52,2026-09-17 11:00:00,557.2,0.11032980901716083,0.8896701909828392,0.141643059490085,0.9147485080988917,200,3731555213
stefano|s|tubello|a,2026-09-17 01:42:50,2026-09-17 01:34:07,2026-09-17 08:40:00,417.2,0.5159252299148626,0.4840747700851375,0.5391705069124424,0.5073891625615764,450,3731552903
kitahara|y|shibahara|e,2026-09-17 01:42:50,2026-09-17 01:38:52,2026-09-17 03:30:00,107.2,0.14026561298995224,0.8597343870100478,0.16474464579901152,0.8810939357907254,450,3731555169
barthel|m|ristic|m,2026-09-17 01:42:50,2026-09-17 01:34:07,2026-09-17 08:00:00,377.2,0.5,0.5,0.5238095238095238,0.5238095238095238,450,3731552903
arakawa|h|kawaguchi|n,2026-09-17 01:42:50,2026-09-17 01:38:52,2026-09-17 03:30:00,107.2,0.29505263274855636,0.7049473672514438,0.3194888178913738,0.7282608695652174,450,3731555169
matusevich|a|schoolkate|t,2026-09-17 01:42:50,2026-09-17 01:34:07,2026-09-17 09:00:00,437.2,0.4156789664594738,0.5843210335405263,0.4347826086956522,0.6031746031746031,500,3731552789
jorge|f|kasintseva|v,2026-09-17 01:42:50,2026-09-17 01:34:07,2026-09-17 13:30:00,707.2,0.43036086252918054,0.5696391374708195,0.45454545454545453,0.5934959349593496,450,3731552903
samson|l|sobolieva|a,2026-09-17 01:42:50,2026-09-17 01:34:07,2026-09-17 08:00:00,377.2,0.529330537912523,0.4706694620874769,0.5535714285714286,0.49504950495049505,450,3731551054
biryukov|p|honda|n,2026-09-17 01:42:50,2026-09-17 01:34:07,2026-09-17 07:30:00,347.2,0.606289147173696,0.393710852826304,0.6254681647940076,0.4132231404958678,500,3731553163
delaney|j|tomic|b,2026-09-17 01:42:50,2026-09-17 01:34:07,2026-09-17 07:30:00,347.2,0.21686176202915028,0.7831382379708497,0.23696682464454974,0.801980198019802,375,3731550782
binda|a|sun|f,2026-09-17 01:42:50,2026-09-17 01:34:07,2026-09-17 07:30:00,347.2,0.2590110569797018,0.7409889430202982,0.2785515320334262,0.7596153846153847,500,3731550182
compagnucci|t|manzano|j,2026-09-17 01:42:50,2026-09-17 01:34:07,2026-09-17 11:30:00,587.2,0.5283217511560561,0.47167824884394405,0.5515695067264574,0.49504950495049505,450,3731550782
durand|y|maestrelli|f,2026-09-17 01:42:50,2026-09-17 01:34:07,2026-09-17 10:30:00,527.2,0.2882416174542715,0.7117583825457285,0.3076923076923077,0.7304582210242588,500,3731552789
ellis|b|simakin|i,2026-09-17 01:42:50,2026-09-17 01:38:52,2026-09-17 04:30:00,167.2,0.22506026848426447,0.7749397315157356,0.24752475247524752,0.7959183673469388,1750,3731555169
cecchinato|m|moeller|m,2026-09-17 01:42:50,2026-09-17 01:34:07,2026-09-17 11:00:00,557.2,0.6146004763234836,0.3853995236765163,0.6336996336996338,0.40485829959514175,500,3731550782
duhan|c|karthik|p,2026-09-17 01:42:50,2026-09-17 01:34:07,2026-09-17 09:00:00,437.2,0.6765231159004136,0.3234768840995865,0.7084548104956269,0.35714285714285715,225,3731551821
pieczonka|f|trungelliti|m,2026-09-17 01:42:50,2026-09-17 01:34:07,2026-09-17 13:00:00,677.2,0.1942211100416092,0.8057788899583908,0.21413276231263384,0.8242530755711774,375,3731550782
brunold|m|forti|f,2026-09-17 01:42:50,2026-09-17 01:34:07,2026-09-17 10:00:00,497.2,0.6821992077605881,0.317800792239412,0.7058823529411764,0.3424657534246575,450,3731550782
leong|m|trotter|j,2026-09-17 01:42:50,2026-09-17 01:34:07,2026-09-17 07:30:00,347.2,0.33753550773335733,0.6624644922666427,0.35714285714285715,0.6815286624203821,500,3731550400
caniato|c|valiente|i,2026-09-17 01:42:50,2026-09-17 01:34:07,2026-09-17 10:00:00,497.2,0.6331825674955253,0.3668174325044748,0.6563573883161512,0.390625,450,3731550782
escorihuela|i|schunk|n,2026-09-17 01:42:50,2026-09-17 01:34:07,2026-09-17 13:30:00,707.2,0.34608730068837296,0.653912699311627,0.37037037037037035,0.6774193548387096,450,3731550782
massard|l|raynel|a,2026-09-17 01:42:50,2026-09-17 01:38:52,2026-09-17 10:30:00,527.2,0.6318250744611561,0.36817492553884396,0.6551724137931035,0.3921568627450981,450,3731555930
batsabaken|y|faurel|t,2026-09-17 01:42:50,2026-09-17 01:38:52,2026-09-17 16:00:00,857.2,0.17433140825919724,0.8256685917408025,0.19920318725099603,0.8480243161094225,450,3731556007
frech|m|jovic|i,2026-09-17 01:58:41,2026-09-17 01:49:14,2026-09-17 16:00:00,841.3,0.25696086876609026,0.7430391312339095,0.2717391304347826,0.7572815533980582,475,3731558649
akugue|n|rapolu|m,2026-09-17 01:58:41,2026-09-17 01:49:14,2026-09-17 12:00:00,601.3,0.5136465215026794,0.48635347849732036,0.5370370370370371,0.5098039215686274,450,3731557711
massard|l|raynel|a,2026-09-17 01:58:41,2026-09-17 01:49:14,2026-09-17 10:30:00,511.3,0.6328077188013154,0.3671922811986846,0.6644295302013422,0.4,450,3731557482
samson|l|sobolieva|a,2026-09-17 01:58:41,2026-09-17 01:49:14,2026-09-17 08:00:00,361.3,0.5215330759903644,0.4784669240096356,0.5454545454545454,0.5024875621890548,450,3731557711
barthel|m|ristic|m,2026-09-17 01:58:41,2026-09-17 01:49:14,2026-09-17 08:00:00,361.3,0.47516409872148224,0.5248359012785179,0.5,0.5495495495495495,450,3731557614
brunold|m|forti|f,2026-09-17 01:58:41,2026-09-17 01:49:14,2026-09-17 10:00:00,481.3,0.6942575535564274,0.30574244644357285,0.7175141242937854,0.33003300330033003,450,3731557735
stefano|s|tubello|a,2026-09-17 01:58:41,2026-09-17 01:49:14,2026-09-17 08:40:00,401.3,0.49772722576815714,0.5022727742318428,0.5215311004784688,0.5260663507109005,450,3731557614
betov|s|frydrych|v,2026-09-17 01:58:41,2026-09-17 01:53:52,2026-09-17 09:00:00,421.3,0.2789810488511057,0.7210189511488946,0.31347962382445144,0.7530864197530864,225,3731562542
bejlek|s|bucsa|c,2026-09-17 01:58:41,2026-09-17 01:49:14,2026-09-17 18:10:00,971.3,0.6628121578041555,0.33718784219584447,0.6774193548387096,0.35211267605633806,475,3731557415
fabre|a|weldam|s,2026-09-17 01:58:41,2026-09-17 01:49:14,2026-09-17 10:00:00,481.3,0.7552308473833642,0.24476915261663573,0.7867803837953092,0.27932960893854747,225,3731558839
bax|f|borisiouk|m,2026-09-17 01:58:41,2026-09-17 01:53:52,2026-09-17 03:00:00,61.3,0.5285202158717768,0.4714797841282233,0.5495495495495495,0.4926108374384236,1750,3731563463
escorihuela|i|schunk|n,2026-09-17 01:58:41,2026-09-17 01:49:14,2026-09-17 13:30:00,691.3,0.3590095630148923,0.6409904369851078,0.38314176245210724,0.6644295302013422,450,3731557614
ishii|s|rajecki|a,2026-09-17 01:58:41,2026-09-17 01:49:14,2026-09-17 01:56:00,-2.7,0.39257936512719893,0.6074206348728012,0.4166666666666667,0.6309963099630996,450,3731561345
batsabaken|y|faurel|t,2026-09-17 01:58:41,2026-09-17 01:49:14,2026-09-17 16:00:00,841.3,0.1737102994323263,0.826289700567674,0.20876826722338204,0.8565279770444764,450,3731557145
jorge|f|kasintseva|v,2026-09-17 01:58:41,2026-09-17 01:49:14,2026-09-17 13:30:00,691.3,0.41098509125970634,0.5890149087402937,0.4347826086956522,0.6124031007751938,450,3731557614
sagandikova|a|zheng|w,2026-09-17 01:58:41,2026-09-17 01:49:14,2026-09-17 02:00:00,1.3,0.28673267049301815,0.7132673295069818,0.3115264797507788,0.7368421052631579,450,3731559259
siskova|a|tran|d,2026-09-17 01:58:41,2026-09-17 01:49:14,2026-09-17 10:00:00,481.3,0.9706450323478657,0.029354967652134297,0.9842196623007733,0.05396654074473826,450,3731557265
huang|y|shi|h,2026-09-17 01:58:41,2026-09-17 01:49:14,2026-09-17 02:00:00,1.3,0.2879309599577679,0.7120690400422321,0.3125,0.7354497354497355,450,3731561814
sasikumar|m|tang|s,2026-09-17 01:58:41,2026-09-17 01:53:52,2026-09-17 02:00:00,1.3,0.8194112732773933,0.18058872672260684,0.8417721518987341,0.2053388090349076,450,3731563316
nugroho|p|ren|y,2026-09-17 01:58:41,2026-09-17 01:53:52,2026-09-17 02:00:00,1.3,0.4285079258097285,0.5714920741902716,0.45248868778280543,0.5951417004048584,450,3731563972
bejlek|s|bucsa|c,2026-09-17 02:24:37,2026-09-17 02:19:25,2026-09-17 18:10:00,945.4,0.6628121578041555,0.33718784219584447,0.6774193548387096,0.35211267605633806,850,3731576595
marino|p|navarro|p,2026-09-17 02:24:37,2026-09-17 02:19:25,2026-09-17 08:00:00,335.4,0.5310807781908763,0.46891922180912377,0.5594713656387665,0.49751243781094534,350,3731569271
hewitt|c|kouzmine|c,2026-09-17 02:24:37,2026-09-17 02:19:25,2026-09-17 03:00:00,35.4,0.7606142098870622,0.2393857901129379,0.7816593886462881,0.2617801047120419,1750,3731565712
betov|s|frydrych|v,2026-09-17 02:24:37,2026-09-17 02:19:25,2026-09-17 09:00:00,395.4,0.2789810488511057,0.7210189511488946,0.31347962382445144,0.7530864197530864,225,3731567248
meerschen|m|vavassori|m,2026-09-17 02:24:37,2026-09-17 02:19:25,2026-09-17 08:00:00,335.4,0.844566008431478,0.1554339915685221,0.8702983138780804,0.18518518518518517,350,3731569715
frech|m|jovic|i,2026-09-17 02:24:37,2026-09-17 02:19:25,2026-09-17 16:00:00,815.4,0.255340881316927,0.744659118683073,0.27027027027027023,0.7590361445783133,850,3731576595
danilova|o|perelygina|e,2026-09-17 02:24:37,2026-09-17 02:19:25,2026-09-17 06:00:00,215.4,0.10120177193192534,0.8987982280680746,0.12453300124533,0.9181669394435352,350,3731569466
bai|z|wei|s,2026-09-17 02:24:37,2026-09-17 02:19:25,2026-09-17 03:10:00,45.4,0.705334550500461,0.2946654494995391,0.7289972899728998,0.3194888178913738,450,3731574286
manukyan|v|monzon|i,2026-09-17 02:24:37,2026-09-17 02:19:25,2026-09-17 08:00:00,335.4,0.20091932343977434,0.7990806765602257,0.23094688221709006,0.8260869565217391,350,3731569271
chen|m|yang|y,2026-09-17 02:24:37,2026-09-17 02:19:25,2026-09-17 03:10:00,45.4,0.10208403230173561,0.897915967698264,0.12547051442910917,0.9173553719008265,450,3731574286
chepelev|a|comino|l,2026-09-17 02:24:37,2026-09-17 02:19:25,2026-09-17 09:00:00,395.4,0.7630610721673232,0.23693892783267678,0.7946611909650925,0.2717391304347826,375,3731573553
obradovic|d|oparnica|a,2026-09-17 02:24:37,2026-09-17 02:19:25,2026-09-17 08:00:00,335.4,0.9399293459381624,0.060070654061837606,0.9580888516345347,0.08539709649871904,450,3731569271
dong|z|ferguson|c,2026-09-17 02:24:37,2026-09-17 02:19:25,2026-09-17 03:09:00,44.4,0.15707061676257184,0.8429293832374283,0.18181818181818182,0.8648648648648649,450,3731574286
avdeeva|j|klugman|h,2026-09-17 02:24:37,2026-09-17 02:19:25,2026-09-17 12:30:00,605.4,0.46505985757875873,0.5349401424212413,0.49751243781094534,0.5670995670995671,225,3731570609
delaney|j|tomic|b,2026-09-17 02:24:37,2026-09-17 02:19:25,2026-09-17 07:30:00,305.4,0.2094486317691859,0.7905513682308142,0.22935779816513766,0.8091603053435115,375,3731571998
paganetti|v|pistola|i,2026-09-17 02:24:37,2026-09-17 02:19:25,2026-09-17 10:00:00,455.4,0.636661664845073,0.363338335154927,0.6688741721854304,0.3968253968253968,225,3731571220
ehrenschneider|n|wang|k,2026-09-17 02:24:37,2026-09-17 02:19:25,2026-09-17 03:08:00,43.4,0.8890702923853149,0.11092970761468517,0.9090081892629663,0.13458950201884254,450,3731572754
khazime|d|lagarrigue|f,2026-09-17 02:24:37,2026-09-17 02:19:25,2026-09-17 08:00:00,335.4,0.45415868940519166,0.5458413105948081,0.48309178743961345,0.574468085106383,350,3731569396
kukasian|a|pleshivtsev|e,2026-09-17 02:24:37,2026-09-17 02:19:25,2026-09-17 08:00:00,335.4,0.26980897547872273,0.7301910245212774,0.29940119760479045,0.7578692493946732,350,3731569715
pieleanu|r|popovic|s,2026-09-17 02:24:37,2026-09-17 02:19:25,2026-09-17 08:00:00,335.4,0.43921430835112224,0.5607856916488778,0.4672897196261683,0.5884773662551441,350,3731569466
khomutsianskaya|d|zhang|j,2026-09-17 02:24:37,2026-09-17 02:19:25,2026-09-17 03:09:00,44.4,0.7500249958341387,0.2499750041658613,0.7732426303854876,0.2747252747252747,450,3731574286
barsukov|n|xia|y,2026-09-17 02:24:37,2026-09-17 02:19:25,2026-09-17 03:04:00,39.4,0.9281092538870952,0.07189074611290497,0.9450549450549449,0.09354536950420955,450,3731571182
laborde|a|sarksian|d,2026-09-17 02:24:37,2026-09-17 02:19:25,2026-09-17 08:00:00,335.4,0.38629745801930504,0.6137025419806951,0.41493775933609955,0.6415770609318996,350,3731569271
leong|m|trotter|j,2026-09-17 02:24:37,2026-09-17 02:19:25,2026-09-17 07:30:00,305.4,0.33526384996690667,0.6647361500330933,0.35460992907801414,0.6835443037974683,500,3731568999
diatlova|k|pawlikowska|z,2026-09-17 02:24:37,2026-09-17 02:19:25,2026-09-17 06:00:00,215.4,0.2405090691112109,0.759490930888789,0.26525198938992045,0.782608695652174,350,3731569396
shubladze|a|sidorova|k,2026-09-17 02:24:37,2026-09-17 02:19:25,2026-09-17 03:09:00,44.4,0.8535155431628869,0.14648445683711347,0.875,0.17094017094017094,450,3731573606
dias|s|estevez|j,2026-09-17 02:24:37,2026-09-17 02:19:25,2026-09-17 14:00:00,695.4,0.27385513949693613,0.7261448605030638,0.31545741324921134,0.7641509433962264,500,3731569271
kachmazov|a|sun|q,2026-09-17 02:24:37,2026-09-17 02:19:25,2026-09-17 03:06:00,41.4,0.7804615402421738,0.21953845975782618,0.8035363457760314,0.24449877750611249,450,3731571962
kharlamov|r|tiukaev|r,2026-09-17 02:24:37,2026-09-17 02:19:25,2026-09-17 08:00:00,335.4,0.28773842201800337,0.7122615779819966,0.31746031746031744,0.7402597402597403,350,3731569271
johns|g|marchi|a,2026-09-17 02:24:37,2026-09-17 02:19:25,2026-09-17 08:00:00,335.4,0.6286160386160453,0.37138396138395474,0.6563573883161512,0.4,550,3731569271
barrena|a|pieri|s,2026-09-17 02:24:37,2026-09-17 02:24:37,2026-09-17 11:30:00,545.4,0.5873106871868211,0.4126893128131789,0.6108949416342413,0.4366812227074236,600,3731580014
ivanovski|k|tabata|r,2026-09-17 02:24:37,2026-09-17 02:19:25,2026-09-17 08:00:00,335.4,0.7465677388673839,0.2534322611326162,0.7742663656884875,0.28328611898017,450,3731569271
albieri|s|vidal|l,2026-09-17 02:24:37,2026-09-17 02:24:37,2026-09-17 14:30:00,725.4,0.13149535153710032,0.8685046484628998,0.16611295681063123,0.8968008255933954,350,3731580665
kurt|i|luciano|l,2026-09-17 02:24:37,2026-09-17 02:24:37,2026-09-17 08:30:00,365.4,0.7136301038626828,0.28636989613731717,0.75,0.32573289902280134,50,3731582090
boussaffir|s|medvedeva|m,2026-09-17 02:24:37,2026-09-17 02:24:37,2026-09-17 08:30:00,365.4,0.434695394329729,0.5653046056702711,0.4716981132075471,0.601593625498008,50,3731582165
escorihuela|i|schunk|n,2026-09-17 02:38:53,2026-09-17 02:34:31,2026-09-17 13:30:00,651.1,0.3590095630148923,0.6409904369851078,0.38314176245210724,0.6644295302013422,600,3731583191
durand|y|maestrelli|f,2026-09-17 02:38:53,2026-09-17 02:34:31,2026-09-17 10:30:00,471.1,0.2882416174542715,0.7117583825457285,0.3076923076923077,0.7304582210242588,750,3731586139
chauhan|h|rahmani|k,2026-09-17 02:38:53,2026-09-17 02:38:53,2026-09-17 08:30:00,351.1,0.1696980026777599,0.8303019973222401,0.1996007984031936,0.8565279770444764,350,3731589030
katsumi|n|myatovic|j,2026-09-17 02:38:53,2026-09-17 02:38:53,2026-09-17 08:30:00,351.1,0.6697413721872049,0.33025862781279514,0.7014925373134329,0.36363636363636365,150,3731589176
boussaffir|s|medvedeva|m,2026-09-17 02:38:53,2026-09-17 02:38:53,2026-09-17 08:30:00,351.1,0.4266845549956811,0.5733154450043189,0.4587155963302753,0.6047430830039526,225,3731589370
pieczonka|f|trungelliti|m,2026-09-17 02:38:53,2026-09-17 02:34:31,2026-09-17 13:00:00,621.1,0.1942211100416092,0.8057788899583908,0.21413276231263384,0.8242530755711774,575,3731583191
malygina|e|vandromme|j,2026-09-17 02:38:53,2026-09-17 02:38:53,2026-09-17 11:00:00,501.1,0.11032980901716083,0.8896701909828392,0.141643059490085,0.9147485080988917,200,3731589097
paganetti|v|pistola|i,2026-09-17 02:38:53,2026-09-17 02:34:31,2026-09-17 10:00:00,441.1,0.6314412628922,0.3685587371078,0.6632996632996633,0.4016064257028112,225,3731588092
matusevich|a|schoolkate|t,2026-09-17 02:38:53,2026-09-17 02:34:31,2026-09-17 09:00:00,381.1,0.4156789664594738,0.5843210335405263,0.4347826086956522,0.6031746031746031,750,3731586126
akugue|n|rapolu|m,2026-09-17 02:38:53,2026-09-17 02:34:31,2026-09-17 12:00:00,561.1,0.5136465215026794,0.48635347849732036,0.5370370370370371,0.5098039215686274,600,3731586180
arakawa|h|kawaguchi|n,2026-09-17 02:38:53,2026-09-17 02:34:31,2026-09-17 03:42:00,63.1,0.291686971365334,0.7083130286346659,0.3164556962025316,0.7319034852546916,450,3731588729
kurt|i|luciano|l,2026-09-17 02:38:53,2026-09-17 02:38:53,2026-09-17 08:30:00,351.1,0.7136564265980783,0.2863435734019217,0.7455470737913487,0.3205128205128205,225,3731589370
deng|t|yoshimoto|n,2026-09-17 02:38:53,2026-09-17 02:38:53,2026-09-17 02:43:41,4.8,0.4464928788840142,0.5535071211159858,0.4694835680751174,0.576271186440678,450,3731589176
brunold|m|forti|f,2026-09-17 02:38:53,2026-09-17 02:34:31,2026-09-17 10:00:00,441.1,0.6942575535564274,0.30574244644357285,0.7175141242937854,0.33003300330033003,600,3731583191
binda|a|sun|f,2026-09-17 02:38:53,2026-09-17 02:38:53,2026-09-17 07:30:00,291.1,0.2570705520824471,0.7429294479175529,0.2770083102493075,0.7619047619047619,750,3731589996
delaney|j|tomic|b,2026-09-17 02:38:53,2026-09-17 02:34:31,2026-09-17 07:30:00,291.1,0.2235271247107978,0.7764728752892023,0.24330900243309006,0.7950819672131147,750,3731583305
biryukov|p|honda|n,2026-09-17 02:38:53,2026-09-17 02:34:31,2026-09-17 07:30:00,291.1,0.606289147173696,0.393710852826304,0.6254681647940076,0.4132231404958678,750,3731583612
mariani|m|sanchez|m,2026-09-17 02:38:53,2026-09-17 02:38:53,2026-09-17 08:30:00,351.1,0.44361774451841496,0.556382255481585,0.47619047619047616,0.5884773662551441,225,3731589370
dmitrichenko|y|mascoll|s,2026-09-17 02:38:53,2026-09-17 02:38:53,2026-09-17 09:30:00,411.1,0.4037930428845616,0.5962069571154384,0.4366812227074236,0.6282527881040892,150,3731589484
jorge|f|kasintseva|v,2026-09-17 02:38:53,2026-09-17 02:34:31,2026-09-17 13:30:00,651.1,0.41098509125970634,0.5890149087402937,0.4347826086956522,0.6124031007751938,600,3731586214
kouame|m|peliwo|f,2026-09-17 02:38:53,2026-09-17 02:34:31,2026-09-17 03:00:00,21.1,0.9188786472166903,0.08112135278330962,0.9397227245328511,0.10834236186348863,225,3731587242
leong|m|trotter|j,2026-09-17 02:38:53,2026-09-17 02:34:31,2026-09-17 07:30:00,291.1,0.33526384996690667,0.6647361500330933,0.35460992907801414,0.6835443037974683,750,3731583305
bilardo|j|ogunsakin|o,2026-09-17 02:38:53,2026-09-17 02:34:31,2026-09-17 08:30:00,351.1,0.6609786383793491,0.33902136162065066,0.6884735202492213,0.36764705882352944,350,3731588991
barthel|m|ristic|m,2026-09-17 02:38:53,2026-09-17 02:34:31,2026-09-17 08:00:00,321.1,0.47516409872148224,0.5248359012785179,0.5,0.5495495495495495,600,3731586180
cecchinato|m|moeller|m,2026-09-17 02:38:53,2026-09-17 02:34:31,2026-09-17 11:00:00,501.1,0.6146004763234836,0.3853995236765163,0.6336996336996338,0.40485829959514175,750,3731583305
caniato|c|valiente|i,2026-09-17 02:38:53,2026-09-17 02:34:31,2026-09-17 10:00:00,441.1,0.6331825674955253,0.3668174325044748,0.6563573883161512,0.390625,600,3731583305
stefano|s|tubello|a,2026-09-17 02:38:53,2026-09-17 02:34:31,2026-09-17 08:40:00,361.1,0.49772722576815714,0.5022727742318428,0.5215311004784688,0.5260663507109005,600,3731586180
samson|l|sobolieva|a,2026-09-17 02:38:53,2026-09-17 02:34:31,2026-09-17 08:00:00,321.1,0.5215330759903644,0.4784669240096356,0.5454545454545454,0.5024875621890548,600,3731583612
blomqvist|c|dapkute|i,2026-09-17 02:38:53,2026-09-17 02:38:53,2026-09-17 08:30:00,351.1,0.3588220480411062,0.6411779519588938,0.3921568627450981,0.673202614379085,150,3731589370
compagnucci|t|manzano|j,2026-09-17 02:38:53,2026-09-17 02:34:31,2026-09-17 11:30:00,531.1,0.5283217511560561,0.47167824884394405,0.5515695067264574,0.49504950495049505,600,3731583191
delaney|j|tomic|b,2026-09-17 02:50:03,2026-09-17 02:49:36,2026-09-17 07:30:00,279.9,0.2235271247107978,0.7764728752892023,0.24330900243309006,0.7950819672131147,750,3731594582
bai|z|wei|s,2026-09-17 02:50:03,2026-09-17 02:49:36,2026-09-17 03:10:00,19.9,0.7079337903661596,0.2920662096338404,0.7311827956989247,0.3164556962025316,450,3731593692
katsumi|n|myatovic|j,2026-09-17 02:50:03,2026-09-17 02:49:36,2026-09-17 08:30:00,339.9,0.6692425545271585,0.33075744547284147,0.696969696969697,0.3597122302158273,350,3731594779
boussaffir|s|medvedeva|m,2026-09-17 02:50:03,2026-09-17 02:49:36,2026-09-17 08:30:00,339.9,0.4262382926565359,0.5737617073434641,0.45454545454545453,0.601593625498008,350,3731592112
kurt|i|luciano|l,2026-09-17 02:50:03,2026-09-17 02:49:36,2026-09-17 08:30:00,339.9,0.7130952910103218,0.28690470898967807,0.7409326424870467,0.3164556962025316,350,3731592112
mariani|m|sanchez|m,2026-09-17 02:50:03,2026-09-17 02:49:36,2026-09-17 08:30:00,339.9,0.44401068204204625,0.5559893179579538,0.4716981132075471,0.5833333333333333,350,3731595007
dmitrichenko|y|mascoll|s,2026-09-17 02:50:03,2026-09-17 02:49:36,2026-09-17 09:30:00,399.9,0.4037930428845616,0.5962069571154384,0.4366812227074236,0.6282527881040892,225,3731592152
blomqvist|c|dapkute|i,2026-09-17 02:50:03,2026-09-17 02:49:36,2026-09-17 08:30:00,339.9,0.3588724985431898,0.6411275014568103,0.38759689922480617,0.6688741721854304,350,3731595007
barrena|a|pieri|s,2026-09-17 02:50:03,2026-09-17 02:49:36,2026-09-17 11:30:00,519.9,0.5873106871868211,0.4126893128131789,0.6108949416342413,0.4366812227074236,800,3731597674
hewitt|c|kouzmine|c,2026-09-17 02:56:06,2026-09-17 02:56:06,2026-09-17 04:00:00,63.9,0.7606142098870622,0.2393857901129379,0.7816593886462881,0.2617801047120419,1750,3731598303
mariani|m|sanchez|m,2026-09-17 02:56:06,2026-09-17 02:56:06,2026-09-17 08:30:00,333.9,0.44801433687435377,0.5519856631256463,0.47619047619047616,0.5798319327731092,350,3731597874
kouame|m|peliwo|f,2026-09-17 02:56:06,2026-09-17 02:56:06,2026-09-17 03:00:00,3.9,0.9142830011426704,0.08571699885732967,0.9356084996780426,0.11325028312570781,300,3731599630
shubladze|a|sidorova|k,2026-09-17 02:56:06,2026-09-17 02:56:06,2026-09-17 03:09:00,12.9,0.86287900547385,0.13712099452615004,0.884125144843569,0.16155088852988692,450,3731599274
bax|f|borisiouk|m,2026-09-17 02:56:06,2026-09-17 02:56:06,2026-09-17 03:00:00,3.9,0.5285202158717768,0.4714797841282233,0.5495495495495495,0.4926108374384236,1750,3731598948
karatancheva|l|oz|i,2026-09-17 03:06:14,2026-09-17 03:04:42,2026-09-17 09:00:00,353.7,0.3647264716399962,0.6352735283600038,0.39370078740157477,0.6632996632996633,550,3731605763
klok|d|melnic|v,2026-09-17 03:06:14,2026-09-17 03:04:42,2026-09-17 07:00:00,233.7,0.6067211144535135,0.3932788855464865,0.6296296296296295,0.4166666666666667,450,3731605763
pinto|l|sverzut|c,2026-09-17 03:06:14,2026-09-17 03:04:42,2026-09-17 15:00:00,713.7,0.7911678771032804,0.20883212289671957,0.822380106571936,0.24390243902439027,225,3731605763
akugue|n|rapolu|m,2026-09-17 03:06:14,2026-09-17 03:04:42,2026-09-17 12:00:00,533.7,0.5136465215026794,0.48635347849732036,0.5370370370370371,0.5098039215686274,800,3731603135
bini|v|echazu|m,2026-09-17 03:06:14,2026-09-17 03:04:42,2026-09-17 15:00:00,713.7,0.20284446791159474,0.7971555320884053,0.24271844660194175,0.8319327731092437,50,3731602724
gasparyan|m|tupitsyna|e,2026-09-17 03:06:14,2026-09-17 03:04:42,2026-09-17 09:00:00,353.7,0.39534374517951976,0.6046562548204802,0.42372881355932196,0.6323529411764706,350,3731605763
milovanovic|e|vaissaud|d,2026-09-17 03:06:14,2026-09-17 03:04:42,2026-09-17 09:00:00,353.7,0.6030761395093069,0.39692386049069306,0.6309963099630996,0.425531914893617,350,3731605863
ceuca|a|desai|z,2026-09-17 03:06:14,2026-09-17 03:04:42,2026-09-17 09:00:00,353.7,0.5763833472878798,0.42361665271212023,0.6047430830039526,0.45248868778280543,350,3731605763
adams|j|yaneva|e,2026-09-17 03:06:14,2026-09-17 03:04:42,2026-09-17 09:00:00,353.7,0.06343337267024773,0.9365666273297524,0.08912655971479501,0.9552171965965071,550,3731605763
jubb|p|ozdemir|s,2026-09-17 03:06:14,2026-09-17 03:04:42,2026-09-17 09:00:00,353.7,0.9834955438312457,0.016504456168754122,0.9917884710133028,0.03289473684210526,350,3731605763
cocola|s|vanshelboim|e,2026-09-17 03:06:14,2026-09-17 03:04:42,2026-09-17 09:00:00,353.7,0.22383129559532625,0.7761687044046736,0.25380710659898476,0.8035363457760314,550,3731605763
ceolin|j|zanellato|n,2026-09-17 03:06:14,2026-09-17 03:04:42,2026-09-17 15:00:00,713.7,0.49122536862611416,0.5087746313738858,0.5238095238095238,0.5412844036697247,225,3731605863
brunold|m|forti|f,2026-09-17 03:06:14,2026-09-17 03:04:42,2026-09-17 10:00:00,413.7,0.6942575535564274,0.30574244644357285,0.7175141242937854,0.33003300330033003,800,3731600623
ezzat|y|petretic|l,2026-09-17 03:06:14,2026-09-17 03:04:42,2026-09-17 09:00:00,353.7,0.6991347392659447,0.30086526073405534,0.7267759562841529,0.33003300330033003,350,3731605763
schenekenberg|g|silva|a,2026-09-17 03:06:14,2026-09-17 03:04:42,2026-09-17 15:00:00,713.7,0.7028637798292512,0.2971362201707488,0.7347480106100795,0.33112582781456956,100,3731605863
samson|l|sobolieva|a,2026-09-17 03:06:14,2026-09-17 03:04:42,2026-09-17 08:00:00,293.7,0.5215330759903644,0.4784669240096356,0.5454545454545454,0.5024875621890548,800,3731600926
clerc|d|reco|a,2026-09-17 03:06:14,2026-09-17 03:04:42,2026-09-17 09:00:00,353.7,0.21697581134368246,0.7830241886563175,0.2469135802469136,0.810246679316888,350,3731605863
garay|v|osorio|j,2026-09-17 03:06:14,2026-09-17 03:04:42,2026-09-17 15:00:00,713.7,0.26222608439113493,0.7377739156088652,0.29673590504451036,0.7695852534562212,225,3731605763
domenc|m|rossi|l,2026-09-17 03:06:14,2026-09-17 03:04:42,2026-09-17 09:00:00,353.7,0.3040341104839432,0.6959658895160568,0.3333333333333333,0.7237569060773481,350,3731605763
escorihuela|i|schunk|n,2026-09-17 03:06:14,2026-09-17 03:04:42,2026-09-17 13:30:00,623.7,0.3590095630148923,0.6409904369851078,0.38314176245210724,0.6644295302013422,800,3731600664
cunha|v|sakamoto|p,2026-09-17 03:06:14,2026-09-17 03:04:42,2026-09-17 19:00:00,953.7,0.040484211703613236,0.9595157882963867,0.07251631617113852,0.9777382012466608,50,3731603471
caniato|c|valiente|i,2026-09-17 03:06:14,2026-09-17 03:04:42,2026-09-17 10:00:00,413.7,0.6331825674955253,0.3668174325044748,0.6563573883161512,0.390625,800,3731600664
jorge|f|kasintseva|v,2026-09-17 03:06:14,2026-09-17 03:04:42,2026-09-17 13:30:00,623.7,0.41098509125970634,0.5890149087402937,0.4347826086956522,0.6124031007751938,800,3731603166
appleton|e|hatouka|y,2026-09-17 03:06:14,2026-09-17 03:04:42,2026-09-17 09:00:00,353.7,0.6692425545271585,0.33075744547284147,0.696969696969697,0.3597122302158273,350,3731605763
brancatelli|g|funk|a,2026-09-17 03:06:14,2026-09-17 03:04:42,2026-09-17 09:00:00,353.7,0.32184033446818255,0.6781596655318176,0.3508771929824561,0.7058823529411764,350,3731605763
chepelev|a|comino|l,2026-09-17 03:06:14,2026-09-17 03:04:42,2026-09-17 09:00:00,353.7,0.7626958110273022,0.23730418897269775,0.790356394129979,0.267379679144385,550,3731605763
compagnucci|t|manzano|j,2026-09-17 03:06:14,2026-09-17 03:04:42,2026-09-17 11:30:00,503.7,0.5283217511560561,0.47167824884394405,0.5515695067264574,0.49504950495049505,800,3731600623
hennemann|c|korokozidi|e,2026-09-17 03:06:14,2026-09-17 03:04:42,2026-09-17 09:00:00,353.7,0.7122615779819966,0.28773842201800337,0.7402597402597403,0.31746031746031744,550,3731605763
shubladze|a|sidorova|k,2026-09-17 03:06:14,2026-09-17 03:04:42,2026-09-17 03:09:00,2.7,0.8717508560717114,0.1282491439282885,0.8925886143931256,0.1524390243902439,450,3731605080
duhan|c|karthik|p,2026-09-17 03:06:14,2026-09-17 03:04:42,2026-09-17 09:00:00,353.7,0.6760566517054821,0.3239433482945176,0.7041420118343195,0.35335689045936397,350,3731605763
barthel|m|ristic|m,2026-09-17 03:06:14,2026-09-17 03:04:42,2026-09-17 08:00:00,293.7,0.47516409872148224,0.5248359012785179,0.5,0.5495495495495495,800,3731603135
betov|s|frydrych|v,2026-09-17 03:06:14,2026-09-17 03:04:42,2026-09-17 09:00:00,353.7,0.27938406298198437,0.7206159370180156,0.30864197530864196,0.7481108312342569,350,3731603435
damazio|l|tosetto|r,2026-09-17 03:06:14,2026-09-17 03:04:42,2026-09-17 15:00:00,713.7,0.22240942986774923,0.7775905701322507,0.26246719160104987,0.8130841121495328,50,3731602880
stefano|s|tubello|a,2026-09-17 03:06:14,2026-09-17 03:04:42,2026-09-17 08:40:00,333.7,0.49772722576815714,0.5022727742318428,0.5215311004784688,0.5260663507109005,800,3731603135
encheva|l|koning|l,2026-09-17 03:06:14,2026-09-17 03:04:42,2026-09-17 09:00:00,353.7,0.4140075079233145,0.5859924920766852,0.4424778761061947,0.613899613899614,550,3731605763
hewitt|c|kouzmine|c,2026-09-17 03:06:14,2026-09-17 03:04:42,2026-09-17 03:14:23,8.1,0.7583527691932097,0.2416472308067903,0.7792494481236203,0.2638522427440633,1750,3731605464
biryukov|p|honda|n,2026-09-17 03:06:14,2026-09-17 03:04:42,2026-09-17 07:30:00,263.7,0.6093750000000001,0.3906249999999999,0.6282527881040892,0.4098360655737705,750,3731603471
juhas|k|radovanovic|t,2026-09-17 03:06:14,2026-09-17 03:04:42,2026-09-17 07:00:00,233.7,0.9789751396248683,0.021024860375131776,0.9875513506784513,0.03529827038475115,450,3731605863
chopra|k|gretskiy|i,2026-09-17 03:06:14,2026-09-17 03:04:42,2026-09-17 09:00:00,353.7,0.8418586672954396,0.1581413327045605,0.8677248677248678,0.18796992481203006,350,3731603411
rehberg|m|weis|a,2026-09-17 03:06:14,2026-09-17 03:04:42,2026-09-17 09:00:00,353.7,0.781864145564967,0.21813585443503275,0.8091603053435115,0.2481389578163772,550,3731605811
malygina|e|vandromme|j,2026-09-17 03:06:14,2026-09-17 03:04:42,2026-09-17 11:00:00,473.7,0.11032980901716083,0.8896701909828392,0.141643059490085,0.9147485080988917,200,3731605863
bini|v|echazu|m,2026-09-17 03:26:48,2026-09-17 03:19:48,2026-09-17 15:00:00,693.2,0.20311728371849314,0.7968827162815069,0.23809523809523808,0.8278829604130808,225,3731610704
cunha|v|sakamoto|p,2026-09-17 03:26:48,2026-09-17 03:19:48,2026-09-17 19:00:00,933.2,0.0300543009084252,0.9699456990915748,0.05485463521667581,0.9837266069975591,150,3731609511
brunold|m|forti|f,2026-09-17 03:26:48,2026-09-17 03:26:48,2026-09-17 10:00:00,393.2,0.6942575535564274,0.30574244644357285,0.7175141242937854,0.33003300330033003,1050,3731614594
hurrion|m|sahoo|d,2026-09-17 03:26:48,2026-09-17 03:19:48,2026-09-17 09:00:00,333.2,0.9857685668682069,0.014231433131792664,0.9932368456648181,0.0297000297000297,350,3731607535
schenekenberg|g|silva|a,2026-09-17 03:26:48,2026-09-17 03:19:48,2026-09-17 15:00:00,693.2,0.7028637798292512,0.2971362201707488,0.7347480106100795,0.33112582781456956,225,3731610763
shubladze|a|sidorova|k,2026-09-17 03:26:48,2026-09-17 03:19:48,2026-09-17 03:25:00,-1.8,0.8602147005420042,0.13978529945799578,0.8815165876777252,0.16420361247947454,450,3731611760
stearns|p|stephens|s,2026-09-17 03:26:48,2026-09-17 03:19:48,2026-09-17 16:00:00,753.2,0.6165660629432506,0.38343393705674944,0.6282527881040892,0.39525691699604737,6000,3731608213
ehrenschneider|n|wang|k,2026-09-17 03:26:48,2026-09-17 03:19:48,2026-09-17 03:25:00,-1.8,0.8890702923853149,0.11092970761468517,0.9090081892629663,0.13458950201884254,450,3731611760
barsukov|n|xia|y,2026-09-17 03:26:48,2026-09-17 03:26:48,2026-09-17 03:22:00,-4.8,0.9281092538870952,0.07189074611290497,0.9450549450549449,0.09354536950420955,450,3731614930
kachmazov|a|sun|q,2026-09-17 03:26:48,2026-09-17 03:19:48,2026-09-17 03:25:23,-1.4,0.7804615402421738,0.21953845975782618,0.8035363457760314,0.24449877750611249,450,3731611216
figl|m|giraldi|c,2026-09-17 03:26:48,2026-09-17 03:26:48,2026-09-17 10:00:00,393.2,0.678024383779652,0.321975616220348,0.7101449275362319,0.35587188612099646,225,3731615659
martynov|d|vlasselaer|c,2026-09-17 03:26:48,2026-09-17 03:19:48,2026-09-17 09:00:00,333.2,0.5627185436408034,0.4372814563591966,0.5901639344262295,0.46511627906976744,350,3731605958
khomutsianskaya|d|zhang|j,2026-09-17 03:26:48,2026-09-17 03:19:48,2026-09-17 03:25:00,-1.8,0.7500249958341387,0.2499750041658613,0.7732426303854876,0.2747252747252747,450,3731611760
karatancheva|l|oz|i,2026-09-17 03:26:48,2026-09-17 03:19:48,2026-09-17 09:00:00,333.2,0.3133921657949117,0.6866078342050884,0.3424657534246575,0.7142857142857143,550,3731609106
frech|m|jovic|i,2026-09-17 03:26:48,2026-09-17 03:19:48,2026-09-17 16:00:00,753.2,0.255340881316927,0.744659118683073,0.27027027027027023,0.7590361445783133,1200,3731610802
kuzmova|k|lizunova|a,2026-09-17 03:26:48,2026-09-17 03:19:48,2026-09-17 07:00:00,213.2,0.7493933884571784,0.2506066115428216,0.7727272727272727,0.27548209366391185,350,3731605889
chopra|k|gretskiy|i,2026-09-17 03:26:48,2026-09-17 03:19:48,2026-09-17 09:00:00,333.2,0.8283389295352911,0.17166107046470885,0.8546511627906977,0.20161290322580647,350,3731610558
gloeckler|m|ivanov|s,2026-09-17 03:26:48,2026-09-17 03:19:48,2026-09-17 09:00:00,333.2,0.49106857963322254,0.5089314203667774,0.5192307692307692,0.5370370370370371,350,3731605958
bai|z|wei|s,2026-09-17 03:26:48,2026-09-17 03:19:48,2026-09-17 03:26:00,-0.8,0.7079337903661596,0.2920662096338404,0.7311827956989247,0.3164556962025316,450,3731612244
chen|m|yang|y,2026-09-17 03:26:48,2026-09-17 03:19:48,2026-09-17 03:26:00,-0.8,0.10208403230173561,0.897915967698264,0.12547051442910917,0.9173553719008265,450,3731612244
dong|z|ferguson|c,2026-09-17 03:26:48,2026-09-17 03:19:48,2026-09-17 03:26:00,-0.8,0.15707061676257184,0.8429293832374283,0.18181818181818182,0.8648648648648649,450,3731612244
bejlek|s|bucsa|c,2026-09-17 03:26:48,2026-09-17 03:19:48,2026-09-17 18:10:00,883.2,0.6628121578041555,0.33718784219584447,0.6774193548387096,0.35211267605633806,1200,3731610802
damazio|l|tosetto|r,2026-09-17 03:26:48,2026-09-17 03:19:48,2026-09-17 15:00:00,693.2,0.2227008063868004,0.7772991936131994,0.2577319587628866,0.8087954110898662,225,3731610817
barrena|a|pieri|s,2026-09-17 03:26:48,2026-09-17 03:19:48,2026-09-17 11:30:00,483.2,0.5873106871868211,0.4126893128131789,0.6108949416342413,0.4366812227074236,1050,3731613275
boussaffir|s|medvedeva|m,2026-09-17 03:26:48,2026-09-17 03:19:48,2026-09-17 08:30:00,303.2,0.4460034229792222,0.5539965770207778,0.4739336492890995,0.5815899581589958,350,3731609106
cecchinato|m|moeller|m,2026-09-17 03:39:29,2026-09-17 03:34:55,2026-09-17 11:00:00,440.4,0.6146004763234836,0.3853995236765163,0.6336996336996338,0.40485829959514175,1000,3731616072
pieczonka|f|trungelliti|m,2026-09-17 03:39:29,2026-09-17 03:34:55,2026-09-17 13:00:00,560.4,0.1942211100416092,0.8057788899583908,0.21413276231263384,0.8242530755711774,750,3731616072
leong|m|trotter|j,2026-09-17 03:39:29,2026-09-17 03:34:55,2026-09-17 07:30:00,230.4,0.33526384996690667,0.6647361500330933,0.35460992907801414,0.6835443037974683,1000,3731616072
akugue|n|rapolu|m,2026-09-17 03:39:29,2026-09-17 03:34:55,2026-09-17 12:00:00,500.4,0.5136465215026794,0.48635347849732036,0.5370370370370371,0.5098039215686274,1050,3731618519
biryukov|p|honda|n,2026-09-17 03:39:29,2026-09-17 03:39:29,2026-09-17 07:30:00,230.4,0.6407664047853575,0.35923359521464243,0.6598639455782314,0.37878787878787884,1000,3731621737
durand|y|maestrelli|f,2026-09-17 03:39:29,2026-09-17 03:34:55,2026-09-17 10:30:00,410.4,0.2882416174542715,0.7117583825457285,0.3076923076923077,0.7304582210242588,1000,3731618470
matusevich|a|schoolkate|t,2026-09-17 03:39:29,2026-09-17 03:34:55,2026-09-17 09:00:00,320.4,0.4156789664594738,0.5843210335405263,0.4347826086956522,0.6031746031746031,1000,3731618506
khomutsianskaya|d|zhang|j,2026-09-17 03:39:29,2026-09-17 03:34:55,2026-09-17 03:42:00,2.4,0.7500249958341387,0.2499750041658613,0.7732426303854876,0.2747252747252747,450,3731620381
malygina|e|vandromme|j,2026-09-17 03:39:29,2026-09-17 03:34:55,2026-09-17 11:00:00,440.4,0.11032980901716083,0.8896701909828392,0.141643059490085,0.9147485080988917,200,3731621016
charrier|a|mi|l,2026-09-17 03:39:29,2026-09-17 03:34:55,2026-09-17 09:30:00,350.4,0.15117040964281872,0.8488295903571813,0.18083182640144665,0.8743718592964823,350,3731621016
chen|m|yang|y,2026-09-17 03:39:29,2026-09-17 03:39:29,2026-09-17 03:44:00,4.4,0.10208403230173561,0.897915967698264,0.12547051442910917,0.9173553719008265,450,3731621431
ehrenschneider|n|wang|k,2026-09-17 03:39:29,2026-09-17 03:34:55,2026-09-17 03:42:00,2.4,0.8890702923853149,0.11092970761468517,0.9090081892629663,0.13458950201884254,450,3731620381
bai|z|wei|s,2026-09-17 03:39:29,2026-09-17 03:39:29,2026-09-17 03:44:00,4.4,0.7079337903661596,0.2920662096338404,0.7311827956989247,0.3164556962025316,450,3731621431
dong|z|ferguson|c,2026-09-17 03:39:29,2026-09-17 03:39:29,2026-09-17 03:44:00,4.4,0.1788671764730826,0.8211328235269174,0.20366598778004072,0.8435054773082943,450,3731621431
dmitrichenko|y|mascoll|s,2026-09-17 03:39:29,2026-09-17 03:34:55,2026-09-17 09:30:00,350.4,0.4040971406767396,0.5959028593232604,0.4329004329004329,0.6240601503759399,350,3731618851
dekkers|f|garcia|m,2026-09-17 03:39:29,2026-09-17 03:34:55,2026-09-17 09:30:00,350.4,0.24261372584122337,0.7573862741587765,0.2724795640326976,0.7849462365591398,350,3731621016
escorihuela|i|schunk|n,2026-09-17 03:39:29,2026-09-17 03:34:55,2026-09-17 13:30:00,590.4,0.3590095630148923,0.6409904369851078,0.38314176245210724,0.6644295302013422,1050,3731616072
pinto|l|sverzut|c,2026-09-17 03:39:29,2026-09-17 03:34:55,2026-09-17 15:00:00,680.4,0.7964606573192712,0.20353934268072882,0.8275862068965518,0.23866348448687355,225,3731617227
jorge|f|kasintseva|v,2026-09-17 03:39:29,2026-09-17 03:34:55,2026-09-17 13:30:00,590.4,0.41098509125970634,0.5890149087402937,0.4347826086956522,0.6124031007751938,1050,3731618563
delaney|j|tomic|b,2026-09-17 03:39:29,2026-09-17 03:34:55,2026-09-17 09:00:00,320.4,0.2235271247107978,0.7764728752892023,0.24330900243309006,0.7950819672131147,1000,3731616072
barsukov|n|xia|y,2026-09-17 03:39:29,2026-09-17 03:39:29,2026-09-17 03:39:00,-0.6,0.9281092538870952,0.07189074611290497,0.9450549450549449,0.09354536950420955,450,3731622703
compagnucci|t|manzano|j,2026-09-17 03:39:29,2026-09-17 03:34:55,2026-09-17 11:30:00,470.4,0.5283217511560561,0.47167824884394405,0.5515695067264574,0.49504950495049505,1050,3731616072
caniato|c|valiente|i,2026-09-17 03:39:29,2026-09-17 03:34:55,2026-09-17 10:00:00,380.4,0.6331825674955253,0.3668174325044748,0.6563573883161512,0.390625,1050,3731616072
appleton|e|hatouka|y,2026-09-17 03:39:29,2026-09-17 03:34:55,2026-09-17 09:00:00,320.4,0.6806835386081482,0.3193164613918517,0.7084548104956269,0.3484320557491289,350,3731617979
barthel|m|ristic|m,2026-09-17 03:39:29,2026-09-17 03:34:55,2026-09-17 08:00:00,260.4,0.47722557505166113,0.5227744249483388,0.5,0.5454545454545454,1050,3731616702
kitahara|y|shibahara|e,2026-09-17 03:39:29,2026-09-17 03:34:55,2026-09-17 03:43:00,3.4,0.14026561298995224,0.8597343870100478,0.16474464579901152,0.8810939357907254,450,3731620913
samson|l|sobolieva|a,2026-09-17 03:39:29,2026-09-17 03:34:55,2026-09-17 08:00:00,260.4,0.5215330759903644,0.4784669240096356,0.5454545454545454,0.5024875621890548,1050,3731616407
shubladze|a|sidorova|k,2026-09-17 03:39:29,2026-09-17 03:34:55,2026-09-17 03:42:00,2.4,0.8602147005420042,0.13978529945799578,0.8815165876777252,0.16420361247947454,450,3731620381
binda|a|sun|f,2026-09-17 03:39:29,2026-09-17 03:34:55,2026-09-17 07:30:00,230.4,0.2570705520824471,0.7429294479175529,0.2770083102493075,0.7619047619047619,1000,3731616072
stefano|s|tubello|a,2026-09-17 03:39:29,2026-09-17 03:34:55,2026-09-17 08:40:00,300.4,0.49772722576815714,0.5022727742318428,0.5215311004784688,0.5260663507109005,1050,3731618519
lopez|p|rodrigues|b,2026-09-17 03:39:29,2026-09-17 03:34:55,2026-09-17 15:30:00,710.4,0.645583342601296,0.3544166573987041,0.6774193548387096,0.38759689922480617,225,3731620881
arakawa|h|kawaguchi|n,2026-09-17 03:49:04,2026-09-17 03:46:59,2026-09-17 03:42:00,-7.1,0.291686971365334,0.7083130286346659,0.3164556962025316,0.7319034852546916,450,3731624573
khomutsianskaya|d|zhang|j,2026-09-17 03:49:04,2026-09-17 03:46:59,2026-09-17 03:42:00,-7.1,0.7500249958341387,0.2499750041658613,0.7732426303854876,0.2747252747252747,450,3731624573
chen|m|yang|y,2026-09-17 03:49:04,2026-09-17 03:46:59,2026-09-17 03:44:00,-5.1,0.10208403230173561,0.897915967698264,0.12547051442910917,0.9173553719008265,450,3731625538
boussaffir|s|medvedeva|m,2026-09-17 03:49:04,2026-09-17 03:46:59,2026-09-17 08:30:00,280.9,0.43536572866551027,0.5646342713344897,0.4629629629629629,0.5918367346938775,350,3731624554
ehrenschneider|n|wang|k,2026-09-17 03:49:04,2026-09-17 03:46:59,2026-09-17 03:42:00,-7.1,0.8890702923853149,0.11092970761468517,0.9090081892629663,0.13458950201884254,450,3731624573
bai|z|wei|s,2026-09-17 03:49:04,2026-09-17 03:46:59,2026-09-17 03:44:00,-5.1,0.7079337903661596,0.2920662096338404,0.7311827956989247,0.3164556962025316,450,3731625538
dong|z|ferguson|c,2026-09-17 03:49:04,2026-09-17 03:46:59,2026-09-17 03:44:00,-5.1,0.1788671764730826,0.8211328235269174,0.20366598778004072,0.8435054773082943,450,3731625538
boehner|l|oktiabreva|a,2026-09-17 03:49:04,2026-09-17 03:46:59,2026-09-17 10:00:00,370.9,0.02817843037065801,0.9718215696293423,0.05246589716684156,0.9850433742147772,225,3731623835
barsukov|n|xia|y,2026-09-17 03:49:04,2026-09-17 03:46:59,2026-09-17 03:39:00,-10.1,0.9281092538870952,0.07189074611290497,0.9450549450549449,0.09354536950420955,450,3731625011
kitahara|y|shibahara|e,2026-09-17 03:49:04,2026-09-17 03:46:59,2026-09-17 03:43:00,-6.1,0.14026561298995224,0.8597343870100478,0.16474464579901152,0.8810939357907254,450,3731623123
shubladze|a|sidorova|k,2026-09-17 03:49:04,2026-09-17 03:46:59,2026-09-17 03:42:00,-7.1,0.8602147005420042,0.13978529945799578,0.8815165876777252,0.16420361247947454,450,3731624573
chen|m|yang|y,2026-09-17 03:55:19,2026-09-17 03:55:19,2026-09-17 03:53:00,-2.3,0.10208403230173561,0.897915967698264,0.12547051442910917,0.9173553719008265,450,3731628786
boehner|l|oktiabreva|a,2026-09-17 03:55:19,2026-09-17 03:55:19,2026-09-17 10:00:00,364.7,0.025082875322618183,0.974917124677382,0.04844961240310077,0.9871663244353184,225,3731628483
arakawa|h|kawaguchi|n,2026-09-17 03:55:19,2026-09-17 03:55:19,2026-09-17 03:51:00,-4.3,0.291686971365334,0.7083130286346659,0.3164556962025316,0.7319034852546916,450,3731627885
bai|z|wei|s,2026-09-17 03:55:19,2026-09-17 03:55:19,2026-09-17 03:53:00,-2.3,0.7079337903661596,0.2920662096338404,0.7311827956989247,0.3164556962025316,450,3731628786
samson|l|sobolieva|a,2026-09-17 03:55:19,2026-09-17 03:50:01,2026-09-17 08:00:00,244.7,0.5315458372486201,0.4684541627513799,0.5555555555555556,0.4926108374384236,1050,3731627473
ehrenschneider|n|wang|k,2026-09-17 03:55:19,2026-09-17 03:55:19,2026-09-17 03:51:00,-4.3,0.8890702923853149,0.11092970761468517,0.9090081892629663,0.13458950201884254,450,3731627885
khomutsianskaya|d|zhang|j,2026-09-17 03:55:19,2026-09-17 03:55:19,2026-09-17 03:51:00,-4.3,0.7500249958341387,0.2499750041658613,0.7732426303854876,0.2747252747252747,450,3731627885
banerjee|s|eldin|r,2026-09-17 03:55:19,2026-09-17 03:55:19,2026-09-17 13:00:00,544.7,0.9746861650183491,0.025313834981650917,0.9870113001688531,0.04875670404680643,225,3731629243
akugue|n|rapolu|m,2026-09-17 03:55:19,2026-09-17 03:50:01,2026-09-17 12:00:00,484.7,0.5068194501336398,0.4931805498663601,0.5305164319248826,0.5169082125603864,1050,3731627527
shubladze|a|sidorova|k,2026-09-17 03:55:19,2026-09-17 03:55:19,2026-09-17 03:51:00,-4.3,0.8602147005420042,0.13978529945799578,0.8815165876777252,0.16420361247947454,450,3731629205
dong|z|ferguson|c,2026-09-17 03:55:19,2026-09-17 03:55:19,2026-09-17 03:53:00,-2.3,0.1788671764730826,0.8211328235269174,0.20366598778004072,0.8435054773082943,450,3731628786
pieleanu|r|popovic|s,2026-09-17 04:24:47,2026-09-17 04:20:11,2026-09-17 08:00:00,215.1,0.4396836310351271,0.5603163689648729,0.4629629629629629,0.5833333333333333,350,3731638305
durand|y|maestrelli|f,2026-09-17 04:24:47,2026-09-17 04:20:11,2026-09-17 10:30:00,365.1,0.2882416174542715,0.7117583825457285,0.3076923076923077,0.7304582210242588,1250,3731631189
meerschen|m|vavassori|m,2026-09-17 04:24:47,2026-09-17 04:20:11,2026-09-17 08:00:00,215.1,0.8442309404346926,0.15576905956530743,0.8661311914323963,0.18050541516245489,350,3731631452
figl|m|giraldi|c,2026-09-17 04:24:47,2026-09-17 04:20:11,2026-09-17 10:00:00,335.1,0.6806835386081482,0.3193164613918517,0.7084548104956269,0.3484320557491289,350,3731634231
manukyan|v|monzon|i,2026-09-17 04:24:47,2026-09-17 04:20:11,2026-09-17 08:00:00,215.1,0.2013547740598166,0.7986452259401835,0.22624434389140272,0.8214285714285714,350,3731633251
reyniak|m|rojas|c,2026-09-17 04:24:47,2026-09-17 04:20:11,2026-09-17 10:00:00,335.1,0.6557589227151152,0.34424107728488484,0.6835443037974683,0.373134328358209,350,3731634441
matusevich|a|schoolkate|t,2026-09-17 04:24:47,2026-09-17 04:20:11,2026-09-17 09:00:00,275.1,0.4080886089780298,0.5919113910219702,0.4273504273504274,0.6108949416342413,1250,3731632786
paoletti|m|yesypchuk|d,2026-09-17 04:24:47,2026-09-17 04:20:11,2026-09-17 10:00:00,335.1,0.7239561762121496,0.2760438237878505,0.7518610421836228,0.3058103975535168,350,3731634932
leonard|m|tan|l,2026-09-17 04:24:47,2026-09-17 04:20:11,2026-09-17 10:00:00,335.1,0.6528226581113709,0.34717734188862914,0.6805111821086262,0.37593984962406013,350,3731631452
pigossi|e|valdmannova|m,2026-09-17 04:24:47,2026-09-17 04:20:11,2026-09-17 13:00:00,515.1,0.3180363412612485,0.6819636587387514,0.3448275862068966,0.7076023391812866,375,3731633142
danilova|o|perelygina|e,2026-09-17 04:24:47,2026-09-17 04:20:11,2026-09-17 06:00:00,95.1,0.10120177193192534,0.8987982280680746,0.12453300124533,0.9181669394435352,450,3731633497
johns|g|marchi|a,2026-09-17 04:24:47,2026-09-17 04:20:11,2026-09-17 08:00:00,215.1,0.6284570183863017,0.37154298161369825,0.6515679442508712,0.39525691699604737,550,3731633251
obradovic|d|oparnica|a,2026-09-17 04:24:47,2026-09-17 04:20:11,2026-09-17 08:00:00,215.1,0.9396262712282257,0.06037372877177433,0.9552772808586762,0.08103727714748785,450,3731633251
ellis|b|simakin|i,2026-09-17 04:24:47,2026-09-17 04:20:11,2026-09-17 04:30:00,5.1,0.2221002863704194,0.7778997136295807,0.24449877750611249,0.7987927565392354,1750,3731634148
chen|m|yang|y,2026-09-17 04:24:47,2026-09-17 04:24:47,2026-09-17 05:19:00,54.1,0.10363203334006511,0.8963679666599349,0.12706480304955528,0.9158957106812448,450,3731638741
siskova|a|tran|d,2026-09-17 04:24:47,2026-09-17 04:20:11,2026-09-17 10:00:00,335.1,0.9704359744698142,0.029564025530185785,0.9826358742837299,0.0499001996007984,450,3731633377
arakawa|h|kawaguchi|n,2026-09-17 04:24:47,2026-09-17 04:20:11,2026-09-17 04:25:00,0.1,0.291686971365334,0.7083130286346659,0.3164556962025316,0.7319034852546916,450,3731637569
appleton|e|hatouka|y,2026-09-17 04:24:47,2026-09-17 04:20:11,2026-09-17 09:00:00,275.1,0.6923161074274217,0.3076838925725783,0.7198879551820728,0.3367003367003367,350,3731632474
bains|n|crawley|f,2026-09-17 04:24:47,2026-09-17 04:20:11,2026-09-17 10:00:00,335.1,0.28607587861218164,0.7139241213878185,0.31545741324921134,0.7416020671834626,350,3731633476
leong|m|trotter|j,2026-09-17 04:24:47,2026-09-17 04:24:47,2026-09-17 07:30:00,185.1,0.33526384996690667,0.6647361500330933,0.35460992907801414,0.6835443037974683,1500,3731639830
knezevic|m|petrovic|d,2026-09-17 04:24:47,2026-09-17 04:20:11,2026-09-17 10:00:00,335.1,0.13639596142082533,0.8636040385791748,0.16583747927031509,0.8885172798216278,350,3731633476
fornasieri|c|turini|v,2026-09-17 04:24:47,2026-09-17 04:20:11,2026-09-17 10:00:00,335.1,0.22282027096411133,0.7771797290358886,0.25252525252525254,0.8043052837573386,350,3731631452
frech|m|jovic|i,2026-09-17 04:24:47,2026-09-17 04:20:11,2026-09-17 16:00:00,695.1,0.255340881316927,0.744659118683073,0.27027027027027023,0.7590361445783133,1800,3731636854
khomutsianskaya|d|zhang|j,2026-09-17 04:24:47,2026-09-17 04:20:11,2026-09-17 04:25:00,0.1,0.7500249958341387,0.2499750041658613,0.7732426303854876,0.2747252747252747,450,3731637569
andreev|a|biletic|i,2026-09-17 04:24:47,2026-09-17 04:20:11,2026-09-17 10:00:00,335.1,0.9448079317372722,0.055192068262727774,0.962207105064248,0.07993605115907275,350,3731633497
fuster|j|sheyngezikht|l,2026-09-17 04:24:47,2026-09-17 04:20:11,2026-09-17 10:00:00,335.1,0.08597972413783445,0.9140202758621656,0.11350737797956868,0.9353587588881707,350,3731633377
pieczonka|f|trungelliti|m,2026-09-17 04:24:47,2026-09-17 04:24:47,2026-09-17 13:00:00,515.1,0.1942211100416092,0.8057788899583908,0.21413276231263384,0.8242530755711774,1125,3731639830
kharlamov|r|tiukaev|r,2026-09-17 04:24:47,2026-09-17 04:20:11,2026-09-17 08:00:00,215.1,0.2879309599577679,0.7120690400422321,0.3125,0.7354497354497355,350,3731633251
ivanovski|k|tabata|r,2026-09-17 04:24:47,2026-09-17 04:20:11,2026-09-17 08:00:00,215.1,0.7462695428774334,0.2537304571225666,0.7695852534562212,0.2785515320334262,450,3731633251
babel|o|petkovic|a,2026-09-17 04:24:47,2026-09-17 04:20:11,2026-09-17 10:00:00,335.1,0.6681358188207464,0.3318641811792536,0.6960486322188449,0.36101083032490977,350,3731635149
binda|a|sun|f,2026-09-17 04:24:47,2026-09-17 04:24:47,2026-09-17 07:30:00,185.1,0.2570705520824471,0.7429294479175529,0.2770083102493075,0.7619047619047619,1500,3731639834
pertusa|a|rapagnetta|d,2026-09-17 04:24:47,2026-09-17 04:20:11,2026-09-17 10:00:00,335.1,0.45928759642724093,0.5407124035727591,0.48780487804878053,0.5689655172413793,350,3731631452
bai|z|wei|s,2026-09-17 04:24:47,2026-09-17 04:20:11,2026-09-17 04:27:00,2.1,0.7079337903661596,0.2920662096338404,0.7311827956989247,0.3164556962025316,450,3731638135
lollia|m|matoula|m,2026-09-17 04:24:47,2026-09-17 04:20:11,2026-09-17 10:00:00,335.1,0.36397695614056386,0.6360230438594361,0.3921568627450981,0.6632996632996633,350,3731633476
laborde|a|sarksian|d,2026-09-17 04:24:47,2026-09-17 04:20:11,2026-09-17 08:00:00,215.1,0.38580546100794577,0.6141945389920542,0.4098360655737705,0.6376811594202898,350,3731633251
diatlova|k|pawlikowska|z,2026-09-17 04:24:47,2026-09-17 04:20:11,2026-09-17 06:00:00,95.1,0.23440284497257452,0.7655971550274255,0.2590673575129534,0.7885835095137421,450,3731632377
kukasian|a|pleshivtsev|e,2026-09-17 04:24:47,2026-09-17 04:20:11,2026-09-17 08:00:00,215.1,0.2702770340757912,0.7297229659242088,0.2949852507374631,0.7530864197530864,350,3731631452
ehrenschneider|n|wang|k,2026-09-17 04:24:47,2026-09-17 04:20:11,2026-09-17 05:16:00,51.1,0.8890702923853149,0.11092970761468517,0.9090081892629663,0.13458950201884254,450,3731636766
bejlek|s|bucsa|c,2026-09-17 04:24:47,2026-09-17 04:20:11,2026-09-17 18:10:00,825.1,0.6628121578041555,0.33718784219584447,0.6774193548387096,0.35211267605633806,1800,3731636854
garcian|a|petrovic|a,2026-09-17 04:24:47,2026-09-17 04:20:11,2026-09-17 10:00:00,335.1,0.5066976301316799,0.49330236986832016,0.5348837209302326,0.5215311004784688,350,3731633476
catanzarite|a|cinalli|l,2026-09-17 04:24:47,2026-09-17 04:24:47,2026-09-17 14:30:00,605.1,0.254176103840242,0.745823896159758,0.28901734104046245,0.7777777777777779,350,3731639535
barrena|a|pieri|s,2026-09-17 04:24:47,2026-09-17 04:20:11,2026-09-17 11:30:00,425.1,0.5524084678071083,0.44759153219289183,0.576271186440678,0.4716981132075471,1050,3731637128
cecchinato|m|moeller|m,2026-09-17 04:24:47,2026-09-17 04:24:47,2026-09-17 11:00:00,395.1,0.6031538814068196,0.39684611859318036,0.6226415094339623,0.4166666666666667,1500,3731639830
dong|z|ferguson|c,2026-09-17 04:24:47,2026-09-17 04:20:11,2026-09-17 04:27:00,2.1,0.1788671764730826,0.8211328235269174,0.20366598778004072,0.8435054773082943,450,3731638135
paganetti|v|pistola|i,2026-09-17 04:24:47,2026-09-17 04:20:11,2026-09-17 10:00:00,335.1,0.630605392052661,0.36939460794733914,0.6587030716723549,0.39840637450199207,350,3731633476
fabre|a|weldam|s,2026-09-17 04:24:47,2026-09-17 04:20:11,2026-09-17 10:00:00,335.1,0.7556789922069757,0.24432100779302446,0.7830802603036876,0.273972602739726,350,3731637869
delaney|j|tomic|b,2026-09-17 04:24:47,2026-09-17 04:24:47,2026-09-17 09:00:00,275.1,0.2235271247107978,0.7764728752892023,0.24330900243309006,0.7950819672131147,1500,3731639830
kubka|m|tanguilig|c,2026-09-17 04:24:47,2026-09-17 04:20:11,2026-09-17 10:00:00,335.1,0.7638308988616264,0.23616910113837367,0.791231732776618,0.26595744680851063,350,3731631452
gandolfi|f|sziedat|f,2026-09-17 04:24:47,2026-09-17 04:20:11,2026-09-17 10:00:00,335.1,0.5407124035727591,0.45928759642724093,0.5689655172413793,0.48780487804878053,350,3731633476
khazime|d|lagarrigue|f,2026-09-17 04:24:47,2026-09-17 04:20:11,2026-09-17 08:00:00,215.1,0.4546488053553053,0.5453511946446948,0.47846889952153115,0.5689655172413793,350,3731633476
gennaro|c|szabo|b,2026-09-17 04:24:47,2026-09-17 04:20:11,2026-09-17 10:00:00,335.1,0.6202629741441047,0.3797370258558953,0.647887323943662,0.4081632653061224,350,3731633476
marino|p|navarro|p,2026-09-17 04:24:47,2026-09-17 04:20:11,2026-09-17 08:00:00,215.1,0.5315458372486201,0.4684541627513799,0.5555555555555556,0.4926108374384236,350,3731633251
biryukov|p|honda|n,2026-09-17 04:24:47,2026-09-17 04:24:47,2026-09-17 07:30:00,185.1,0.6572896000754569,0.34271039992454316,0.6763754045307443,0.3623188405797102,1500,3731639152
boehner|l|oktiabreva|a,2026-09-17 04:24:47,2026-09-17 04:20:11,2026-09-17 10:00:00,335.1,0.025390923108215262,0.9746090768917848,0.044662795891022775,0.9856897538637664,350,3731633251
blomqvist|c|dapkute|i,2026-09-17 04:35:59,2026-09-17 04:35:18,2026-09-17 08:30:00,234.0,0.3590095630148923,0.6409904369851078,0.38314176245210724,0.6644295302013422,350,3731641628
pieleanu|r|popovic|s,2026-09-17 04:35:59,2026-09-17 04:35:18,2026-09-17 08:00:00,204.0,0.44075041646713453,0.5592495835328655,0.46511627906976744,0.5833333333333333,350,3731642807
boussaffir|s|medvedeva|m,2026-09-17 04:35:59,2026-09-17 04:35:18,2026-09-17 08:30:00,234.0,0.4349717996631839,0.5650282003368161,0.4587155963302753,0.5884773662551441,350,3731641628
chauhan|h|rahmani|k,2026-09-17 04:35:59,2026-09-17 04:35:18,2026-09-17 08:30:00,234.0,0.17002152165431794,0.8299784783456822,0.19493177387914232,0.8522895125553913,350,3731642980
arakawa|h|kawaguchi|n,2026-09-17 04:35:59,2026-09-17 04:35:18,2026-09-17 04:25:00,-11.0,0.291686971365334,0.7083130286346659,0.3164556962025316,0.7319034852546916,450,3731642775
durand|y|maestrelli|f,2026-09-17 04:35:59,2026-09-17 04:35:18,2026-09-17 10:30:00,354.0,0.2882416174542715,0.7117583825457285,0.3076923076923077,0.7304582210242588,1500,3731641389
katsumi|n|myatovic|j,2026-09-17 04:35:59,2026-09-17 04:35:18,2026-09-17 08:30:00,234.0,0.6692695849806766,0.33073041501932343,0.6923076923076923,0.35460992907801414,350,3731643067
cordoba|c|fernandez|m,2026-09-17 04:35:59,2026-09-17 04:35:18,2026-09-17 10:30:00,354.0,0.7430939142095802,0.2569060857904198,0.7706422018348623,0.28653295128939826,350,3731642980
bilardo|j|ogunsakin|o,2026-09-17 04:35:59,2026-09-17 04:35:18,2026-09-17 08:30:00,234.0,0.6608695167147425,0.33913048328525747,0.6845425867507886,0.36363636363636365,350,3731642980
khomutsianskaya|d|zhang|j,2026-09-17 04:35:59,2026-09-17 04:35:18,2026-09-17 04:25:00,-11.0,0.7500249958341387,0.2499750041658613,0.7732426303854876,0.2747252747252747,450,3731642403
mariani|m|sanchez|m,2026-09-17 04:35:59,2026-09-17 04:35:18,2026-09-17 08:30:00,234.0,0.42484989400518214,0.575150105994818,0.4484304932735426,0.5983935742971888,350,3731641643
kurt|i|luciano|l,2026-09-17 04:35:59,2026-09-17 04:35:18,2026-09-17 08:30:00,234.0,0.7129013272419068,0.28709867275809325,0.7361477572559366,0.3115264797507788,350,3731641628
alvarez|a|toffanin|n,2026-09-17 04:35:59,2026-09-17 04:35:18,2026-09-17 10:30:00,354.0,0.8319327731092437,0.16806722689075632,0.8581560283687945,0.19801980198019803,350,3731642980
matusevich|a|schoolkate|t,2026-09-17 04:35:59,2026-09-17 04:35:18,2026-09-17 09:00:00,264.0,0.4080886089780298,0.5919113910219702,0.4273504273504274,0.6108949416342413,1500,3731641389
ellis|b|simakin|i,2026-09-17 04:35:59,2026-09-17 04:35:18,2026-09-17 04:30:00,-6.0,0.2221002863704194,0.7778997136295807,0.24449877750611249,0.7987927565392354,1750,3731640190
dong|z|ferguson|c,2026-09-17 04:35:59,2026-09-17 04:35:18,2026-09-17 04:27:00,-9.0,0.1788671764730826,0.8211328235269174,0.20366598778004072,0.8435054773082943,450,3731640918
massard|l|raynel|a,2026-09-17 04:35:59,2026-09-17 04:35:18,2026-09-17 10:30:00,354.0,0.6333344590581428,0.36666554094185716,0.6610169491525424,0.39525691699604737,450,3731641628
bai|z|wei|s,2026-09-17 04:35:59,2026-09-17 04:35:18,2026-09-17 04:27:00,-9.0,0.7079337903661596,0.2920662096338404,0.7311827956989247,0.3164556962025316,450,3731640918
encheva|l|koning|l,2026-09-17 04:46:43,2026-09-17 04:46:43,2026-09-17 09:00:00,253.3,0.4326289479978657,0.5673710520021342,0.4608294930875576,0.5951417004048584,550,3731644022
martynov|d|vlasselaer|c,2026-09-17 04:46:43,2026-09-17 04:46:43,2026-09-17 09:00:00,253.3,0.5479082922281371,0.45209170777186297,0.576271186440678,0.4807692307692307,350,3731644337
dong|z|ferguson|c,2026-09-17 04:46:43,2026-09-17 04:46:43,2026-09-17 04:36:00,-10.7,0.1788671764730826,0.8211328235269174,0.20366598778004072,0.8435054773082943,450,3731643581
bai|z|wei|s,2026-09-17 04:46:43,2026-09-17 04:46:43,2026-09-17 04:36:00,-10.7,0.7079337903661596,0.2920662096338404,0.7311827956989247,0.3164556962025316,450,3731643581
pieleanu|r|popovic|s,2026-09-17 04:53:19,2026-09-17 04:50:24,2026-09-17 08:00:00,186.7,0.4436020544696657,0.5563979455303343,0.4672897196261683,0.5798319327731092,350,3731647070
bertimon|m|lumsden|e,2026-09-17 04:53:19,2026-09-17 04:50:24,2026-09-17 11:00:00,366.7,0.5714714205375484,0.42852857946245126,0.6031746031746031,0.4608294930875576,100,3731647394
brunold|m|forti|f,2026-09-17 04:53:19,2026-09-17 04:50:24,2026-09-17 10:00:00,306.7,0.6965394568894061,0.30346054311059395,0.7198879551820728,0.3278688524590164,1050,3731645728
fiorentini|a|milanovic|d,2026-09-17 04:53:19,2026-09-17 04:50:24,2026-09-17 10:00:00,306.7,0.4525987264893439,0.547401273510656,0.4854368932038835,0.5798319327731092,100,3731647315
bai|z|wei|s,2026-09-17 04:53:19,2026-09-17 04:50:24,2026-09-17 04:53:00,-0.3,0.7079337903661596,0.2920662096338404,0.7311827956989247,0.3164556962025316,450,3731645894
arakawa|h|kawaguchi|n,2026-09-17 04:53:19,2026-09-17 04:50:24,2026-09-17 05:51:00,57.7,0.291686971365334,0.7083130286346659,0.3164556962025316,0.7319034852546916,450,3731646695
leong|m|trotter|j,2026-09-17 04:53:19,2026-09-17 04:50:24,2026-09-17 07:30:00,156.7,0.332514642335601,0.667485357664399,0.35211267605633806,0.6865203761755486,1500,3731644792
khomutsianskaya|d|zhang|j,2026-09-17 04:53:19,2026-09-17 04:50:24,2026-09-17 04:59:00,5.7,0.7589060763879077,0.24109392361209225,0.7821350762527233,0.26595744680851063,450,3731646575
dong|z|ferguson|c,2026-09-17 04:53:19,2026-09-17 04:50:24,2026-09-17 04:53:00,-0.3,0.1788671764730826,0.8211328235269174,0.20366598778004072,0.8435054773082943,450,3731645894
bertimon|c|poritskyy|a,2026-09-17 04:53:19,2026-09-17 04:50:24,2026-09-17 09:00:00,246.7,0.9463698206925705,0.05363017930742948,0.9657299520219328,0.08298755186721991,100,3731647334
appleton|e|hatouka|y,2026-09-17 04:53:19,2026-09-17 04:50:24,2026-09-17 09:00:00,246.7,0.6991347392659447,0.30086526073405534,0.7267759562841529,0.33003300330033003,350,3731646063
ellis|b|simakin|i,2026-09-17 04:53:19,2026-09-17 04:47:54,2026-09-17 04:50:00,-3.3,0.213469584614855,0.7865304153851451,0.23584905660377356,0.8073217726396916,1300,3731646013
bertimon|m|lumsden|e,2026-09-17 04:58:47,2026-09-17 04:58:47,2026-09-17 11:00:00,361.2,0.5714714205375484,0.42852857946245126,0.6031746031746031,0.4608294930875576,225,3731648538
binda|a|sun|f,2026-09-17 04:58:47,2026-09-17 04:58:47,2026-09-17 07:30:00,151.2,0.2570705520824471,0.7429294479175529,0.2770083102493075,0.7619047619047619,1900,3731648538
fiorentini|a|milanovic|d,2026-09-17 04:58:47,2026-09-17 04:58:47,2026-09-17 10:00:00,301.2,0.4525987264893439,0.547401273510656,0.4854368932038835,0.5798319327731092,150,3731648538
bai|z|wei|s,2026-09-17 04:58:47,2026-09-17 04:58:47,2026-09-17 04:53:00,-5.8,0.7079337903661596,0.2920662096338404,0.7311827956989247,0.3164556962025316,450,3731648148
leong|m|trotter|j,2026-09-17 04:58:47,2026-09-17 04:58:47,2026-09-17 07:30:00,151.2,0.332514642335601,0.667485357664399,0.35211267605633806,0.6865203761755486,1900,3731648538
khomutsianskaya|d|zhang|j,2026-09-17 04:58:47,2026-09-17 04:58:47,2026-09-17 04:59:00,0.2,0.7589060763879077,0.24109392361209225,0.7821350762527233,0.26595744680851063,450,3731647485
dong|z|ferguson|c,2026-09-17 04:58:47,2026-09-17 04:58:47,2026-09-17 04:53:00,-5.8,0.1788671764730826,0.8211328235269174,0.20366598778004072,0.8435054773082943,450,3731648148
bilardo|j|ogunsakin|o,2026-09-17 04:58:47,2026-09-17 04:58:47,2026-09-17 08:30:00,211.2,0.6479142731881701,0.35208572681182987,0.6710526315789473,0.37593984962406013,350,3731648091
barthel|m|ristic|m,2026-09-17 04:58:47,2026-09-17 04:55:13,2026-09-17 08:00:00,181.2,0.47722557505166113,0.5227744249483388,0.5,0.5454545454545454,1300,3731648558
stefano|s|tubello|a,2026-09-17 04:58:47,2026-09-17 04:55:13,2026-09-17 08:40:00,221.2,0.49772722576815714,0.5022727742318428,0.5215311004784688,0.5260663507109005,1300,3731648558
bertimon|c|poritskyy|a,2026-09-17 04:58:47,2026-09-17 04:58:47,2026-09-17 09:00:00,241.2,0.9463698206925705,0.05363017930742948,0.9657299520219328,0.08298755186721991,225,3731648538
melleiro|c|silva|i,2026-09-17 04:58:47,2026-09-17 04:58:47,2026-09-17 15:30:00,631.2,0.7824457146782752,0.21755428532172486,0.8137802607076351,0.25252525252525254,350,3731648358
adams|j|yaneva|e,2026-09-17 05:18:39,2026-09-17 05:05:29,2026-09-17 09:00:00,221.3,0.06372386024233162,0.9362761397576683,0.0846740050804403,0.9523128278493085,550,3731651299
blaydes|b|makhlouf|m,2026-09-17 05:18:39,2026-09-17 05:05:29,2026-09-17 11:00:00,341.3,0.8660178924414474,0.13398210755855267,0.8908296943231441,0.16339869281045752,350,3731651376
gloeckler|m|ivanov|s,2026-09-17 05:18:39,2026-09-17 05:05:29,2026-09-17 09:00:00,221.3,0.4920794608842571,0.5079205391157429,0.5169082125603864,0.5327102803738317,350,3731649691
khomutsianskaya|d|zhang|j,2026-09-17 05:18:39,2026-09-17 05:10:47,2026-09-17 05:07:00,-11.7,0.7589060763879077,0.24109392361209225,0.7821350762527233,0.26595744680851063,450,3731652190
echeverria|j|prata|v,2026-09-17 05:18:39,2026-09-17 05:05:29,2026-09-17 11:00:00,341.3,0.799489893244721,0.2005101067552791,0.826388888888889,0.2304147465437788,350,3731651423
karatancheva|l|oz|i,2026-09-17 05:18:39,2026-09-17 05:05:29,2026-09-17 09:00:00,221.3,0.31378751830950274,0.6862124816904972,0.33783783783783783,0.7093023255813954,550,3731651299
bertrand|r|murgett|f,2026-09-17 05:18:39,2026-09-17 05:05:29,2026-09-17 11:00:00,341.3,0.7047795944372907,0.29522040556270934,0.732620320855615,0.3246753246753247,350,3731649862
deckers|a|pietri|b,2026-09-17 05:18:39,2026-09-17 05:10:47,2026-09-17 11:00:00,341.3,0.6745307024190879,0.32546929758091214,0.7023809523809524,0.35460992907801414,350,3731652060
ceuca|a|desai|z,2026-09-17 05:18:39,2026-09-17 05:05:29,2026-09-17 09:00:00,221.3,0.5769556166295517,0.4230443833704483,0.6000000000000001,0.4464285714285714,350,3731651299
belozertsev|n|nikolic|m,2026-09-17 05:18:39,2026-09-17 05:05:29,2026-09-17 11:00:00,341.3,0.837561112996384,0.16243888700361594,0.8635743519781719,0.1923076923076923,350,3731651468
hennemann|c|korokozidi|e,2026-09-17 05:18:39,2026-09-17 05:05:29,2026-09-17 09:00:00,221.3,0.7120690400422321,0.2879309599577679,0.7354497354497355,0.3125,550,3731651299
cacao|t|torres|t,2026-09-17 05:18:39,2026-09-17 05:05:29,2026-09-17 11:00:00,341.3,0.32809197868037615,0.6719080213196238,0.35714285714285715,0.6996996996996997,350,3731651423
hurrion|m|sahoo|d,2026-09-17 05:18:39,2026-09-17 05:05:29,2026-09-17 09:00:00,221.3,0.9757404559264583,0.024259544073541684,0.9851411589895989,0.03937007874015748,350,3731650845
betov|s|frydrych|v,2026-09-17 05:18:39,2026-09-17 05:05:29,2026-09-17 09:00:00,221.3,0.2795628036999412,0.7204371963000588,0.303951367781155,0.7435897435897436,350,3731649862
milovanovic|e|vaissaud|d,2026-09-17 05:18:39,2026-09-17 05:05:29,2026-09-17 09:00:00,221.3,0.6027178077127916,0.39728219228720846,0.626865671641791,0.42194092827004215,350,3731651376
pieleanu|r|popovic|s,2026-09-17 05:18:39,2026-09-17 05:10:47,2026-09-17 08:00:00,161.3,0.44558778955029815,0.5544122104497016,0.4694835680751174,0.5780590717299579,350,3731651766
duhan|c|karthik|p,2026-09-17 05:18:39,2026-09-17 05:05:29,2026-09-17 09:00:00,221.3,0.6760993827365833,0.3239006172634166,0.6996996996996997,0.3484320557491289,350,3731651299
brancatelli|g|funk|a,2026-09-17 05:18:39,2026-09-17 05:05:29,2026-09-17 09:00:00,221.3,0.3228486100123041,0.6771513899876959,0.3472222222222222,0.7005988023952096,350,3731651299
martynov|d|vlasselaer|c,2026-09-17 05:18:39,2026-09-17 05:05:29,2026-09-17 09:00:00,221.3,0.5474182092080234,0.4525817907919766,0.5708154506437768,0.47619047619047616,350,3731649685
delaney|j|tomic|b,2026-09-17 05:18:39,2026-09-17 05:05:29,2026-09-17 09:00:00,221.3,0.2235271247107978,0.7764728752892023,0.24330900243309006,0.7950819672131147,1900,3731651299
chopra|k|gretskiy|i,2026-09-17 05:18:39,2026-09-17 05:05:29,2026-09-17 09:00:00,221.3,0.828000773745142,0.17199922625485803,0.8502994011976048,0.19685039370078738,350,3731649862
connel|j|salvestre|d,2026-09-17 05:18:39,2026-09-17 05:05:29,2026-09-17 11:00:00,341.3,0.5894148985726728,0.4105851014273273,0.6168582375478928,0.43859649122807015,350,3731651104
cocola|s|vanshelboim|e,2026-09-17 05:18:39,2026-09-17 05:05:29,2026-09-17 09:00:00,221.3,0.22437453185496625,0.7756254681450337,0.24937655860349128,0.7987927565392354,550,3731651299
clerc|d|reco|a,2026-09-17 05:18:39,2026-09-17 05:05:29,2026-09-17 09:00:00,221.3,0.2171979559875163,0.7828020440124838,0.24213075060532688,0.8058252427184467,350,3731651468
chepelev|a|comino|l,2026-09-17 05:18:39,2026-09-17 05:05:29,2026-09-17 09:00:00,221.3,0.7622987335548452,0.23770126644515477,0.7854077253218884,0.26246719160104987,550,3731651376
monteiro|s|schoen|p,2026-09-17 05:18:39,2026-09-17 05:05:29,2026-09-17 11:00:00,341.3,0.023691752885654522,0.9763082471143456,0.04248088360237893,0.9869007073618025,350,3731649862
encheva|l|koning|l,2026-09-17 05:18:39,2026-09-17 05:05:29,2026-09-17 09:00:00,221.3,0.43307939147461577,0.5669206085253843,0.4566210045662101,0.5901639344262295,550,3731651299
bertimon|c|poritskyy|a,2026-09-17 05:18:39,2026-09-17 05:10:47,2026-09-17 09:00:00,221.3,0.9458107590604079,0.05418924093959212,0.9606454151908697,0.07418397626112759,350,3731652728
domingos|d|ruggeri|s,2026-09-17 05:18:39,2026-09-17 05:05:29,2026-09-17 11:00:00,341.3,0.21403226314743348,0.7859677368525666,0.24390243902439027,0.8130841121495328,350,3731651299
fiorentini|a|milanovic|d,2026-09-17 05:18:39,2026-09-17 05:05:29,2026-09-17 10:00:00,281.3,0.45209170777186297,0.5479082922281371,0.4807692307692307,0.576271186440678,350,3731651299
ezzat|y|petretic|l,2026-09-17 05:18:39,2026-09-17 05:05:29,2026-09-17 09:00:00,221.3,0.698787359310419,0.30121264068958126,0.7222222222222222,0.32573289902280134,350,3731651376
kirkin|e|liu|l,2026-09-17 05:18:39,2026-09-17 05:05:29,2026-09-17 11:00:00,341.3,0.6719080213196238,0.32809197868037615,0.6996996996996997,0.35714285714285715,350,3731651104
barthel|m|ristic|m,2026-09-17 05:18:39,2026-09-17 05:05:29,2026-09-17 08:00:00,161.3,0.47722557505166113,0.5227744249483388,0.5,0.5454545454545454,1300,3731648715
kuzmova|k|lizunova|a,2026-09-17 05:18:39,2026-09-17 05:05:29,2026-09-17 07:00:00,101.3,0.7493933884571784,0.2506066115428216,0.7727272727272727,0.27548209366391185,450,3731651468
gasparyan|m|tupitsyna|e,2026-09-17 05:18:39,2026-09-17 05:05:29,2026-09-17 09:00:00,221.3,0.39570200884341317,0.6042979911565869,0.42016806722689076,0.6282527881040892,350,3731651299
domenc|m|rossi|l,2026-09-17 05:18:39,2026-09-17 05:10:47,2026-09-17 09:00:00,221.3,0.336832785572985,0.6631672144270151,0.36101083032490977,0.6865203761755486,350,3731652750
lopez|p|rodrigues|b,2026-09-17 05:18:39,2026-09-17 05:05:29,2026-09-17 15:30:00,611.3,0.6300644420857,0.3699355579143,0.6621621621621622,0.40322580645161293,225,3731650352
barrera|a|tabacco|f,2026-09-17 05:18:39,2026-09-17 05:05:29,2026-09-17 11:00:00,341.3,0.4733760529675483,0.5266239470324517,0.5024875621890548,0.5555555555555556,350,3731651376
matusevich|a|schoolkate|t,2026-09-17 05:18:39,2026-09-17 05:05:29,2026-09-17 09:00:00,221.3,0.4080886089780298,0.5919113910219702,0.4273504273504274,0.6108949416342413,1900,3731651376
diaz|m|willwerth|b,2026-09-17 05:18:39,2026-09-17 05:05:29,2026-09-17 11:00:00,341.3,0.1942943477283534,0.8057056522716466,0.2242152466367713,0.8324958123953099,350,3731651299
appleton|e|hatouka|y,2026-09-17 05:18:39,2026-09-17 05:05:29,2026-09-17 09:00:00,221.3,0.698787359310419,0.30121264068958126,0.7222222222222222,0.32573289902280134,350,3731651299
hipfl|n|salazar|d,2026-09-17 05:18:39,2026-09-17 05:05:29,2026-09-17 11:00:00,341.3,0.7162686187404621,0.28373138125953795,0.7442455242966751,0.31347962382445144,350,3731649862
biryukov|p|honda|n,2026-09-17 05:18:39,2026-09-17 05:05:29,2026-09-17 07:30:00,131.3,0.6572896000754569,0.34271039992454316,0.6763754045307443,0.3623188405797102,1900,3731648704
jubb|p|ozdemir|s,2026-09-17 05:18:39,2026-09-17 05:05:29,2026-09-17 09:00:00,221.3,0.9833441102418029,0.016655889758197068,0.9906916131434421,0.02962962962962963,350,3731651376
bertimon|m|lumsden|e,2026-09-17 05:18:39,2026-09-17 05:05:29,2026-09-17 11:00:00,341.3,0.5711059226060166,0.42889407739398355,0.5983935742971888,0.4566210045662101,350,3731651299
agwi|m|tabacco|g,2026-09-17 05:18:39,2026-09-17 05:05:29,2026-09-17 11:00:00,341.3,0.5243942110874369,0.4756057889125632,0.5535714285714286,0.504950495049505,350,3731651468
dong|z|ferguson|c,2026-09-17 05:18:39,2026-09-17 05:10:47,2026-09-17 06:10:00,51.3,0.16458243141635873,0.8354175685836412,0.1893939393939394,0.8575498575498576,450,3731652728
batsabaken|y|faurel|t,2026-09-17 05:18:39,2026-09-17 05:05:29,2026-09-17 16:00:00,641.3,0.16608795277443084,0.8339120472255691,0.20120724346076457,0.8639455782312926,450,3731649523
maxted|l|penzlin|j,2026-09-17 05:18:39,2026-09-17 05:05:29,2026-09-17 11:00:00,341.3,0.8412436883733848,0.15875631162661513,0.8671978751660028,0.18867924528301888,350,3731649862
samson|l|sobolieva|a,2026-09-17 05:18:39,2026-09-17 05:05:29,2026-09-17 08:00:00,161.3,0.5315458372486201,0.4684541627513799,0.5555555555555556,0.4926108374384236,1300,3731648696
rehberg|m|weis|a,2026-09-17 05:18:39,2026-09-17 05:05:29,2026-09-17 09:00:00,221.3,0.7814306203686444,0.21856937963135578,0.8043052837573386,0.24330900243309006,550,3731651299
fiorentini|a|milanovic|d,2026-09-17 05:30:47,2026-09-17 05:25:52,2026-09-17 10:00:00,269.2,0.42441739829977937,0.5755826017002206,0.45248868778280543,0.6031746031746031,350,3731656826
frech|m|jovic|i,2026-09-17 05:30:47,2026-09-17 05:20:36,2026-09-17 16:00:00,629.2,0.255340881316927,0.744659118683073,0.27027027027027023,0.7590361445783133,2400,3731654245
bini|v|echazu|m,2026-09-17 05:30:47,2026-09-17 05:20:36,2026-09-17 15:00:00,569.2,0.16807436035343967,0.8319256396465603,0.2032520325203252,0.8620689655172414,225,3731654276
leong|m|trotter|j,2026-09-17 05:30:47,2026-09-17 05:20:36,2026-09-17 07:30:00,119.2,0.34153562074610067,0.6584643792538994,0.36101083032490977,0.6774193548387096,1900,3731653107
akugue|n|rapolu|m,2026-09-17 05:30:47,2026-09-17 05:25:52,2026-09-17 12:00:00,389.2,0.5090939163387046,0.49090608366129546,0.5327102803738317,0.5145631067961165,1050,3731656115
pinto|l|sverzut|c,2026-09-17 05:30:47,2026-09-17 05:25:52,2026-09-17 15:00:00,569.2,0.8301873976349112,0.16981260236508877,0.8603351955307261,0.20491803278688525,225,3731656095
brunold|m|forti|f,2026-09-17 05:30:47,2026-09-17 05:20:36,2026-09-17 10:00:00,269.2,0.6713386257515117,0.32866137424848835,0.6951219512195121,0.35335689045936397,1050,3731655551
domenc|m|rossi|l,2026-09-17 05:30:47,2026-09-17 05:20:36,2026-09-17 09:00:00,209.2,0.33134047422654417,0.6686595257734561,0.35587188612099646,0.6923076923076923,350,3731653475
connel|j|salvestre|d,2026-09-17 05:30:47,2026-09-17 05:25:52,2026-09-17 11:00:00,329.2,0.6046562548204802,0.39534374517951976,0.6323529411764706,0.42372881355932196,350,3731656826
avdeeva|j|klugman|h,2026-09-17 05:30:47,2026-09-17 05:25:52,2026-09-17 12:30:00,419.2,0.46195100608097267,0.5380489939190274,0.49504950495049505,0.5708154506437768,225,3731655801
bejlek|s|bucsa|c,2026-09-17 05:30:47,2026-09-17 05:20:36,2026-09-17 18:10:00,759.2,0.6628121578041555,0.33718784219584447,0.6774193548387096,0.35211267605633806,2400,3731654245
khomutsianskaya|d|zhang|j,2026-09-17 05:30:47,2026-09-17 05:20:36,2026-09-17 05:28:11,-2.6,0.7589060763879077,0.24109392361209225,0.7821350762527233,0.26595744680851063,450,3731655081
diatlova|k|pawlikowska|z,2026-09-17 05:41:25,2026-09-17 05:35:43,2026-09-17 06:00:00,18.6,0.24606295260445682,0.7539370473955433,0.2710027100271003,0.7772828507795101,450,3731657347
charrier|a|mi|l,2026-09-17 05:41:25,2026-09-17 05:35:43,2026-09-17 09:30:00,228.6,0.15152335109216133,0.848476648907839,0.17605633802816903,0.8701298701298701,350,3731658154
dekkers|f|garcia|m,2026-09-17 05:41:25,2026-09-17 05:35:43,2026-09-17 09:30:00,228.6,0.24278834388694354,0.7572116561130565,0.267379679144385,0.7802197802197802,350,3731658171
kuzmova|k|lizunova|a,2026-09-17 05:41:25,2026-09-17 05:35:43,2026-09-17 07:00:00,78.6,0.7374138169500907,0.2625861830499094,0.7607655502392345,0.28735632183908044,450,3731657347
bilardo|j|ogunsakin|o,2026-09-17 05:41:25,2026-09-17 05:35:43,2026-09-17 08:30:00,168.6,0.6608695167147425,0.33913048328525747,0.6845425867507886,0.36363636363636365,350,3731658560
akugue|n|rapolu|m,2026-09-17 05:41:25,2026-09-17 05:41:25,2026-09-17 12:00:00,378.6,0.5192593015921397,0.4807406984078603,0.5433789954337899,0.504950495049505,1050,3731660372
arcangioli|m|podrez|v,2026-09-17 05:41:25,2026-09-17 05:35:43,2026-09-17 11:30:00,348.6,0.12947055637778004,0.8705294436222197,0.15873015873015872,0.895068205666317,350,3731658338
karatancheva|l|oz|i,2026-09-17 05:41:25,2026-09-17 05:40:57,2026-09-17 09:00:00,198.6,0.3133473482245643,0.6866526517754356,0.33783783783783783,0.7101449275362319,550,3731660681
frech|m|jovic|i,2026-09-17 05:41:25,2026-09-17 05:40:57,2026-09-17 16:00:00,618.6,0.2546886311185628,0.7453113688814372,0.2695417789757412,0.7596153846153847,2400,3731660707
domenc|m|rossi|l,2026-09-17 05:41:25,2026-09-17 05:35:43,2026-09-17 09:00:00,198.6,0.3192758131561478,0.6807241868438522,0.3436426116838488,0.7041420118343195,350,3731658838
pieleanu|r|popovic|s,2026-09-17 05:41:25,2026-09-17 05:41:25,2026-09-17 08:00:00,138.6,0.4396836310351271,0.5603163689648729,0.4629629629629629,0.5833333333333333,350,3731660070
avdeeva|j|klugman|h,2026-09-17 05:41:25,2026-09-17 05:35:43,2026-09-17 12:30:00,408.6,0.4704208603116727,0.5295791396883271,0.5024875621890548,0.5614035087719298,225,3731657133
biryukov|p|honda|n,2026-09-17 05:41:25,2026-09-17 05:35:43,2026-09-17 07:30:00,108.6,0.6596310878664752,0.3403689121335249,0.6784565916398714,0.3597122302158273,1900,3731658758
brunold|m|forti|f,2026-09-17 05:41:25,2026-09-17 05:41:25,2026-09-17 10:00:00,258.6,0.6745664744236597,0.3254335255763404,0.6978851963746223,0.34965034965034963,1050,3731659964
dmitrichenko|y|mascoll|s,2026-09-17 05:41:25,2026-09-17 05:35:43,2026-09-17 09:30:00,228.6,0.4035668984116433,0.5964331015883567,0.4273504273504274,0.6197718631178707,350,3731658353
pigossi|e|valdmannova|m,2026-09-17 05:41:25,2026-09-17 05:35:43,2026-09-17 13:00:00,438.6,0.3192758131561478,0.6807241868438522,0.3436426116838488,0.7041420118343195,375,3731659327
bejlek|s|bucsa|c,2026-09-17 05:53:14,2026-09-17 05:50:49,2026-09-17 18:10:00,736.8,0.6628121578041555,0.33718784219584447,0.6774193548387096,0.35211267605633806,3000,3731662067
frech|m|jovic|i,2026-09-17 05:53:14,2026-09-17 05:50:49,2026-09-17 16:00:00,606.8,0.2546886311185628,0.7453113688814372,0.2695417789757412,0.7596153846153847,3000,3731662067
dourado|j|soares|m,2026-09-17 05:53:14,2026-09-17 05:50:49,2026-09-17 13:00:00,426.8,0.7107871887232072,0.28921281127679277,0.7429305912596401,0.3236245954692557,225,3731662016
basiletti|n|gorgodze|e,2026-09-17 05:53:14,2026-09-17 05:50:49,2026-09-17 09:30:00,216.8,0.5524084678071083,0.44759153219289183,0.576271186440678,0.4716981132075471,200,3731662788
batsabaken|y|faurel|t,2026-09-17 05:53:14,2026-09-17 05:50:49,2026-09-17 16:00:00,606.8,0.15033293480521775,0.8496670651947824,0.18518518518518517,0.8789346246973365,450,3731661151
danilova|o|perelygina|e,2026-09-17 05:58:56,2026-09-17 05:58:56,2026-09-17 06:00:00,1.1,0.10120177193192534,0.8987982280680746,0.12453300124533,0.9181669394435352,450,3731664577
leong|m|trotter|j,2026-09-17 05:58:56,2026-09-17 05:58:56,2026-09-17 07:30:00,91.1,0.3425207452751124,0.6574792547248876,0.3597122302158273,0.6742671009771988,2525,3731664417
delaney|j|tomic|b,2026-09-17 05:58:56,2026-09-17 05:58:56,2026-09-17 09:00:00,181.1,0.22304269373584204,0.7769573062641579,0.24038461538461536,0.793388429752066,1900,3731664417
barthel|m|ristic|m,2026-09-17 05:58:56,2026-09-17 05:58:56,2026-09-17 08:00:00,121.1,0.47598450736712633,0.5240154926328736,0.49751243781094534,0.5454545454545454,1750,3731664502
kuzmova|k|lizunova|a,2026-09-17 05:58:56,2026-09-17 05:58:56,2026-09-17 07:00:00,61.1,0.7417287553614729,0.25827124463852724,0.7652582159624413,0.28328611898017,450,3731663789
stefano|s|tubello|a,2026-09-17 05:58:56,2026-09-17 05:58:56,2026-09-17 08:40:00,161.1,0.49770637375484983,0.50229362624515,0.5192307692307692,0.5238095238095238,1750,3731664476
matusevich|a|schoolkate|t,2026-09-17 05:58:56,2026-09-17 05:56:05,2026-09-17 09:00:00,181.1,0.399786875013481,0.600213124986519,0.4166666666666667,0.6168582375478928,1900,3731664718
biryukov|p|honda|n,2026-09-17 05:58:56,2026-09-17 05:58:56,2026-09-17 07:30:00,91.1,0.6803697046420653,0.3196302953579347,0.696969696969697,0.3367003367003367,2525,3731664320
binda|a|sun|f,2026-09-17 05:58:56,2026-09-17 05:58:56,2026-09-17 07:30:00,91.1,0.25718039221040945,0.7428196077895906,0.2747252747252747,0.7596153846153847,2525,3731664417
samson|l|sobolieva|a,2026-09-17 05:58:56,2026-09-17 05:56:05,2026-09-17 08:00:00,121.1,0.531748738514257,0.4682512614857431,0.5535714285714286,0.49019607843137253,1750,3731664669
fuster|j|sheyngezikht|l,2026-09-17 06:33:19,2026-09-17 06:21:02,2026-09-17 10:00:00,206.7,0.08633894498582292,0.9136610550141772,0.10893246187363835,0.931926480599047,350,3731665810
gandolfi|f|sziedat|f,2026-09-17 06:33:19,2026-09-17 06:21:02,2026-09-17 10:00:00,206.7,0.5411595128607628,0.45884048713923714,0.5652173913043479,0.48309178743961345,350,3731665810
knezevic|m|petrovic|d,2026-09-17 06:33:19,2026-09-17 06:21:02,2026-09-17 10:00:00,206.7,0.12652658460763241,0.8734734153923674,0.15060240963855423,0.8941798941798942,350,3731665924
frech|m|jovic|i,2026-09-17 06:33:19,2026-09-17 06:21:02,2026-09-17 16:00:00,566.7,0.2546886311185628,0.7453113688814372,0.2695417789757412,0.7596153846153847,3600,3731669594
johns|g|marchi|a,2026-09-17 06:33:19,2026-09-17 06:21:02,2026-09-17 08:00:00,86.7,0.6284570183863017,0.37154298161369825,0.6515679442508712,0.39525691699604737,750,3731667200
leonard|m|tan|l,2026-09-17 06:33:19,2026-09-17 06:21:02,2026-09-17 10:00:00,206.7,0.6527040012937384,0.3472959987062616,0.6763754045307443,0.3717472118959108,350,3731666141
marino|p|navarro|p,2026-09-17 06:33:19,2026-09-17 06:21:02,2026-09-17 08:00:00,86.7,0.5315458372486201,0.4684541627513799,0.5555555555555556,0.4926108374384236,450,3731667147
boehner|l|oktiabreva|a,2026-09-17 06:33:19,2026-09-17 06:21:02,2026-09-17 10:00:00,206.7,0.025587031935574732,0.9744129680644252,0.04101722723543889,0.9841345391083612,350,3731667200
caniato|c|valiente|i,2026-09-17 06:33:19,2026-09-17 06:21:02,2026-09-17 10:00:00,206.7,0.6331825674955253,0.3668174325044748,0.6563573883161512,0.390625,1300,3731666186
gennaro|c|szabo|b,2026-09-17 06:33:19,2026-09-17 06:21:02,2026-09-17 10:00:00,206.7,0.6192873600199787,0.3807126399800214,0.6428571428571428,0.40485829959514175,350,3731665810
pertusa|a|rapagnetta|d,2026-09-17 06:33:19,2026-09-17 06:21:02,2026-09-17 10:00:00,206.7,0.45884048713923714,0.5411595128607628,0.48309178743961345,0.5652173913043479,350,3731666141
laborde|a|sarksian|d,2026-09-17 06:33:19,2026-09-17 06:21:02,2026-09-17 08:00:00,86.7,0.38580546100794577,0.6141945389920542,0.4098360655737705,0.6376811594202898,450,3731667200
kubka|m|tanguilig|c,2026-09-17 06:33:19,2026-09-17 06:21:02,2026-09-17 10:00:00,206.7,0.7502994013885339,0.24970059861146612,0.7737556561085973,0.2747252747252747,350,3731666927
matusevich|a|schoolkate|t,2026-09-17 06:33:19,2026-09-17 06:21:02,2026-09-17 09:00:00,146.7,0.399786875013481,0.600213124986519,0.4166666666666667,0.6168582375478928,2525,3731667200
leong|m|trotter|j,2026-09-17 06:33:19,2026-09-17 06:21:02,2026-09-17 07:30:00,56.7,0.33787860875938347,0.6621213912406165,0.35460992907801414,0.6784565916398714,2525,3731665503
biryukov|p|honda|n,2026-09-17 06:33:19,2026-09-17 06:21:02,2026-09-17 07:30:00,56.7,0.6868562924027054,0.3131437075972948,0.7032640949554896,0.33003300330033003,2525,3731669183
dekkers|f|garcia|m,2026-09-17 06:33:19,2026-09-17 06:21:02,2026-09-17 09:30:00,176.7,0.2499750041658613,0.7500249958341387,0.2747252747252747,0.7732426303854876,350,3731666617
fiorentini|a|milanovic|d,2026-09-17 06:33:19,2026-09-17 06:21:02,2026-09-17 10:00:00,206.7,0.42484989400518214,0.575150105994818,0.4484304932735426,0.5983935742971888,350,3731667200
basiletti|n|gorgodze|e,2026-09-17 06:33:19,2026-09-17 06:33:19,2026-09-17 09:30:00,176.7,0.5503864678311137,0.44961353216888644,0.574468085106383,0.4739336492890995,200,3731671928
lollia|m|matoula|m,2026-09-17 06:33:19,2026-09-17 06:21:02,2026-09-17 10:00:00,206.7,0.3641324932702258,0.6358675067297743,0.38759689922480617,0.6587030716723549,350,3731665844
fornasieri|c|turini|v,2026-09-17 06:33:19,2026-09-17 06:21:02,2026-09-17 10:00:00,206.7,0.2013547740598166,0.7986452259401835,0.22624434389140272,0.8214285714285714,350,3731666297
kharlamov|r|tiukaev|r,2026-09-17 06:33:19,2026-09-17 06:21:02,2026-09-17 08:00:00,86.7,0.2879309599577679,0.7120690400422321,0.3125,0.7354497354497355,450,3731667200
delaney|j|tomic|b,2026-09-17 06:33:19,2026-09-17 06:21:02,2026-09-17 09:00:00,146.7,0.22304269373584204,0.7769573062641579,0.24038461538461536,0.793388429752066,2525,3731667147
gasparyan|m|tupitsyna|e,2026-09-17 06:33:19,2026-09-17 06:21:02,2026-09-17 09:00:00,146.7,0.39799718640119486,0.6020028135988053,0.42194092827004215,0.6254681647940076,350,3731668013
babel|o|petkovic|a,2026-09-17 06:33:19,2026-09-17 06:21:02,2026-09-17 10:00:00,206.7,0.6675514301841091,0.3324485698158909,0.691358024691358,0.35714285714285715,350,3731667200
brunold|m|forti|f,2026-09-17 06:33:19,2026-09-17 06:21:02,2026-09-17 10:00:00,206.7,0.6745664744236597,0.3254335255763404,0.6978851963746223,0.34965034965034963,1300,3731667147
agwi|m|tabacco|g,2026-09-17 06:33:19,2026-09-17 06:21:02,2026-09-17 11:00:00,266.7,0.5223660930462638,0.47763390695373636,0.5495495495495495,0.504950495049505,350,3731671412
stefano|s|tubello|a,2026-09-17 06:33:19,2026-09-17 06:21:02,2026-09-17 08:40:00,126.7,0.5,0.5,0.5215311004784688,0.5215311004784688,1750,3731667784
bains|n|crawley|f,2026-09-17 06:33:19,2026-09-17 06:21:02,2026-09-17 10:00:00,206.7,0.27467383147389113,0.725326168526109,0.29940119760479045,0.7487437185929648,350,3731666079
bejlek|s|bucsa|c,2026-09-17 06:33:19,2026-09-17 06:21:02,2026-09-17 18:10:00,696.7,0.6628121578041555,0.33718784219584447,0.6774193548387096,0.35211267605633806,3600,3731669594
figl|m|giraldi|c,2026-09-17 06:33:19,2026-09-17 06:21:02,2026-09-17 10:00:00,206.7,0.6807241868438522,0.3192758131561478,0.7041420118343195,0.3436426116838488,350,3731665810
fabre|a|weldam|s,2026-09-17 06:33:19,2026-09-17 06:21:02,2026-09-17 10:00:00,206.7,0.7551521650290958,0.24484783497090434,0.7782705099778271,0.2695417789757412,350,3731665810
andreev|a|biletic|i,2026-09-17 06:33:19,2026-09-17 06:21:02,2026-09-17 10:00:00,206.7,0.9445111518091228,0.05548884819087717,0.9595305544314042,0.075642965204236,350,3731665844
kukasian|a|pleshivtsev|e,2026-09-17 06:33:19,2026-09-17 06:21:02,2026-09-17 08:00:00,86.7,0.2702770340757912,0.7297229659242088,0.2949852507374631,0.7530864197530864,450,3731666141
meerschen|m|vavassori|m,2026-09-17 06:33:19,2026-09-17 06:21:02,2026-09-17 08:00:00,86.7,0.8442309404346926,0.15576905956530743,0.8661311914323963,0.18050541516245489,450,3731666141
paganetti|v|pistola|i,2026-09-17 06:33:19,2026-09-17 06:21:02,2026-09-17 10:00:00,206.7,0.6304574139152351,0.36954258608476487,0.6539792387543253,0.39370078740157477,350,3731665810
paoletti|m|yesypchuk|d,2026-09-17 06:33:19,2026-09-17 06:21:02,2026-09-17 10:00:00,206.7,0.7237976723708973,0.27620232762910285,0.7474747474747475,0.30120481927710846,350,3731667200
catanzarite|a|cinalli|l,2026-09-17 06:33:19,2026-09-17 06:21:02,2026-09-17 14:30:00,476.7,0.2625162383114395,0.7374837616885603,0.29673590504451036,0.76905311778291,350,3731668517
khazime|d|lagarrigue|f,2026-09-17 06:33:19,2026-09-17 06:21:02,2026-09-17 08:00:00,86.7,0.4546488053553053,0.5453511946446948,0.47846889952153115,0.5689655172413793,450,3731665810
manukyan|v|monzon|i,2026-09-17 06:33:19,2026-09-17 06:21:02,2026-09-17 08:00:00,86.7,0.2013547740598166,0.7986452259401835,0.22624434389140272,0.8214285714285714,450,3731667200
mchugh|a|vinciguerra|w,2026-09-17 06:33:19,2026-09-17 06:21:02,2026-09-17 12:00:00,326.7,0.7883788745752495,0.21162112542475062,0.8154981549815498,0.24154589371980673,350,3731665810
pieleanu|r|popovic|s,2026-09-17 06:33:19,2026-09-17 06:21:02,2026-09-17 08:00:00,86.7,0.4396836310351271,0.5603163689648729,0.4629629629629629,0.5833333333333333,450,3731665810
diaz|m|willwerth|b,2026-09-17 06:33:19,2026-09-17 06:21:02,2026-09-17 11:00:00,266.7,0.19727164454695567,0.8027283554530443,0.22727272727272727,0.829642248722317,350,3731667502
siskova|a|tran|d,2026-09-17 06:33:19,2026-09-17 06:21:02,2026-09-17 10:00:00,206.7,0.9702210225248263,0.02977897747517372,0.9808905025797823,0.046125461254612546,450,3731665810
car|h|donnet|e,2026-09-17 06:33:19,2026-09-17 06:21:02,2026-09-17 12:00:00,326.7,0.5654788367938364,0.4345211632061638,0.5934959349593496,0.4629629629629629,350,3731665810
lombardini|m|steiner|v,2026-09-17 06:33:19,2026-09-17 06:21:02,2026-09-17 10:00:00,206.7,0.4092949987048551,0.590705001295145,0.4329004329004329,0.613899613899614,350,3731667147
reyniak|m|rojas|c,2026-09-17 06:33:19,2026-09-17 06:21:02,2026-09-17 10:00:00,206.7,0.6556468846889031,0.34435311531109697,0.6794871794871794,0.36900369003690037,350,3731665810
garcian|a|petrovic|a,2026-09-17 06:33:19,2026-09-17 06:21:02,2026-09-17 10:00:00,206.7,0.5068194501336398,0.4931805498663601,0.5305164319248826,0.5169082125603864,350,3731665810
caniato|c|valiente|i,2026-09-17 06:55:10,2026-09-17 06:51:12,2026-09-17 10:00:00,184.8,0.631342109743061,0.3686578902569389,0.6527777777777778,0.390625,1300,3731673862
kurt|i|luciano|l,2026-09-17 06:55:10,2026-09-17 06:51:12,2026-09-17 08:30:00,94.8,0.7129013272419068,0.28709867275809325,0.7361477572559366,0.3115264797507788,450,3731674109
bilardo|j|ogunsakin|o,2026-09-17 06:55:10,2026-09-17 06:51:12,2026-09-17 08:30:00,94.8,0.6608695167147425,0.33913048328525747,0.6845425867507886,0.36363636363636365,450,3731673862
kubka|m|tanguilig|c,2026-09-17 06:55:10,2026-09-17 06:51:12,2026-09-17 10:00:00,184.8,0.7521713079900799,0.24782869200991992,0.7752808988764045,0.2724795640326976,350,3731677145
massard|l|raynel|a,2026-09-17 06:55:10,2026-09-17 06:51:12,2026-09-17 10:30:00,214.8,0.6324354211573117,0.3675645788426883,0.6563573883161512,0.3921568627450981,450,3731674109
chauhan|h|rahmani|k,2026-09-17 06:55:10,2026-09-17 06:51:12,2026-09-17 08:30:00,94.8,0.17002152165431794,0.8299784783456822,0.19493177387914232,0.8522895125553913,450,3731673907
domingos|d|ruggeri|s,2026-09-17 06:55:10,2026-09-17 06:51:12,2026-09-17 11:00:00,244.8,0.24492660146750123,0.7550733985324986,0.2747252747252747,0.782608695652174,350,3731677679
echeverria|j|prata|v,2026-09-17 06:55:10,2026-09-17 06:51:12,2026-09-17 11:00:00,244.8,0.8042283623728276,0.19577163762717248,0.8310810810810811,0.22573363431151244,350,3731675658
adams|j|yaneva|e,2026-09-17 06:55:10,2026-09-17 06:51:12,2026-09-17 09:00:00,124.8,0.06663779698830628,0.9333622030116937,0.08787346221441124,0.9497487437185929,550,3731675849
durand|y|maestrelli|f,2026-09-17 06:55:10,2026-09-17 06:51:12,2026-09-17 10:30:00,214.8,0.2882416174542715,0.7117583825457285,0.3076923076923077,0.7304582210242588,1900,3731675131
brunold|m|forti|f,2026-09-17 06:55:10,2026-09-17 06:51:12,2026-09-17 10:00:00,184.8,0.673719615536414,0.3262803844635858,0.6951219512195121,0.3484320557491289,1300,3731675131
fornasieri|c|turini|v,2026-09-17 06:55:10,2026-09-17 06:51:12,2026-09-17 10:00:00,184.8,0.1961703984035446,0.8038296015964553,0.22123893805309736,0.826689774696707,350,3731677857
alvarez|a|toffanin|n,2026-09-17 06:55:10,2026-09-17 06:51:12,2026-09-17 10:30:00,214.8,0.831503904414532,0.16849609558546802,0.8538011695906432,0.19342359767891684,350,3731673907
blomqvist|c|dapkute|i,2026-09-17 06:55:10,2026-09-17 06:51:12,2026-09-17 08:30:00,94.8,0.3590095630148923,0.6409904369851078,0.38314176245210724,0.6644295302013422,450,3731674109
paoletti|m|yesypchuk|d,2026-09-17 06:55:10,2026-09-17 06:51:12,2026-09-17 10:00:00,184.8,0.708789949209009,0.29121005079099116,0.7319034852546916,0.31545741324921134,350,3731677857
kostyuk|m|samsonova|l,2026-09-17 06:55:10,2026-09-17 06:51:12,2026-09-17 16:00:00,544.8,0.7610403930327408,0.23895960696725926,0.7752808988764045,0.25380710659898476,475,3731677537
cordoba|c|fernandez|m,2026-09-17 06:55:10,2026-09-17 06:51:12,2026-09-17 10:30:00,214.8,0.7560169195151727,0.2439830804848273,0.7792494481236203,0.26881720430107525,350,3731675023
kharlamov|r|tiukaev|r,2026-09-17 06:55:10,2026-09-17 06:51:12,2026-09-17 08:00:00,64.8,0.29083285120411445,0.7091671487958858,0.31545741324921134,0.732620320855615,450,3731678994
klok|d|melnic|v,2026-09-17 06:55:10,2026-09-17 06:51:12,2026-09-17 07:00:00,4.8,0.6156846713906008,0.38431532860939915,0.6389891696750902,0.4081632653061224,450,3731677222
katsumi|n|myatovic|j,2026-09-17 06:55:10,2026-09-17 06:51:12,2026-09-17 08:30:00,94.8,0.6692695849806766,0.33073041501932343,0.6923076923076923,0.35460992907801414,450,3731673926
avdeeva|j|klugman|h,2026-09-17 06:55:10,2026-09-17 06:51:12,2026-09-17 12:30:00,334.8,0.471143138585317,0.5288568614146831,0.5,0.5575221238938054,350,3731673907
mariani|m|sanchez|m,2026-09-17 06:55:10,2026-09-17 06:51:12,2026-09-17 08:30:00,94.8,0.42484989400518214,0.575150105994818,0.4484304932735426,0.5983935742971888,450,3731674109
barthel|m|ristic|m,2026-09-17 06:55:10,2026-09-17 06:51:12,2026-09-17 08:00:00,64.8,0.44342177022057777,0.5565782297794223,0.46511627906976744,0.5780590717299579,1750,3731676660
dmitrichenko|y|mascoll|s,2026-09-17 06:55:10,2026-09-17 06:51:12,2026-09-17 09:30:00,154.8,0.4126893128131789,0.5873106871868211,0.4366812227074236,0.6108949416342413,350,3731674629
boussaffir|s|medvedeva|m,2026-09-17 06:55:10,2026-09-17 06:51:12,2026-09-17 08:30:00,94.8,0.4349717996631839,0.5650282003368161,0.4587155963302753,0.5884773662551441,450,3731674109
basiletti|n|gorgodze|e,2026-09-17 06:55:10,2026-09-17 06:51:12,2026-09-17 09:30:00,154.8,0.5503864678311137,0.44961353216888644,0.574468085106383,0.4739336492890995,275,3731678919
laborde|a|sarksian|d,2026-09-17 06:55:10,2026-09-17 06:40:51,2026-09-17 06:48:51,-6.3,0.38580546100794577,0.6141945389920542,0.4098360655737705,0.6376811594202898,450,3731676080
domingos|d|ruggeri|s,2026-09-17 07:03:41,2026-09-17 06:56:06,2026-09-17 11:00:00,236.3,0.24905905872282885,0.7509409412771711,0.2785515320334262,0.7782705099778271,350,3731680019
milovanovic|e|vaissaud|d,2026-09-17 07:26:43,2026-09-17 07:21:24,2026-09-17 09:00:00,93.3,0.6027178077127916,0.39728219228720846,0.626865671641791,0.42194092827004215,450,3731681706
mariani|m|sanchez|m,2026-09-17 07:26:43,2026-09-17 07:21:24,2026-09-17 08:30:00,63.3,0.4035668984116433,0.5964331015883567,0.4273504273504274,0.6197718631178707,450,3731690053
durand|y|maestrelli|f,2026-09-17 07:26:43,2026-09-17 07:21:24,2026-09-17 10:30:00,183.3,0.2876431524636011,0.7123568475363989,0.3048780487804878,0.7289972899728998,1900,3731681555
barrera|a|tabacco|f,2026-09-17 07:26:43,2026-09-17 07:21:24,2026-09-17 11:00:00,213.3,0.47392353200298415,0.5260764679970158,0.49751243781094534,0.5495495495495495,350,3731681626
caniato|c|valiente|i,2026-09-17 07:26:43,2026-09-17 07:21:24,2026-09-17 10:00:00,153.3,0.631342109743061,0.3686578902569389,0.6527777777777778,0.390625,1750,3731681626
basiletti|n|gorgodze|e,2026-09-17 07:26:43,2026-09-17 07:26:43,2026-09-17 09:30:00,123.3,0.575150105994818,0.42484989400518214,0.5983935742971888,0.4484304932735426,275,3731695562
samson|l|sobolieva|a,2026-09-17 07:26:43,2026-09-17 07:21:24,2026-09-17 08:00:00,33.3,0.5361096035295193,0.46389039647048075,0.5575221238938054,0.4854368932038835,1750,3731682946
deckers|a|pietri|b,2026-09-17 07:26:43,2026-09-17 07:21:24,2026-09-17 11:00:00,213.3,0.6745664744236597,0.3254335255763404,0.6978851963746223,0.34965034965034963,350,3731681626
malygina|e|vandromme|j,2026-09-17 07:26:43,2026-09-17 07:21:24,2026-09-17 11:00:00,213.3,0.11032980901716083,0.8896701909828392,0.141643059490085,0.9147485080988917,225,3731681817
chepelev|a|comino|l,2026-09-17 07:26:43,2026-09-17 07:21:24,2026-09-17 09:00:00,93.3,0.7622987335548452,0.23770126644515477,0.7854077253218884,0.26246719160104987,750,3731681706
brunold|m|forti|f,2026-09-17 07:26:43,2026-09-17 07:21:24,2026-09-17 10:00:00,153.3,0.6710764976093861,0.32892350239061385,0.6923076923076923,0.3508771929824561,1750,3731681555
cordoba|c|fernandez|m,2026-09-17 07:26:43,2026-09-17 07:21:24,2026-09-17 10:30:00,183.3,0.7580619215448076,0.24193807845519238,0.7811816192560176,0.26666666666666666,350,3731693463
karatancheva|l|oz|i,2026-09-17 07:26:43,2026-09-17 07:21:24,2026-09-17 09:00:00,93.3,0.3133473482245643,0.6866526517754356,0.33783783783783783,0.7101449275362319,750,3731681626
belozertsev|n|nikolic|m,2026-09-17 07:26:43,2026-09-17 07:21:24,2026-09-17 11:00:00,213.3,0.8372281596316988,0.1627718403683012,0.859353023909986,0.18761726078799248,350,3731681817
compagnucci|t|manzano|j,2026-09-17 07:26:43,2026-09-17 07:21:24,2026-09-17 11:30:00,243.3,0.5402006468896929,0.45979935311030706,0.5633187772925764,0.48309178743961345,1050,3731682636
bilardo|j|ogunsakin|o,2026-09-17 07:26:43,2026-09-17 07:26:43,2026-09-17 08:30:00,63.3,0.6670547634878301,0.3329452365121699,0.6904024767801857,0.35714285714285715,450,3731695728
cecchinato|m|moeller|m,2026-09-17 07:26:43,2026-09-17 07:21:24,2026-09-17 11:00:00,213.3,0.6031538814068196,0.39684611859318036,0.6226415094339623,0.4166666666666667,1900,3731681706
connel|j|salvestre|d,2026-09-17 07:26:43,2026-09-17 07:21:24,2026-09-17 11:00:00,213.3,0.6042979911565869,0.39570200884341317,0.6282527881040892,0.42016806722689076,350,3731681555
clerc|d|reco|a,2026-09-17 07:26:43,2026-09-17 07:21:24,2026-09-17 09:00:00,93.3,0.2171979559875163,0.7828020440124838,0.24213075060532688,0.8058252427184467,450,3731681817
damazio|l|tosetto|r,2026-09-17 07:26:43,2026-09-17 07:21:24,2026-09-17 15:00:00,453.3,0.21687934539359555,0.7831206546064043,0.2518891687657431,0.8144712430426716,225,3731683012
agwi|m|tabacco|g,2026-09-17 07:26:43,2026-09-17 07:21:24,2026-09-17 11:00:00,213.3,0.5215330759903644,0.4784669240096356,0.5454545454545454,0.5024875621890548,350,3731681817
domenc|m|rossi|l,2026-09-17 07:26:43,2026-09-17 07:26:43,2026-09-17 09:00:00,93.3,0.3113838737669906,0.6886161262330092,0.33557046979865773,0.7118155619596541,450,3731695858
dourado|j|soares|m,2026-09-17 07:26:43,2026-09-17 07:21:24,2026-09-17 13:00:00,333.3,0.725487432021735,0.2745125679782649,0.7530864197530864,0.303951367781155,350,3731683370
gasparyan|m|tupitsyna|e,2026-09-17 07:26:43,2026-09-17 07:21:24,2026-09-17 09:00:00,93.3,0.39799718640119486,0.6020028135988053,0.42194092827004215,0.6254681647940076,450,3731681626
maxted|l|penzlin|j,2026-09-17 07:26:43,2026-09-17 07:21:24,2026-09-17 11:00:00,213.3,0.8497820864380904,0.1502179135619097,0.87146529562982,0.17482517482517484,350,3731685838
gloeckler|m|ivanov|s,2026-09-17 07:26:43,2026-09-17 07:21:24,2026-09-17 09:00:00,93.3,0.4920794608842571,0.5079205391157429,0.5169082125603864,0.5327102803738317,450,3731681817
domingos|d|ruggeri|s,2026-09-17 07:26:43,2026-09-17 07:21:24,2026-09-17 11:00:00,213.3,0.2595381285663759,0.7404618714336239,0.2840909090909091,0.7635933806146572,350,3731691242
martynov|d|vlasselaer|c,2026-09-17 07:26:43,2026-09-17 07:21:24,2026-09-17 09:00:00,93.3,0.5474182092080234,0.4525817907919766,0.5708154506437768,0.47619047619047616,450,3731681817
hipfl|n|salazar|d,2026-09-17 07:26:43,2026-09-17 07:21:24,2026-09-17 11:00:00,213.3,0.6923644789871776,0.3076355210128226,0.7159090909090909,0.33222591362126247,350,3731682166
matusevich|a|schoolkate|t,2026-09-17 07:26:43,2026-09-17 07:21:24,2026-09-17 09:00:00,93.3,0.3966080569266066,0.6033919430733934,0.4132231404958678,0.6197718631178707,2525,3731690814
banerjee|s|eldin|r,2026-09-17 07:26:43,2026-09-17 07:21:24,2026-09-17 13:00:00,333.3,0.9744943977560381,0.025505602243961787,0.9856052972506117,0.044802867383512544,350,3731682126
blaydes|b|makhlouf|m,2026-09-17 07:26:43,2026-09-17 07:21:24,2026-09-17 11:00:00,213.3,0.8656270093621466,0.13437299063785338,0.8867497168742923,0.15873015873015872,350,3731681706
pigossi|e|valdmannova|m,2026-09-17 07:26:43,2026-09-17 07:21:24,2026-09-17 13:00:00,333.3,0.3192758131561478,0.6807241868438522,0.3436426116838488,0.7041420118343195,500,3731681706
leong|m|trotter|j,2026-09-17 07:26:43,2026-09-17 07:26:43,2026-09-17 07:30:00,3.3,0.3373499296653635,0.6626500703346365,0.35460992907801414,0.6794871794871794,2525,3731695820
kirkin|e|liu|l,2026-09-17 07:26:43,2026-09-17 07:21:24,2026-09-17 11:00:00,213.3,0.6713386257515117,0.32866137424848835,0.6951219512195121,0.35335689045936397,350,3731681555
brancatelli|g|funk|a,2026-09-17 07:26:43,2026-09-17 07:21:24,2026-09-17 09:00:00,93.3,0.3228486100123041,0.6771513899876959,0.3472222222222222,0.7005988023952096,450,3731681706
cunha|v|sakamoto|p,2026-09-17 07:26:43,2026-09-17 07:21:24,2026-09-17 19:00:00,693.3,0.0300543009084252,0.9699456990915748,0.05485463521667581,0.9837266069975591,225,3731681706
hurrion|m|sahoo|d,2026-09-17 07:26:43,2026-09-17 07:21:24,2026-09-17 09:00:00,93.3,0.9757404559264583,0.024259544073541684,0.9851411589895989,0.03937007874015748,450,3731681817
hennemann|c|korokozidi|e,2026-09-17 07:26:43,2026-09-17 07:21:24,2026-09-17 09:00:00,93.3,0.7062061375300932,0.293793862469907,0.7297297297297298,0.3184713375796178,750,3731691881
cacao|t|torres|t,2026-09-17 07:26:43,2026-09-17 07:21:24,2026-09-17 11:00:00,213.3,0.3280604463941967,0.6719395536058032,0.35211267605633806,0.6951219512195121,350,3731681817
catanzarite|a|cinalli|l,2026-09-17 07:26:43,2026-09-17 07:26:43,2026-09-17 14:30:00,423.3,0.26841175854811206,0.7315882414518877,0.30303030303030304,0.7635933806146572,350,3731696711
bertimon|m|lumsden|e,2026-09-17 07:26:43,2026-09-17 07:21:24,2026-09-17 11:00:00,213.3,0.5714920741902716,0.4285079258097285,0.5951417004048584,0.45248868778280543,350,3731681706
rehberg|m|weis|a,2026-09-17 07:26:43,2026-09-17 07:21:24,2026-09-17 09:00:00,93.3,0.7814306203686444,0.21856937963135578,0.8043052837573386,0.24330900243309006,750,3731681706
diaz|m|willwerth|b,2026-09-17 07:26:43,2026-09-17 07:21:24,2026-09-17 11:00:00,213.3,0.19745362671264918,0.8025463732873508,0.2222222222222222,0.8251748251748252,350,3731681626
binda|a|sun|f,2026-09-17 07:26:43,2026-09-17 07:26:43,2026-09-17 08:30:00,63.3,0.26598692453513767,0.7340130754648624,0.28328611898017,0.7506234413965087,2525,3731694492
barthel|m|ristic|m,2026-09-17 07:26:43,2026-09-17 07:21:24,2026-09-17 08:00:00,33.3,0.43479715083663617,0.5652028491633639,0.4566210045662101,0.5867768595041323,1750,3731682586
kurt|i|luciano|l,2026-09-17 07:26:43,2026-09-17 07:21:24,2026-09-17 08:30:00,63.3,0.7357086130806206,0.2642913869193793,0.7590361445783133,0.28901734104046245,450,3731683078
cocola|s|vanshelboim|e,2026-09-17 07:26:43,2026-09-17 07:21:24,2026-09-17 09:00:00,93.3,0.22437453185496625,0.7756254681450337,0.24937655860349128,0.7987927565392354,750,3731681706
bertrand|r|murgett|f,2026-09-17 07:26:43,2026-09-17 07:21:24,2026-09-17 11:00:00,213.3,0.7079337903661596,0.2920662096338404,0.7311827956989247,0.3164556962025316,350,3731682166
monteiro|s|schoen|p,2026-09-17 07:26:43,2026-09-17 07:21:24,2026-09-17 11:00:00,213.3,0.023879728035296435,0.9761202719647033,0.038895371450797356,0.985426989215972,350,3731682126
encheva|l|koning|l,2026-09-17 07:26:43,2026-09-17 07:21:24,2026-09-17 09:00:00,93.3,0.43307939147461577,0.5669206085253843,0.4566210045662101,0.5901639344262295,750,3731681626
biryukov|p|honda|n,2026-09-17 07:26:43,2026-09-17 07:21:24,2026-09-17 07:30:00,3.3,0.6828718911814436,0.3171281088185564,0.6996996996996997,0.33444816053511706,2525,3731685256
reyniak|m|rojas|c,2026-09-17 07:26:43,2026-09-17 07:21:24,2026-09-17 10:00:00,153.3,0.6318250744611561,0.36817492553884396,0.6551724137931035,0.3921568627450981,350,3731693615
pieleanu|r|popovic|s,2026-09-17 07:26:43,2026-09-17 07:21:24,2026-09-17 08:11:00,44.3,0.4396836310351271,0.5603163689648729,0.4629629629629629,0.5833333333333333,450,3731691242
echeverria|j|prata|v,2026-09-17 07:26:43,2026-09-17 07:21:24,2026-09-17 11:00:00,213.3,0.8036640843817198,0.19633591561828026,0.826388888888889,0.22123893805309736,350,3731681817
kostyuk|m|samsonova|l,2026-09-17 07:26:43,2026-09-17 07:26:43,2026-09-17 16:00:00,513.3,0.7708407524662304,0.22915924753376946,0.7849462365591398,0.24390243902439027,475,3731697069
ezzat|y|petretic|l,2026-09-17 07:26:43,2026-09-17 07:21:24,2026-09-17 09:00:00,93.3,0.7066895399310403,0.29331046006895967,0.7297297297297298,0.31746031746031744,450,3731681706
andreev|a|biletic|i,2026-09-17 07:26:43,2026-09-17 07:11:47,2026-09-17 07:20:11,-6.5,0.9445111518091228,0.05548884819087717,0.9595305544314042,0.075642965204236,450,3731685882
charrier|a|mi|l,2026-09-17 07:38:48,2026-09-17 07:36:31,2026-09-17 09:30:00,111.2,0.15152335109216133,0.848476648907839,0.17605633802816903,0.8701298701298701,450,3731698886
dekkers|f|garcia|m,2026-09-17 07:38:48,2026-09-17 07:36:31,2026-09-17 09:30:00,111.2,0.2499750041658613,0.7500249958341387,0.2747252747252747,0.7732426303854876,450,3731698886
arcangioli|m|podrez|v,2026-09-17 07:38:48,2026-09-17 07:36:31,2026-09-17 11:30:00,231.2,0.1298472283381371,0.8701527716618629,0.15408320493066255,0.8910675381263616,350,3731699128
akugue|n|rapolu|m,2026-09-17 07:38:48,2026-09-17 07:36:31,2026-09-17 12:00:00,261.2,0.5315458372486201,0.4684541627513799,0.5555555555555556,0.4926108374384236,1050,3731699317
lopez|p|rodrigues|b,2026-09-17 07:38:48,2026-09-17 07:36:31,2026-09-17 15:30:00,471.2,0.6473874405166992,0.35261255948330106,0.6794871794871794,0.3861003861003861,225,3731699889
cocola|s|vanshelboim|e,2026-09-17 07:38:48,2026-09-17 07:36:31,2026-09-17 09:00:00,81.2,0.20812807164249866,0.7918719283575013,0.2331002331002331,0.8148148148148148,750,3731700733
gennaro|c|szabo|b,2026-09-17 07:38:48,2026-09-17 07:36:31,2026-09-17 07:41:07,2.3,0.6004045819979041,0.3995954180020959,0.6240601503759399,0.42372881355932196,450,3731701033
paoletti|m|yesypchuk|d,2026-09-17 07:38:48,2026-09-17 07:36:31,2026-09-17 07:44:15,5.4,0.708789949209009,0.29121005079099116,0.7319034852546916,0.31545741324921134,450,3731700733
matusevich|a|schoolkate|t,2026-09-17 07:38:48,2026-09-17 07:36:31,2026-09-17 09:00:00,81.2,0.3709529840576442,0.6290470159423558,0.38759689922480617,0.6453900709219857,2525,3731698481
knutson|g|koevermans|a,2026-09-17 07:38:48,2026-09-17 07:36:31,2026-09-17 15:30:00,471.2,0.5090939163387046,0.49090608366129546,0.5327102803738317,0.5145631067961165,200,3731698886
compagnucci|t|manzano|j,2026-09-17 07:38:48,2026-09-17 07:36:31,2026-09-17 11:30:00,231.2,0.5402006468896929,0.45979935311030706,0.5633187772925764,0.48309178743961345,1300,3731698765
reyniak|m|rojas|c,2026-09-17 07:38:48,2026-09-17 07:36:31,2026-09-17 10:00:00,141.2,0.634530007378447,0.365469992621553,0.6575342465753424,0.3891050583657587,350,3731700899
babel|o|petkovic|a,2026-09-17 07:38:48,2026-09-17 07:36:31,2026-09-17 07:42:24,3.6,0.6675514301841091,0.3324485698158909,0.691358024691358,0.35714285714285715,450,3731700733
dourado|j|soares|m,2026-09-17 07:38:48,2026-09-17 07:36:31,2026-09-17 13:00:00,321.2,0.7512068900696703,0.24879310993032963,0.7787610619469026,0.2785515320334262,350,3731699569
leong|m|trotter|j,2026-09-17 07:38:48,2026-09-17 07:36:31,2026-09-17 08:30:00,51.2,0.3425207452751124,0.6574792547248876,0.3597122302158273,0.6742671009771988,2525,3731699925
durand|y|maestrelli|f,2026-09-17 07:38:48,2026-09-17 07:36:31,2026-09-17 10:30:00,171.2,0.2876431524636011,0.7123568475363989,0.3048780487804878,0.7289972899728998,2525,3731698708
cecchinato|m|moeller|m,2026-09-17 07:38:48,2026-09-17 07:36:31,2026-09-17 11:00:00,201.2,0.6033919430733934,0.3966080569266066,0.6197718631178707,0.4132231404958678,1900,3731698765
biryukov|p|honda|n,2026-09-17 07:38:48,2026-09-17 07:36:31,2026-09-17 07:47:27,8.6,0.6828718911814436,0.3171281088185564,0.6996996996996997,0.33444816053511706,2525,3731698076
malygina|e|vandromme|j,2026-09-17 07:38:48,2026-09-17 07:36:31,2026-09-17 11:00:00,201.2,0.10851479545769721,0.8914852045423028,0.13717421124828533,0.9147485080988917,225,3731698886
brunold|m|forti|f,2026-09-17 07:38:48,2026-09-17 07:36:31,2026-09-17 10:00:00,141.2,0.6683898504966698,0.3316101495033302,0.6894409937888198,0.35335689045936397,1750,3731700265
barthel|m|ristic|m,2026-09-17 07:38:48,2026-09-17 07:36:31,2026-09-17 08:00:00,21.2,0.43757902000731635,0.5624209799926835,0.4587155963302753,0.5833333333333333,1750,3731700986
binda|a|sun|f,2026-09-17 07:38:48,2026-09-17 07:37:01,2026-09-17 07:46:35,7.8,0.26919001350730487,0.7308099864926952,0.28653295128939826,0.7474747474747475,2525,3731701234
barrena|a|pieri|s,2026-09-17 07:38:48,2026-09-17 07:36:31,2026-09-17 11:30:00,231.2,0.5572888113526123,0.44271118864738773,0.5815899581589958,0.4672897196261683,1300,3731698744
gandolfi|f|sziedat|f,2026-09-17 07:38:48,2026-09-17 07:36:31,2026-09-17 07:42:45,3.9,0.5380673142239828,0.46193268577601715,0.5614035087719298,0.4854368932038835,450,3731700789
dmitrichenko|y|mascoll|s,2026-09-17 07:38:48,2026-09-17 07:36:31,2026-09-17 09:30:00,111.2,0.4126893128131789,0.5873106871868211,0.4366812227074236,0.6108949416342413,450,3731699158
boehner|l|oktiabreva|a,2026-09-17 07:38:48,2026-09-17 07:36:31,2026-09-17 07:45:09,6.3,0.025587031935574732,0.9744129680644252,0.04101722723543889,0.9841345391083612,450,3731700733
fornasieri|c|turini|v,2026-09-17 07:38:48,2026-09-17 07:36:31,2026-09-17 10:00:00,141.2,0.19337920344490617,0.8066207965550938,0.2183406113537118,0.8293515358361775,450,3731699405
domingos|d|ruggeri|s,2026-09-17 07:38:48,2026-09-17 07:36:31,2026-09-17 11:00:00,201.2,0.2475590223629676,0.7524409776370322,0.2724795640326976,0.7757847533632287,350,3731700915
bertimon|c|poritskyy|a,2026-09-17 07:38:48,2026-09-17 07:36:31,2026-09-17 07:44:23,5.6,0.9458107590604079,0.05418924093959212,0.9606454151908697,0.07418397626112759,450,3731700429
chauhan|h|rahmani|k,2026-09-17 07:47:09,2026-09-17 07:47:09,2026-09-17 08:30:00,42.8,0.13785454507218792,0.8621454549278121,0.16233766233766234,0.8834498834498834,450,3731701564
biryukov|p|honda|n,2026-09-17 07:47:09,2026-09-17 07:47:09,2026-09-17 07:47:27,0.3,0.6824059915645753,0.3175940084354247,0.6987951807228916,0.33444816053511706,2525,3731701791
ivanovski|k|tabata|r,2026-09-17 07:47:09,2026-09-17 07:47:09,2026-09-17 08:00:00,12.8,0.7315062586307044,0.2684937413692957,0.7549019607843137,0.29325513196480935,450,3731703119
gasparyan|m|tupitsyna|e,2026-09-17 07:47:09,2026-09-17 07:47:09,2026-09-17 09:00:00,72.8,0.3948390748882274,0.6051609251117726,0.4184100418410042,0.6282527881040892,450,3731702895
delaney|j|tomic|b,2026-09-17 07:47:09,2026-09-17 07:47:09,2026-09-17 09:00:00,72.8,0.22013082448225824,0.7798691755177418,0.23752969121140144,0.7963340122199593,2525,3731701474
brancatelli|g|funk|a,2026-09-17 07:47:09,2026-09-17 07:47:09,2026-09-17 09:00:00,72.8,0.3192758131561478,0.6807241868438522,0.3436426116838488,0.7041420118343195,450,3731703610
domingos|d|ruggeri|s,2026-09-17 07:47:09,2026-09-17 07:47:09,2026-09-17 11:00:00,192.8,0.2720842815358264,0.7279157184641736,0.29673590504451036,0.7512437810945274,350,3731703740
bobichon|m|mannarino|a,2026-09-17 07:47:09,2026-09-17 07:47:09,2026-09-17 15:00:00,432.8,0.18026050814841618,0.8197394918515839,0.2,0.8379254457050244,150,3731703768
