pair,k1,k2,name1,name2,league,start_time,fair1,fair2,quote1,quote2,limit_usd,seen_at,obs_at,cutoff_at,version
abasolo|t|henning|p,abasolo|t,henning|p,Tomas Curras Abasolo,Philip Henning,ITF Men Setubal - R16,2026-09-24 12:00:00,0.05261173811796441,0.9473882618820356,0.0818330605564648,0.9665551839464882,225,2026-09-24 00:37:45,2026-09-24 00:22:48,2026-09-24 12:00:00,3740004026
abasolo|t|schlossmann|f,abasolo|t,schlossmann|f,Tomas Curras Abasolo,Frederic Schlossmann,ITF Men Setubal - R1,2026-09-23 10:00:00,0.6461266364693273,0.3538733635306726,0.6784565916398714,0.38759689922480617,225,2026-09-23 02:47:33,2026-09-23 02:47:33,2026-09-23 10:00:00,3739028208
abbagnato|a|malmkjaer|e,abbagnato|a,malmkjaer|e,Anastasia Abbagnato,Emma Kamper Malmkjaer,ITF Women Berkeley - R1,2026-09-23 18:00:00,0.5161111310220693,0.48388886897793065,0.5535714285714286,0.5215311004784688,50,2026-09-23 03:37:04,2026-09-23 03:34:33,2026-09-23 18:00:00,3739048861
abela|c|mushika|m,abela|c,mushika|m,Caitlin Abela,Mio Mushika,ITF Women Wagga Wagga - R1,2026-09-30 00:00:00,0.08902941167909889,0.9109705883209009,0.12706480304955528,0.9384236453201971,50,2026-09-29 03:14:34,2026-09-29 03:09:13,2026-09-30 00:00:00,3745791124
abe|h|arakawa|h,abe|h,arakawa|h,Hiromi Abe,Haruna Arakawa,ITF Women Nanao - R1,2026-09-23 01:00:00,0.9159316391871688,0.08406836081283116,0.9399759903961585,0.11655011655011654,100,2026-09-21 21:19:37,2026-09-21 21:17:44,2026-09-23 01:00:00,3737964832
abe|h|hosogi|s,abe|h,hosogi|s,Hiromi Abe,Sakura Hosogi,ITF Women Nanao - Final,2026-09-27 02:00:00,0.7006830397000168,0.2993169602999832,0.732620320855615,0.3333333333333333,250,2026-09-26 06:45:01,2026-09-26 06:43:38,2026-09-27 02:00:00,3742083315
abe|h|ishii|s,abe|h,ishii|s,Hiromi Abe,Sayaka Ishii,ITF Women Nanao - SF,2026-09-26 03:00:00,0.6516425767548066,0.3483574232451934,0.6835443037974683,0.38167938931297707,250,2026-09-17 10:41:18,2026-09-17 10:41:18,2026-09-26 03:00:00,3731831557
abe|h|lu|j,abe|h,lu|j,Hiromi Abe,Jia-Jing Lu,ITF Women Kyoto - Final,2026-09-20 01:30:00,0.52906786869849,0.4709321313015101,0.5652173913043479,0.5073891625615764,75,2026-09-19 05:36:52,2026-09-19 05:32:47,2026-09-20 01:30:00,3733759766
abe|h|matsuda|r,abe|h,matsuda|r,Hiromi Abe,Rinko Matsuda,ITF Women Kyoto - SF,2026-09-19 01:00:00,0.6232224364914594,0.37677756350854064,0.6551724137931035,0.4098360655737705,250,2026-09-18 06:40:56,2026-09-18 06:30:11,2026-09-19 01:00:00,3732530889
abe|h|mushika|m,abe|h,mushika|m,Hiromi Abe,Mio Mushika,ITF Women Kyoto - R16,2026-09-17 01:00:00,0.853650867043471,0.14634913295652904,0.879081015719468,0.17605633802816903,350,2026-09-16 19:13:15,2026-09-16 19:05:52,2026-09-17 01:00:00,3731313478
abe|h|sawashiro|k,abe|h,sawashiro|k,Hiromi Abe,Kanon Sawashiro,ITF Women Nanao - R16,2026-09-24 01:13:02,0.7820391513059012,0.2179608486940989,0.8171846435100548,0.2577319587628866,50,2026-09-23 11:39:30,2026-09-23 11:32:53,2026-09-24 01:13:02,3739396505
abe|h|shimizu|e,abe|h,shimizu|e,Hiromi Abe,Eri Shimizu,ITF Women Nanao - QF,2026-09-25 01:00:00,0.7580619215448074,0.24193807845519255,0.7938144329896907,0.28169014084507044,75,2026-09-24 07:07:18,2026-09-24 07:04:33,2026-09-25 01:00:00,3740152774
aboian|v|angelo|j,aboian|v,angelo|j,Valerio Aboian,Juan Carlos Prado Angelo,ATP Challenger Buenos Aires - R16,2026-09-24 21:30:00,0.3157812916518197,0.6842187083481804,0.3401360544217687,0.7076023391812866,150,2026-09-24 08:29:12,2026-09-24 08:29:12,2026-09-24 21:22:38,3740210976
aboian|v|cundom|j,aboian|v,cundom|j,Valerio Aboian,Julian Cundom,ATP Challenger Buenos Aires - Qualifiers,2026-09-20 15:24:10,0.8773570032388318,0.1226429967611682,0.9050332383665717,0.15698587127158556,50,2026-09-20 09:43:44,2026-09-20 09:38:31,2026-09-20 15:24:10,3736019286
aboian|v|descotte|m,aboian|v,descotte|m,Valerio Aboian,Matias Franco Descotte,ATP Challenger Buenos Aires - Qualifiers,2026-09-21 15:25:00,0.8631043025917347,0.1368956974082657,0.8916576381365113,0.17152658662092624,50,2026-09-21 07:51:29,2026-09-21 07:42:39,2026-09-21 15:25:00,3737568635
aboian|v|olivieri|g,aboian|v,olivieri|g,Valerio Aboian,Genaro Alberto Olivieri,ATP Challenger Buenos Aires - R1,2026-09-22 16:52:30,0.3888209531209442,0.6111790468790559,0.4132231404958678,0.635036496350365,150,2026-09-22 08:13:36,2026-09-22 08:07:02,2026-09-22 16:52:30,3738203825
abouelsaad|h|golovina|m,abouelsaad|h,golovina|m,Hania Abouelsaad,Maria Golovina,ITF Women Sharm El Sheikh - R16,2026-09-24 11:54:02,0.07622037499443819,0.9237796250055619,0.11325028312570781,0.9493927125506074,50,2026-09-23 23:34:21,2026-09-23 23:32:41,2026-09-24 11:54:02,3739972558
abouelsaad|h|lim|a,abouelsaad|h,lim|a,Hania Abouelsaad,Alize Lim,ITF Women Sharm El Sheikh - R1,2026-09-23 09:00:00,0.2504104958017325,0.7495895041982674,0.2849002849002849,0.7811816192560176,225,2026-09-23 03:24:41,2026-09-23 03:14:28,2026-09-23 09:00:00,3739040017
adams|j|yaneva|e,adams|j,yaneva|e,Julia Adams,Elizara Yaneva,ITF Women Pazardzhik - QF,2026-09-17 09:00:00,0.06281650344456152,0.9371834965554383,0.09842519685039369,0.9604743083003953,75,2026-09-16 23:16:19,2026-09-16 23:13:04,2026-09-17 09:00:00,3731475002
added|d|onclin|g,added|d,onclin|g,Dan Added,Gauthier Onclin,ATP Challenger Mouilleron-Le-Captif - R1,2026-09-28 15:10:00,0.24484783497090434,0.7551521650290958,0.2695417789757412,0.7782705099778271,150,2026-09-27 16:15:28,2026-09-27 16:14:17,2026-09-28 15:10:00,3744670762
adeshina|e|jamshidi|e,adeshina|e,jamshidi|e,Esther Adeshina,Elena Jamshidi,ITF Women Sharm El Sheikh - R16,2026-09-24 06:30:00,0.9325032799746477,0.0674967200253525,0.9542543458371454,0.09852216748768472,100,2026-09-23 23:41:22,2026-09-23 23:41:22,2026-09-24 06:30:00,3739979128
adeshina|e|pawlikowska|z,adeshina|e,pawlikowska|z,Esther Adeshina,Zuzanna Pawlikowska,ITF Women Sharm El Sheikh - QF,2026-09-25 07:30:00,0.3352638499669067,0.6647361500330934,0.373134328358209,0.7005988023952096,75,2026-09-24 23:44:45,2026-09-24 23:32:15,2026-09-25 06:46:22,3740858011
adeshina|e|zelinskaya|d,adeshina|e,zelinskaya|d,Esther Adeshina,Daria Zelinskaya,ITF Women Sharm El Sheikh - R1,2026-09-23 09:00:00,0.5251728140745587,0.4748271859254414,0.5575221238938054,0.5073891625615764,225,2026-09-23 03:24:41,2026-09-23 03:14:28,2026-09-23 09:00:00,3739040208
agafonov|e|yilmaz|k,agafonov|e,yilmaz|k,Egor Agafonov,Kerem Yilmaz,ITF Men Baku - R1,2026-09-22 07:30:00,0.556382255481585,0.44361774451841496,0.5884773662551441,0.47619047619047616,150,2026-09-21 21:19:37,2026-09-21 21:17:44,2026-09-22 07:30:00,3737964482
agamenone|f|parisca|i,agamenone|f,parisca|i,Franco Agamenone,Ignacio Parisca,ATP Challenger Bari - Qualifiers,2026-09-27 09:42:31,0.6352735283600038,0.3647264716399962,0.6632996632996633,0.39370078740157477,75,2026-09-27 05:31:57,2026-09-27 05:30:14,2026-09-27 09:42:31,3743845146
agamenone|f|sperle|j,agamenone|f,sperle|j,Franco Agamenone,John Sperle,ATP Challenger Bari - Qualifiers,2026-09-28 09:00:00,0.6379344425304304,0.36206555746956964,0.6655518394648829,0.390625,75,2026-09-27 17:23:11,2026-09-27 17:21:19,2026-09-28 09:00:00,3744791554
agostini|s|mano|a,agostini|s,mano|a,Simone Agostini,Alejandro Juan Mano,ATP Challenger Genoa - Qualifiers,2026-09-20 08:45:34,0.04797090423260039,0.9520290957673997,0.07892659826361484,0.9712230215827338,50,2026-09-20 01:51:49,2026-09-20 01:46:20,2026-09-20 08:45:34,3735732748
aguiard|e|atmane|t,aguiard|e,atmane|t,Enzo Aguiard,Terence Atmane,ATP Challenger Jingshan - Qualifiers,2026-09-29 05:10:00,0.09088843702754283,0.9091115629724572,0.12121212121212122,0.9324324324324323,100,2026-09-28 08:37:07,2026-09-28 08:32:04,2026-09-29 05:03:15,3745333395
aguiard|e|li|s,aguiard|e,li|s,Enzo Aguiard,Shanghui Li,ITF Men Yinchuan - R1,2026-09-23 02:13:06,0.9869102362458823,0.013089763754117599,0.9931304527031669,0.0248015873015873,450,2026-09-23 00:58:42,2026-09-23 00:58:34,2026-09-23 02:13:06,3738977074
aguiard|e|peliwo|f,aguiard|e,peliwo|f,Enzo Aguiard,Filip Peliwo,ITF Men Yinchuan - R16,2026-09-24 04:00:00,0.7630610721673232,0.23693892783267678,0.7946611909650925,0.2717391304347826,100,2026-09-23 15:32:15,2026-09-23 15:27:23,2026-09-24 03:47:18,3739616611
aguilar|d|garin|c,aguilar|d,garin|c,Daniel Merida Aguilar,Cristian Garin,Davis Cup - Qualifiers,2026-09-20 18:14:00,0.6173040720067371,0.38269592799326285,0.6389891696750902,0.40485829959514175,250,2026-09-20 08:15:24,2026-09-20 08:07:01,2026-09-20 18:23:00,3735918261
aguilar|d|tabilo|a,aguilar|d,tabilo|a,Daniel Merida Aguilar,Alejandro Tabilo,Davis Cup - Qualifiers,2026-09-19 16:24:04,0.4682512614857431,0.531748738514257,0.49019607843137253,0.5535714285714286,250,2026-09-19 08:08:36,2026-09-19 08:08:36,2026-09-19 16:24:04,3733822189
agwi|m|barrera|a,agwi|m,barrera|a,Michael Agwi,Adria Soriano Barrera,ITF Men Setubal - R1,2026-09-23 13:20:37,0.46040370963246513,0.539596290367535,0.49751243781094534,0.576271186440678,50,2026-09-22 12:29:34,2026-09-22 12:23:45,2026-09-23 13:20:37,3738410715
agwi|m|murgett|f,agwi|m,murgett|f,Michael Agwi,Finn Murgett,ITF Men Setubal - QF,2026-09-25 09:30:00,0.691629782894951,0.3083702171050491,0.7237569060773481,0.3424657534246575,150,2026-09-24 23:50:52,2026-09-24 23:50:52,2026-09-25 09:30:00,3740866913
agwi|m|rocha|f,agwi|m,rocha|f,Michael Agwi,Francisco Rocha,ITF Men Setubal - R16,2026-09-24 12:00:00,0.6232224364914594,0.37677756350854064,0.6551724137931035,0.4098360655737705,100,2026-09-24 00:37:45,2026-09-24 00:22:48,2026-09-24 11:36:30,3740000365
agwi|m|tabacco|g,agwi|m,tabacco|g,Michael Agwi,Giorgio Tabacco,ITF Men Sintra - R16,2026-09-17 11:52:09,0.5161111310220693,0.48388886897793065,0.5535714285714286,0.5215311004784688,50,2026-09-16 23:16:19,2026-09-16 23:13:04,2026-09-17 11:52:09,3731474210
agwi|m|torre|i,agwi|m,torre|i,Michael Agwi,Inaki Montes-De La Torre,ITF Men Setubal - SF,2026-09-26 10:30:00,0.21825743599029201,0.781742564009708,0.25839793281653745,0.8171846435100548,75,2026-09-25 23:38:37,2026-09-25 23:36:25,2026-09-26 09:40:39,3741871916
ajdukovic|d|morillo|i,ajdukovic|d,morillo|i,Duje Ajdukovic,Imanol Lopez Morillo,ATP Challenger Bari - Qualifiers,2026-09-27 08:05:00,0.7487733710128442,0.2512266289871556,0.7762863534675616,0.2808988764044944,75,2026-09-27 05:31:57,2026-09-27 05:30:14,2026-09-27 08:05:00,3743844879
akli|a|hercog|p,akli|a,hercog|p,Ayana Akli,Polona Hercog,ITF Women Quinta Do Lago - R1,2026-09-30 10:06:00,0.5969169171209877,0.40308308287901223,0.6296296296296295,0.4366812227074236,100,2026-09-29 02:57:29,2026-09-29 02:54:06,2026-09-30 10:06:00,3745789414
akli|a|knutson|g,akli|a,knutson|g,Ayana Akli,Gabriela Knutson,WTA 125K Porto - R16,2026-09-23 11:30:00,0.36353440762017447,0.6364655923798255,0.38759689922480617,0.6598639455782314,200,2026-09-23 02:32:42,2026-09-23 02:29:09,2026-09-23 11:30:00,3739010461
akli|a|koevermans|a,akli|a,koevermans|a,Ayana Akli,Anouk Koevermans,WTA 125K Porto - R1,2026-09-21 11:30:00,0.36353440762017447,0.6364655923798255,0.38759689922480617,0.6598639455782314,200,2026-09-20 16:51:03,2026-09-20 16:47:43,2026-09-21 11:30:00,3736948557
aksu|a|gjorcheska|l,aksu|a,gjorcheska|l,Ayla Aksu,Lina Gjorcheska,WTA 125K Ankara - R1,2026-09-21 16:00:00,0.5390342986976634,0.46096570130233666,0.5633187772925764,0.4854368932038835,200,2026-09-21 08:26:52,2026-09-21 08:26:52,2026-09-21 16:00:00,3737582693
aksu|a|naito|y,aksu|a,naito|y,Ayla Aksu,Yuki Naito,WTA 125K Ankara - R1,2026-09-21 17:18:18,0.5494663621811026,0.4505336378188974,0.5726495726495727,0.4739336492890995,200,2026-09-21 09:45:27,2026-09-21 09:43:23,2026-09-21 17:18:18,3737608760
aksu|a|pridankina|e,aksu|a,pridankina|e,Ayla Aksu,Elena Pridankina,WTA 125K Adana - R1,2026-09-29 10:00:00,0.3085909577713453,0.6914090422286547,0.3333333333333333,0.715099715099715,200,2026-09-28 16:20:05,2026-09-28 16:19:59,2026-09-29 10:00:00,3745543614
aksu|a|shi|h,aksu|a,shi|h,Ayla Aksu,Han Shi,WTA 125K Ankara - R16,2026-09-23 14:54:50,0.34198437715756436,0.6580156228424358,0.3663003663003663,0.6815286624203821,200,2026-09-23 07:27:01,2026-09-23 07:16:09,2026-09-23 14:54:50,3739141969
aksu|s|yashina|e,aksu|s,yashina|e,Semra Aksu,Ekaterina Yashina,WTA 125K Ankara - Qualifiers,2026-09-20 09:10:00,0.17014394544233927,0.8298560545576608,0.19493177387914232,0.8520710059171597,200,2026-09-20 01:31:56,2026-09-20 01:31:14,2026-09-20 09:10:00,3735713691
akugue|n|crawley|f,akugue|n,crawley|f,Noma Noha Akugue,Fiona Crawley,WTA 125K Adana - R1,2026-09-28 11:00:00,0.49090608366129546,0.5090939163387046,0.5145631067961165,0.5327102803738317,200,2026-09-28 01:43:49,2026-09-28 01:29:23,2026-09-28 10:55:07,3745222264
akugue|n|rapolu|m,akugue|n,rapolu|m,Noma Noha Akugue,Malaika Rapolu,WTA 125k Caldas Da Rainha - R16,2026-09-17 13:00:00,0.5182059240487615,0.48179407595123863,0.5412844036697247,0.504950495049505,200,2026-09-16 23:39:23,2026-09-16 23:33:19,2026-09-17 12:10:35,3731488985
alarcon|l|goto|r,alarcon|l,goto|r,Lucciana Perez Alarcon,Reina Goto,ITF Women Berkeley - R16,2026-09-24 19:00:00,0.6437320043012905,0.3562679956987096,0.6794871794871794,0.39370078740157477,50,2026-09-24 01:10:36,2026-09-24 01:08:07,2026-09-24 19:00:00,3740028542
alarcon|l|koike|e,alarcon|l,koike|e,Lucciana Perez Alarcon,Ena Koike,ITF Women Berkeley - R1,2026-09-23 17:00:00,0.35445114278109346,0.6455488572189066,0.3921568627450981,0.6815286624203821,50,2026-09-23 03:37:04,2026-09-23 03:34:33,2026-09-23 17:00:00,3739048880
alarcon|l|malmkjaer|e,alarcon|l,malmkjaer|e,Lucciana Perez Alarcon,Emma Kamper Malmkjaer,ITF Women Berkeley - QF,2026-09-25 17:00:00,0.678024383779652,0.321975616220348,0.7101449275362319,0.35587188612099646,250,2026-09-25 01:29:53,2026-09-25 01:17:36,2026-09-25 17:00:00,3740906299
alarcon|l|maria|t,alarcon|l,maria|t,Lucciana Perez Alarcon,Tatjana Maria,ITF Women Templeton - R1,2026-09-30 17:11:52,0.24856590511633692,0.7514340948836632,0.2881844380403458,0.7872340425531915,50,2026-09-30 12:00:46,2026-09-30 11:50:59,2026-09-30 17:11:52,3747119801
alarcon|l|preston|j,alarcon|l,preston|j,Lucciana Perez Alarcon,Janae Preston,ITF Women Berkeley - SF,2026-09-26 19:00:00,0.4555830366896552,0.5444169633103447,0.48780487804878053,0.576271186440678,150,2026-09-25 23:38:37,2026-09-25 23:36:25,2026-09-26 17:12:56,3741872868
alba|r|lock|b,alba|r,lock|b,Rafael De Alba,Benjamin Lock,ITF Men Kigali - R1,2026-09-30 07:00:00,0.19387749968369805,0.8061225003163021,0.22883295194508008,0.836867862969005,150,2026-09-30 02:04:19,2026-09-30 02:03:30,2026-09-30 07:00:00,3746773257
albieri|g|bernard|a,albieri|g,bernard|a,Gustavo Albieri,Alexander Bernard,ITF Men Ann Arbor - R1,2026-09-30 17:30:00,0.08267328693896286,0.917326713061037,0.1150747986191024,0.9412110523221634,150,2026-09-30 01:44:03,2026-09-30 01:33:18,2026-09-30 17:30:00,3746757913
albieri|s|moraes|m,albieri|s,moraes|m,Sofia Omati Albieri,Maria Moraes,ITF Women Belem - R1,2026-09-22 18:00:00,0.9719256043096616,0.02807439569033847,0.9851146174456684,0.052328623757195186,100,2026-09-22 03:24:37,2026-09-22 03:20:06,2026-09-22 19:00:00,3738082418
albieri|s|sharma|a,albieri|s,sharma|a,Sofia Omati Albieri,Astra Sharma,ITF Women Belem - R16,2026-09-24 15:00:00,0.0347063908252686,0.9652936091747315,0.060642813826561545,0.9803690616411466,150,2026-09-24 01:33:28,2026-09-24 01:29:40,2026-09-24 15:00:00,3740041622
albieri|s|vidal|l,albieri|s,vidal|l,Sofia Omati Albieri,Leticia Garcia Vidal,ITF Women Sao Luis - R16,2026-09-17 15:30:00,0.13149535153710032,0.8685046484628998,0.16611295681063123,0.8968008255933954,150,2026-09-16 23:16:19,2026-09-16 23:13:04,2026-09-17 14:40:45,3731473681
alcaraz|c|fritz|t,alcaraz|c,fritz|t,Carlos Alcaraz,Taylor Fritz,ATP Laver Cup,2026-09-26 18:30:00,0.7316635384437359,0.26833646155626417,0.7506234413965087,0.2881844380403458,200,2026-09-26 06:45:01,2026-09-26 06:43:38,2026-09-26 18:29:27,3742087283
alcaraz|c|michelsen|a,alcaraz|c,michelsen|a,Carlos Alcaraz,Alex Michelsen,ATP Tokyo - R1,2026-10-01 07:49:35,0.8350757088189306,0.16492429118106944,0.8509687034277199,0.18214936247723132,250,2026-09-29 08:11:16,2026-09-29 08:11:14,2026-10-01 07:49:35,3745901204
alcaraz|c|minaur|a,alcaraz|c,minaur|a,Carlos Alcaraz,Alex De Minaur,ATP Laver Cup,2026-09-27 15:00:00,0.8841750004875738,0.11582499951242622,0.904397705544933,0.13966480446927373,100,2026-09-27 07:23:04,2026-09-27 07:22:46,2026-09-27 15:00:00,3743909162
aleshchev|a|yilmaz|k,aleshchev|a,yilmaz|k,Alexey Aleshchev,Kerem Yilmaz,ITF Men Baku - R1,2026-09-29 06:39:52,0.15337146321275139,0.8466285367872486,0.18832391713747648,0.8760842627013631,150,2026-09-28 14:49:04,2026-09-28 14:47:23,2026-09-29 06:39:52,3745511539
alexandrova|e|sasnovich|a,alexandrova|e,sasnovich|a,Ekaterina Alexandrova,Aliaksandra Sasnovich,WTA Beijing - R2,2026-10-02 03:00:00,0.5878836492837484,0.41211635071625174,0.6047430830039526,0.4291845493562232,275,2026-10-01 09:31:10,2026-10-01 09:31:00,2026-10-02 03:00:00,3748018500
alfano|f|giorgio|p,alfano|f,giorgio|p,Filippo Alfano,Pasquale De Giorgio,ITF Men Santa Margherita di Pula - R1,2026-09-22 10:18:00,0.29461649383548066,0.7053835061645193,0.32894736842105265,0.7375328083989502,225,2026-09-22 01:50:44,2026-09-22 01:49:30,2026-09-22 09:25:19,3738050766
alhogbani|a|krajci|m,alhogbani|a,krajci|m,Ammar Faleh Alhogbani,Michal Krajci,ITF Men Sharm El Sheikh - R1,2026-09-23 09:31:35,0.16546565251689302,0.8345343474831072,0.20576131687242802,0.8682476943346508,50,2026-09-23 02:32:42,2026-09-23 02:29:09,2026-09-23 09:31:35,3739016359
aliassime|f|halys|q,aliassime|f,halys|q,Felix Auger-Aliassime,Quentin Halys,Davis Cup - Qualifiers,2026-09-18 23:02:00,0.7711009782822011,0.22889902171779894,0.794238683127572,0.25380710659898476,100,2026-09-18 08:26:12,2026-09-18 08:26:12,2026-09-18 23:02:00,3732577633
aliassime|f|khachanov|k,aliassime|f,khachanov|k,Felix Auger-Aliassime,Karen Khachanov,ATP Beijing - R1,2026-09-30 03:10:00,0.5801385438261438,0.4198614561738562,0.5967741935483871,0.4366812227074236,250,2026-09-29 04:55:47,2026-09-29 04:54:57,2026-09-30 03:10:00,3745822085
alkaya|m|cerundolo|f,alkaya|m,cerundolo|f,Mert Alkaya,Francisco Cerundolo,Davis Cup World - Group 1,2026-09-20 17:06:00,0.1304690500909344,0.8695309499090659,0.14970059880239522,0.8866213151927438,125,2026-09-20 07:57:32,2026-09-20 07:48:36,2026-09-20 16:13:38,3735902810
alkaya|m|tirante|t,alkaya|m,tirante|t,Mert Alkaya,Thiago Agustin Tirante,Davis Cup World - Group 1,2026-09-19 16:34:00,0.16164828655331143,0.8383517134466887,0.17889087656529518,0.8542274052478134,175,2026-09-19 09:39:18,2026-09-19 09:38:14,2026-09-19 16:34:00,3733925094
almeida|m|dellien|h,almeida|m,dellien|h,Matheus Pucinelli De Almeida,Hugo Dellien,ATP Challenger Buenos Aires - R1,2026-09-22 13:10:00,0.35208572681182987,0.6479142731881701,0.37593984962406013,0.6710526315789473,150,2026-09-22 03:59:32,2026-09-22 03:56:30,2026-09-22 13:16:21,3738094690
almeida|m|santos|p,almeida|m,santos|p,Matheus Pucinelli De Almeida,Paulo Andre Saraiva Dos Santos,ATP Challenger Curitiba - R1,2026-09-29 16:00:00,0.8187482921079053,0.18125170789209444,0.8412698412698413,0.2061855670103093,100,2026-09-29 08:35:41,2026-09-29 08:29:42,2026-09-29 14:42:52,3745915574
almeida|m|silva|j,almeida|m,silva|j,Matheus Pucinelli De Almeida,Joao Reis Da Silva,ATP Challenger Curitiba - R16,2026-09-30 22:30:00,0.601283085729066,0.39871691427093403,0.6240601503759399,0.42194092827004215,150,2026-09-30 09:26:40,2026-09-30 09:21:30,2026-09-30 22:30:00,3746993312
alopaeus|f|lane|l,alopaeus|f,lane|l,Felix Alopaeus,Lewie Lane,ITF Men Falun - R1,2026-09-22 12:00:00,0.4860406299048289,0.5139593700951712,0.5238095238095238,0.5515695067264574,50,2026-09-21 20:56:11,2026-09-21 20:48:26,2026-09-22 12:00:00,3737956124
altinel|a|shi|h,altinel|a,shi|h,Alya Naz Altinel,Han Shi,WTA 125K Ankara - R1,2026-09-22 12:30:00,0.019627596328623386,0.9803724036713763,0.03909304143862393,0.9902439024390244,200,2026-09-22 07:51:42,2026-09-22 07:46:02,2026-09-22 13:30:00,3738193747
altmaier|d|cui|j,altmaier|d,cui|j,Daniel Altmaier,Jie Cui,ATP Beijing - Qualifiers,2026-09-28 11:00:00,0.7106713941946926,0.2893286058053075,0.7319034852546916,0.3115264797507788,250,2026-09-27 23:29:27,2026-09-27 23:28:38,2026-09-28 11:00:00,3745158842
altmaier|d|dodig|m,altmaier|d,dodig|m,Daniel Altmaier,Matej Dodig,Davis Cup - Qualifiers,2026-09-20 13:44:00,0.74002384606446,0.25997615393554,0.7613365155131264,0.2824858757062147,250,2026-09-19 23:43:37,2026-09-19 23:41:09,2026-09-20 13:44:00,3735614453
altmaier|d|prizmic|d,altmaier|d,prizmic|d,Daniel Altmaier,Dino Prizmic,Davis Cup - Qualifiers,2026-09-19 14:38:28,0.3394171458949728,0.6605828541050272,0.36101083032490977,0.6815286624203821,250,2026-09-19 02:35:48,2026-09-19 02:31:52,2026-09-19 14:38:28,3733684518
alujas|r|sibanda|m,alujas|r,sibanda|m,Rodrigo Alujas,Mehluli Don Ayanda Sibanda,ITF Men Kigali - R1,2026-09-30 07:00:00,0.7176208723901355,0.2823791276098646,0.7493734335839599,0.3164556962025316,150,2026-09-30 02:04:19,2026-09-30 02:03:30,2026-09-30 07:00:00,3746772956
alvarez|a|fabre|a,alvarez|a,fabre|a,Alejandro Turriziani Alvarez,Antoni Fabre,ITF Men Melilla - QF,2026-09-18 10:00:00,0.5614485859995993,0.4385514140004007,0.5983935742971888,0.47619047619047616,75,2026-09-17 19:56:25,2026-09-17 19:56:10,2026-09-18 10:00:00,3732306540
alvarez|a|marino|p,alvarez|a,marino|p,Alejandro Turriziani Alvarez,Pietro Marino,ITF Men Melilla - SF,2026-09-19 08:00:00,0.49353340128709705,0.5064665987129028,0.5305164319248826,0.5433789954337899,75,2026-09-18 21:39:16,2026-09-18 21:35:50,2026-09-19 08:00:00,3733520009
alvarez|a|toffanin|n,alvarez|a,toffanin|n,Alejandro Turriziani Alvarez,Nicolo Toffanin,ITF Men Melilla - R16,2026-09-17 11:30:00,0.8326443576556526,0.16735564234434752,0.8663101604278075,0.20746887966804978,50,2026-09-16 23:44:59,2026-09-16 23:43:27,2026-09-17 10:41:02,3731493806
alvarez|l|gulin|s,alvarez|l,gulin|s,Luis Carlos Alvarez,Svyatoslav Gulin,ATP Challenger Bari - Qualifiers,2026-09-27 13:59:45,0.32809197868037615,0.6719080213196238,0.35714285714285715,0.6996996996996997,75,2026-09-27 05:42:09,2026-09-27 05:37:05,2026-09-27 14:00:00,3743847479
alves|f|heide|g,alves|f,heide|g,Felipe Meligeni Rodrigues Alves,Gustavo Heide,ATP Challenger Curitiba - R16,2026-09-30 16:27:45,0.2713405991223657,0.7286594008776344,0.2958579881656805,0.7518610421836228,150,2026-09-30 09:40:25,2026-09-30 09:36:36,2026-09-30 16:27:45,3746996122
alves|f|zarate|c,alves|f,zarate|c,Felipe Meligeni Rodrigues Alves,Carlos Maria Zarate,ATP Challenger Curitiba - R1,2026-09-29 14:00:00,0.726084027289395,0.2739159727106049,0.7493734335839599,0.29850746268656714,500,2026-09-28 09:37:19,2026-09-28 09:32:27,2026-09-29 14:00:00,3745361758
alves|m|chabalgoity|p,alves|m,chabalgoity|p,Mateus Alves,Pedro Henrique Chabalgoity,ITF Men Curitiba - R16,2026-09-24 15:00:00,0.9822525689873602,0.017747431012639776,0.9927404718693285,0.042735042735042736,50,2026-09-24 01:53:00,2026-09-24 01:48:54,2026-09-24 15:00:00,3740053029
alves|m|leite|w,alves|m,leite|w,Mateus Alves,Wilson Leite,ITF Men Curitiba - SF,2026-09-26 16:00:00,0.9162043998800952,0.08379560011990479,0.9402271368798565,0.11627906976744186,250,2026-09-26 01:22:59,2026-09-26 01:22:35,2026-09-26 16:00:00,3741929953
alves|m|loureiro|j,alves|m,loureiro|j,Mateus Alves,Joao Victor Couto Loureiro,ITF Men Curitiba - QF,2026-09-25 16:00:00,0.9050871798537482,0.09491282014625178,0.9332888592394929,0.13333333333333333,75,2026-09-25 01:48:53,2026-09-25 01:47:48,2026-09-25 16:00:00,3740912792
alves|m|pereira|j,alves|m,pereira|j,Mateus Alves,Jose Pereira,ATP Challenger Curitiba - R1,2026-09-29 17:15:00,0.8981935668711587,0.10180643312884129,0.9226006191950465,0.13280212483399734,50,2026-09-29 08:35:41,2026-09-29 08:29:42,2026-09-29 16:28:07,3745916417
alves|m|sakamoto|p,alves|m,sakamoto|p,Mateus Alves,Pedro Sakamoto,ITF Men Curitiba - Final,2026-09-27 14:00:00,0.7179590488555527,0.28204095114444727,0.75,0.3164556962025316,250,2026-09-26 23:11:48,2026-09-26 23:10:45,2026-09-27 14:00:00,3743589059
alves|m|salvo|m,alves|m,salvo|m,Mateus Alves,Manuel Mouilleron Salvo,ITF Men Curitiba - R1,2026-09-23 21:55:21,0.9660893908077519,0.03391060919224814,0.9809523809523809,0.05966587112171839,100,2026-09-23 05:48:17,2026-09-23 05:48:17,2026-09-23 21:55:21,3739099779
alves|m|villanueva|g,alves|m,villanueva|g,Mateus Alves,Gonzalo Villanueva,ATP Challenger Curitiba - R16,2026-10-01 14:00:00,0.581318844741608,0.418681155258392,0.6047430830039526,0.4424778761061947,500,2026-10-01 08:56:46,2026-10-01 08:45:42,2026-10-01 14:00:00,3747993224
amadike|c|vankan|m,amadike|c,vankan|m,Chetanna Amadike,Marlon Vankan,ITF Men Kigali - R1,2026-09-30 08:00:00,0.09381901734135309,0.906180982658647,0.12690355329949238,0.9313186813186812,100,2026-09-30 02:04:19,2026-09-30 02:03:30,2026-09-30 08:00:00,3746773094
amariei|i|janicijevic|s,amariei|i,janicijevic|s,Ilinca Dalina Amariei,Selena Janicijevic,ITF Women Plovdiv - R1,2026-09-23 10:58:16,0.4102567761490179,0.5897432238509822,0.4424778761061947,0.6212121212121212,150,2026-09-22 14:20:58,2026-09-22 14:10:56,2026-09-23 10:58:16,3738503566
amariei|i|olmo|a,amariei|i,olmo|a,Ilinca Dalina Amariei,Ane Mintegi Del Olmo,ITF Women Plovdiv - QF,2026-09-25 09:30:00,0.21203295015583032,0.7879670498441698,0.2518891687657431,0.8230088495575221,75,2026-09-24 17:56:13,2026-09-24 17:56:13,2026-09-25 09:30:00,3740629314
amariei|i|oz|i,amariei|i,oz|i,Ilinca Dalina Amariei,Ipek Oz,ITF Women Plovdiv - R16,2026-09-24 09:00:00,0.2256772051853843,0.7743227948146157,0.26525198938992045,0.8095238095238095,50,2026-09-23 23:47:04,2026-09-23 23:43:27,2026-09-24 09:00:00,3739978331
anavatan|m|branger|l,anavatan|m,branger|l,Melih Anavatan,Liam Branger,ITF Men Monastir - R16,2026-10-01 08:30:00,0.30061242274169214,0.699387577258308,0.33444816053511706,0.7311827956989247,225,2026-10-01 01:24:54,2026-10-01 01:12:40,2026-10-01 08:30:00,3747782043
anavatan|m|lumsden|e,anavatan|m,lumsden|e,Melih Anavatan,Ewen Lumsden,ITF Men Monastir - R1,2026-09-23 10:30:00,0.2627004378121703,0.7372995621878297,0.3021148036253776,0.7732426303854876,50,2026-09-23 05:41:44,2026-09-23 05:35:55,2026-09-23 10:30:00,3739092971
anavatan|m|malige|m,anavatan|m,malige|m,Melih Anavatan,Mae Malige,ITF Men Monastir - R1,2026-09-29 10:30:00,0.2277843105382577,0.7722156894617423,0.26246719160104987,0.8035363457760314,100,2026-09-28 16:47:30,2026-09-28 16:47:30,2026-09-29 10:30:00,3745579222
andaloro|f|clarke|j,andaloro|f,clarke|j,Fabrizio Andaloro,Jay Clarke,ATP Challenger Bari - R1,2026-09-29 10:00:04,0.17965501061995057,0.8203449893800495,0.20449897750511245,0.8427672955974843,100,2026-09-28 21:28:47,2026-09-28 21:21:54,2026-09-29 10:00:04,3745709248
andaloro|f|colasanto|f,andaloro|f,colasanto|f,Fabrizio Andaloro,Francesco Giuseppe Colasanto,ATP Challenger Bari - Qualifiers,2026-09-27 15:00:00,0.9680599069788379,0.03194009302116216,0.9830909705782889,0.05952380952380952,50,2026-09-27 05:42:09,2026-09-27 05:37:05,2026-09-27 15:00:00,3743846501
andrade|a|basavareddy|n,andrade|a,basavareddy|n,Andres Andrade,Nishesh Basavareddy,ATP Challenger San Diego - QF,2026-09-26 02:00:00,0.2723392598677385,0.7276607401322616,0.29239766081871343,0.7468354430379747,200,2026-09-25 05:21:35,2026-09-25 05:19:11,2026-09-26 03:00:00,3740976208
andrade|a|blanch|d,andrade|a,blanch|d,Andres Andrade,Darwin Blanch,ATP Challenger San Diego - R16,2026-09-24 22:00:00,0.349060555436877,0.650939444563123,0.373134328358209,0.6742671009771988,150,2026-09-24 09:34:18,2026-09-24 09:29:52,2026-09-24 22:00:00,3740254183
andrade|a|fery|a,andrade|a,fery|a,Andres Andrade,Arthur Fery,Davis Cup - Qualifiers,2026-09-20 12:55:00,0.17760933273562088,0.8223906672643791,0.2,0.8427672955974843,250,2026-09-19 23:43:37,2026-09-19 23:41:09,2026-09-20 12:55:00,3735614139
andrade|a|samuel|t,andrade|a,samuel|t,Andres Andrade,Toby Samuel,Davis Cup - Qualifiers,2026-09-19 12:00:00,0.19639197428678462,0.8036080257132155,0.2188183807439825,0.8242530755711774,250,2026-09-19 02:35:48,2026-09-19 02:31:52,2026-09-19 12:00:00,3733684023
andrade|a|shelbayh|a,andrade|a,shelbayh|a,Andres Andrade,Abdullah Shelbayh,ATP Challenger San Diego - R1,2026-09-23 19:00:00,0.47619047619047616,0.5238095238095238,0.5,0.5475113122171946,150,2026-09-23 07:48:24,2026-09-23 07:46:22,2026-09-23 18:14:16,3739162587
andrade|a|staeheli|l,andrade|a,staeheli|l,Andres Andrade,Luca Staeheli,ATP Challenger Columbus - R16,2026-09-30 19:00:00,0.7509265386698654,0.24907346133013458,0.7742663656884875,0.273972602739726,150,2026-09-30 09:26:40,2026-09-30 09:21:30,2026-09-30 18:35:54,3746986955
andrade|a|svajda|t,andrade|a,svajda|t,Andres Andrade,Trevor Svajda,ATP Challenger Columbus - R1,2026-09-29 22:00:00,0.39570200884341317,0.6042979911565869,0.42016806722689076,0.6282527881040892,150,2026-09-29 08:35:41,2026-09-29 08:26:19,2026-09-29 20:54:19,3745913287
andreescu|s|obradovic|d,andreescu|s,obradovic|d,Stefan Adrian Andreescu,Dusan Obradovic,ATP Challenger Plovdiv - Qualifiers,2026-09-20 10:20:00,0.4451179844400609,0.5548820155599392,0.4739336492890995,0.5833333333333333,75,2026-09-20 01:31:56,2026-09-20 01:31:14,2026-09-20 10:23:51,3735709905
andreescu|s|papoe|r,andreescu|s,papoe|r,Stefan Adrian Andreescu,Radu Mihai Papoe,ITF Men Slobozia - R1,2026-09-30 08:05:00,0.18815177948504996,0.8118482205149501,0.2232142857142857,0.84251968503937,100,2026-09-29 00:52:22,2026-09-29 00:38:12,2026-09-30 08:05:00,3745754089
andreeva|e|brantmeier|r,andreeva|e,brantmeier|r,Erika Andreeva,Reese Brantmeier,WTA 125K Porto - R1,2026-09-22 16:45:00,0.365469992621553,0.634530007378447,0.3891050583657587,0.6575342465753424,200,2026-09-22 15:40:22,2026-09-22 15:39:58,2026-09-22 16:45:00,3738569383
andreeva|e|iatcenko|p,andreeva|e,iatcenko|p,Erika Andreeva,Polina Iatcenko,WTA 125K Adana - R1,2026-09-29 13:30:00,0.4416340818272533,0.5583659181727467,0.46511627906976744,0.5815899581589958,200,2026-09-28 16:20:05,2026-09-28 16:19:59,2026-09-29 12:22:34,3745544971
andreeva|e|micic|e,andreeva|e,micic|e,Erika Andreeva,Elena Micic,WTA 125K Adana - Qualifiers,2026-09-27 13:30:00,0.7070725352174517,0.2929274647825482,0.7304582210242588,0.31746031746031744,200,2026-09-26 14:04:57,2026-09-26 14:01:21,2026-09-27 13:30:00,3742588898
andreeva|e|pridankina|e,andreeva|e,pridankina|e,Erika Andreeva,Elena Pridankina,WTA 125K Adana - QF,2026-10-02 12:00:00,0.529330537912523,0.4706694620874769,0.5535714285714286,0.49504950495049505,600,2026-10-01 09:10:52,2026-10-01 09:00:48,2026-10-02 12:00:00,3748004325
andreeva|e|waltert|s,andreeva|e,waltert|s,Erika Andreeva,Simona Waltert,WTA 125K Adana - R16,2026-09-30 10:00:00,0.4886304879179552,0.5113695120820447,0.5121951219512195,0.5348837209302326,200,2026-09-29 17:57:38,2026-09-29 17:57:38,2026-09-30 10:00:00,3746406339
andreeva|m|fernandez|l,andreeva|m,fernandez|l,Mirra Andreeva,Leylah Fernandez,WTA Singapore - QF,2026-09-25 10:30:00,0.7692490508645142,0.2307509491354856,0.7835497835497836,0.24570024570024568,475,2026-09-23 15:32:15,2026-09-23 15:27:23,2026-09-25 10:30:00,3739619976
andreeva|m|sasnovich|a,andreeva|m,sasnovich|a,Mirra Andreeva,Aliaksandra Sasnovich,WTA Singapore - R16,2026-09-23 11:30:00,0.8830832182786754,0.11691678172132469,0.8996990972918756,0.1358695652173913,250,2026-09-22 11:28:07,2026-09-22 11:23:24,2026-09-23 10:43:22,3738357559
andreeva|m|yuan|y,andreeva|m,yuan|y,Mirra Andreeva,Yue Yuan,WTA Beijing - R2,2026-10-02 03:00:00,0.9363335605730567,0.0636664394269434,0.9523582658408766,0.08460236886632826,250,2026-10-01 07:57:27,2026-10-01 07:50:16,2026-10-02 03:00:00,3747960303
andreev|a|biletic|i,andreev|a,biletic|i,Adrian Andreev,Ivan Biletic,ITF Men Zlatibor - R1,2026-09-17 10:00:00,0.9453609898218543,0.054639010178145625,0.967018469656992,0.08920606601248884,50,2026-09-16 23:25:56,2026-09-16 23:18:12,2026-09-17 10:00:00,3731477189
andreev|a|forejtek|j,andreev|a,forejtek|j,Adrian Andreev,Jonas Forejtek,ATP Challenger Plovdiv - SF,2026-09-26 14:03:00,0.45943999610880093,0.5405600038911991,0.47846889952153115,0.5594713656387665,200,2026-09-25 23:56:02,2026-09-25 23:51:34,2026-09-26 13:59:12,3741881199
andreev|a|ivanov|i,andreev|a,ivanov|i,Adrian Andreev,Ivan Ivanov,ATP Challenger Plovdiv - R16,2026-09-24 11:00:00,0.5514959142282192,0.4485040857717808,0.574468085106383,0.4716981132075471,150,2026-09-23 15:54:35,2026-09-23 15:49:29,2026-09-24 10:14:53,3739637944
andreev|a|obradovic|d,andreev|a,obradovic|d,Adrian Andreev,Dusan Obradovic,ATP Challenger Plovdiv - Qualifiers,2026-09-21 10:00:00,0.6665332399225969,0.3334667600774031,0.6941896024464832,0.3623188405797102,75,2026-09-20 19:39:01,2026-09-20 19:38:03,2026-09-21 10:00:00,3737226677
andreev|a|prihodko|o,andreev|a,prihodko|o,Adrian Andreev,Oleg Prihodko,ATP Challenger Plovdiv - R1,2026-09-22 13:38:52,0.46625979929231565,0.5337402007076846,0.49019607843137253,0.5575221238938054,150,2026-09-21 18:08:25,2026-09-21 18:01:30,2026-09-22 13:46:00,3737861383
andreev|a|tabata|r,andreev|a,tabata|r,Adrian Andreev,Ryo Tabata,ITF Men Zlatibor - R16,2026-09-18 10:00:00,0.8533812989997336,0.146618701000266,0.8859749144811859,0.18656716417910446,50,2026-09-18 01:38:45,2026-09-18 01:38:45,2026-09-18 07:20:02,3732437849
andreev|a|valiente|i,andreev|a,valiente|i,Adrian Andreev,Izan Almazan Valiente,ATP Challenger Plovdiv - QF,2026-09-25 16:00:00,0.5578014842731424,0.44219851572685775,0.576271186440678,0.4608294930875576,200,2026-09-24 18:07:31,2026-09-24 18:07:31,2026-09-25 16:03:26,3740641599
andre|s|jansen|w,andre|s,jansen|w,Seydina Andre,William Jansen,ITF Men Columbia - R1,2026-09-23 21:42:19,0.2870538722861712,0.7129461277138288,0.32573289902280134,0.7487437185929648,50,2026-09-23 11:39:30,2026-09-23 11:32:53,2026-09-23 21:42:19,3739391832
andrienko|m|rybas|f,andrienko|m,rybas|f,Maria Andrienko,Felitsata Dorofeeva-Rybas,ITF Women Varna - R1,2026-09-29 08:37:00,0.16896069194811167,0.8310393080518884,0.2092050209205021,0.8648648648648649,50,2026-09-28 18:26:59,2026-09-28 18:20:44,2026-09-29 08:37:00,3745629501
angelini|l|cadenasso|g,angelini|l,cadenasso|g,Lorenzo Angelini,Gianluca Cadenasso,ATP Challenger Bari - R16,2026-09-30 08:30:00,0.19156218532407238,0.8084378146759277,0.21645021645021645,0.8310810810810811,100,2026-09-29 16:37:43,2026-09-29 16:29:37,2026-09-30 08:30:00,3746318958
angelini|l|comino|l,angelini|l,comino|l,Lorenzo Angelini,Lorenzo Comino,ITF Men Santa Margherita di Pula - R1,2026-09-22 10:30:00,0.6579517796549207,0.3420482203450794,0.6941896024464832,0.3802281368821293,50,2026-09-21 21:37:05,2026-09-21 21:32:52,2026-09-22 10:30:00,3737968420
angelini|l|johns|g,angelini|l,johns|g,Lorenzo Angelini,Garrett Johns,ATP Challenger Bari - R1,2026-09-28 13:50:49,0.38580546100794577,0.6141945389920542,0.4098360655737705,0.6376811594202898,150,2026-09-27 23:43:39,2026-09-27 23:37:56,2026-09-28 13:50:49,3745170188
angelini|l|sciahbasi|m,angelini|l,sciahbasi|m,Lorenzo Angelini,Matteo Sciahbasi,ITF Men Santa Margherita di Pula - R16,2026-09-23 11:57:00,0.6056328727648724,0.3943671272351277,0.6376811594202898,0.4273504273504274,100,2026-09-23 02:47:33,2026-09-23 02:47:33,2026-09-23 11:57:00,3739027899
angelis|g|pieri|j,angelis|g,pieri|j,Ginevra De Angelis,Jessica Pieri,WTA 125k Tolentino - R1,2026-09-22 17:00:00,0.04563288869510163,0.9543671113048984,0.07137758743754462,0.9711149624494511,200,2026-09-22 08:13:36,2026-09-22 08:07:02,2026-09-22 16:30:32,3738204643
angeloni|l|bosio|g,angeloni|l,bosio|g,Leonardo Angeloni,Gabriele Bosio,ITF Men Telavi - R1,2026-09-29 06:00:00,0.17824519368392308,0.821754806316077,0.21321961620469085,0.8520710059171597,150,2026-09-28 14:49:04,2026-09-28 14:47:23,2026-09-29 06:00:00,3745512058
angeloni|l|klok|d,angeloni|l,klok|d,Leonardo Angeloni,Denis Klok,ITF Men Telavi - R1,2026-09-23 08:30:00,0.2993169602999832,0.7006830397000168,0.3333333333333333,0.732620320855615,100,2026-09-23 05:41:44,2026-09-23 05:35:55,2026-09-23 08:30:00,3739094267
angelo|j|barrena|a,angelo|j,barrena|a,Juan Carlos Prado Angelo,Alex Barrena,ATP Challenger Buenos Aires - QF,2026-09-25 21:24:57,0.5242005672154525,0.4757994327845475,0.5433789954337899,0.49504950495049505,200,2026-09-25 01:01:04,2026-09-25 00:47:25,2026-09-25 21:24:57,3740894023
angelo|j|rodriguez|l,angelo|j,rodriguez|l,Juan Carlos Prado Angelo,Lorenzo Joaquin Rodriguez,ATP Challenger Buenos Aires - R1,2026-09-22 15:54:00,0.7515504994001839,0.24844950059981605,0.7747747747747747,0.27322404371584696,150,2026-09-22 08:13:36,2026-09-22 08:07:02,2026-09-22 17:00:00,3738203986
angelo|j|villanueva|g,angelo|j,villanueva|g,Juan Carlos Prado Angelo,Gonzalo Villanueva,ATP Challenger Curitiba - R1,2026-09-29 17:30:00,0.7132673295069818,0.28673267049301815,0.7368421052631579,0.3115264797507788,150,2026-09-28 08:37:07,2026-09-28 08:32:04,2026-09-29 17:30:00,3745337196
ansari|c|kostovic|t,ansari|c,kostovic|t,Carolyn Ansari,Teodora Kostovic,WTA 125K Ankara - R1,2026-09-22 11:00:00,0.1841877156637669,0.8158122843362333,0.2092050209205021,0.8384491114701131,200,2026-09-21 15:39:59,2026-09-21 15:30:33,2026-09-22 11:00:00,3737783724
ansari|c|lollia|m,ansari|c,lollia|m,Carolyn Ansari,Mathilde Lollia,ITF Women Baza - R1,2026-09-29 10:15:00,0.7164692806705534,0.2835307193294466,0.7481108312342569,0.31746031746031744,100,2026-09-29 02:48:34,2026-09-29 02:48:34,2026-09-29 10:15:00,3745788376
anthrop|j|tabacco|f,anthrop|j,tabacco|f,Jack Anthrop,Fausto Tabacco,ITF Men Setubal - R1,2026-09-23 15:59:12,0.5204202693588545,0.4795797306411455,0.5575221238938054,0.5169082125603864,50,2026-09-22 12:29:34,2026-09-22 12:24:36,2026-09-23 15:59:12,3738412555
antonius|m|hance|k,antonius|m,hance|k,Michael Antonius,Keaton Hance,ATP Challenger Columbus - Qualifiers,2026-09-27 16:00:00,0.6771116256313583,0.32288837436864176,0.7050147492625369,0.35211267605633806,75,2026-09-27 06:53:52,2026-09-27 06:52:35,2026-09-27 15:38:53,3743883102
an|l|chen|m,an|l,chen|m,Liuyan An,Meng-Yi Chen,ITF Women Maanshan - R1,2026-09-22 04:48:00,0.2875279696792712,0.7124720303207288,0.3215434083601286,0.7442455242966751,150,2026-09-21 12:45:50,2026-09-21 12:44:33,2026-09-22 04:48:00,3737700533
an|l|koyama|h,an|l,koyama|h,Liuyan An,Honori Koyama,ITF Women Maanshan - R1,2026-09-29 04:09:00,0.6398324161339678,0.3601675838660323,0.6763754045307443,0.39840637450199207,50,2026-09-28 08:37:07,2026-09-28 08:32:04,2026-09-29 04:09:00,3745336022
appleton|e|brace|c,appleton|e,brace|c,Emily Appleton,Cadence Brace,ITF Women Yecla - R1,2026-09-22 10:00:00,0.32760441272167723,0.6723955872783227,0.36101083032490977,0.7041420118343195,150,2026-09-21 21:19:37,2026-09-21 21:18:47,2026-09-22 10:00:00,3737965757
appleton|e|hatouka|y,appleton|e,hatouka|y,Emily Appleton,Yuliya Hatouka,ITF Women Hurghada - R16,2026-09-17 09:00:00,0.6695125122628558,0.3304874877371443,0.7058823529411764,0.36900369003690037,50,2026-09-16 23:39:23,2026-09-16 23:33:19,2026-09-17 09:00:00,3731490164
appleton|e|kuzmova|k,appleton|e,kuzmova|k,Emily Appleton,Katarina Kuzmova,ITF Women Hurghada - QF,2026-09-18 07:00:00,0.46781592116274323,0.5321840788372567,0.504950495049505,0.5689655172413793,75,2026-09-18 00:10:21,2026-09-18 00:10:21,2026-09-18 06:13:44,3732390730
appleton|e|lazarenko|k,appleton|e,lazarenko|k,Emily Appleton,Kateryna Lazarenko,ITF Women Yecla - R16,2026-09-24 09:00:00,0.8046541584677035,0.19534584153229645,0.8355263157894737,0.2304147465437788,100,2026-09-23 23:34:21,2026-09-23 23:32:41,2026-09-24 09:00:00,3739972671
arakawa|h|kawaguchi|n,arakawa|h,kawaguchi|n,Haruna Arakawa,Natsumi Kawaguchi,ITF Women Kyoto - R16,2026-09-17 05:51:00,0.29549831153494793,0.704501688465052,0.33003300330033003,0.7368421052631579,225,2026-09-16 19:13:15,2026-09-16 19:01:39,2026-09-17 05:51:00,3731306259
arakawa|h|kosaka|r,arakawa|h,kosaka|r,Haruna Arakawa,Rira Kosaka,ITF Women Wagga Wagga - R1,2026-09-30 05:56:07,0.6591817043936612,0.3408182956063388,0.691358024691358,0.37453183520599254,100,2026-09-29 23:30:16,2026-09-29 23:28:51,2026-09-30 05:56:07,3746716630
arakawa|h|sato|n,arakawa|h,sato|n,Haruna Arakawa,Naho Sato,ITF Women Wagga Wagga - R16,2026-10-01 00:30:00,0.1639265225749269,0.8360734774250731,0.2040816326530612,0.8696219035202086,50,2026-09-30 11:55:07,2026-09-30 11:52:29,2026-10-01 00:30:00,3747117839
arakawa|n|hanatani|n,arakawa|n,hanatani|n,Natsuho Arakawa,Nagi Hanatani,ITF Women Wagga Wagga - R1,2026-09-29 03:19:00,0.38907131148419877,0.6109286885158012,0.4273504273504274,0.647887323943662,50,2026-09-28 14:33:39,2026-09-28 14:32:14,2026-09-29 03:19:00,3745504385
arango|e|blinkova|a,arango|e,blinkova|a,Emiliana Arango,Anna Blinkova,WTA 125K Adana - R1,2026-09-28 08:30:00,0.29593157571435674,0.7040684242856432,0.3205128205128205,0.7275204359673024,200,2026-09-28 01:43:49,2026-09-28 01:29:23,2026-09-28 08:30:00,3745222278
arcangioli|m|podrez|v,arcangioli|m,podrez|v,Manon Arcangioli,Veronika Podrez,ITF Women Le Neubourg - R16,2026-09-17 11:30:00,0.07469234689227161,0.9253076531077282,0.11160714285714285,0.9506903353057199,50,2026-09-16 23:25:56,2026-09-16 23:18:12,2026-09-17 11:30:00,3731479250
arcon|a|talic|z,arcon|a,talic|z,Adrian Arcon,Zaharije-Zak Talic,ITF Men Darwin - R1,2026-09-30 05:30:00,0.45023443753395714,0.5497655624660429,0.48780487804878053,0.5867768595041323,50,2026-09-29 23:39:15,2026-09-29 23:32:28,2026-09-30 05:30:00,3746718716
arifullina|a|hesse|a,arifullina|a,hesse|a,Arina Arifullina,Amandine Hesse,ITF Women Baza - R1,2026-09-30 10:36:00,0.1754467829296001,0.8245532170704003,0.21052631578947367,0.8548621190130624,150,2026-09-30 00:23:26,2026-09-30 00:17:47,2026-09-30 10:36:00,3746734700
arifullina|a|ruchkina|k,arifullina|a,ruchkina|k,Arina Arifullina,Kseniia Ruchkina,ITF Women Monastir - R1,2026-09-23 10:30:00,0.3652855241273167,0.6347144758726834,0.40322580645161293,0.6710526315789473,50,2026-09-22 23:16:19,2026-09-22 23:12:53,2026-09-23 10:30:00,3738918554
arinc|k|mehra|r,arinc|k,mehra|r,Kaya Arinc,Rohan Mehra,ITF Men Baku - R1,2026-09-30 06:00:00,0.2289456970883627,0.7710543029116372,0.26881720430107525,0.8065764023210832,50,2026-09-22 12:29:34,2026-09-22 12:23:45,2026-09-30 06:00:00,3738409634
arnaboldi|f|broska|f,arnaboldi|f,broska|f,Federico Arnaboldi,Florian Broska,ATP Challenger Genoa - R1,2026-09-21 16:30:00,0.44075041646713453,0.5592495835328655,0.46511627906976744,0.5833333333333333,150,2026-09-21 08:26:52,2026-09-21 08:18:01,2026-09-21 15:40:16,3737580505
arnaboldi|f|giunta|m,arnaboldi|f,giunta|m,Federico Arnaboldi,Massimo Giunta,ATP Challenger Bari - R1,2026-09-29 14:00:00,0.4349717996631839,0.5650282003368161,0.4587155963302753,0.5884773662551441,150,2026-09-28 21:28:47,2026-09-28 21:21:54,2026-09-29 12:50:51,3745709801
arnaboldi|f|gulin|s,arnaboldi|f,gulin|s,Federico Arnaboldi,Svyatoslav Gulin,ATP Challenger Bari - Qualifiers,2026-09-28 11:00:00,0.3776566591333419,0.6223433408666582,0.4065040650406504,0.6503496503496503,450,2026-09-27 22:30:52,2026-09-27 22:28:16,2026-09-28 10:08:57,3745127767
arnaboldi|f|iannaccone|f,arnaboldi|f,iannaccone|f,Federico Arnaboldi,Federico Iannaccone,ATP Challenger Bari - Qualifiers,2026-09-27 10:00:00,0.5178799781155294,0.48212002188447056,0.5454545454545454,0.5098039215686274,75,2026-09-27 05:31:57,2026-09-27 05:30:14,2026-09-27 11:00:00,3743845251
arnaboldi|f|moeller|m,arnaboldi|f,moeller|m,Federico Arnaboldi,Marvin Moeller,ATP Challenger Genoa - R16,2026-09-23 12:30:00,0.2920662096338404,0.7079337903661596,0.3164556962025316,0.7311827956989247,150,2026-09-23 05:19:59,2026-09-23 05:15:18,2026-09-23 11:34:21,3739079931
arnaldi|m|sakamoto|r,arnaldi|m,sakamoto|r,Matteo Arnaldi,Rei Sakamoto,ATP Tokyo - R1,2026-09-30 09:10:00,0.46571976162851303,0.534280238371487,0.48309178743961345,0.5515695067264574,250,2026-09-29 07:45:46,2026-09-29 07:43:56,2026-09-30 09:10:00,3745888144
arseneault|a|voloshchuk|a,arseneault|a,voloshchuk|a,Ariana Arseneault,Angelina Voloshchuk,WTA 125K Porto - Qualifiers,2026-09-21 10:00:00,0.3879874538822563,0.6120125461177437,0.41152263374485604,0.635036496350365,200,2026-09-20 15:51:58,2026-09-20 15:51:37,2026-09-21 11:00:00,3736810164
arutiunian|e|fenty|a,arutiunian|e,fenty|a,Erik Arutiunian,Andrew Fenty,ATP Challenger San Diego - Qualifiers,2026-09-21 19:30:00,0.45209170777186297,0.5479082922281371,0.4807692307692307,0.576271186440678,75,2026-09-21 07:11:48,2026-09-21 07:11:48,2026-09-21 19:30:00,3737559713
arutiunian|e|staeheli|l,arutiunian|e,staeheli|l,Erik Arutiunian,Luca Staeheli,ATP Challenger San Diego - Qualifiers,2026-09-20 18:10:00,0.5588354801733402,0.4411645198266598,0.5867768595041323,0.4694835680751174,75,2026-09-20 10:17:53,2026-09-20 10:04:29,2026-09-20 18:13:10,3736052194
arutiunian|e|svajda|t,arutiunian|e,svajda|t,Erik Arutiunian,Trevor Svajda,ATP Challenger San Diego - R1,2026-09-22 19:45:50,0.24252986882077748,0.7574701311792226,0.267379679144385,0.7807017543859649,150,2026-09-22 08:48:09,2026-09-22 08:47:18,2026-09-22 19:30:00,3738233993
arystanbekova|a|sun|y,arystanbekova|a,sun|y,Asylzhan Arystanbekova,Yingqun Sun,ITF Women Maanshan - R1,2026-09-22 05:46:00,0.6984700052454268,0.30152999475457304,0.7304582210242588,0.33557046979865773,150,2026-09-21 12:45:50,2026-09-21 12:44:33,2026-09-22 05:46:00,3737700873
arzhankin|a|ibrahim|k,arzhankin|a,ibrahim|k,Anton Arzhankin,Karim Ibrahim,ITF Men Sharm El Sheikh - R1,2026-09-23 09:00:00,0.8149767011559911,0.18502329884400898,0.8493975903614458,0.22522522522522526,50,2026-09-23 02:32:42,2026-09-23 02:29:09,2026-09-23 09:00:00,3739018032
assche|l|fils|a,assche|l,fils|a,Luca Van Assche,Arthur Fils,ATP Tokyo - R1,2026-09-30 07:00:00,0.16150087819396763,0.8384991218060324,0.17857142857142858,0.8542274052478134,250,2026-09-29 12:20:30,2026-09-29 12:17:37,2026-09-30 07:00:00,3746119768
astakhova|d|inglis|m,astakhova|d,inglis|m,Darya Astakhova,Maddison Inglis,WTA Beijing - Qualifiers,2026-09-29 07:00:00,0.49082259725794164,0.5091774027420585,0.5121951219512195,0.5305164319248826,250,2026-09-28 17:48:53,2026-09-28 17:47:28,2026-09-29 07:00:00,3745613043
astakhova|d|kaji|h,astakhova|d,kaji|h,Darya Astakhova,Haruka Kaji,WTA Seoul - Qualifiers,2026-09-19 02:10:00,0.6099456835323753,0.3900543164676246,0.6309963099630996,0.41152263374485604,250,2026-09-19 00:12:53,2026-09-19 00:06:45,2026-09-19 02:10:00,3733585734
astakhova|d|korneeva|a,astakhova|d,korneeva|a,Darya Astakhova,Alina Korneeva,WTA Seoul - R16,2026-09-23 06:30:00,0.14392544604124452,0.8560745539587555,0.16339869281045752,0.8735777496839444,250,2026-09-22 09:42:31,2026-09-22 09:37:38,2026-09-23 06:30:00,3738264629
astakhova|d|linette|m,astakhova|d,linette|m,Darya Astakhova,Magda Linette,WTA Seoul - R1,2026-09-21 09:08:23,0.3401837744494402,0.6598162255505599,0.35714285714285715,0.6763754045307443,250,2026-09-20 16:31:29,2026-09-20 16:21:48,2026-09-21 07:30:00,3736893826
astakhova|d|shubladze|a,astakhova|d,shubladze|a,Darya Astakhova,Alexandra Shubladze,WTA Seoul - Qualifiers,2026-09-20 02:10:00,0.21016390233293514,0.7898360976670651,0.23255813953488372,0.8106060606060607,250,2026-09-19 13:50:39,2026-09-19 13:50:00,2026-09-20 02:10:00,3734420840
atmane|t|faria|j,atmane|t,faria|j,Terence Atmane,Jaime Faria,ATP Hangzhou - R1,2026-09-24 06:30:00,0.528856861414683,0.47114313858531703,0.5454545454545454,0.48780487804878053,250,2026-09-22 10:53:34,2026-09-22 10:53:34,2026-09-24 05:45:55,3738337733
atmane|t|palan|d,atmane|t,palan|d,Terence Atmane,Dominik Palan,ATP Challenger Jingshan - Qualifiers,2026-09-28 05:19:26,0.9628079440165972,0.037192055983402875,0.977693508811064,0.061387354205033766,100,2026-09-27 23:38:13,2026-09-27 23:37:56,2026-09-28 05:19:26,3745169261
atmane|t|ymer|e,atmane|t,ymer|e,Terence Atmane,Elias Ymer,ATP Challenger Jingshan - R1,2026-09-30 03:10:00,0.7805854766928013,0.21941452330719868,0.7991967871485944,0.23923444976076558,150,2026-09-29 15:21:32,2026-09-29 15:19:39,2026-09-30 03:10:00,3746261609
aubriot|a|hipfl|n,aubriot|a,hipfl|n,Alexandre Aubriot,Nico Hipfl,ITF Men Zlatibor - R16,2026-09-18 09:58:15,0.31475391270308223,0.6852460872969177,0.35335689045936397,0.7214484679665738,50,2026-09-18 01:38:45,2026-09-18 01:32:36,2026-09-18 10:00:00,3732437549
aubriot|a|krolo|f,aubriot|a,krolo|f,Alexandre Aubriot,Filip Krolo,ITF Men Sibenik - R1,2026-09-30 08:00:00,0.7258672035284705,0.2741327964715296,0.7578692493946732,0.30864197530864196,100,2026-09-30 01:44:03,2026-09-30 01:42:20,2026-09-30 08:00:00,3746764809
aubriot|a|topo|m,aubriot|a,topo|m,Alexandre Aubriot,Marko Topo,ITF Men Zlatibor - SF,2026-09-19 10:00:00,0.14080183953102401,0.859198160468976,0.18083182640144665,0.8915401301518437,75,2026-09-18 21:39:16,2026-09-18 21:35:50,2026-09-19 08:15:24,3733518733
aunion|p|duran|t,aunion|p,duran|t,Pablo Aunion,Tuncay Duran,ITF Men Monastir - R16,2026-10-01 08:30:00,0.17116960815922086,0.8288303918407791,0.2061855670103093,0.8589562764456982,225,2026-10-01 01:24:54,2026-10-01 01:12:40,2026-10-01 08:30:00,3747782033
aunion|p|robert|n,aunion|p,robert|n,Pablo Aunion,Nicolas Robert,ITF Men Monastir - R1,2026-09-30 09:30:00,0.486832980505138,0.513167019494862,0.5192307692307692,0.5454545454545454,225,2026-09-30 01:44:03,2026-09-30 01:33:18,2026-09-30 09:30:00,3746762643
austria||belgium|,austria|,belgium|,Austria,Belgium,Davis Cup - Tie Winner,2026-09-18 11:00:00,0.5698488345044014,0.4301511654955986,0.6000000000000001,0.4608294930875576,50,2026-09-17 23:55:51,2026-09-17 23:55:51,2026-09-18 11:00:00,3732387073
avanesyan|e|charaeva|a,avanesyan|e,charaeva|a,Elina Avanesyan,Alina Charaeva,WTA Sao Paulo - R16,2026-09-17 15:05:00,0.561823549711229,0.43817645028877095,0.5780590717299579,0.45454545454545453,250,2026-09-17 08:27:18,2026-09-17 08:21:50,2026-09-17 15:05:00,3731715426
avdeeva|j|crawley|f,avdeeva|j,crawley|f,Julia Avdeeva,Fiona Crawley,ITF Women Le Neubourg - QF,2026-09-18 10:00:00,0.44361774451841496,0.556382255481585,0.47619047619047616,0.5884773662551441,150,2026-09-17 20:23:35,2026-09-17 20:23:35,2026-09-18 10:00:00,3732326117
avdeeva|j|klugman|h,avdeeva|j,klugman|h,Julia Avdeeva,Hannah Klugman,ITF Women Le Neubourg - R16,2026-09-17 13:40:52,0.46040370963246513,0.539596290367535,0.49751243781094534,0.576271186440678,50,2026-09-16 23:25:56,2026-09-16 23:18:12,2026-09-17 13:40:52,3731479389
avdeeva|j|naito|y,avdeeva|j,naito|y,Julia Avdeeva,Yuki Naito,WTA 125K Ankara - R1,2026-09-21 09:30:00,0.6120125461177437,0.3879874538822563,0.635036496350365,0.41152263374485604,200,2026-09-21 00:25:23,2026-09-21 00:24:49,2026-09-21 09:30:00,3737455604
avram|g|bonding|o,avram|g,bonding|o,Gabe Avram,Oliver Bonding,ITF Men Columbia - SF,2026-09-26 15:00:00,0.15447420142823215,0.8455257985717678,0.1893939393939394,0.875,150,2026-09-26 06:45:01,2026-09-26 06:43:38,2026-09-26 15:00:00,3742086434
avram|g|witz|a,avram|g,witz|a,Gabe Avram,Antonin Witz,ITF Men Columbia - QF,2026-09-25 16:00:00,0.5759340370565069,0.4240659629434931,0.607843137254902,0.4566210045662101,375,2026-09-25 07:20:40,2026-09-25 07:19:56,2026-09-25 17:00:00,3741015536
ayala|l|bhatia|d,ayala|l,bhatia|d,Lourdes Ayala,Diva Bhatia,ITF Women Trelew - R16,2026-10-01 14:00:00,0.9352216974929959,0.0647783025070041,0.9565406345067362,0.09551098376313276,150,2026-10-01 00:33:09,2026-10-01 00:27:21,2026-10-01 14:00:00,3747763565
ayala|l|duarte|a,ayala|l,duarte|a,Lourdes Ayala,Agustina Daniela Duarte,ITF Women Trelew - R1,2026-09-29 15:00:00,0.8778377270606216,0.12216227293937842,0.9054820415879017,0.1564945226917058,150,2026-09-28 23:23:02,2026-09-28 23:22:39,2026-09-29 15:00:00,3745742249
ayeni|a|bigun|k,ayeni|a,bigun|k,Alafia Ayeni,Kaylan Bigun,ATP Challenger Columbus - Qualifiers,2026-09-28 19:00:00,0.5407124035727591,0.45928759642724093,0.5689655172413793,0.48780487804878053,75,2026-09-28 03:35:25,2026-09-28 03:30:10,2026-09-28 19:00:00,3745249189
ayeni|a|sobhy|m,ayeni|a,sobhy|m,Alafia Ayeni,Michael Bassem Sobhy,ATP Challenger Columbus - Qualifiers,2026-09-28 00:40:00,0.7610636974874307,0.2389363025125692,0.7885835095137421,0.26881720430107525,75,2026-09-27 06:53:52,2026-09-27 06:52:35,2026-09-28 00:40:00,3743886930
ayeni|a|tu|l,ayeni|a,tu|l,Alafia Ayeni,Li Tu,ATP Challenger San Diego - Qualifiers,2026-09-20 22:00:00,0.3501643672446511,0.649835632755349,0.37878787878787884,0.6774193548387096,75,2026-09-20 10:17:53,2026-09-20 10:04:29,2026-09-20 20:55:54,3736050154
ayeni|a|zhu|e,ayeni|a,zhu|e,Alafia Ayeni,Evan Zhu,ATP Challenger San Diego - Qualifiers,2026-09-21 18:14:35,0.4810840764141921,0.518915923585808,0.5098039215686274,0.5475113122171946,75,2026-09-21 00:25:23,2026-09-21 00:24:49,2026-09-21 18:00:00,3737467691
azar|b|jovanovski|d,azar|b,jovanovski|d,Benjamin Azar,Daniel Jovanovski,ITF Men Ann Arbor - R1,2026-09-29 17:30:00,0.27819431215156276,0.7218056878484372,0.3125,0.7536945812807883,150,2026-09-29 07:00:13,2026-09-29 06:58:36,2026-09-29 17:30:00,3745867724
azar|b|lithen|j,azar|b,lithen|j,Benjamin Azar,John Hallquist Lithen,ITF Men Ann Arbor - R16,2026-10-01 16:00:00,0.1100541114890029,0.8899458885109971,0.14388489208633093,0.9165971643035863,100,2026-10-01 01:24:54,2026-10-01 01:17:22,2026-10-01 16:00:00,3747796966
azizov|t|dubinin|a,azizov|t,dubinin|a,Tamerlan Azizov,Alexey Dubinin,ITF Men Baku - R1,2026-09-29 07:30:00,0.547401273510656,0.4525987264893439,0.5798319327731092,0.4854368932038835,225,2026-09-28 20:10:14,2026-09-28 20:06:26,2026-09-29 07:30:00,3745680063
azizov|t|yilmaz|k,azizov|t,yilmaz|k,Tamerlan Azizov,Kerem Yilmaz,ITF Men Baku - R16,2026-10-01 08:00:00,0.03596345234213053,0.9640365476578693,0.06218905472636817,0.9794450154162383,225,2026-10-01 01:24:54,2026-10-01 01:12:40,2026-10-01 08:00:00,3747786384
azkara|a|drayton|t,azkara|a,drayton|t,Arda Azkara,Thomas Drayton,ITF Men Baku - R1,2026-09-30 06:00:00,0.908282120363449,0.09171787963655109,0.9331997327989312,0.12468827930174564,225,2026-09-30 01:12:24,2026-09-30 01:12:24,2026-09-30 06:00:00,3746753607
azkara|a|mehra|r,azkara|a,mehra|r,Arda Azkara,Rohan Mehra,ITF Men Baku - R16,2026-10-01 07:00:00,0.7724303906081744,0.22756960939182566,0.803921568627451,0.26246719160104987,100,2026-09-30 23:45:54,2026-09-30 23:42:03,2026-10-01 07:00:00,3747741379
babel|o|paganetti|v,babel|o,paganetti|v,Oceane Babel,Vittoria Paganetti,ITF Women Santa Margherita di Pula - R1,2026-09-23 08:30:00,0.5762051576302626,0.42379484236973747,0.6124031007751938,0.4608294930875576,50,2026-09-23 03:24:41,2026-09-23 03:14:28,2026-09-23 07:41:24,3739037860
babel|o|petkovic|a,babel|o,petkovic|a,Oceane Babel,Anna Petkovic,ITF Women Santa Margherita di Pula - R16,2026-09-17 07:42:24,0.6927609777200299,0.30723902227997013,0.7289972899728998,0.34602076124567477,50,2026-09-16 23:16:19,2026-09-16 23:13:04,2026-09-17 07:42:24,3731474378
babel|o|pistola|i,babel|o,pistola|i,Oceane Babel,Ilary Pistola,ITF Women Santa Margherita di Pula - QF,2026-09-18 10:00:00,0.6442714487550029,0.3557285512449972,0.6805111821086262,0.39370078740157477,75,2026-09-17 20:23:35,2026-09-17 20:23:35,2026-09-18 10:00:00,3732328958
bacaloni|a|filar|k,bacaloni|a,filar|k,Andrea Bacaloni,Karol Filar,ITF Men Baku - R1,2026-09-22 07:30:00,0.2563196255707764,0.7436803744292236,0.29069767441860467,0.7752808988764045,150,2026-09-21 21:19:37,2026-09-21 21:17:44,2026-09-22 07:30:00,3737964875
bacaloni|a|hasson|j,bacaloni|a,hasson|j,Andrea Bacaloni,Jordan Hasson,ITF Men Baku - R1,2026-09-29 08:00:41,0.5204202693588545,0.4795797306411455,0.5575221238938054,0.5169082125603864,50,2026-09-28 18:26:59,2026-09-28 18:20:44,2026-09-29 08:00:41,3745626717
back|d|joint|m,back|d,joint|m,Dayeon Back,Maya Joint,WTA Seoul - R16,2026-09-23 05:00:00,0.2059810651581881,0.794018934841812,0.2232142857142857,0.810246679316888,250,2026-09-22 09:42:31,2026-09-22 09:37:38,2026-09-23 06:00:00,3738263517
back|d|yuan|y,back|d,yuan|y,Dayeon Back,Yue Yuan,WTA Seoul - R1,2026-09-21 03:10:00,0.20876884221527245,0.7912311577847275,0.22624434389140272,0.8076923076923077,250,2026-09-20 08:55:36,2026-09-20 08:49:00,2026-09-21 03:10:00,3735959152
badosa|p|kasatkina|d,badosa|p,kasatkina|d,Paula Badosa,Daria Kasatkina,WTA Beijing - R1,2026-10-01 05:00:00,0.6916234229949927,0.30837657700500726,0.7084548104956269,0.32573289902280134,250,2026-09-29 09:23:41,2026-09-29 09:11:38,2026-10-01 05:00:00,3745935057
badosa|p|mikulskyte|j,badosa|p,mikulskyte|j,Paula Badosa,Justina Mikulskyte,WTA Sao Paulo - R1,2026-09-16 22:55:45,0.9395845040808047,0.06041549591919527,0.9538958045182112,0.07880220646178093,300,2026-09-16 19:13:15,2026-09-16 19:01:39,2026-09-16 22:55:45,3731235618
badosa|p|ortenzi|j,badosa|p,ortenzi|j,Paula Badosa,Jasmin Ortenzi,WTA Sao Paulo - R16,2026-09-17 18:00:00,0.9468410651998201,0.053158934800179976,0.9615384615384615,0.07304601899196494,250,2026-09-17 08:27:18,2026-09-17 08:21:50,2026-09-17 17:42:51,3731710689
badosa|p|podoroska|n,badosa|p,podoroska|n,Paula Badosa,Nadia Podoroska,WTA Sao Paulo - SF,2026-09-19 18:53:59,0.8131094062252917,0.18689059377470846,0.8269896193771626,0.20161290322580647,300,2026-09-19 02:52:29,2026-09-19 02:46:52,2026-09-19 19:00:00,3733693924
badosa|p|stoiana|m,badosa|p,stoiana|m,Paula Badosa,Mary Stoiana,WTA Sao Paulo - QF,2026-09-18 20:35:00,0.6574792547248876,0.3425207452751124,0.6742671009771988,0.3597122302158273,325,2026-09-18 00:56:57,2026-09-18 00:46:55,2026-09-18 20:35:00,3732413836
baez|s|brooksby|j,baez|s,brooksby|j,Sebastian Baez,Jenson Brooksby,ATP Chengdu Open - R1,2026-09-23 04:00:00,0.40139554786321896,0.598604452136781,0.4184100418410042,0.6153846153846154,250,2026-09-22 09:22:06,2026-09-22 09:18:23,2026-09-23 04:00:00,3738256796
baez|s|shang|j,baez|s,shang|j,Sebastian Baez,Juncheng Shang,ATP Beijing - R1,2026-10-01 08:50:00,0.46240992703836636,0.5375900729616337,0.47846889952153115,0.5535714285714286,250,2026-09-29 04:55:47,2026-09-29 04:54:57,2026-10-01 08:50:00,3745822803
bains|n|brantmeier|r,bains|n,brantmeier|r,Naiktha Bains,Reese Brantmeier,WTA 125K Porto - R16,2026-09-24 11:45:00,0.24667509601511123,0.7533249039848887,0.2717391304347826,0.7767857142857143,200,2026-09-23 15:21:24,2026-09-23 15:19:18,2026-09-24 11:45:00,3739610518
bains|n|crawley|f,bains|n,crawley|f,Naiktha Bains,Fiona Crawley,ITF Women Le Neubourg - R16,2026-09-17 11:56:56,0.28553814394870475,0.7144618560512953,0.3246753246753247,0.7506234413965087,50,2026-09-16 23:25:56,2026-09-16 23:18:12,2026-09-17 11:56:56,3731478801
bains|n|hercog|p,bains|n,hercog|p,Naiktha Bains,Polona Hercog,ITF Women Quinta Do Lago - R16,2026-10-01 12:00:00,0.44762400166830135,0.5523759983316987,0.4807692307692307,0.5850622406639003,225,2026-10-01 00:33:09,2026-10-01 00:27:21,2026-10-01 12:00:00,3747760192
bains|n|kasintseva|v,bains|n,kasintseva|v,Naiktha Bains,Victoria Jimenez Kasintseva,WTA 125K Porto - R1,2026-09-22 14:30:00,0.35459611154987597,0.6454038884501241,0.37878787878787884,0.6688741721854304,200,2026-09-22 08:13:36,2026-09-22 08:07:02,2026-09-22 14:30:00,3738198683
bains|n|vaquero|m,bains|n,vaquero|m,Naiktha Bains,Maria Martinez Vaquero,ITF Women Quinta Do Lago - R1,2026-09-30 09:00:00,0.7546704726160881,0.2453295273839119,0.790356394129979,0.2849002849002849,50,2026-09-29 02:57:29,2026-09-29 02:54:06,2026-09-30 09:00:00,3745788403
bains|n|yamalapalli|s,bains|n,yamalapalli|s,Naiktha Bains,Sahaja Yamalapalli,WTA 125K Porto - Qualifiers,2026-09-21 12:00:00,0.5687964921252813,0.43120350787471884,0.5918367346938775,0.45454545454545453,200,2026-09-20 16:51:03,2026-09-20 16:47:43,2026-09-21 11:52:06,3736943415
bai|z|fruhvirtova|l,bai|z,fruhvirtova|l,Zhuoxuan Bai,Linda Fruhvirtova,WTA Beijing - R1,2026-09-30 08:00:00,0.5818981069193763,0.41810189308062373,0.5983935742971888,0.4347826086956522,250,2026-09-29 16:37:43,2026-09-29 16:29:37,2026-09-30 08:00:00,3746313017
bai|z|hodzic|m,bai|z,hodzic|m,Zhuoxuan Bai,Mina Hodzic,WTA Beijing - Qualifiers,2026-09-28 04:00:00,0.7672153300597905,0.2327846699402096,0.788135593220339,0.25510204081632654,250,2026-09-27 23:29:27,2026-09-27 23:28:38,2026-09-28 03:13:01,3745160572
bai|z|wang|j,bai|z,wang|j,Zhuoxuan Bai,JiaYi Wang,WTA Beijing - Qualifiers,2026-09-29 03:00:00,0.7967479674796746,0.20325203252032525,0.8175182481751824,0.22573363431151244,250,2026-09-28 14:33:39,2026-09-28 14:32:14,2026-09-29 03:00:00,3745498710
bai|z|wei|s,bai|z,wei|s,Zhuoxuan Bai,Sijia Wei,ITF Women Shenyang - R16,2026-09-17 04:27:00,0.7032399422554576,0.29676005774454245,0.7354497354497355,0.33112582781456956,225,2026-09-16 19:13:15,2026-09-16 19:01:39,2026-09-17 04:27:00,3731307011
baker|b|maxted|l,baker|b,maxted|l,Blu Baker,Lui Maxted,ITF Men Setubal - R1,2026-09-23 11:00:00,0.226724204116682,0.7732757958833179,0.26666666666666666,0.8087954110898662,50,2026-09-22 12:29:34,2026-09-22 12:23:45,2026-09-23 11:00:00,3738411967
bakhshaliev|i|balsekar|a,bakhshaliev|i,balsekar|a,Ilham Bakhshaliev,Aditya Vishal Balsekar,ITF Men Baku - R1,2026-09-23 06:00:00,0.023823071074441437,0.9761769289255585,0.05125576627370579,0.9890960636789881,50,2026-09-22 12:29:34,2026-09-22 12:23:45,2026-09-23 06:00:00,3738410342
bakshi|a|dolzhenkov|d,bakshi|a,dolzhenkov|d,Aleksandre Bakshi,Dmitry Dolzhenkov,ITF Men Baku - R1,2026-09-23 06:00:00,0.8670321238758756,0.13296787612412458,0.8917748917748918,0.16233766233766234,350,2026-09-23 01:27:37,2026-09-23 01:22:47,2026-09-23 06:00:00,3738987415
bakshi|a|iakubenko|v,bakshi|a,iakubenko|v,Aleksandre Bakshi,Volodymyr Iakubenko,ITF Men Baku - R1,2026-09-29 06:41:49,0.432265591250165,0.5677344087498348,0.46511627906976744,0.6000000000000001,150,2026-09-28 14:49:04,2026-09-28 14:47:23,2026-09-29 06:41:49,3745511653
balsekar|a|dolzhenkov|d,balsekar|a,dolzhenkov|d,Aditya Vishal Balsekar,Dmitry Dolzhenkov,ITF Men Baku - R16,2026-09-24 06:00:00,0.8088036212132328,0.19119637878676715,0.8435054773082943,0.23148148148148145,50,2026-09-23 23:34:21,2026-09-23 23:32:41,2026-09-24 06:00:00,3739974402
balshaw|f|harris|b,balshaw|f,harris|b,Felix Balshaw,Billy Harris,ATP Challenger Mouilleron-Le-Captif - R1,2026-09-29 09:10:00,0.5873106871868211,0.4126893128131789,0.6108949416342413,0.4366812227074236,150,2026-09-27 16:15:28,2026-09-27 16:14:17,2026-09-29 09:10:00,3744671181
balshaw|f|kjaer|n,balshaw|f,kjaer|n,Felix Balshaw,Nicolai Budkov Kjaer,ATP Challenger Mouilleron-Le-Captif - R16,2026-10-01 13:00:00,0.37717741170555596,0.622822588294444,0.4016064257028112,0.646643109540636,150,2026-09-30 16:40:42,2026-09-30 16:39:20,2026-10-01 13:00:00,3747363751
bandecchi|s|dodin|o,bandecchi|s,dodin|o,Susan Bandecchi,Oceane Dodin,WTA 125K Porto - R1,2026-09-21 15:25:57,0.7152741582029029,0.2847258417970971,0.7389033942558746,0.30959752321981426,200,2026-09-20 16:56:39,2026-09-20 16:47:42,2026-09-21 16:15:00,3736954369
bandecchi|s|nilsson|l,bandecchi|s,nilsson|l,Susan Bandecchi,Lea Nilsson,ITF Women Quinta Do Lago - R16,2026-10-01 10:00:00,0.7247829468467584,0.2752170531532417,0.75669099756691,0.30959752321981426,100,2026-09-30 06:35:59,2026-09-30 06:35:22,2026-10-01 09:13:07,3746872869
bandecchi|s|pigato|l,bandecchi|s,pigato|l,Susan Bandecchi,Lisa Pigato,WTA 125k Caldas Da Rainha - QF,2026-09-18 14:50:00,0.6337887869773883,0.3662112130226117,0.6575342465753424,0.390625,200,2026-09-17 17:51:39,2026-09-17 17:51:39,2026-09-18 14:50:00,3732178279
banerjee|s|bernet|h,banerjee|s,bernet|h,Samir Banerjee,Henry Bernet,ITF Men Falun - Final,2026-09-26 11:00:00,0.4795797306411455,0.5204202693588545,0.5169082125603864,0.5575221238938054,75,2026-09-25 23:50:22,2026-09-25 23:46:51,2026-09-26 11:00:00,3741877103
banerjee|s|eldin|r,banerjee|s,eldin|r,Samir Banerjee,Robin Eldin,ITF Men Nevers - R16,2026-09-17 13:00:00,0.9820659234186856,0.01793407658131416,0.9926346026368121,0.043010752688172046,50,2026-09-16 23:16:19,2026-09-16 23:13:04,2026-09-17 13:00:00,3731472979
banerjee|s|massard|l,banerjee|s,massard|l,Samir Banerjee,Loann Massard,ITF Men Nevers - QF,2026-09-18 15:57:21,0.7717996759108905,0.22820032408910934,0.8073217726396916,0.2680965147453083,75,2026-09-17 19:56:25,2026-09-17 19:56:10,2026-09-18 15:57:21,3732309458
banerjee|s|mchugh|a,banerjee|s,mchugh|a,Samir Banerjee,Aidan Mchugh,ITF Men Nevers - Final,2026-09-20 12:30:00,0.6647361500330934,0.3352638499669067,0.7005988023952096,0.373134328358209,75,2026-09-19 23:38:04,2026-09-19 23:30:28,2026-09-20 12:30:00,3735609782
banerjee|s|minasyan|m,banerjee|s,minasyan|m,Samir Banerjee,Michael Minasyan,ITF Men Falun - R16,2026-09-23 13:00:00,0.9863374020218046,0.013662597978195424,0.9949733588016486,0.036589828027808274,50,2026-09-23 02:59:58,2026-09-23 02:59:22,2026-09-23 13:00:00,3739031430
banerjee|s|petrovic|a,banerjee|s,petrovic|a,Samir Banerjee,Andreja Petrovic,ITF Men Nevers - SF,2026-09-19 14:53:00,0.827145007066644,0.1728549929333561,0.8573466476462196,0.20790020790020788,150,2026-09-18 21:39:16,2026-09-18 21:38:33,2026-09-19 14:53:00,3733521816
banerjee|s|poulsen|o,banerjee|s,poulsen|o,Samir Banerjee,Oskar Brostrom Poulsen,ITF Men Falun - QF,2026-09-24 10:00:00,0.8331231878983327,0.16687681210166744,0.8632010943912449,0.20202020202020202,150,2026-09-24 00:37:45,2026-09-24 00:33:24,2026-09-24 10:00:00,3740010638
banerjee|s|vasa|e,banerjee|s,vasa|e,Samir Banerjee,Eero Vasa,ITF Men Falun - SF,2026-09-25 15:12:47,0.8118720085962483,0.18812799140375153,0.8463901689708141,0.22831050228310504,75,2026-09-24 23:56:10,2026-09-24 23:47:02,2026-09-25 15:12:47,3740866040
banuls|c|giaccio|j,banuls|c,giaccio|j,Charo Esquiva Banuls,Juliana Giaccio,ITF Women Yecla - R16,2026-09-24 15:30:00,0.7092035636311547,0.2907964363688455,0.7455470737913487,0.33003300330033003,50,2026-09-23 23:34:21,2026-09-23 23:28:18,2026-09-24 15:30:00,3739971284
banuls|c|guevara|c,banuls|c,guevara|c,Charo Esquiva Banuls,Carmen Gallardo Guevara,ITF Women Yecla - Final,2026-09-27 09:00:00,0.6272214216145603,0.3727785783854398,0.6551724137931035,0.4016064257028112,550,2026-09-26 18:26:43,2026-09-26 18:26:07,2026-09-27 09:00:00,3743289224
banuls|c|lazarenko|k,banuls|c,lazarenko|k,Charo Esquiva Banuls,Kateryna Lazarenko,ITF Women Yecla - SF,2026-09-26 10:00:00,0.7236519849580537,0.27634801504194656,0.7596153846153847,0.31545741324921134,75,2026-09-25 23:24:07,2026-09-25 23:21:03,2026-09-26 10:00:00,3741864866
banuls|c|lemaitre|t,banuls|c,lemaitre|t,Charo Esquiva Banuls,Tiphanie Lemaitre,ITF Women Yecla - QF,2026-09-25 12:00:00,0.5680114967091954,0.43198850329080457,0.6047430830039526,0.4694835680751174,75,2026-09-24 23:39:29,2026-09-24 23:31:56,2026-09-25 12:00:00,3740856542
banuls|c|martinez|c,banuls|c,martinez|c,Charo Esquiva Banuls,Carmen Lopez Martinez,ITF Women Baza - R1,2026-09-30 17:00:00,0.904693180028395,0.09530681997160502,0.9300209937018894,0.12853470437017994,100,2026-09-30 00:23:26,2026-09-30 00:17:47,2026-09-30 16:46:00,3746734573
banuls|c|vedder|e,banuls|c,vedder|e,Charo Esquiva Banuls,Eva Vedder,ITF Women Yecla - R1,2026-09-22 17:21:40,0.3051107303274507,0.6948892696725494,0.3389830508474576,0.7267759562841529,150,2026-09-21 21:19:37,2026-09-21 21:18:47,2026-09-22 17:21:40,3737965811
banuls|c|zelnickova|r,banuls|c,zelnickova|r,Charo Esquiva Banuls,Radka Zelnickova,ITF Women Baza - R16,2026-10-01 12:00:00,0.7353098894246014,0.26469011057539876,0.7711670480549199,0.303951367781155,50,2026-09-30 23:57:06,2026-09-30 23:57:06,2026-10-01 12:00:00,3747748541
barbulescu|b|boyden|m,barbulescu|b,boyden|m,Bianca Barbulescu,Melissa Boyden,ITF Women Constanta - R1,2026-09-23 08:00:00,0.8868552963652477,0.11314470363475207,0.9170124481327802,0.1524390243902439,50,2026-09-22 23:16:19,2026-09-22 23:12:53,2026-09-23 08:00:00,3738918338
barbulescu|b|garnevska|v,barbulescu|b,garnevska|v,Bianca Barbulescu,Valeria Garnevska,ITF Women Varna - R1,2026-09-30 10:00:00,0.6675211526472984,0.33247884735270183,0.6996996996996997,0.3663003663003663,225,2026-09-30 00:23:26,2026-09-30 00:17:47,2026-09-30 10:00:00,3746730583
barbulescu|b|schaefer|a,barbulescu|b,schaefer|a,Bianca Barbulescu,Anne Schaefer,ITF Women Constanta - R16,2026-09-24 07:10:37,0.22474911417474516,0.775250885825255,0.2645502645502646,0.8106060606060607,50,2026-09-23 22:52:47,2026-09-23 22:52:12,2026-09-24 07:10:37,3739954261
baris|o|marcondes|i,baris|o,marcondes|i,Ozan Baris,Igor Marcondes,ATP Challenger San Diego - R1,2026-09-22 18:00:00,0.5987933558778575,0.40120664412214246,0.6226415094339623,0.425531914893617,150,2026-09-22 09:42:31,2026-09-22 09:37:38,2026-09-22 18:00:00,3738269583
baris|o|mitsui|s,baris|o,mitsui|s,Ozan Baris,Shunsuke Mitsui,ATP Challenger San Diego - Qualifiers,2026-09-20 20:00:00,0.5499563214528514,0.45004367854714855,0.5780590717299579,0.47846889952153115,75,2026-09-20 10:17:53,2026-09-20 10:09:42,2026-09-20 19:43:25,3736064654
baris|o|rybakov|a,baris|o,rybakov|a,Ozan Baris,Alex Rybakov,ATP Challenger San Diego - Qualifiers,2026-09-21 18:14:50,0.6313738491515664,0.36862615084843375,0.6587030716723549,0.3968253968253968,75,2026-09-21 00:25:23,2026-09-21 00:24:49,2026-09-21 19:00:00,3737464419
baris|o|shick|b,baris|o,shick|b,Ozan Baris,Braden Shick,ATP Challenger Columbus - R1,2026-09-28 20:55:55,0.4840747700851375,0.5159252299148626,0.5073891625615764,0.5391705069124424,500,2026-09-28 09:37:19,2026-09-28 09:32:27,2026-09-28 20:55:55,3745361615
barrena|a|caniato|c,barrena|a,caniato|c,Alex Barrena,Carlo Alberto Caniato,ATP Challenger Biella - SF,2026-09-19 11:40:00,0.4690843606892275,0.5309156393107725,0.48780487804878053,0.5495495495495495,200,2026-09-18 20:19:51,2026-09-18 20:05:17,2026-09-19 11:40:59,3733455381
barrena|a|cardozo|j,barrena|a,cardozo|j,Alex Barrena,Joaquin Aguilar Cardozo,ATP Challenger Buenos Aires - SF,2026-09-26 20:05:25,0.3403689121335249,0.6596310878664752,0.3597122302158273,0.6784565916398714,200,2026-09-26 00:57:54,2026-09-26 00:56:29,2026-09-26 20:05:25,3741904852
barrena|a|ficovich|j,barrena|a,ficovich|j,Alex Barrena,Juan Pablo Ficovich,ATP Challenger Buenos Aires - R16,2026-09-24 19:00:00,0.6364655923798255,0.36353440762017447,0.6598639455782314,0.38759689922480617,150,2026-09-24 08:29:12,2026-09-24 08:26:05,2026-09-24 19:00:00,3740206993
barrena|a|garay|v,barrena|a,garay|v,Alex Barrena,Valentin Garay,ATP Challenger Buenos Aires - R1,2026-09-22 20:00:00,0.9716451234529826,0.028354876547017505,0.9842420422313268,0.050505050505050504,50,2026-09-22 08:13:36,2026-09-22 08:07:02,2026-09-22 20:00:00,3738204949
barrena|a|manzano|j,barrena|a,manzano|j,Alex Barrena,Juan Cruz Martin Manzano,ATP Challenger Biella - QF,2026-09-18 11:30:00,0.6131044050005131,0.38689559499948684,0.6323529411764706,0.4065040650406504,200,2026-09-17 17:45:28,2026-09-17 17:40:20,2026-09-18 11:30:00,3732172195
barrena|a|mena|f,barrena|a,mena|f,Alex Barrena,Facundo Mena,ATP Challenger Buenos Aires - Final,2026-09-27 20:31:46,0.5,0.5,0.5192307692307692,0.5192307692307692,200,2026-09-27 02:27:29,2026-09-27 02:20:54,2026-09-27 20:31:46,3743744086
barrena|a|pieri|s,barrena|a,pieri|s,Alex Barrena,Samuele Pieri,ATP Challenger Biella - R16,2026-09-17 11:30:00,0.5650282003368161,0.4349717996631839,0.5884773662551441,0.4587155963302753,150,2026-09-16 23:25:56,2026-09-16 23:25:56,2026-09-17 11:30:00,3731481160
barrera|a|tabacco|f,barrera|a,tabacco|f,Adria Soriano Barrera,Fausto Tabacco,ITF Men Sintra - R16,2026-09-17 09:14:37,0.4522942544117674,0.5477057455882326,0.49019607843137253,0.5850622406639003,50,2026-09-16 23:16:19,2026-09-16 23:13:04,2026-09-17 09:14:37,3731473681
barrere|v|covato|m,barrere|v,covato|m,Victor Barrere,Matteo Covato,ITF Men Forbach - R1,2026-09-22 11:18:00,0.5762051576302626,0.42379484236973747,0.6124031007751938,0.4608294930875576,50,2026-09-21 21:04:55,2026-09-21 21:02:38,2026-09-22 11:15:00,3737959700
barry|m|kitahara|y,barry|m,kitahara|y,Monique Barry,Yuno Kitahara,ITF Women Wagga Wagga - R16,2026-10-01 02:48:00,0.31517124616214826,0.6848287538378518,0.35335689045936397,0.7206703910614525,50,2026-09-30 03:42:28,2026-09-30 03:34:08,2026-10-01 02:48:00,3746803718
barry|m|sandhu|g,barry|m,sandhu|g,Monique Barry,Gurmanat Kaur Sandhu,ITF Women Wagga Wagga - R1,2026-09-29 04:15:00,0.7674713542619456,0.23252864573805448,0.8031496062992126,0.2724795640326976,50,2026-09-28 14:33:39,2026-09-28 14:32:14,2026-09-29 04:15:00,3745504442
barsukov|n|binda|a,barsukov|n,binda|a,Nikolai Barsukov,Alexandr Binda,ITF Men Yinchuan - R16,2026-09-24 04:41:31,0.3483574232451934,0.6516425767548066,0.38167938931297707,0.6835443037974683,100,2026-09-23 15:32:15,2026-09-23 15:27:23,2026-09-24 04:41:31,3739617204
barsukov|n|ehrenschneider|n,barsukov|n,ehrenschneider|n,Nikolai Barsukov,Nino Ehrenschneider,ITF Men Guiyang - QF,2026-09-18 02:00:00,0.36796975950977145,0.6320302404902284,0.4016064257028112,0.6644295302013422,150,2026-09-17 10:29:56,2026-09-17 10:25:37,2026-09-18 02:00:00,3731819337
barsukov|n|han|s,barsukov|n,han|s,Nikolai Barsukov,Seon Yong Han,ITF Men Yinchuan - R1,2026-09-23 05:13:00,0.7228725337156963,0.2771274662843038,0.7590361445783133,0.3164556962025316,50,2026-09-22 12:47:51,2026-09-22 12:37:22,2026-09-23 05:13:00,3738418604
barsukov|n|kachmazov|a,barsukov|n,kachmazov|a,Nikolai Barsukov,Alibek Kachmazov,ITF Men Guiyang - SF,2026-09-19 02:00:00,0.22745984265214061,0.7725401573478594,0.267379679144385,0.8080614203454896,75,2026-09-18 10:29:20,2026-09-18 10:29:20,2026-09-19 02:00:00,3732657486
barsukov|n|xia|y,barsukov|n,xia|y,Nikolai Barsukov,Yue Xia,ITF Men Guiyang - R16,2026-09-17 03:13:00,0.9235652485331012,0.07643475146689883,0.9466382070437567,0.10834236186348863,100,2026-09-16 23:16:19,2026-09-16 23:13:04,2026-09-17 03:04:00,3731473681
barsukov|n|yamanaka|t,barsukov|n,yamanaka|t,Nikolai Barsukov,Taiyo Yamanaka,ITF Men Luan - R1,2026-09-30 02:00:00,0.6619581346542116,0.3380418653457882,0.6978851963746223,0.37593984962406013,50,2026-09-29 23:30:16,2026-09-29 23:25:55,2026-09-30 02:00:00,3746715864
bartashevich|y|dominguez|s,bartashevich|y,dominguez|s,Yaroslava Bartashevich,Sofia Elena Cabezas Dominguez,ITF Women Berkeley - R1,2026-09-23 18:00:00,0.3425024112038377,0.6574975887961624,0.37593984962406013,0.6894409937888198,150,2026-09-23 03:48:03,2026-09-23 03:48:03,2026-09-23 18:00:00,3739053129
bartashevich|y|rogers|a,bartashevich|y,rogers|a,Yaroslava Bartashevich,Anna Rogers,ITF Women Berkeley - R16,2026-09-24 19:00:00,0.36916705680390954,0.6308329431960905,0.4065040650406504,0.6666666666666666,50,2026-09-24 01:10:36,2026-09-24 01:08:07,2026-09-24 19:00:00,3740027948
bartel|k|lahey|a,bartel|k,lahey|a,Karla Bartel,Ashley Lahey,ITF Women Nashville - R1,2026-09-29 18:00:00,0.17754124773998975,0.8224587522600104,0.2127659574468085,0.8529411764705881,225,2026-09-29 07:00:13,2026-09-29 06:58:36,2026-09-29 18:00:00,3745867772
barthel|m|basiletti|n,barthel|m,basiletti|n,Mona Barthel,Noemi Basiletti,WTA 125K Ljubljana - SF,2026-09-19 11:30:00,0.6115966092319804,0.3884033907680197,0.6309963099630996,0.4081632653061224,200,2026-09-18 21:39:16,2026-09-18 21:38:33,2026-09-19 11:30:00,3733521264
barthel|m|ristic|m,barthel|m,ristic|m,Mona Barthel,Mia Ristic,WTA 125K Ljubljana - QF,2026-09-18 08:00:00,0.5022727742318428,0.49772722576815714,0.5260663507109005,0.5215311004784688,200,2026-09-16 23:31:54,2026-09-16 23:28:09,2026-09-18 09:00:00,3731486754
barthel|m|stefano|s,barthel|m,stefano|s,Mona Barthel,Samira De Stefano,WTA 125K Ljubljana - Final,2026-09-20 10:10:00,0.5877585654049873,0.4122414345950129,0.6062992125984252,0.43103448275862066,200,2026-09-19 21:23:35,2026-09-19 21:14:42,2026-09-20 10:10:00,3735515473
barton|h|kolar|z,barton|h,kolar|z,Hynek Barton,Zdenek Kolar,ATP Challenger Szczecin - R16,2026-09-17 19:00:00,0.5959803459465459,0.40401965405345397,0.6153846153846154,0.42372881355932196,200,2026-09-17 07:53:15,2026-09-17 07:51:36,2026-09-17 19:00:00,3731708210
bartunkova|n|frech|m,bartunkova|n,frech|m,Nikola Bartunkova,Magdalena Frech,WTA Beijing - R2,2026-10-02 03:00:00,0.5861739896958844,0.41382601030411564,0.6031746031746031,0.43103448275862066,275,2026-10-01 09:31:10,2026-10-01 09:31:00,2026-10-02 03:00:00,3748018273
barun|b|lopez|n,barun|b,lopez|n,Bozo Barun,Noah Lopez,ITF Men Sibenik - R1,2026-09-29 11:06:00,0.5021552124563856,0.49784478754361444,0.5391705069124424,0.5348837209302326,50,2026-09-28 18:26:59,2026-09-28 18:20:44,2026-09-29 11:06:00,3745628272
basavareddy|n|dietrich|d,basavareddy|n,dietrich|d,Nishesh Basavareddy,Dylan Dietrich,ATP Challenger San Diego - SF,2026-09-27 00:05:00,0.6647361500330933,0.33526384996690667,0.6835443037974683,0.35460992907801414,200,2026-09-26 04:21:41,2026-09-26 04:12:41,2026-09-27 00:05:00,3742019849
basavareddy|n|gorzny|s,basavareddy|n,gorzny|s,Nishesh Basavareddy,Sebastian Gorzny,ATP Challenger Tiburon - R16,2026-09-16 23:28:18,0.8136237207112517,0.1863762792887484,0.8319327731092437,0.2061855670103093,1125,2026-09-16 19:13:15,2026-09-16 19:01:39,2026-09-16 23:28:18,3730999811
basavareddy|n|hance|k,basavareddy|n,hance|k,Nishesh Basavareddy,Keaton Hance,ATP Challenger San Diego - R16,2026-09-25 01:30:00,0.9410213808487962,0.058978619151203934,0.9602069239952248,0.08658008658008658,50,2026-09-24 13:02:53,2026-09-24 13:02:53,2026-09-25 01:30:00,3740422714
basavareddy|n|marcondes|i,basavareddy|n,marcondes|i,Nishesh Basavareddy,Igor Marcondes,ATP Challenger San Diego - Final,2026-09-27 21:00:00,0.797242895276086,0.20275710472391403,0.8158379373848987,0.22271714922048996,200,2026-09-27 05:48:53,2026-09-27 05:45:16,2026-09-27 20:14:02,3743859070
basavareddy|n|rottgering|m,basavareddy|n,rottgering|m,Nishesh Basavareddy,Mees Rottgering,ATP Challenger San Diego - R1,2026-09-22 22:39:20,0.6895885841609326,0.31041141583906745,0.7126436781609194,0.33444816053511706,150,2026-09-22 09:01:49,2026-09-22 08:52:21,2026-09-22 22:39:20,3738238830
basilashvili|n|brooksby|j,basilashvili|n,brooksby|j,Nikoloz Basilashvili,Jenson Brooksby,ATP Chengdu Open - QF,2026-09-27 06:00:00,0.43998742925126694,0.560012570748733,0.45454545454545453,0.574468085106383,400,2026-09-25 16:57:55,2026-09-25 16:53:31,2026-09-27 06:00:00,3741459466
basilashvili|n|cina|f,basilashvili|n,cina|f,Nikoloz Basilashvili,Federico Cina,ATP Chengdu Open - Qualifiers,2026-09-23 07:05:00,0.330509056034718,0.669490943965282,0.35211267605633806,0.6904024767801857,250,2026-09-22 13:42:50,2026-09-22 13:39:13,2026-09-23 07:05:00,3738478875
basilashvili|n|fokina|a,basilashvili|n,fokina|a,Nikoloz Basilashvili,Alejandro Davidovich Fokina,ATP Chengdu Open - SF,2026-09-28 10:00:00,0.27263682749898827,0.7273631725010117,0.28735632183908044,0.7416020671834626,475,2026-09-27 15:26:16,2026-09-27 15:25:45,2026-09-28 10:00:00,3744571499
basilashvili|n|kecmanovic|m,basilashvili|n,kecmanovic|m,Nikoloz Basilashvili,Miomir Kecmanovic,ATP Chengdu Open - R1,2026-09-24 09:45:00,0.32065830554380736,0.6793416944561926,0.33783783783783783,0.6960486322188449,250,2026-09-23 11:29:14,2026-09-23 11:25:01,2026-09-24 08:59:33,3739387166
basilashvili|n|lu|h,basilashvili|n,lu|h,Nikoloz Basilashvili,Hanlei Lu,ATP Chengdu Open - Qualifiers,2026-09-22 09:00:00,0.9726588062941914,0.02734119370580862,0.9842742569586412,0.047125353440150806,250,2026-09-21 19:22:29,2026-09-21 19:16:57,2026-09-22 09:00:00,3737917980
basilashvili|n|zandschulp|b,basilashvili|n,zandschulp|b,Nikoloz Basilashvili,Botic Van de Zandschulp,ATP Chengdu Open - R16,2026-09-25 09:30:00,0.3709529840576442,0.6290470159423558,0.38759689922480617,0.6453900709219857,325,2026-09-24 13:43:20,2026-09-24 13:43:20,2026-09-25 08:48:56,3740446804
basiletti|n|gorgodze|e,basiletti|n,gorgodze|e,Noemi Basiletti,Ekaterine Gorgodze,WTA 125K Ljubljana - QF,2026-09-18 08:00:00,0.5524084678071083,0.44759153219289183,0.576271186440678,0.4716981132075471,200,2026-09-17 05:53:14,2026-09-17 05:50:49,2026-09-18 09:00:00,3731662788
basiletti|n|ristic|m,basiletti|n,ristic|m,Noemi Basiletti,Mia Ristic,WTA 125k Tolentino - R16,2026-09-23 19:00:00,0.4266710061808168,0.5733289938191831,0.4504504504504505,0.5967741935483871,200,2026-09-23 07:27:01,2026-09-23 07:22:07,2026-09-23 18:14:28,3739151396
basiletti|n|samson|l,basiletti|n,samson|l,Noemi Basiletti,Laura Samson,WTA 125k Tolentino - R1,2026-09-21 18:00:00,0.31478122028637373,0.6852187797136263,0.3389830508474576,0.7084548104956269,200,2026-09-21 08:44:47,2026-09-21 08:43:00,2026-09-21 18:00:00,3737583982
basile|a|gschwendtner|j,basile|a,gschwendtner|j,Alessio Basile,Jeremy Gschwendtner,ITF Men Telavi - R1,2026-09-23 08:35:00,0.4792218213035419,0.520778178696458,0.5121951219512195,0.5535714285714286,100,2026-09-23 05:41:44,2026-09-23 05:35:55,2026-09-23 08:35:00,3739094267
basile|a|villoslada|e,basile|a,villoslada|e,Alessio Basile,Edouard Villoslada,ITF Men Telavi - R16,2026-09-30 07:00:00,0.7028637798292512,0.2971362201707488,0.7347480106100795,0.33112582781456956,100,2026-09-30 01:44:03,2026-09-30 01:42:20,2026-09-30 07:00:00,3746766203
basile|p|krumich|m,basile|p,krumich|m,Pierluigi Basile,Martin Krumich,ATP Challenger Bari - R16,2026-10-01 14:30:00,0.4126893128131789,0.5873106871868211,0.4366812227074236,0.6108949416342413,150,2026-09-30 16:40:42,2026-09-30 16:39:20,2026-10-01 14:30:00,3747362179
basile|p|oradini|g,basile|p,oradini|g,Pierluigi Basile,Giovanni Oradini,ATP Challenger Genoa - Qualifiers,2026-09-21 13:01:57,0.6366089132533727,0.3633910867466274,0.6644295302013422,0.3921568627450981,75,2026-09-20 19:32:27,2026-09-20 19:22:57,2026-09-21 13:01:57,3737218280
basile|p|ovcharenko|o,basile|p,ovcharenko|o,Pierluigi Basile,Oleksandr Ovcharenko,ATP Challenger Bari - Qualifiers,2026-09-28 08:00:00,0.5799661776875239,0.4200338223124761,0.607843137254902,0.4484304932735426,75,2026-09-28 01:43:49,2026-09-28 01:38:52,2026-09-28 08:00:00,3745225516
basile|p|wehnelt|k,basile|p,wehnelt|k,Pierluigi Basile,Kai Wehnelt,ATP Challenger Bari - Qualifiers,2026-09-27 10:55:48,0.7119012587152806,0.2880987412847193,0.7395833333333334,0.31746031746031744,75,2026-09-27 05:31:57,2026-09-27 05:30:14,2026-09-27 10:55:48,3743844879
basile|p|wiskandt|m,basile|p,wiskandt|m,Pierluigi Basile,Max Wiskandt,ATP Challenger Bari - R1,2026-09-29 11:00:00,0.620738619844424,0.37926138015557614,0.6441281138790036,0.40322580645161293,150,2026-09-28 21:28:47,2026-09-28 21:21:54,2026-09-29 09:48:30,3745709403
basing|m|poljicak|m,basing|m,poljicak|m,Max Basing,Mili Poljicak,ATP Challenger Porto - R1,2026-09-28 13:00:00,0.6356204360405328,0.3643795639594673,0.6539792387543253,0.38314176245210724,150,2026-09-28 03:11:47,2026-09-28 03:09:26,2026-09-28 14:00:00,3745246967
baslilar|s|im|h,baslilar|s,im|h,Seda Baslilar,Heerae Im,ITF Women Reims - R1,2026-09-30 08:00:00,0.411221053645367,0.588778946354633,0.4444444444444444,0.6212121212121212,225,2026-09-30 00:23:26,2026-09-30 00:17:47,2026-09-30 08:00:00,3746734643
bataljin|l|gatoto|a,bataljin|l,gatoto|a,Lawrence Bataljin,Allan Gatoto,ITF Men Kigali - R1,2026-09-29 10:28:51,0.2632172761451523,0.7367827238548477,0.2976190476190476,0.7685185185185185,225,2026-09-29 01:19:24,2026-09-29 01:19:24,2026-09-29 10:28:51,3745768898
batalla|o|canas|a,batalla|o,canas|a,Oriol Roca Batalla,Alejandro Moro Canas,ATP Challenger Biella - QF,2026-09-18 13:00:00,0.4235573183121927,0.5764426816878074,0.4424778761061947,0.5951417004048584,200,2026-09-17 16:33:01,2026-09-17 16:33:01,2026-09-18 13:00:00,3732090147
batsabaken|y|faurel|t,batsabaken|y,faurel|t,Yannis Batsabaken,Thomas Faurel,ITF Men Nevers - R16,2026-09-17 18:15:00,0.17433140825919724,0.8256685917408025,0.19920318725099603,0.8480243161094225,350,2026-09-16 19:13:15,2026-09-16 19:01:39,2026-09-17 18:00:18,3731221098
battiston|a|meerschen|m,battiston|a,meerschen|m,Alessandro Battiston,Martin Van Der Meerschen,ITF Men Sibenik - R16,2026-10-01 09:00:00,0.17040813118304984,0.8295918688169499,0.21052631578947367,0.8633879781420766,50,2026-09-30 16:04:23,2026-09-30 15:54:02,2026-10-01 09:00:00,3747312830
battiston|a|zuberbuehler|r,battiston|a,zuberbuehler|r,Alessandro Battiston,Ryan Zuberbuehler,ITF Men Sibenik - R1,2026-09-30 08:00:00,0.9291191767426178,0.07088082325738218,0.951385512882839,0.10224948875255624,225,2026-09-30 01:44:03,2026-09-30 01:42:20,2026-09-30 08:00:00,3746766377
baum|s|cerny|m,baum|s,cerny|m,Stepan Baum,Matyas Cerny,ITF Men Pardubice - QF,2026-09-26 08:30:00,0.29841271984577583,0.7015872801542243,0.33222591362126247,0.7333333333333333,250,2026-09-25 13:42:52,2026-09-25 13:42:52,2026-09-26 07:47:40,3741268516
baum|s|dominko|s,baum|s,dominko|s,Stepan Baum,Sebastian Dominko,ITF Men Pardubice - Final,2026-09-27 08:00:00,0.21167464116602897,0.788325358833971,0.2518891687657431,0.8236331569664903,75,2026-09-26 13:56:08,2026-09-26 13:56:08,2026-09-27 08:00:00,3742580421
baum|s|pokorny|l,baum|s,pokorny|l,Stepan Baum,Lukas Pokorny,ITF Men Pardubice - SF,2026-09-26 11:00:00,0.3172005304744039,0.6827994695255961,0.35587188612099646,0.7191011235955056,75,2026-09-26 10:43:09,2026-09-26 10:35:44,2026-09-26 11:00:00,3742300969
baum|s|sorger|s,baum|s,sorger|s,Stepan Baum,Sebastian Sorger,ITF Men Pardubice - R1,2026-09-23 10:26:28,0.11875952330463928,0.8812404766953608,0.1582278481012658,0.9118942731277533,50,2026-09-23 02:54:28,2026-09-23 02:54:22,2026-09-23 10:26:28,3739029689
baum|s|vrtilka|j,baum|s,vrtilka|j,Stepan Baum,Jakub Vrtilka,ITF Men Pardubice - R16,2026-09-24 08:00:00,0.9148978278016341,0.08510217219836602,0.939061547836685,0.11764705882352941,150,2026-09-23 15:42:30,2026-09-23 15:42:30,2026-09-24 08:00:00,3739630141
bax|f|borisiouk|m,bax|f,borisiouk|m,Florent Bax,Martin Borisiouk,ATP Challenger Phan Thiet - R16,2026-09-17 04:00:00,0.5923811421161908,0.4076188578838094,0.6153846153846154,0.43103448275862066,150,2026-09-16 19:13:15,2026-09-16 19:01:39,2026-09-17 04:00:00,3731298930
bax|f|kouame|m,bax|f,kouame|m,Florent Bax,Moise Kouame,ATP Challenger Phan Thiet - QF,2026-09-18 05:00:00,0.18587439474325335,0.8141256052567466,0.20576131687242802,0.8324958123953099,150,2026-09-17 11:17:53,2026-09-17 11:07:55,2026-09-18 04:28:52,3731851053
bax|f|schachter|n,bax|f,schachter|n,Florent Bax,Noah Schachter,ITF Men Kigali - R1,2026-09-29 09:57:20,0.8957796676660644,0.1042203323339353,0.9219968798751951,0.13793103448275862,225,2026-09-29 01:19:24,2026-09-29 01:19:24,2026-09-29 09:57:20,3745769259
bax|f|warik|c,bax|f,warik|c,Florent Bax,Caheer Warik,ITF Men Kigali - R16,2026-10-01 09:48:08,0.9784483750998167,0.021551624900183326,0.9895057193829363,0.043744531933508315,225,2026-10-01 00:33:09,2026-10-01 00:27:21,2026-10-01 09:48:08,3747763768
bazderova|a|matsumoto|y,bazderova|a,matsumoto|y,Anna Bazderova,Yuka Matsumoto,ITF Women Monastir - R1,2026-09-30 09:39:00,0.6647871579527415,0.33521284204725854,0.696969696969697,0.36900369003690037,100,2026-09-29 18:50:37,2026-09-29 18:45:34,2026-09-30 09:39:00,3746468837
beale|j|pham|d,beale|j,pham|d,Jeremy Beale,Derek Pham,ITF Men Darwin - R16,2026-10-01 05:47:31,0.48921912813801266,0.5107808718619873,0.5260663507109005,0.5475113122171946,50,2026-09-30 23:38:49,2026-09-30 23:31:36,2026-10-01 05:47:31,3747735583
beale|j|sach|t,beale|j,sach|t,Jeremy Beale,Tai Leonard Sach,ITF Men Darwin - R1,2026-09-30 07:00:00,0.5300223829804921,0.4699776170195079,0.5670995670995671,0.5073891625615764,50,2026-09-29 23:39:15,2026-09-29 23:32:28,2026-09-30 07:00:00,3746719209
beamish|n|herzeele|j,beamish|n,herzeele|j,Nick Beamish,James Van Herzeele,ITF Men Luan - R1,2026-09-30 03:30:00,0.2843748278927636,0.7156251721072364,0.3236245954692557,0.7518610421836228,50,2026-09-29 23:30:16,2026-09-29 23:25:55,2026-09-30 03:30:00,3746715759
beamish|n|nakajima|k,beamish|n,nakajima|k,Nick Beamish,Kazuki Nakajima,ITF Men Yinchuan - R1,2026-09-23 05:00:00,0.6385575034318993,0.3614424965681004,0.6710526315789473,0.39525691699604737,100,2026-09-22 12:47:51,2026-09-22 12:38:50,2026-09-23 05:00:00,3738423991
beamish|n|sasikumar|m,beamish|n,sasikumar|m,Nick Beamish,Mukund Sasikumar,ITF Men Yinchuan - R16,2026-09-24 04:00:00,0.04952061982158138,0.9504793801784187,0.08326394671107411,0.970980847359257,50,2026-09-23 15:32:15,2026-09-23 15:27:23,2026-09-24 04:00:00,3739619382
beckley|a|grunewald|n,beckley|a,grunewald|n,Alec Beckley,Niklas Grunewald,ITF Men Kigali - R16,2026-10-01 08:00:00,0.9520937688993946,0.04790623110060552,0.9702999702999703,0.07639419404125286,225,2026-10-01 00:33:09,2026-10-01 00:27:21,2026-10-01 08:00:00,3747763565
beckley|a|nefve|a,beckley|a,nefve|a,Alec Beckley,Axel Nefve,ITF Men Kigali - R1,2026-09-30 09:27:15,0.6056328727648724,0.3943671272351277,0.6376811594202898,0.4273504273504274,150,2026-09-30 02:04:19,2026-09-30 02:03:30,2026-09-30 09:27:15,3746772774
beck|a|sawashiro|k,beck|a,sawashiro|k,Ava Beck,Kanon Sawashiro,ITF Women Wagga Wagga - R16,2026-10-01 02:13:00,0.15747915609339644,0.8425208439066036,0.19762845849802374,0.8757763975155279,50,2026-09-30 11:55:07,2026-09-30 11:52:29,2026-10-01 02:13:00,3747118593
beck|a|tse|e,beck|a,tse|e,Ava Beck,Elyse Tse,ITF Women Wagga Wagga - R1,2026-09-30 03:00:00,0.2835307193294466,0.7164692806705534,0.31746031746031744,0.7481108312342569,100,2026-09-29 02:48:34,2026-09-29 02:48:34,2026-09-30 03:00:00,3745788812
becroft|i|dembo|j,becroft|i,dembo|j,Isaac Becroft,Jake Dembo,ITF Men Luan - R1,2026-09-30 05:00:00,0.82268961501347,0.17731038498653007,0.8567335243553009,0.2173913043478261,50,2026-09-29 23:30:16,2026-09-29 23:25:55,2026-09-30 05:00:00,3746715843
becroft|i|taka|y,becroft|i,taka|y,Isaac Becroft,Yua Taka,ITF Men Luan - R16,2026-10-01 03:00:00,0.8154619461518555,0.1845380538481445,0.8498498498498499,0.2247191011235955,50,2026-09-30 13:19:24,2026-09-30 13:07:23,2026-10-01 03:00:00,3747170503
becroft|i|wang|k,becroft|i,wang|k,Isaac Becroft,Kai I Wang,ITF Men Luan - QF,2026-10-02 04:00:00,0.7789921881896009,0.22100781181039914,0.8144712430426716,0.2610966057441253,75,2026-10-01 09:47:06,2026-10-01 09:46:05,2026-10-02 04:00:00,3748041513
bejlek|s|bucsa|c,bejlek|s,bucsa|c,Sara Bejlek,Cristina Bucsa,WTA Guadalajara - QF,2026-09-17 19:10:00,0.6523149587581858,0.34768504124181426,0.6666666666666666,0.3623188405797102,475,2026-09-17 01:25:53,2026-09-17 01:19:02,2026-09-17 19:10:00,3731546655
bejlek|s|inglis|m,bejlek|s,inglis|m,Sara Bejlek,Maddison Inglis,WTA Beijing - R2,2026-10-02 03:00:00,0.7532471565816844,0.24675284341831563,0.7695852534562212,0.2638522427440633,275,2026-10-01 08:41:57,2026-10-01 08:35:37,2026-10-02 03:00:00,3747986919
bekeni|m|dominko|s,bekeni|m,dominko|s,Marko Bekeni,Sebastian Dominko,ITF Men Pardubice - R16,2026-09-24 10:00:00,0.08931409898093483,0.910685901019065,0.12210012210012208,0.9353169469598965,150,2026-09-23 15:42:30,2026-09-23 15:42:30,2026-09-24 10:00:00,3739629662
bekeni|m|heinrich|s,bekeni|m,heinrich|s,Marko Bekeni,Sebastian Heinrich,ITF Men Pardubice - R1,2026-09-23 10:00:00,0.7236519849580537,0.27634801504194656,0.7596153846153847,0.31545741324921134,50,2026-09-23 02:54:28,2026-09-23 02:54:22,2026-09-23 10:00:00,3739028569
belgium||ukraine|,belgium|,ukraine|,Belgium,Ukraine,Billie Jean King Cup - Tie,2026-09-24 02:05:00,0.17648719974455337,0.8235128002554466,0.2092050209205021,0.8520710059171597,50,2026-09-22 11:17:58,2026-09-22 11:08:14,2026-09-24 02:05:00,3738346538
bellifemine|a|seghetti|s,bellifemine|a,seghetti|s,Alessandro Bellifemine,Samuele Seghetti,ITF Men Santa Margherita di Pula - R1,2026-09-22 14:00:00,0.43010927210713457,0.5698907278928655,0.4672897196261683,0.6062992125984252,50,2026-09-21 21:37:05,2026-09-21 21:33:52,2026-09-22 13:14:28,3737969984
bellucci|m|majchrzak|k,bellucci|m,majchrzak|k,Mattia Bellucci,Kamil Majchrzak,ATP Hangzhou - R1,2026-09-24 08:30:00,0.4216359527660841,0.5783640472339159,0.43859649122807015,0.5951417004048584,250,2026-09-22 09:32:05,2026-09-22 09:22:32,2026-09-24 09:30:00,3738261198
bellucci|m|muller|a,bellucci|m,muller|a,Mattia Bellucci,Alexandre Muller,ATP Challenger Jingshan - R1,2026-09-30 04:00:00,0.6322035230307214,0.3677964769692787,0.6515679442508712,0.38759689922480617,150,2026-09-29 15:21:32,2026-09-29 15:14:07,2026-09-30 04:00:00,3746259063
bellucci|m|peliwo|f,bellucci|m,peliwo|f,Mattia Bellucci,Filip Peliwo,ATP Challenger Jingshan - Qualifiers,2026-09-28 06:30:00,0.9639133931944415,0.036086606805558544,0.9785361665593476,0.060060060060060066,100,2026-09-27 23:55:53,2026-09-27 23:53:03,2026-09-28 06:30:00,3745178457
bellucci|m|saitoh|k,bellucci|m,saitoh|k,Mattia Bellucci,Keisuke Saitoh,ATP Challenger Jingshan - Qualifiers,2026-09-29 05:00:00,0.9346910679392916,0.06530893206070826,0.9548736462093863,0.09363295880149813,100,2026-09-28 10:46:50,2026-09-28 10:44:30,2026-09-29 04:49:46,3745393719
bellucci|m|walton|a,bellucci|m,walton|a,Mattia Bellucci,Adam Walton,ATP Challenger Jingshan - R16,2026-10-01 03:10:00,0.5,0.5,0.5192307692307692,0.5192307692307692,200,2026-09-30 15:35:35,2026-09-30 15:23:50,2026-10-01 03:10:00,3747286196
belozertsev|n|nikolic|m,belozertsev|n,nikolic|m,Nikita Belozertsev,Marko Nikolic,ITF Men Zlatibor - R1,2026-09-17 11:00:00,0.8384287413411942,0.16157125865880592,0.8717948717948718,0.20161290322580647,50,2026-09-16 23:16:19,2026-09-16 23:13:04,2026-09-17 11:00:00,3731475393
belozertsev|n|topo|m,belozertsev|n,topo|m,Nikita Belozertsev,Marko Topo,ITF Men Zlatibor - R16,2026-09-18 10:00:00,0.27823160563863286,0.7217683943613671,0.31746031746031744,0.7578692493946732,50,2026-09-18 01:38:45,2026-09-18 01:38:45,2026-09-18 10:00:00,3732437935
bentzel|c|boitan|g,bentzel|c,boitan|g,Cezar Stefan Bentzel,Gabi Adrian Boitan,ITF Men Slobozia - R16,2026-10-01 08:00:00,0.05085598799519923,0.9491440120048006,0.07980845969672785,0.967958987504005,225,2026-10-01 00:33:09,2026-10-01 00:27:21,2026-10-01 08:00:00,3747770306
bentzel|c|khorozov|m,bentzel|c,khorozov|m,Cezar Stefan Bentzel,Maxim Khorozov,ITF Men Slobozia - R1,2026-09-29 08:00:00,0.7112606396936964,0.28873936030630337,0.7474747474747475,0.3278688524590164,50,2026-09-28 23:48:02,2026-09-28 23:48:02,2026-09-29 08:00:00,3745747986
beraldo|l|michalski|d,beraldo|l,michalski|d,Lorenzo Beraldo,Daniel Michalski,ITF Men Santa Margherita di Pula - R1,2026-09-22 09:30:00,0.04513340968794573,0.954866590312054,0.078064012490242,0.9742930591259641,50,2026-09-21 21:37:05,2026-09-21 21:32:52,2026-09-22 08:56:11,3737968109
berecoechea|n|boskovic|l,berecoechea|n,boskovic|l,Nahia Berecoechea,Lea Boskovic,ITF Women Baza - R1,2026-09-29 17:00:00,0.40144958035543854,0.5985504196445616,0.4347826086956522,0.6309963099630996,150,2026-09-29 02:48:34,2026-09-29 02:48:34,2026-09-29 17:00:00,3745788627
berecoechea|n|lazarenko|k,berecoechea|n,lazarenko|k,Nahia Berecoechea,Kateryna Lazarenko,ITF Women Yecla - QF,2026-09-25 11:30:00,0.7572229953486879,0.24277700465131197,0.7929606625258799,0.2824858757062147,75,2026-09-24 23:39:29,2026-09-24 23:31:56,2026-09-25 10:43:22,3740856253
berecoechea|n|matoula|m,berecoechea|n,matoula|m,Nahia Berecoechea,Martha Matoula,ITF Women Yecla - R1,2026-09-22 10:00:00,0.44850408577178086,0.5514959142282191,0.4807692307692307,0.5833333333333333,150,2026-09-21 21:19:37,2026-09-21 21:17:44,2026-09-22 09:00:00,3737965298
berecoechea|n|novak|k,berecoechea|n,novak|k,Nahia Berecoechea,Kristina Novak,ITF Women Baza - R16,2026-10-01 09:30:00,0.8184489531544152,0.18155104684558485,0.8527245949926362,0.22172949002217296,50,2026-09-30 23:57:06,2026-09-30 23:57:06,2026-10-01 09:30:00,3747748296
berecoechea|n|tona|m,berecoechea|n,tona|m,Nahia Berecoechea,Miriana Tona,ITF Women Yecla - R16,2026-09-24 09:00:00,0.6603517231933963,0.33964827680660364,0.6923076923076923,0.373134328358209,100,2026-09-23 23:34:21,2026-09-23 23:32:41,2026-09-24 09:00:00,3739972937
berezina|p|kumru|a,berezina|p,kumru|a,Polina Berezina,Ada Kumru,ITF Women Monastir - R1,2026-09-30 08:30:00,0.5423142091883913,0.45768579081160876,0.574468085106383,0.49019607843137253,100,2026-09-29 18:50:37,2026-09-29 18:45:34,2026-09-30 08:30:00,3746468837
berezina|p|mariani|m,berezina|p,mariani|m,Polina Berezina,Matilde Mariani,ITF Women Monastir - R16,2026-10-01 09:30:00,0.4196957226337123,0.5803042773662878,0.45248868778280543,0.6124031007751938,100,2026-10-01 01:24:54,2026-10-01 01:17:22,2026-10-01 09:30:00,3747796193
bergs|z|lehecka|j,bergs|z,lehecka|j,Zizou Bergs,Jiri Lehecka,ATP Tokyo - R1,2026-09-30 03:05:00,0.28599229597751286,0.7140077040224873,0.30303030303030304,0.7304582210242588,250,2026-09-29 07:56:31,2026-09-29 07:56:07,2026-09-30 03:05:00,3745892126
bergs|z|neumayer|l,bergs|z,neumayer|l,Zizou Bergs,Lukas Neumayer,Davis Cup - Qualifiers,2026-09-18 12:15:00,0.6756282596716953,0.32437174032830485,0.6987951807228916,0.3484320557491289,100,2026-09-18 07:48:26,2026-09-18 07:45:39,2026-09-18 12:15:00,3732562950
bergs|z|rodionov|j,bergs|z,rodionov|j,Zizou Bergs,Jurij Rodionov,Davis Cup - Qualifiers,2026-09-19 12:24:00,0.6517333575010992,0.3482666424989009,0.673202614379085,0.37037037037037035,250,2026-09-19 02:35:48,2026-09-19 02:31:52,2026-09-19 11:39:36,3733683675
bernard|a|dahlin|m,bernard|a,dahlin|m,Alexander Bernard,Max Dahlin,ITF Men Ann Arbor - R16,2026-10-01 14:00:00,0.20037614658941255,0.7996238534105874,0.23529411764705882,0.8305084745762712,225,2026-09-30 23:28:12,2026-09-30 23:26:57,2026-10-01 14:00:00,3747734114
bernard|a|lithen|j,bernard|a,lithen|j,Alexander Bernard,John Hallquist Lithen,ITF Men Columbia - R1,2026-09-23 17:23:15,0.27024186851552273,0.7297581314844772,0.30959752321981426,0.765807962529274,50,2026-09-23 11:18:42,2026-09-23 11:17:47,2026-09-23 17:23:15,3739378734
bernet|h|friberg|k,bernet|h,friberg|k,Henry Bernet,Karl Friberg,ITF Men Falun - QF,2026-09-24 13:00:00,0.75225928527222,0.24774071472778,0.7840172786177105,0.2824858757062147,150,2026-09-24 00:37:45,2026-09-24 00:33:24,2026-09-24 13:00:00,3740010881
bernet|h|frydrych|v,bernet|h,frydrych|v,Henry Bernet,Viktor Frydrych,ITF Men Falun - R1,2026-09-21 12:00:00,0.9560009988206969,0.04399900117930319,0.973361747469366,0.07183908045977011,225,2026-09-21 00:25:23,2026-09-21 00:24:49,2026-09-21 12:00:00,3737465913
bernet|h|glinka|d,bernet|h,glinka|d,Henry Bernet,Daniil Glinka,ATP Challenger Mouilleron-Le-Captif - R1,2026-09-30 11:20:00,0.45884048713923714,0.5411595128607628,0.48309178743961345,0.5652173913043479,150,2026-09-27 16:15:28,2026-09-27 16:10:59,2026-09-30 11:13:42,3744667252
bernet|h|petrovic|a,bernet|h,petrovic|a,Henry Bernet,Andreja Petrovic,ITF Men Falun - SF,2026-09-25 16:00:00,0.8003584534313252,0.19964154656867497,0.8352553542009884,0.23980815347721823,75,2026-09-24 23:56:10,2026-09-24 23:47:02,2026-09-25 15:11:56,3740866276
bernet|h|sigsgaard|c,bernet|h,sigsgaard|c,Henry Bernet,Christian Sigsgaard,ITF Men Falun - R16,2026-09-23 16:23:34,0.8042507496168361,0.19574925038316388,0.8389694041867954,0.23584905660377356,50,2026-09-23 02:59:58,2026-09-23 02:59:22,2026-09-23 16:23:34,3739031649
bernet|h|stricker|d,bernet|h,stricker|d,Henry Bernet,Dominic Stephan Stricker,ATP Challenger Mouilleron-Le-Captif - R16,2026-10-01 11:20:00,0.37782123123530603,0.6221787687646939,0.4016064257028112,0.6453900709219857,150,2026-09-30 23:51:47,2026-09-30 23:46:46,2026-10-01 11:20:00,3747743576
berrettini|m|fokina|a,berrettini|m,fokina|a,Matteo Berrettini,Alejandro Davidovich Fokina,ATP Tokyo - R1,2026-10-01 11:00:00,0.3950376033555503,0.6049623966444497,0.41152263374485604,0.6212121212121212,250,2026-09-29 08:11:16,2026-09-29 08:11:14,2026-10-01 09:39:09,3745899411
bertacchi|a|blazkova|k,bertacchi|a,blazkova|k,Anastasia Bertacchi,Klara Blazkova,ITF Women Monastir - R1,2026-09-22 11:00:00,0.749214656245056,0.250785343754944,0.7811816192560176,0.2857142857142857,150,2026-09-21 21:04:55,2026-09-21 21:02:38,2026-09-22 10:57:39,3737959602
bertacchi|a|daniels|e,bertacchi|a,daniels|e,Anastasia Bertacchi,Ellie Daniels,ITF Women Monastir - R16,2026-09-24 11:00:00,0.6196831303580358,0.38031686964196426,0.6563573883161512,0.4184100418410042,50,2026-09-23 23:47:04,2026-09-23 23:43:27,2026-09-24 11:00:00,3739981174
bertacchi|a|santiago|m,bertacchi|a,santiago|m,Anastasia Bertacchi,Marta Soriano Santiago,ITF Women Monastir - R1,2026-09-29 10:30:00,0.4330865556108134,0.5669134443891864,0.46511627906976744,0.5983935742971888,225,2026-09-28 23:23:02,2026-09-28 23:22:39,2026-09-29 10:30:00,3745742487
bertea|e|kostovic|t,bertea|e,kostovic|t,Elena Ruxandra Bertea,Teodora Kostovic,WTA 125K Ankara - R16,2026-09-24 09:00:00,0.16913801487371577,0.8308619851262846,0.19646365422396858,0.855072463768116,200,2026-09-23 15:21:24,2026-09-23 15:21:24,2026-09-24 10:00:00,3739614809
bertea|e|stefanini|l,bertea|e,stefanini|l,Elena Ruxandra Bertea,Lucrezia Stefanini,WTA 125K Adana - R1,2026-09-28 10:30:00,0.12654537267366528,0.8734546273263348,0.1557632398753894,0.8978549540347293,200,2026-09-28 01:43:49,2026-09-28 01:29:23,2026-09-28 10:30:00,3745221437
bertea|e|vogt|m,bertea|e,vogt|m,Elena Ruxandra Bertea,Marie Vogt,WTA 125K Ankara - R1,2026-09-22 14:00:00,0.5503864678311137,0.44961353216888644,0.574468085106383,0.4739336492890995,200,2026-09-22 01:50:44,2026-09-22 01:49:30,2026-09-22 13:49:48,3738045175
bertimon|c|biletic|i,bertimon|c,biletic|i,Charles Bertimon,Ivan Biletic,ITF Men Sibenik - R16,2026-10-01 08:00:00,0.5453253428625837,0.4546746571374164,0.5780590717299579,0.48780487804878053,225,2026-09-30 23:51:47,2026-09-30 23:46:46,2026-10-01 08:00:00,3747744159
bertimon|c|gretskiy|i,bertimon|c,gretskiy|i,Charles Bertimon,Ivan Gretskiy,ITF Men Hurghada - QF,2026-09-18 07:00:00,0.6624412698071785,0.3375587301928215,0.6987951807228916,0.37593984962406013,75,2026-09-17 23:55:51,2026-09-17 23:55:51,2026-09-18 07:00:00,3732387578
bertimon|c|hurrion|m,bertimon|c,hurrion|m,Charles Bertimon,Millen Hurrion,ITF Men Hurghada - SF,2026-09-19 09:00:00,0.13796681608777608,0.8620331839122239,0.17793594306049823,0.8941798941798942,75,2026-09-18 16:20:55,2026-09-18 16:18:52,2026-09-19 09:00:00,3732990653
bertimon|c|jubb|p,bertimon|c,jubb|p,Charles Bertimon,Paul Jubb,ITF Men Hurghada - Final,2026-09-20 09:00:00,0.10687332920035318,0.8931266707996469,0.14064697609001406,0.9195494770716008,150,2026-09-19 11:18:12,2026-09-19 11:10:58,2026-09-20 06:42:43,3734057994
bertimon|c|kuperstein|a,bertimon|c,kuperstein|a,Charles Bertimon,Alex Kuperstein,ITF Men Sibenik - R1,2026-09-30 08:00:00,0.7473971508022204,0.2526028491977796,0.7792494481236203,0.28735632183908044,225,2026-09-30 01:44:03,2026-09-30 01:42:20,2026-09-30 08:00:00,3746766056
bertimon|c|poritskyy|a,bertimon|c,poritskyy|a,Charles Bertimon,Andriy Poritskyy,ITF Men Hurghada - R16,2026-09-17 07:44:23,0.9463698206925705,0.05363017930742948,0.9657299520219328,0.08298755186721991,100,2026-09-17 04:53:19,2026-09-17 04:50:24,2026-09-17 07:44:23,3731647334
bertimon|m|lumsden|e,bertimon|m,lumsden|e,Maxence Bertimon,Ewen Lumsden,ITF Men Monastir - R16,2026-09-17 08:42:55,0.5714714205375484,0.42852857946245126,0.6031746031746031,0.4608294930875576,100,2026-09-17 04:53:19,2026-09-17 04:50:24,2026-09-17 08:42:55,3731647394
bertola|r|jong|j,bertola|r,jong|j,Remy Bertola,Jesper De Jong,ATP Challenger St Tropez - R1,2026-09-22 12:04:33,0.27984837922537115,0.7201516207746289,0.29940119760479045,0.7389033942558746,150,2026-09-20 16:56:39,2026-09-20 16:54:52,2026-09-22 12:04:33,3736965304
bertola|r|poullain|l,bertola|r,poullain|l,Remy Bertola,Lucas Poullain,ATP Challenger Mouilleron-Le-Captif - R16,2026-09-30 19:00:00,0.5733289938191831,0.4266710061808168,0.5967741935483871,0.4504504504504505,150,2026-09-30 09:40:25,2026-09-30 09:36:36,2026-09-30 18:48:28,3747000688
bertola|r|reco|a,bertola|r,reco|a,Remy Bertola,Alexandre Reco,ATP Challenger Mouilleron-Le-Captif - R1,2026-09-29 14:10:00,0.7912449561636855,0.20875504383631446,0.8141263940520447,0.23364485981308414,100,2026-09-29 02:02:52,2026-09-29 01:53:42,2026-09-29 14:10:00,3745776875
berto|l|bocchi|l,berto|l,bocchi|l,Lorenzo Berto,Lorenzo Bocchi,ATP Challenger Genoa - Qualifiers,2026-09-20 08:44:01,0.27904582074866485,0.7209541792513352,0.30864197530864196,0.7487437185929648,75,2026-09-20 02:00:25,2026-09-20 01:58:30,2026-09-20 08:44:01,3735738577
berto|l|caniato|c,berto|l,caniato|c,Lorenzo Berto,Carlo Alberto Caniato,ATP Challenger Genoa - R1,2026-09-22 10:44:39,0.07038747103757434,0.9296125289624257,0.0992063492063492,0.9505195447798119,50,2026-09-22 03:54:00,2026-09-22 03:50:18,2026-09-22 10:44:39,3738093528
berto|l|sakellaridis|d,berto|l,sakellaridis|d,Lorenzo Berto,Dimitris Sakellaridis,ATP Challenger Genoa - Qualifiers,2026-09-21 11:00:00,0.34717734188862914,0.6528226581113709,0.37593984962406013,0.6805111821086262,75,2026-09-21 00:25:23,2026-09-21 00:24:49,2026-09-21 10:13:57,3737467547
bertrand|r|cacao|t,bertrand|r,cacao|t,Robin Bertrand,Tiago Cacao,ITF Men Setubal - R1,2026-09-22 12:15:00,0.6133308676043088,0.38666913239569134,0.6491228070175439,0.42372881355932196,50,2026-09-21 21:37:05,2026-09-21 21:32:52,2026-09-22 12:15:00,3737967966
bertrand|r|domingues|j,bertrand|r,domingues|j,Robin Bertrand,Joao Domingues,ITF Men Setubal - R16,2026-09-24 12:00:00,0.6902540651103076,0.3097459348896925,0.7222222222222222,0.3436426116838488,225,2026-09-24 00:37:45,2026-09-24 00:22:48,2026-09-24 12:00:00,3740004690
bertrand|r|henning|p,bertrand|r,henning|p,Robin Bertrand,Philip Henning,ITF Men Setubal - QF,2026-09-25 11:00:00,0.35831175808349514,0.641688241916505,0.3968253968253968,0.6784565916398714,75,2026-09-24 23:50:52,2026-09-24 23:47:02,2026-09-25 11:00:00,3740863235
bertrand|r|matusevich|a,bertrand|r,matusevich|a,Robin Bertrand,Anton Matusevich,ATP Challenger Porto - Qualifiers,2026-09-28 12:20:00,0.39871691427093403,0.601283085729066,0.42194092827004215,0.6240601503759399,100,2026-09-27 23:09:35,2026-09-27 22:58:27,2026-09-28 12:30:00,3745143601
bertrand|r|murgett|f,bertrand|r,murgett|f,Robin Bertrand,Finn Murgett,ITF Men Sintra - R16,2026-09-17 09:14:33,0.6927609777200299,0.30723902227997013,0.7289972899728998,0.34602076124567477,50,2026-09-16 23:16:19,2026-09-16 23:13:04,2026-09-17 09:14:33,3731474115
bertrand|r|schoen|p,bertrand|r,schoen|p,Robin Bertrand,Patrick Schoen,ITF Men Sintra - QF,2026-09-18 11:00:00,0.38031686964196426,0.6196831303580358,0.4184100418410042,0.6563573883161512,75,2026-09-17 20:06:51,2026-09-17 20:02:52,2026-09-18 11:00:00,3732313310
bertrand|r|valdoleiros|g,bertrand|r,valdoleiros|g,Robin Bertrand,Guilherme Valdoleiros,ATP Challenger Porto - Qualifiers,2026-09-27 14:59:00,0.9719658614145251,0.028034138585474874,0.9844720496894411,0.0501002004008016,100,2026-09-26 23:50:41,2026-09-26 23:49:58,2026-09-27 14:59:00,3743621406
bessonov|d|lagarrigue|f,bessonov|d,lagarrigue|f,Dmitry Bessonov,Florent Lagarrigue,ITF Men Tsaghkadzor - SF,2026-09-19 08:00:00,0.3973134075471953,0.6026865924528046,0.4347826086956522,0.6389891696750902,75,2026-09-18 21:39:16,2026-09-18 21:38:33,2026-09-19 08:00:00,3733520853
bessonov|d|monzon|i,bessonov|d,monzon|i,Dmitry Bessonov,Ignacio Monzon,ITF Men Tsaghkadzor - QF,2026-09-18 08:00:00,0.2043030850631153,0.7956969149368849,0.23923444976076558,0.826689774696707,375,2026-09-17 20:23:35,2026-09-17 20:23:35,2026-09-18 08:00:00,3732326117
bessonov|d|popko|d,bessonov|d,popko|d,Dmitry Bessonov,Dmitry Popko,ITF Men Tsaghkadzor - Final,2026-09-20 07:15:18,0.0828658267478177,0.9171341732521822,0.12048192771084336,0.9437570303712036,75,2026-09-19 10:34:30,2026-09-19 10:32:54,2026-09-20 08:00:00,3734002871
bessonov|d|singh|d,bessonov|d,singh|d,Dmitry Bessonov,Digvijay Pratap Singh,ITF Men Baku - R1,2026-09-29 07:30:00,0.26846464104089374,0.731535358959106,0.3076923076923077,0.7674418604651163,50,2026-09-28 18:26:59,2026-09-28 18:20:44,2026-09-29 07:30:00,3745626207
betov|s|frydrych|v,betov|s,frydrych|v,Sergey Betov,Viktor Frydrych,ITF Men Hurghada - R16,2026-09-17 09:00:00,0.3062833730220883,0.6937166269779118,0.3448275862068966,0.7297297297297298,50,2026-09-16 23:39:23,2026-09-16 23:33:19,2026-09-17 09:00:00,3731490534
bhatia|d|cho|g,bhatia|d,cho|g,Diva Bhatia,Gabriela Kawano Cho,ITF Women Trelew - R1,2026-09-30 14:00:00,0.5139593700951712,0.4860406299048289,0.5515695067264574,0.5238095238095238,50,2026-09-29 23:44:51,2026-09-29 23:43:52,2026-09-30 14:00:00,3746722180
bicknell|b|milavsky|d,bicknell|b,milavsky|d,Blaise Bicknell,Daniel Milavsky,ATP Challenger Columbus - R1,2026-09-28 20:30:00,0.2776547100884193,0.7223452899115808,0.3021148036253776,0.7455470737913487,150,2026-09-28 08:55:44,2026-09-28 08:47:10,2026-09-28 19:42:24,3745340382
bicknell|b|vrba|j,bicknell|b,vrba|j,Blaise Bicknell,Jakub Vrba,ATP Challenger San Diego - Qualifiers,2026-09-20 20:00:00,0.7793005063459993,0.2206994936540006,0.8065764023210832,0.2506265664160401,75,2026-09-20 10:17:53,2026-09-20 10:04:29,2026-09-20 19:57:37,3736049546
bidzinashvili|n|grippo|v,bidzinashvili|n,grippo|v,Nika Bidzinashvili,Valentino Grippo,ITF Men Telavi - R1,2026-09-23 08:52:00,0.1195145225357596,0.8804854774642404,0.1589825119236884,0.9111900532859679,50,2026-09-23 05:41:44,2026-09-23 05:30:25,2026-09-23 08:52:00,3739091115
bieldiugin|t|opitz|j,bieldiugin|t,opitz|j,Tymur Bieldiugin,Jannik Opitz,ITF Men Slobozia - R1,2026-09-29 07:00:00,0.37885789250801877,0.6211421074919812,0.4166666666666667,0.6575342465753424,50,2026-09-28 23:48:02,2026-09-28 23:48:02,2026-09-29 07:00:00,3745747484
bigun|k|fenty|a,bigun|k,fenty|a,Kaylan Bigun,Andrew Fenty,ATP Challenger San Diego - Qualifiers,2026-09-20 18:10:00,0.42441739829977937,0.5755826017002206,0.45248868778280543,0.6031746031746031,75,2026-09-20 10:17:53,2026-09-20 10:04:29,2026-09-20 19:10:00,3736048245
bigun|k|smith|k,bigun|k,smith|k,Kaylan Bigun,Keegan Smith,ATP Challenger Columbus - R1,2026-09-29 23:30:00,0.29505263274855636,0.7049473672514438,0.3194888178913738,0.7282608695652174,150,2026-09-29 08:35:41,2026-09-29 08:29:42,2026-09-29 23:30:00,3745915550
bigun|k|zamora|n,bigun|k,zamora|n,Kaylan Bigun,Noah Zamora,ATP Challenger Columbus - Qualifiers,2026-09-27 23:15:37,0.5918482235628587,0.40815177643714146,0.6197718631178707,0.4366812227074236,75,2026-09-27 06:53:52,2026-09-27 06:52:35,2026-09-27 23:15:37,3743884267
bilardo|f|colmegna|m,bilardo|f,colmegna|m,Federica Bilardo,Martina Colmegna,ITF Women Santa Margherita di Pula - R1,2026-09-23 07:44:44,0.16818633998600205,0.8318136600139979,0.2032520325203252,0.8618784530386739,150,2026-09-23 03:24:41,2026-09-23 03:15:47,2026-09-23 07:44:44,3739041861
bilardo|j|malige|m,bilardo|j,malige|m,Jacopo Bilardo,Mae Malige,ITF Men Monastir - R1,2026-09-23 10:30:00,0.40122282308850266,0.5987771769114975,0.43859649122807015,0.635036496350365,50,2026-09-23 05:41:44,2026-09-23 05:35:55,2026-09-23 10:30:00,3739092931
bilardo|j|ogunsakin|o,bilardo|j,ogunsakin|o,Jacopo Bilardo,Oluwaseun Peter Ogunsakin,ITF Men Monastir - R16,2026-09-17 08:42:25,0.6379902288204844,0.36200977117951566,0.66996699669967,0.39525691699604737,200,2026-09-16 19:13:15,2026-09-16 19:01:39,2026-09-17 08:42:25,3731297328
bilardo|j|ruggeri|s,bilardo|j,ruggeri|s,Jacopo Bilardo,Samuel Vincent Ruggeri,ITF Men Monastir - QF,2026-09-18 09:00:17,0.32370731608181635,0.6762926839181838,0.3623188405797102,0.7126436781609194,75,2026-09-18 01:38:45,2026-09-18 01:32:36,2026-09-18 09:00:17,3732437041
bilardo|j|willwerth|b,bilardo|j,willwerth|b,Jacopo Bilardo,Benjamin Willwerth,ITF Men Monastir - SF,2026-09-19 11:00:00,0.2600497954358619,0.7399502045641383,0.29940119760479045,0.7757847533632287,75,2026-09-18 23:29:32,2026-09-18 23:21:28,2026-09-19 11:00:00,3733562982
biletic|i|toffanin|n,biletic|i,toffanin|n,Ivan Biletic,Nicolo Toffanin,ITF Men Sibenik - R1,2026-09-30 09:30:00,0.6574975887961624,0.3425024112038377,0.6894409937888198,0.37593984962406013,150,2026-09-30 01:44:03,2026-09-30 01:42:20,2026-09-30 09:30:00,3746766056
binda|a|chen|k,binda|a,chen|k,Alexandr Binda,Kuan Shou Chen,ITF Men Yinchuan - SF,2026-09-26 04:30:00,0.4860406299048289,0.5139593700951712,0.5238095238095238,0.5515695067264574,75,2026-09-25 13:49:23,2026-09-25 13:43:40,2026-09-26 04:30:00,3741268677
binda|a|chung|y,binda|a,chung|y,Alexandr Binda,Yun Seong Chung,ITF Men Yinchuan - R1,2026-09-23 03:57:09,0.4196957226337123,0.5803042773662878,0.45248868778280543,0.6124031007751938,100,2026-09-22 12:47:51,2026-09-22 12:38:50,2026-09-23 03:57:09,3738424116
binda|a|flores|j,binda|a,flores|j,Alexandr Binda,Jesse Flores,ITF Men Yinchuan - QF,2026-09-25 03:00:00,0.7555273351824134,0.24447266481758653,0.791231732776618,0.2840909090909091,75,2026-09-24 11:30:34,2026-09-24 11:27:18,2026-09-25 02:12:25,3740354960
binda|a|rawat|s,binda|a,rawat|s,Alexandr Binda,Sidharth Rawat,ATP Challenger Jingshan - Qualifiers,2026-09-28 05:00:00,0.6771513899876959,0.3228486100123041,0.7005988023952096,0.3472222222222222,100,2026-09-27 23:38:13,2026-09-27 23:37:56,2026-09-28 05:00:00,3745166503
binda|a|sun|f,binda|a,sun|f,Alexandr Binda,Fajing Sun,ATP Challenger Guangzhou - R16,2026-09-17 07:46:35,0.25256835196309096,0.7474316480369091,0.2724795640326976,0.7663551401869159,200,2026-09-16 23:31:54,2026-09-16 23:28:09,2026-09-17 07:46:35,3731485089
binda|a|tomic|b,binda|a,tomic|b,Alexandr Binda,Bernard Tomic,ATP Challenger Guangzhou - QF,2026-09-18 11:00:00,0.15352276291746544,0.8464772370825345,0.17301038062283736,0.8641304347826088,125,2026-09-17 16:33:01,2026-09-17 16:33:01,2026-09-18 11:00:00,3732087509
binda|a|walton|a,binda|a,walton|a,Alexandr Binda,Adam Walton,ATP Challenger Jingshan - Qualifiers,2026-09-29 03:10:00,0.06248438098701069,0.9375156190129894,0.09049773755656108,0.9572649572649572,100,2026-09-28 08:37:07,2026-09-28 08:32:04,2026-09-29 03:10:00,3745333370
bini|v|damazio|l,bini|v,damazio|l,Victor Bini,Livas Eduardo De Carvalho Damazio,ITF Men Belem - QF,2026-09-18 03:00:00,0.39347958534870314,0.6065204146512968,0.43103448275862066,0.6428571428571428,75,2026-09-18 02:28:52,2026-09-18 02:28:40,2026-09-18 03:00:00,3732461347
bini|v|echazu|m,bini|v,echazu|m,Victor Bini,Mauricio Echazu,ITF Men Belem - R16,2026-09-17 18:16:52,0.20284446791159474,0.7971555320884053,0.24271844660194175,0.8319327731092437,50,2026-09-17 03:06:14,2026-09-17 03:04:42,2026-09-17 18:16:52,3731602724
bini|v|pagotto|v,bini|v,pagotto|v,Victor Bini,Victor Hugo Remondy Pagotto,ITF Men Curitiba - R1,2026-09-23 17:11:51,0.12760909853426178,0.8723909014657383,0.1620745542949757,0.900398406374502,100,2026-09-23 05:48:17,2026-09-23 05:48:17,2026-09-23 17:11:51,3739100344
biolay|s|haavisto|e,biolay|s,haavisto|e,Sophia Biolay,Ella Haavisto,ITF Women Monastir - R16,2026-10-01 08:30:00,0.8137068113157148,0.1862931886842853,0.8442367601246107,0.22123893805309736,150,2026-10-01 00:33:09,2026-10-01 00:32:03,2026-10-01 08:30:00,3747773590
biolay|s|kroitor|k,biolay|s,kroitor|k,Sophia Biolay,Kristina Kroitor,ITF Women Monastir - R1,2026-09-30 09:30:00,0.2949870711813127,0.7050129288186874,0.32894736842105265,0.7368421052631579,100,2026-09-29 18:50:37,2026-09-29 18:45:34,2026-09-30 08:44:11,3746468283
biro|m|herazo|m,biro|m,herazo|m,Melinda Biro,Maria Herazo,ITF Women Constanta - R16,2026-09-24 09:56:01,0.7538075010771376,0.24619249892286227,0.7894736842105263,0.2857142857142857,50,2026-09-23 17:10:11,2026-09-23 17:08:36,2026-09-24 07:00:00,3739708651
biro|m|safta|a,biro|m,safta|a,Melinda Biro,Anastasia Safta,ITF Women Constanta - R1,2026-09-23 08:00:00,0.6773524361134889,0.3226475638865109,0.7134670487106016,0.36101083032490977,50,2026-09-22 16:10:22,2026-09-22 16:10:10,2026-09-23 08:00:00,3738592908
birrell|k|bondar|a,birrell|k,bondar|a,Kimberly Birrell,Anna Bondar,WTA Seoul - SF,2026-09-26 06:58:53,0.46660212840762383,0.5333978715923762,0.4807692307692307,0.5475113122171946,400,2026-09-26 04:57:21,2026-09-26 04:54:54,2026-09-26 06:58:53,3742034648
birrell|k|ito|a,birrell|k,ito|a,Kimberly Birrell,Aoi Ito,WTA Beijing - R1,2026-10-01 06:45:00,0.79273137310299,0.2072686268970101,0.8091603053435115,0.2247191011235955,250,2026-09-29 08:35:41,2026-09-29 08:35:41,2026-10-01 05:53:07,3745911166
birrell|k|joint|m,birrell|k,joint|m,Kimberly Birrell,Maya Joint,WTA Seoul - Final,2026-09-27 07:30:00,0.40531081824817666,0.5946891817518234,0.42016806722689076,0.609375,650,2026-09-26 12:45:25,2026-09-26 12:45:25,2026-09-27 07:30:00,3742446438
birrell|k|ma|y,birrell|k,ma|y,Kimberly Birrell,Yexin Ma,WTA Seoul - R16,2026-09-24 03:00:00,0.7163817494306658,0.28361825056933415,0.7333333333333333,0.30120481927710846,250,2026-09-22 17:06:22,2026-09-22 16:58:19,2026-09-24 03:00:00,3738632760
birrell|k|volynets|k,birrell|k,volynets|k,Kimberly Birrell,Katie Volynets,WTA Seoul - QF,2026-09-25 03:00:00,0.2652786641314734,0.7347213358685266,0.2824858757062147,0.7512437810945274,325,2026-09-24 09:22:55,2026-09-24 09:21:09,2026-09-25 03:00:00,3740246532
birrell|k|zidansek|t,birrell|k,zidansek|t,Kimberly Birrell,Tamara Zidansek,WTA Seoul - R1,2026-09-22 07:45:00,0.6072411915944943,0.39275880840550564,0.6240601503759399,0.4098360655737705,250,2026-09-20 17:50:22,2026-09-20 17:48:33,2026-09-22 06:52:04,3737059838
biryukov|p|honda|n,biryukov|p,honda|n,Petr Bar Biryukov,Naoya Honda,ATP Challenger Guangzhou - R16,2026-09-17 07:47:27,0.5728130033221323,0.42718699667786797,0.5918367346938775,0.4464285714285714,200,2026-09-16 23:25:56,2026-09-16 23:25:56,2026-09-17 07:47:27,3731482540
biryukov|p|ilagan|a,biryukov|p,ilagan|a,Petr Bar Biryukov,Andre Ilagan,ATP Chengdu Open - Qualifiers,2026-09-22 06:05:00,0.2766211493933923,0.7233788506066077,0.29850746268656714,0.7442455242966751,250,2026-09-21 19:22:29,2026-09-21 19:16:57,2026-09-22 05:13:16,3737916728
biryukov|p|imamura|m,biryukov|p,imamura|m,Petr Bar Biryukov,Masamichi Imamura,ATP Challenger Jingshan - R1,2026-09-30 03:10:00,0.5362863685272956,0.46371363147270445,0.5555555555555556,0.48309178743961345,150,2026-09-29 15:21:32,2026-09-29 15:19:39,2026-09-30 03:10:00,3746260103
biryukov|p|leong|m,biryukov|p,leong|m,Petr Bar Biryukov,Mitsuki Wei Kang Leong,ATP Challenger Guangzhou - QF,2026-09-18 09:30:00,0.45413294987710784,0.5458670501228922,0.4716981132075471,0.5633187772925764,250,2026-09-17 16:33:01,2026-09-17 16:33:01,2026-09-18 09:30:00,3732086989
biryukov|p|muller|a,biryukov|p,muller|a,Petr Bar Biryukov,Alexandre Muller,ATP Chengdu Open - Qualifiers,2026-09-23 05:00:00,0.2660856908505702,0.7339143091494299,0.2881844380403458,0.7549019607843137,250,2026-09-22 13:33:29,2026-09-22 13:25:36,2026-09-23 05:00:00,3738467216
biryukov|p|sharipov|m,biryukov|p,sharipov|m,Petr Bar Biryukov,Marat Sharipov,ATP Challenger Guangzhou - SF,2026-09-19 09:30:00,0.1855879851686528,0.8144120148313472,0.20283975659229211,0.8305084745762712,175,2026-09-18 18:26:42,2026-09-18 18:19:39,2026-09-19 09:30:00,3733222191
biryukov|p|sweeny|d,biryukov|p,sweeny|d,Petr Bar Biryukov,Dane Sweeny,ATP Challenger Jingshan - R16,2026-10-01 04:10:00,0.3081035087240121,0.6918964912759878,0.3278688524590164,0.7109826589595376,200,2026-09-30 15:35:35,2026-09-30 15:24:38,2026-10-01 04:10:00,3747287945
blancaneaux|g|kuzmanov|d,blancaneaux|g,kuzmanov|d,Geoffrey Blancaneaux,Dimitar Kuzmanov,ATP Challenger Bari - R1,2026-09-29 08:15:37,0.4035668984116433,0.5964331015883567,0.4273504273504274,0.6197718631178707,150,2026-09-28 17:42:14,2026-09-28 17:35:27,2026-09-29 08:15:37,3745600626
blancaneaux|g|valiente|i,blancaneaux|g,valiente|i,Geoffrey Blancaneaux,Izan Almazan Valiente,ATP Challenger Plovdiv - R1,2026-09-22 08:15:10,0.45165404401285875,0.5483459559871412,0.47619047619047616,0.5726495726495727,150,2026-09-21 17:56:24,2026-09-21 17:46:24,2026-09-22 08:15:10,3737858325
blanchet|u|chidekh|c,blanchet|u,chidekh|c,Ugo Blanchet,Clement Chidekh,ATP Challenger Mouilleron-Le-Captif - R16,2026-10-01 14:00:00,0.29681582043031624,0.7031841795696836,0.3215434083601286,0.7267759562841529,150,2026-09-30 16:40:42,2026-09-30 16:39:20,2026-10-01 14:00:00,3747361732
blanchet|u|durasovic|v,blanchet|u,durasovic|v,Ugo Blanchet,Viktor Durasovic,ATP Challenger Mouilleron-Le-Captif - R1,2026-09-29 18:25:00,0.72716790725985,0.27283209274014997,0.7506234413965087,0.2976190476190476,150,2026-09-29 08:52:42,2026-09-29 08:41:25,2026-09-29 18:25:00,3745916805
blanchet|u|glinka|d,blanchet|u,glinka|d,Ugo Blanchet,Daniil Glinka,ATP Challenger St Tropez - R16,2026-09-23 11:00:00,0.4690843606892275,0.5309156393107725,0.48780487804878053,0.5495495495495495,200,2026-09-22 16:56:32,2026-09-22 16:55:27,2026-09-23 10:21:05,3738630689
blanchet|u|mejia|n,blanchet|u,mejia|n,Ugo Blanchet,Nicolas Mejia,ATP Challenger St Tropez - R1,2026-09-22 08:10:00,0.5558317723023807,0.44416822769761943,0.574468085106383,0.4629629629629629,150,2026-09-21 15:57:22,2026-09-21 15:56:56,2026-09-22 08:10:00,3737795673
blanchet|u|wayenburg|s,blanchet|u,wayenburg|s,Ugo Blanchet,Sascha Gueymard Wayenburg,ATP Challenger Rennes - R16,2026-09-16 20:30:00,0.5023364996189763,0.49766350038102364,0.5192307692307692,0.5145631067961165,2525,2026-09-16 19:13:15,2026-09-16 19:01:39,2026-09-16 20:30:00,3731283571
blanch|d|donald|m,blanch|d,donald|m,Dali Blanch,Matthew William Donald,ATP Challenger Genoa - R16,2026-09-23 14:00:00,0.6020028135988053,0.39799718640119486,0.6254681647940076,0.42194092827004215,150,2026-09-23 07:39:59,2026-09-23 07:37:21,2026-09-23 14:00:00,3739161105
blanch|d|gomez|f,blanch|d,gomez|f,Darwin Blanch,Federico Agustin Gomez,ATP Challenger Tiburon - R16,2026-09-17 18:14:23,0.6281996221482387,0.37180037785176134,0.646643109540636,0.390625,200,2026-09-17 08:27:18,2026-09-17 08:21:50,2026-09-17 18:14:23,3731718183
blanch|d|kopp|s,blanch|d,kopp|s,Dali Blanch,Sandro Kopp,ATP Challenger Genoa - R1,2026-09-21 13:00:00,0.42484989400518214,0.575150105994818,0.4484304932735426,0.5983935742971888,150,2026-09-21 00:25:23,2026-09-21 00:24:49,2026-09-21 13:00:00,3737460630
blanch|d|maloney|p,blanch|d,maloney|p,Darwin Blanch,Patrick Maloney,ATP Challenger Columbus - R1,2026-09-29 16:30:00,0.7449647898970034,0.25503521010299657,0.7685185185185185,0.2801120448179272,275,2026-09-29 09:49:52,2026-09-29 09:45:28,2026-09-29 16:05:55,3745962927
blanch|d|milavsky|d,blanch|d,milavsky|d,Darwin Blanch,Daniel Milavsky,ATP Challenger Columbus - R16,2026-09-30 17:12:22,0.6608695167147425,0.33913048328525747,0.6845425867507886,0.36363636363636365,150,2026-09-30 09:26:40,2026-09-30 09:21:30,2026-09-30 17:12:22,3746986724
blanch|d|mmoh|m,blanch|d,mmoh|m,Darwin Blanch,Michael Mmoh,ATP Challenger Tiburon - Final,2026-09-20 22:10:00,0.5116886272900901,0.48831137270991,0.5283018867924528,0.504950495049505,250,2026-09-20 14:26:19,2026-09-20 14:23:10,2026-09-20 22:10:00,3736600080
blanch|d|moeller|m,blanch|d,moeller|m,Dali Blanch,Marvin Moeller,ATP Challenger Genoa - QF,2026-09-25 12:30:00,0.4552448263735769,0.5447551736264232,0.4739336492890995,0.5633187772925764,200,2026-09-24 17:08:43,2026-09-24 16:59:26,2026-09-25 11:41:02,3740588805
blanch|d|nakashima|b,blanch|d,nakashima|b,Darwin Blanch,Bryce Nakashima,ATP Challenger Tiburon - QF,2026-09-18 19:10:00,0.6364353938332132,0.36356460616678693,0.6527777777777778,0.3802281368821293,250,2026-09-18 01:38:45,2026-09-18 01:28:16,2026-09-18 19:14:27,3732434416
blanch|d|wolf|j,blanch|d,wolf|j,Darwin Blanch,Jeffrey John Wolf,ATP Challenger San Diego - R1,2026-09-22 23:43:21,0.4640860716874564,0.5359139283125437,0.48780487804878053,0.5594713656387665,150,2026-09-22 08:48:09,2026-09-22 08:47:18,2026-09-22 23:43:21,3738235019
blanch|d|zheng|m,blanch|d,zheng|m,Darwin Blanch,Michael Zheng,ATP Challenger Tiburon - SF,2026-09-19 22:00:00,0.22160144908369805,0.778398550916302,0.23923444976076558,0.7950819672131147,250,2026-09-19 01:51:39,2026-09-19 01:37:18,2026-09-19 22:00:00,3733650685
blaydes|b|domingos|d,blaydes|b,domingos|d,Billy Blaydes,Daniel Domingos,ITF Men Monastir - R1,2026-09-23 08:45:51,0.8038558921689504,0.1961441078310497,0.8387096774193549,0.23640661938534277,50,2026-09-23 05:41:44,2026-09-23 05:41:44,2026-09-23 08:45:51,3739091363
blaydes|b|makhlouf|m,blaydes|b,makhlouf|m,Billy Blaydes,Mohamed Nazim Makhlouf,ITF Men Monastir - R16,2026-09-17 11:00:00,0.8964514861493924,0.10354851385060757,0.9256505576208177,0.14245014245014245,50,2026-09-16 23:50:28,2026-09-16 23:48:26,2026-09-17 10:39:10,3731500487
blazkova|k|ruchkina|k,blazkova|k,ruchkina|k,Klara Blazkova,Kseniia Ruchkina,ITF Women Monastir - R1,2026-09-30 08:46:04,0.1862931886842853,0.8137068113157148,0.22123893805309736,0.8442367601246107,100,2026-09-29 18:50:37,2026-09-29 18:45:34,2026-09-30 08:46:04,3746468837
blinkova|a|boisson|l,blinkova|a,boisson|l,Anna Blinkova,Lois Boisson,WTA 125K Adana - QF,2026-10-01 10:38:05,0.5769556166295517,0.4230443833704483,0.6000000000000001,0.4464285714285714,200,2026-09-30 17:23:16,2026-09-30 17:10:43,2026-10-01 10:38:05,3747421534
blinkova|a|charaeva|a,blinkova|a,charaeva|a,Anna Blinkova,Alina Charaeva,WTA Sao Paulo - QF,2026-09-18 19:00:00,0.598604452136781,0.40139554786321896,0.6153846153846154,0.4184100418410042,325,2026-09-18 00:56:57,2026-09-18 00:56:57,2026-09-18 18:11:21,3732417714
blinkova|a|hruncakova|v,blinkova|a,hruncakova|v,Anna Blinkova,Viktoria Hruncakova,WTA 125K Adana - R16,2026-09-30 11:00:00,0.8339628425084843,0.16603715749151565,0.856115107913669,0.19083969465648853,200,2026-09-29 23:44:51,2026-09-29 23:41:29,2026-09-30 11:00:00,3746720753
blinkova|a|quevedo|k,blinkova|a,quevedo|k,Anna Blinkova,Kaitlin Quevedo,WTA Sao Paulo - SF,2026-09-19 16:10:00,0.5939139148982875,0.40608608510171246,0.607843137254902,0.42016806722689076,400,2026-09-18 23:29:32,2026-09-18 23:21:28,2026-09-19 16:10:00,3733562187
blinkova|a|valdmannova|v,blinkova|a,valdmannova|v,Anna Blinkova,Vendula Valdmannova,WTA Sao Paulo - R16,2026-09-17 18:00:00,0.6491327887962838,0.35086721120371633,0.6655518394648829,0.36764705882352944,250,2026-09-17 08:27:18,2026-09-17 08:21:50,2026-09-17 17:44:59,3731724075
blockx|a|vacherot|v,blockx|a,vacherot|v,Alexander Blockx,Valentin Vacherot,ATP Tokyo - R1,2026-09-30 02:10:00,0.5539885696058603,0.4460114303941397,0.5708154506437768,0.4629629629629629,250,2026-09-29 07:45:46,2026-09-29 07:43:56,2026-09-30 02:10:00,3745888217
blomqvist|c|dapkute|i,blomqvist|c,dapkute|i,Clarissa Blomqvist,Iveta Dapkute,ITF Women Monastir - R16,2026-09-17 08:46:57,0.3588220480411062,0.6411779519588938,0.3921568627450981,0.673202614379085,150,2026-09-17 02:38:53,2026-09-17 02:38:53,2026-09-17 08:46:57,3731589370
bobichon|m|durasovic|v,bobichon|m,durasovic|v,Matisse Bobichon,Viktor Durasovic,ATP Challenger Mouilleron-Le-Captif - Qualifiers,2026-09-27 12:59:05,0.5332835452655236,0.4667164547344765,0.5614035087719298,0.49504950495049505,75,2026-09-26 23:38:08,2026-09-26 23:34:53,2026-09-27 12:59:05,3743614399
bobichon|m|mannarino|a,bobichon|m,mannarino|a,Matisse Bobichon,Adrian Mannarino,ATP Challenger Rennes - R16,2026-09-17 16:35:43,0.18026050814841618,0.8197394918515839,0.2,0.8379254457050244,150,2026-09-17 07:47:09,2026-09-17 07:47:09,2026-09-17 16:35:43,3731703768
bobichon|m|schoolkate|t,bobichon|m,schoolkate|t,Matisse Bobichon,Tristan Schoolkate,ATP Challenger Rennes - QF,2026-09-18 14:45:01,0.20683764303267432,0.7931623569673256,0.2242152466367713,0.8095238095238095,250,2026-09-18 01:38:45,2026-09-18 01:28:16,2026-09-18 14:45:01,3732433051
bobo|d|bonding|o,bobo|d,bonding|o,Dakotah Bobo,Oliver Bonding,ITF Men Columbia - R1,2026-09-23 14:00:00,0.1018760540191288,0.8981239459808712,0.14064697609001406,0.9271137026239066,50,2026-09-23 11:18:42,2026-09-23 11:17:47,2026-09-23 14:00:00,3739374432
bobo|d|mesarovic|m,bobo|d,mesarovic|m,Dakotah Bobo,Marko Mesarovic,ITF Men Ann Arbor - R1,2026-09-30 16:00:00,0.24476915261663573,0.7552308473833642,0.27932960893854747,0.7867803837953092,150,2026-09-30 01:44:03,2026-09-30 01:33:18,2026-09-30 16:00:00,3746757952
boehner|l|oktiabreva|a,boehner|l,oktiabreva|a,Laura Boehner,Alisa Oktiabreva,ITF Women Santa Margherita di Pula - R16,2026-09-17 07:45:09,0.032616503387030905,0.9673834966129692,0.06277463904582549,0.9833110814419225,50,2026-09-16 23:16:19,2026-09-16 23:13:04,2026-09-17 07:45:09,3731472537
boehner|l|spiteri|d,boehner|l,spiteri|d,Laura Boehner,Dalila Spiteri,WTA 125k Tolentino - Qualifiers,2026-09-20 12:40:00,0.09307984423557088,0.9069201557644291,0.12360939431396786,0.930507296733843,200,2026-09-20 01:31:56,2026-09-20 01:31:14,2026-09-20 12:35:06,3735705277
boisson|l|bronzetti|l,boisson|l,bronzetti|l,Lois Boisson,Lucia Bronzetti,WTA 125K Adana - R1,2026-09-29 10:44:24,0.610493986713547,0.38950601328645296,0.6336996336996338,0.4132231404958678,200,2026-09-28 16:20:05,2026-09-28 16:19:59,2026-09-29 10:44:24,3745549332
boisson|l|crawley|f,boisson|l,crawley|f,Lois Boisson,Fiona Crawley,WTA 125K Adana - Qualifiers,2026-09-27 14:30:00,0.6422815177203883,0.3577184822796116,0.6655518394648829,0.38167938931297707,200,2026-09-26 21:19:31,2026-09-26 21:19:03,2026-09-27 13:45:40,3743516689
boisson|l|kubka|m,boisson|l,kubka|m,Lois Boisson,Martyna Kubka,WTA 125K Adana - R16,2026-09-30 10:00:00,0.7245640623177741,0.2754359376822259,0.7481108312342569,0.3003003003003003,200,2026-09-29 17:57:38,2026-09-29 17:57:38,2026-09-30 10:00:00,3746405553
boitan|g|breazu|v,boitan|g,breazu|v,Gabi Adrian Boitan,Vlad Cristian Breazu,ITF Men Slobozia - R1,2026-09-30 07:00:00,0.7731694590641642,0.2268305409358358,0.8046875000000001,0.2617801047120419,100,2026-09-29 00:52:22,2026-09-29 00:38:12,2026-09-30 07:00:00,3745755472
bojica|s|breaz|a,bojica|s,breaz|a,Stefania Bojica,Alesia Breaz,ITF Women Constanta - R16,2026-09-24 07:00:00,0.4064814309854403,0.5935185690145597,0.4347826086956522,0.6212121212121212,350,2026-09-23 17:22:52,2026-09-23 17:22:52,2026-09-24 07:00:00,3739724749
bojica|s|proietti|v,bojica|s,proietti|v,Stefania Bojica,Virginia Proietti,ITF Women Constanta - R1,2026-09-23 10:00:00,0.8680569468132999,0.1319430531867001,0.8997995991983968,0.1718213058419244,50,2026-09-22 23:16:19,2026-09-22 23:12:53,2026-09-23 10:00:00,3738918388
bolt|a|jasika|o,bolt|a,jasika|o,Alex Bolt,Omar Jasika,ATP Hangzhou - Qualifiers,2026-09-22 05:00:00,0.6030190933618048,0.3969809066381952,0.6240601503759399,0.4184100418410042,250,2026-09-21 23:53:08,2026-09-21 23:52:10,2026-09-22 05:00:00,3738007174
bolt|a|marozsan|f,bolt|a,marozsan|f,Alex Bolt,Fabian Marozsan,ATP Hangzhou - R1,2026-09-24 07:00:00,0.25815056150665505,0.741849438493345,0.27548209366391185,0.7584541062801933,250,2026-09-23 11:29:14,2026-09-23 11:25:01,2026-09-24 07:02:18,3739384915
bolt|a|pankin|s,bolt|a,pankin|s,Alex Bolt,Semen Pankin,ATP Challenger Jingshan - R1,2026-09-29 07:30:00,0.7341373201061412,0.2658626798938588,0.7530864197530864,0.2857142857142857,150,2026-09-28 17:42:14,2026-09-28 17:35:27,2026-09-29 07:30:00,3745603490
bolt|a|santillan|a,bolt|a,santillan|a,Alex Bolt,Akira Santillan,ATP Hangzhou - Qualifiers,2026-09-23 04:00:00,0.658252388034752,0.3417476119652481,0.6794871794871794,0.36363636363636365,250,2026-09-22 13:24:29,2026-09-22 13:24:07,2026-09-23 04:00:00,3738465431
bolt|a|zhu|e,bolt|a,zhu|e,Alex Bolt,Evan Zhu,ATP Challenger Jingshan - R16,2026-10-01 04:10:00,0.6723589766626477,0.3276410233373523,0.691358024691358,0.3472222222222222,200,2026-09-30 15:35:35,2026-09-30 15:24:38,2026-10-01 04:10:00,3747287259
boluda|a|guevara|c,boluda|a,guevara|c,Angela Fita Boluda,Carmen Gallardo Guevara,ITF Women Yecla - SF,2026-09-26 08:30:00,0.6411419184625075,0.35885808153749255,0.6774193548387096,0.3968253968253968,75,2026-09-25 23:24:07,2026-09-25 23:21:03,2026-09-26 08:30:00,3741863861
boluda|a|ivanov|v,boluda|a,ivanov|v,Alba Maria Coromina Boluda,Valentina Ivanov,ITF Women Baza - R16,2026-10-01 12:00:00,0.11757211637874657,0.8824278836212535,0.15698587127158556,0.9129677980852916,50,2026-09-30 23:57:06,2026-09-30 23:57:06,2026-10-01 12:00:00,3747749459
boluda|a|milovanovic|e,boluda|a,milovanovic|e,Angela Fita Boluda,Elena Milovanovic,ITF Women Yecla - R1,2026-09-22 12:00:00,0.6398725696942359,0.3601274303057643,0.6721311475409836,0.39370078740157477,225,2026-09-22 01:34:39,2026-09-22 01:34:25,2026-09-22 12:00:00,3738034255
boluda|a|ngounoue|m,boluda|a,ngounoue|m,Alba Maria Coromina Boluda,Malkia Ngounoue,ITF Women Baza - R1,2026-09-30 09:42:20,0.26055170124402716,0.7394482987559728,0.2949852507374631,0.7711670480549199,150,2026-09-30 00:23:26,2026-09-30 00:17:47,2026-09-30 09:42:20,3746734724
boluda|a|pavlova|k,boluda|a,pavlova|k,Angela Fita Boluda,Kira Pavlova,ITF Women Yecla - QF,2026-09-25 16:30:00,0.44561172836755636,0.5543882716324436,0.47846889952153115,0.5867768595041323,375,2026-09-25 00:14:32,2026-09-25 00:14:32,2026-09-25 15:44:00,3740872908
boluda|a|rojas|s,boluda|a,rojas|s,Angela Fita Boluda,Sofia Camila Rojas,ITF Women Yecla - R16,2026-09-24 12:00:00,0.8026015043312295,0.1973984956687706,0.83739837398374,0.23752969121140144,50,2026-09-23 23:34:21,2026-09-23 23:28:18,2026-09-24 12:00:00,3739971843
bonardi|b|klimovicova|l,bonardi|b,klimovicova|l,Berta Bonardi,Linda Klimovicova,ITF Women Quinta Do Lago - R1,2026-09-29 10:31:58,0.0172448231478483,0.9827551768521517,0.037778617302606725,0.992218504396545,225,2026-09-28 23:23:02,2026-09-28 23:22:39,2026-09-29 10:31:58,3745742273
bondar|a|charaeva|a,bondar|a,charaeva|a,Anna Bondar,Alina Charaeva,WTA Seoul - R16,2026-09-24 03:00:00,0.5912607650810587,0.4087392349189412,0.607843137254902,0.425531914893617,250,2026-09-22 17:06:22,2026-09-22 16:58:19,2026-09-24 04:00:00,3738633038
bondar|a|ruse|e,bondar|a,ruse|e,Anna Bondar,Elena-Gabriela Ruse,WTA Seoul - QF,2026-09-26 02:00:00,0.38448602564175977,0.6155139743582401,0.4016064257028112,0.6323529411764706,325,2026-09-24 10:43:12,2026-09-24 10:42:01,2026-09-26 02:00:00,3740306833
bondar|a|zarazua|r,bondar|a,zarazua|r,Anna Bondar,Renata Zarazua,WTA Beijing - R1,2026-09-30 14:00:00,0.6497034020085489,0.3502965979914512,0.6666666666666666,0.36764705882352944,250,2026-09-20 17:44:18,2026-09-20 17:40:23,2026-09-30 14:00:00,3737048025
bonding|o|daryabeigi|s,bonding|o,daryabeigi|s,Oliver Bonding,Sean Daryabeigi,ITF Men Columbia - Final,2026-09-27 16:00:00,0.7473971508022204,0.2526028491977796,0.7792494481236203,0.28735632183908044,250,2026-09-26 22:16:00,2026-09-26 22:10:15,2026-09-27 16:00:00,3743548188
bonding|o|mesarovic|m,bonding|o,mesarovic|m,Oliver Bonding,Marko Mesarovic,ITF Men Ann Arbor - R16,2026-10-01 15:30:00,0.836720063732083,0.163279936267917,0.8666666666666667,0.1984126984126984,225,2026-09-30 23:28:12,2026-09-30 23:26:57,2026-10-01 15:30:00,3747734177
bonding|o|novakovic|n,bonding|o,novakovic|n,Oliver Bonding,Novak Novakovic,ITF Men Columbia - R16,2026-09-25 00:30:00,0.8787327176766407,0.12126728232335934,0.9062792877225868,0.15552099533437014,150,2026-09-24 01:33:28,2026-09-24 01:29:40,2026-09-25 00:30:00,3740043594
bonding|o|swaine|c,bonding|o,swaine|c,Oliver Bonding,Charlie Swaine,ITF Men Columbia - QF,2026-09-25 16:00:00,0.9082277902199508,0.09177220978004917,0.9360613810741688,0.13003901170351104,75,2026-09-25 06:38:22,2026-09-25 06:34:39,2026-09-25 16:00:00,3740996555
bonding|o|thomson|m,bonding|o,thomson|m,Oliver Bonding,Matthew Thomson,ITF Men Ann Arbor - R1,2026-09-30 14:00:00,0.8761670325641622,0.12383296743583763,0.9039385206532181,0.1582278481012658,150,2026-09-30 01:44:03,2026-09-30 01:33:18,2026-09-30 15:00:00,3746757803
bonzi|b|holmgren|a,bonzi|b,holmgren|a,Benjamin Bonzi,August Holmgren,ATP Challenger Porto - R1,2026-09-28 12:10:00,0.7452004573092371,0.2547995426907628,0.7641509433962264,0.2747252747252747,150,2026-09-28 01:43:49,2026-09-28 01:38:52,2026-09-28 12:10:00,3745227060
boogaard|t|campos|a,boogaard|t,campos|a,Thijs Boogaard,Alberto Barroso Campos,ATP Challenger Mouilleron-Le-Captif - Qualifiers,2026-09-27 16:00:00,0.7646308894204232,0.23536911057957677,0.7920997920997921,0.26525198938992045,75,2026-09-26 23:38:08,2026-09-26 23:34:53,2026-09-27 14:33:35,3743615510
boogaard|t|nyqvist|l,boogaard|t,nyqvist|l,Thijs Boogaard,Love Nyqvist,ITF Men Falun - R1,2026-09-22 12:00:00,0.975746029639764,0.024253970360235744,0.9888255671024696,0.05184033177812338,50,2026-09-21 20:56:11,2026-09-21 20:47:31,2026-09-22 12:00:00,3737955428
boogaard|t|renard|l,boogaard|t,renard|l,Thijs Boogaard,Lucas Renard,ITF Men Falun - R16,2026-09-23 12:00:00,0.9651920047348949,0.03480799526510529,0.9817916970138383,0.0655307994757536,50,2026-09-23 02:54:28,2026-09-23 02:54:22,2026-09-23 12:00:00,3739030991
boosarawongse|t|djosic|n,boosarawongse|t,djosic|n,Thanaphat Boosarawongse,Nikola Djosic,ITF Men Ann Arbor - R16,2026-10-01 15:30:00,0.5611628006113627,0.4388371993886373,0.5934959349593496,0.4716981132075471,225,2026-09-30 23:28:12,2026-09-30 23:26:57,2026-10-01 15:30:00,3747733837
boosarawongse|t|petrovic|a,boosarawongse|t,petrovic|a,Thanaphat Boosarawongse,Andreja Petrovic,ITF Men Ann Arbor - R1,2026-09-30 14:00:00,0.3107198947303182,0.6892801052696818,0.3448275862068966,0.7214484679665738,150,2026-09-30 01:44:03,2026-09-30 01:33:18,2026-09-30 14:00:00,3746757565
borges|n|carabelli|c,borges|n,carabelli|c,Nuno Borges,Camilo Ugo Carabelli,ATP Chengdu Open - R1,2026-09-24 06:00:00,0.792537317369011,0.20746268263098883,0.8087954110898662,0.2247191011235955,250,2026-09-22 09:22:06,2026-09-22 09:18:23,2026-09-24 06:00:00,3738252458
borges|n|djokovic|n,borges|n,djokovic|n,Nuno Borges,Novak Djokovic,ATP Beijing - R1,2026-09-30 12:00:00,0.3151232581605595,0.6848767418394405,0.33222591362126247,0.7014925373134329,250,2026-09-29 04:47:31,2026-09-29 04:39:49,2026-09-30 12:00:00,3745820698
borg|l|chung|y,borg|l,chung|y,Leo Borg,Yun Seong Chung,ITF Men Guiyang - QF,2026-09-18 02:00:00,0.47164826371867696,0.528351736281323,0.504950495049505,0.5614035087719298,150,2026-09-17 10:29:56,2026-09-17 10:25:37,2026-09-18 03:00:00,3731819337
borg|l|shin|m,borg|l,shin|m,Leo Borg,Maxim Shin,ITF Men Guiyang - R16,2026-09-17 02:00:00,0.8434634301086179,0.1565365698913821,0.8730964467005076,0.19157088122605365,225,2026-09-16 19:13:15,2026-09-16 19:01:39,2026-09-17 02:00:00,3730892356
borrelli|l|xilas|i,borrelli|l,xilas|i,Leonardo Borrelli,Ioannis Xilas,ITF Men Sabadell - R1,2026-09-23 10:02:41,0.06800874156494635,0.9319912584350538,0.09910802775024777,0.9538319482917822,100,2026-09-23 02:47:33,2026-09-23 02:47:33,2026-09-23 10:02:41,3739028186
bosio|g|ligniere|e,bosio|g,ligniere|e,Gabriele Bosio,Edoardo Cherie Ligniere,ITF Men Telavi - R1,2026-09-23 10:57:00,0.5741120804719662,0.42588791952803395,0.6062992125984252,0.4587155963302753,100,2026-09-23 05:41:44,2026-09-23 05:35:55,2026-09-23 11:02:00,3739094267
bosio|g|malirz|k,bosio|g,malirz|k,Gabriele Bosio,Karol Malirz,ITF Men Telavi - R16,2026-09-30 08:30:00,0.8082449006042752,0.19175509939572494,0.8389694041867954,0.22675736961451246,100,2026-09-30 01:44:03,2026-09-30 01:42:20,2026-09-30 08:30:00,3746766297
bosio|g|paardekooper|s,bosio|g,paardekooper|s,Gabriele Bosio,Stijn Paardekooper,ITF Men Telavi - QF,2026-10-01 06:42:03,0.33920428403499664,0.6607957159650033,0.37735849056603776,0.696969696969697,75,2026-09-30 23:51:47,2026-09-30 23:42:03,2026-10-01 06:42:03,3747741639
bosio|v|fakih|k,bosio|v,fakih|k,Victoria Bosio,Kate Fakih,ITF Women Templeton - R1,2026-09-30 21:07:14,0.46876267232373264,0.5312373276762673,0.504950495049505,0.5670995670995671,50,2026-09-30 12:00:46,2026-09-30 11:52:30,2026-09-30 21:07:14,3747119843
boskovic|l|lemaitre|t,boskovic|l,lemaitre|t,Lea Boskovic,Tiphanie Lemaitre,ITF Women Yecla - R16,2026-09-24 10:00:00,0.6844714780375468,0.3155285219624529,0.71671388101983,0.34965034965034963,100,2026-09-23 23:34:21,2026-09-23 23:32:41,2026-09-24 10:00:00,3739972389
boskovic|l|nilsson|l,boskovic|l,nilsson|l,Lea Boskovic,Lea Nilsson,ITF Women Yecla - R1,2026-09-22 09:00:00,0.547401273510656,0.4525987264893439,0.5798319327731092,0.4854368932038835,150,2026-09-21 21:19:37,2026-09-21 21:18:47,2026-09-22 09:00:00,3737965797
bosman|c|boullay|o,bosman|c,boullay|o,Coco Bosman,Ophelie Boullay,ITF Women Monastir - R1,2026-09-30 08:30:00,0.27786685743856737,0.7221331425614327,0.3125,0.7542997542997544,225,2026-09-30 00:23:26,2026-09-30 00:17:47,2026-09-30 08:30:00,3746732541
bouchelaghem|c|martineau|m,bouchelaghem|c,martineau|m,Cesar Bouchelaghem,Matteo Martineau,ATP Challenger St Tropez - Qualifiers,2026-09-20 09:45:22,0.4706694620874769,0.529330537912523,0.49504950495049505,0.5535714285714286,100,2026-09-20 02:27:54,2026-09-20 02:16:32,2026-09-20 09:45:22,3735750213
boulais|j|kaouk|m,boulais|j,kaouk|m,Justin Boulais,Mickael Kaouk,ATP Challenger St Tropez - Qualifiers,2026-09-20 08:10:00,0.7350028707810768,0.2649971292189232,0.7584541062801933,0.2898550724637681,100,2026-09-20 02:27:54,2026-09-20 02:27:54,2026-09-20 08:10:00,3735759499
boulais|j|martineau|m,boulais|j,martineau|m,Justin Boulais,Matteo Martineau,ATP Challenger St Tropez - Qualifiers,2026-09-21 08:00:00,0.4076188578838094,0.5923811421161908,0.43103448275862066,0.6153846153846154,100,2026-09-20 19:39:01,2026-09-20 19:38:03,2026-09-21 09:00:00,3737236694
boulais|j|mayot|h,boulais|j,mayot|h,Justin Boulais,Harold Mayot,ATP Challenger St Tropez - R1,2026-09-22 14:00:00,0.18302434467882567,0.8169756553211743,0.20283975659229211,0.8352553542009884,100,2026-09-22 13:24:29,2026-09-22 13:24:07,2026-09-22 14:03:31,3738458569
boulais|j|reco|a,boulais|j,reco|a,Justin Boulais,Alexandre Reco,ATP Challenger Mouilleron-Le-Captif - Qualifiers,2026-09-27 08:05:00,0.6817085847356132,0.3182914152643868,0.7093023255813954,0.3472222222222222,75,2026-09-26 23:38:08,2026-09-26 23:34:53,2026-09-27 08:05:00,3743611306
boulard|l|leonard|m,boulard|l,leonard|m,Liv Boulard,Manon Leonard,ITF Women Reims - R1,2026-09-29 12:30:00,0.1122042358421741,0.887795764157826,0.14619883040935672,0.9146757679180887,100,2026-09-29 02:48:34,2026-09-29 02:48:34,2026-09-29 12:30:00,3745788472
boullay|o|kurt|i,boullay|o,kurt|i,Ophelie Boullay,Irem Kurt,ITF Women Monastir - R16,2026-09-24 11:00:00,0.6314135096442383,0.3685864903557618,0.6677740863787376,0.4065040650406504,50,2026-09-23 23:47:04,2026-09-23 23:43:27,2026-09-24 08:46:00,3739980110
boullay|o|mi|l,boullay|o,mi|l,Ophelie Boullay,Lan Mi,ITF Women Monastir - R16,2026-10-01 10:30:53,0.23035516386193172,0.7696448361380683,0.26525198938992045,0.8011928429423458,150,2026-10-01 00:33:09,2026-10-01 00:32:03,2026-10-01 10:30:53,3747773284
boullay|o|newberry|l,boullay|o,newberry|l,Ophelie Boullay,Lois Newberry,ITF Women Monastir - R1,2026-09-23 10:25:55,0.8934169679936088,0.1065830320063914,0.9228989976869699,0.14556040756914118,50,2026-09-23 03:24:41,2026-09-23 03:14:28,2026-09-23 10:25:55,3739040066
boulter|k|hontama|m,boulter|k,hontama|m,Katie Boulter,Mai Hontama,WTA Beijing - R1,2026-09-30 11:00:00,0.6545571783615187,0.3454428216384812,0.6710526315789473,0.3623188405797102,250,2026-09-29 15:00:37,2026-09-29 14:59:02,2026-09-30 11:00:00,3746249013
boulter|k|muchova|k,boulter|k,muchova|k,Katie Boulter,Karolina Muchova,WTA Beijing - R2,2026-10-02 03:00:00,0.12606040277892358,0.8739395972210765,0.14513788098693758,0.8908296943231441,250,2026-10-01 07:57:27,2026-10-01 07:50:16,2026-10-02 03:00:00,3747961915
boulter|k|noskova|l,boulter|k,noskova|l,Katie Boulter,Linda Noskova,Billie Jean King Cup - Finals,2026-09-22 12:50:43,0.1381591679561503,0.86184083204385,0.15503875968992248,0.8771498771498772,800,2026-09-22 11:43:33,2026-09-22 11:38:52,2026-09-22 13:40:00,3738377178
boussaffir|s|medvedeva|m,boussaffir|s,medvedeva|m,Sarah Boussaffir,Miroslava Medvedeva,ITF Women Monastir - R16,2026-09-17 08:30:00,0.434695394329729,0.5653046056702711,0.4716981132075471,0.601593625498008,50,2026-09-17 02:24:37,2026-09-17 02:24:37,2026-09-17 08:30:00,3731582165
boutleux|n|seifert|s,boutleux|n,seifert|s,Noah Boutleux,Stefan Seifert,ITF Men Forbach - SF,2026-09-26 12:00:00,0.14317492538491777,0.8568250746150823,0.18315018315018314,0.8892580287929125,75,2026-09-25 23:50:22,2026-09-25 23:46:51,2026-09-26 12:00:00,3741877477
boutleux|n|visser|m,boutleux|n,visser|m,Noah Boutleux,Mac Visser,ITF Men Forbach - R1,2026-09-22 08:08:00,0.2878940926847045,0.7121059073152955,0.32679738562091504,0.7481108312342569,50,2026-09-21 21:04:55,2026-09-21 21:02:38,2026-09-22 08:08:00,3737959139
boutleux|n|zeuch|t,boutleux|n,zeuch|t,Noah Boutleux,Tom Zeuch,ITF Men Forbach - R16,2026-09-24 17:01:00,0.19964204366436938,0.8003579563356306,0.2347417840375587,0.8313659359190556,100,2026-09-23 17:10:11,2026-09-23 17:08:36,2026-09-24 09:00:00,3739709414
bouzige|m|hoole|c,bouzige|m,hoole|c,Moerani Bouzige,Casey Hoole,ITF Men Darwin - R1,2026-09-29 07:30:00,0.5453253428625837,0.4546746571374164,0.5780590717299579,0.48780487804878053,225,2026-09-29 01:19:24,2026-09-29 01:19:24,2026-09-29 07:30:00,3745769972
bowers|a|webb|s,bowers|a,webb|s,Ashton Bowers,Stefani Webb,ITF Women Nashville - R16,2026-10-01 14:00:00,0.5163931486018176,0.48360685139818244,0.5495495495495495,0.5169082125603864,150,2026-10-01 00:33:09,2026-10-01 00:27:21,2026-10-01 14:00:00,3747759461
bowers|a|yamakita|m,bowers|a,yamakita|m,Ashton Bowers,Mia Yamakita,ITF Women Nashville - R1,2026-09-30 14:00:00,0.6087471656094187,0.39125283439058134,0.6402877697841727,0.42372881355932196,150,2026-09-30 01:44:03,2026-09-30 01:42:20,2026-09-30 14:00:00,3746765005
boyer|t|gorzny|s,boyer|t,gorzny|s,Tristan Boyer,Sebastian Gorzny,ATP Challenger San Diego - R16,2026-09-24 20:00:00,0.5283217511560561,0.47167824884394405,0.5515695067264574,0.49504950495049505,150,2026-09-23 07:54:19,2026-09-23 07:46:22,2026-09-24 20:00:00,3739167102
boyer|t|johnson|s,boyer|t,johnson|s,Tristan Boyer,Spencer Johnson,ATP Challenger San Diego - R1,2026-09-22 21:00:00,0.5,0.5,0.5238095238095238,0.5238095238095238,150,2026-09-22 08:55:19,2026-09-22 08:52:21,2026-09-22 21:00:00,3738238048
boyer|t|legout|t,boyer|t,legout|t,Tristan Boyer,Timo Legout,ATP Challenger San Diego - QF,2026-09-25 21:30:00,0.5,0.5,0.5192307692307692,0.5192307692307692,200,2026-09-25 01:01:04,2026-09-25 00:48:15,2026-09-25 21:30:00,3740896906
bracci|v|vanshelboim|e,bracci|v,vanshelboim|e,Valerio Bracci,Eric Vanshelboim,ITF Men Santa Margherita di Pula - R1,2026-09-21 10:53:00,0.028545071688033965,0.9714549283119661,0.05293806246691371,0.9847885609978703,225,2026-09-21 00:25:23,2026-09-21 00:24:49,2026-09-21 09:58:03,3737468484
brace|c|garcia|a,brace|c,garcia|a,Cadence Brace,Alba Rey Garcia,ITF Women Baza - R16,2026-10-01 08:00:00,0.9266458710203075,0.07335412897969255,0.9518072289156626,0.11013215859030837,50,2026-09-30 23:57:06,2026-09-30 23:57:06,2026-10-01 08:00:00,3747749430
brace|c|tomase|e,brace|c,tomase|e,Cadence Brace,Elza Tomase,ITF Women Baza - R1,2026-09-30 09:43:05,0.7546205635825687,0.24537943641743143,0.7863247863247863,0.2801120448179272,150,2026-09-30 00:23:26,2026-09-30 00:17:47,2026-09-30 09:43:05,3746734573
braga|b|zanellato|n,braga|b,zanellato|n,Breno Braga,Nicolas Zanellato,ITF Men Curitiba - R1,2026-09-23 14:17:06,0.04337273190961538,0.9566272680903846,0.0710732054015636,0.9738356881214024,100,2026-09-23 05:48:17,2026-09-23 05:48:17,2026-09-23 14:17:06,3739100344
braga|v|cunha|v,braga|v,cunha|v,Victor Braga,Vitor Machado De Melo Cunha,ITF Men Belem - R1,2026-09-16 21:00:00,0.39103660191247636,0.6089633980875238,0.41493775933609955,0.6323529411764706,450,2026-09-16 19:13:15,2026-09-16 19:05:52,2026-09-16 21:00:00,3731312535
braga|v|loureiro|j,braga|v,loureiro|j,Victor Braga,Joao Victor Couto Loureiro,ITF Men Curitiba - R1,2026-09-22 13:00:00,0.06508664117896479,0.9349133588210352,0.09587727708533078,0.9562937062937064,225,2026-09-22 10:20:42,2026-09-22 10:19:43,2026-09-22 13:00:00,3738307254
brancaccio|n|grabher|j,brancaccio|n,grabher|j,Nuria Brancaccio,Julia Grabher,WTA 125k Tolentino - QF,2026-09-25 18:30:00,0.43120350787471884,0.5687964921252813,0.45454545454545453,0.5918367346938775,200,2026-09-24 23:39:29,2026-09-24 23:31:56,2026-09-25 17:45:49,3740853329
brancatelli|g|funk|a,brancatelli|g,funk|a,Gabriele Brancatelli,Aaron Funk,ITF Men Hurghada - R16,2026-09-17 09:00:00,0.321975616220348,0.678024383779652,0.35587188612099646,0.7101449275362319,225,2026-09-17 00:58:06,2026-09-17 00:48:49,2026-09-17 07:51:48,3731519573
brancatelli|g|ivanov|s,brancatelli|g,ivanov|s,Gabriele Brancatelli,Saveliy Ivanov,ITF Men Hurghada - QF,2026-09-18 07:00:00,0.5653046056702711,0.434695394329729,0.601593625498008,0.4716981132075471,75,2026-09-17 17:39:44,2026-09-17 17:35:54,2026-09-18 06:13:15,3732159455
branchetti|g|schiessl|j,branchetti|g,schiessl|j,Giovanni Branchetti,Joao Eduardo Schiessl,ITF Men Curitiba - R16,2026-09-24 21:04:35,0.24330995419603627,0.7566900458039637,0.2777777777777778,0.788135593220339,100,2026-09-24 00:37:45,2026-09-24 00:33:24,2026-09-24 21:04:35,3740011273
branger|l|donnet|e,branger|l,donnet|e,Liam Branger,Etienne Donnet,ITF Men Monastir - QF,2026-09-25 10:51:27,0.3699677034698106,0.6300322965301894,0.4081632653061224,0.6666666666666666,75,2026-09-24 23:50:52,2026-09-24 23:47:02,2026-09-25 10:00:00,3740866040
branger|l|makk|p,branger|l,makk|p,Liam Branger,Peter Makk,ITF Men Monastir - R16,2026-09-24 08:30:00,0.1637658159880377,0.8362341840119625,0.19880715705765406,0.8661311914323963,225,2026-09-24 00:37:45,2026-09-24 00:33:24,2026-09-24 08:30:00,3740011253
branger|l|piatti|r,branger|l,piatti|r,Liam Branger,Rocco Piatti,ITF Men Monastir - R1,2026-09-30 09:30:00,0.6971551528529991,0.30284484714700094,0.7289972899728998,0.3367003367003367,225,2026-09-30 01:44:03,2026-09-30 01:33:18,2026-09-30 09:30:00,3746762501
branstine|c|kuhl|c,branstine|c,kuhl|c,Carson Branstine,Carolina Kuhl,ITF Women Templeton - R1,2026-09-30 20:00:00,0.7875440703703855,0.2124559296296144,0.8188405797101449,0.24752475247524752,225,2026-09-30 13:19:24,2026-09-30 13:08:00,2026-09-30 20:00:00,3747169420
branstine|c|malmkjaer|e,branstine|c,malmkjaer|e,Carson Branstine,Emma Kamper Malmkjaer,ITF Women Berkeley - R16,2026-09-24 19:00:00,0.8984881611633555,0.10151183883664451,0.9274310595065312,0.1402524544179523,50,2026-09-24 01:10:36,2026-09-24 01:08:07,2026-09-24 19:00:00,3740028318
branstine|c|osuigwe|w,branstine|c,osuigwe|w,Carson Branstine,Whitney Osuigwe,ITF Women Berkeley - R1,2026-09-23 19:30:00,0.588778946354633,0.411221053645367,0.6212121212121212,0.4444444444444444,150,2026-09-23 03:48:03,2026-09-23 03:48:03,2026-09-23 19:30:00,3739052824
brantmeier|r|gimbrere|j,brantmeier|r,gimbrere|j,Reese Brantmeier,Jasmijn Gimbrere,WTA 125K Porto - Qualifiers,2026-09-20 11:23:12,0.9392496545658523,0.06075034543414749,0.9587288485348741,0.08857395925597875,200,2026-09-19 23:28:50,2026-09-19 23:25:50,2026-09-20 11:23:12,3735603608
brantmeier|r|johnson|s,brantmeier|r,johnson|s,Reese Brantmeier,Sofia Johnson,WTA 125K Porto - Qualifiers,2026-09-21 10:00:00,0.6331825674955253,0.3668174325044748,0.6563573883161512,0.390625,200,2026-09-20 15:51:58,2026-09-20 15:51:37,2026-09-21 11:00:00,3736809504
brantmeier|r|kraus|s,brantmeier|r,kraus|s,Reese Brantmeier,Sinja Kraus,WTA 125K Porto - SF,2026-09-26 10:00:00,0.5286985565386508,0.4713014434613493,0.5475113122171946,0.49019607843137253,200,2026-09-25 18:18:19,2026-09-25 18:08:59,2026-09-26 10:00:00,3741569845
brantmeier|r|swan|k,brantmeier|r,swan|k,Reese Brantmeier,Katie Swan,ITF Women Quinta Do Lago - R1,2026-09-30 09:12:40,0.5064665987129028,0.49353340128709705,0.5433789954337899,0.5305164319248826,50,2026-09-29 02:57:29,2026-09-29 02:54:06,2026-09-30 09:12:40,3745788443
brantmeier|r|timofeeva|m,brantmeier|r,timofeeva|m,Reese Brantmeier,Maria Timofeeva,WTA 125K Porto - Final,2026-09-27 10:00:00,0.3677964769692787,0.6322035230307214,0.38759689922480617,0.6515679442508712,200,2026-09-26 14:38:53,2026-09-26 14:31:33,2026-09-27 11:00:00,3742694746
brantmeier|r|voloshchuk|a,brantmeier|r,voloshchuk|a,Reese Brantmeier,Angelina Voloshchuk,WTA 125K Porto - QF,2026-09-25 12:00:00,0.7332660724880321,0.2667339275119679,0.75669099756691,0.29154518950437314,200,2026-09-24 17:08:43,2026-09-24 16:59:26,2026-09-25 13:00:00,3740586229
braswell|j|lee|j,braswell|j,lee|j,Jonah Braswell,Jordan Lee,ITF Men Fayetteville - R16,2026-10-01 15:00:00,0.21310329145447976,0.7868967085455203,0.2481389578163772,0.8181818181818181,100,2026-10-01 01:24:54,2026-10-01 01:12:40,2026-10-01 15:00:00,3747782151
braswell|m|coquelin|h,braswell|m,coquelin|h,Micah Braswell,Hugo Coquelin,ITF Men Ann Arbor - R16,2026-10-01 15:30:00,0.6765231159004136,0.3234768840995865,0.7084548104956269,0.35714285714285715,225,2026-09-30 23:28:12,2026-09-30 23:26:57,2026-10-01 15:30:00,3747734177
braswell|m|ganesan|a,braswell|m,ganesan|a,Micah Braswell,Adhithya Ganesan,ITF Men Ann Arbor - R1,2026-09-29 17:47:38,0.6056328727648724,0.3943671272351277,0.6376811594202898,0.4273504273504274,150,2026-09-29 02:02:52,2026-09-29 01:53:42,2026-09-29 17:47:38,3745778057
braswell|m|goode|g,braswell|m,goode|g,Micah Braswell,Gavin Goode,ITF Men Columbia - R1,2026-09-23 20:00:00,0.7276510239422493,0.27234897605775077,0.7635933806146572,0.3115264797507788,50,2026-09-23 18:41:52,2026-09-23 18:41:52,2026-09-23 20:00:00,3739805865
braynin|a|marek|w,braynin|a,marek|w,Aleksandr Braynin,Wojciech Marek,ITF Men Falun - R1,2026-09-22 12:00:00,0.43198850329080457,0.5680114967091954,0.4694835680751174,0.6047430830039526,50,2026-09-21 20:56:11,2026-09-21 20:47:31,2026-09-22 12:00:00,3737955720
breazu|m|turcanu|r,breazu|m,turcanu|r,Matei Florin Breazu,Radu David Turcanu,ITF Men Slobozia - R1,2026-09-30 07:00:00,0.23057547583304885,0.769424524166951,0.26525198938992045,0.800796812749004,100,2026-09-29 00:52:22,2026-09-29 00:38:12,2026-09-30 07:00:00,3745753842
breaz|a|djokic|a,breaz|a,djokic|a,Alesia Breaz,Aleksandra Djokic,ITF Women Constanta - R1,2026-09-23 07:00:00,0.9476095286027058,0.0523904713972944,0.9687597625741955,0.08658008658008658,50,2026-09-23 05:31:11,2026-09-23 05:30:24,2026-09-23 07:00:00,3739088469
breaz|a|popa|g,breaz|a,popa|g,Alesia Breaz,Giulia Safina Popa,ITF Women Constanta - Final,2026-09-27 08:00:00,0.4393806251893734,0.5606193748106267,0.47619047619047616,0.5967741935483871,75,2026-09-26 11:25:24,2026-09-26 11:15:35,2026-09-27 08:00:00,3742346651
breaz|a|sevcikova|l,breaz|a,sevcikova|l,Alesia Breaz,Linda Sevcikova,ITF Women Constanta - QF,2026-09-25 08:00:00,0.7881464519542472,0.21185354804575265,0.8233215547703181,0.2518891687657431,75,2026-09-24 19:53:50,2026-09-24 19:48:52,2026-09-25 08:00:00,3740759554
breaz|a|todoni|c,breaz|a,todoni|c,Alesia Breaz,Cristiana Nicoleta Todoni,ITF Women Constanta - SF,2026-09-26 09:00:00,0.5374428461079285,0.4625571538920716,0.574468085106383,0.5,75,2026-09-25 14:51:40,2026-09-25 14:44:20,2026-09-26 08:41:25,3741319050
brengle|m|lutkemeyer|a,brengle|m,lutkemeyer|a,Madison Brengle,Anne-Christine Lutkemeyer,ITF Women Berkeley - R1,2026-09-22 21:39:00,0.6977012722704238,0.30229872772957633,0.7340425531914894,0.3412969283276451,50,2026-09-22 04:35:17,2026-09-22 04:35:17,2026-09-22 21:39:00,3738105061
brengle|m|maklakova|e,brengle|m,maklakova|e,Madison Brengle,Ekaterina Maklakova,ITF Women Berkeley - R16,2026-09-24 19:00:00,0.8042507496168361,0.19574925038316388,0.8389694041867954,0.23584905660377356,50,2026-09-24 01:10:36,2026-09-24 01:08:07,2026-09-24 17:17:10,3740028048
brengle|m|mcdonald|e,brengle|m,mcdonald|e,Madison Brengle,Ella McDonald,ITF Women Berkeley - QF,2026-09-25 17:00:00,0.6430270670564717,0.35697293294352833,0.6753246753246753,0.390625,250,2026-09-25 01:29:53,2026-09-25 01:17:36,2026-09-25 17:00:00,3740906299
brengle|m|xu|m,brengle|m,xu|m,Madison Brengle,Mingge Xu,ITF Women Templeton - R1,2026-09-29 20:51:38,0.7041291385310267,0.29587086146897307,0.7361477572559366,0.33003300330033003,150,2026-09-29 07:00:13,2026-09-29 06:55:44,2026-09-29 20:51:38,3745863756
brengle|m|zucchini|a,brengle|m,zucchini|a,Madison Brengle,Arianna Zucchini,ITF Women Templeton - R16,2026-10-01 20:00:00,0.7796863259923233,0.22031367400767682,0.8151571164510166,0.2604166666666667,50,2026-10-01 03:50:32,2026-10-01 03:48:21,2026-10-01 20:00:00,3747858100
britain|g|republic|c,britain|g,republic|c,Great Britain,Czech Republic,Billie Jean King Cup - Tie,2026-09-22 09:00:00,0.11489811596498307,0.8851018840350169,0.14347202295552366,0.9085923217550275,100,2026-09-22 03:24:37,2026-09-22 03:20:06,2026-09-22 09:00:00,3738083114
broadus|s|mcdonald|e,broadus|s,mcdonald|e,Savannah Broadus,Ella McDonald,ITF Women Templeton - R1,2026-09-30 18:00:00,0.6065204146512968,0.39347958534870314,0.6428571428571428,0.43103448275862066,50,2026-09-24 01:10:36,2026-09-24 01:08:07,2026-09-30 18:00:00,3740028414
broadus|s|okalova|m,broadus|s,okalova|m,Savannah Broadus,Martina Okalova,ITF Women Berkeley - R1,2026-09-23 18:00:00,0.9237796250055619,0.07622037499443819,0.9493927125506074,0.11325028312570781,50,2026-09-23 03:37:04,2026-09-23 03:34:33,2026-09-23 18:00:00,3739048904
broady|l|stricker|d,broady|l,stricker|d,Liam Broady,Dominic Stephan Stricker,ATP Challenger Mouilleron-Le-Captif - R1,2026-09-30 09:13:06,0.29593157571435674,0.7040684242856432,0.3205128205128205,0.7275204359673024,150,2026-09-27 16:15:28,2026-09-27 16:10:59,2026-09-30 10:10:00,3744658074
brockmann|t|szostak|m,brockmann|t,szostak|m,Tessa Johanna Brockmann,Marine Szostak,ITF Women Reims - R16,2026-10-01 10:08:00,0.8108327424194351,0.18916725758056482,0.8415213946117275,0.2242152466367713,225,2026-10-01 00:33:09,2026-10-01 00:27:21,2026-10-01 10:08:00,3747759934
brockmann|t|tran|d,brockmann|t,tran|d,Tessa Johanna Brockmann,Demi Tran,ITF Women Reims - R1,2026-09-30 10:24:00,0.9311451880168158,0.06885481198318426,0.953095684803002,0.1,225,2026-09-30 00:23:26,2026-09-30 00:17:47,2026-09-30 10:24:00,3746734700
broek|i|cherubini|d,broek|i,cherubini|d,Isis Louise Van Den Broek,Diletta Cherubini,ITF Women Yecla - R1,2026-09-22 10:00:00,0.6424737592747926,0.35752624072520744,0.6742671009771988,0.390625,150,2026-09-21 21:37:05,2026-09-21 21:32:52,2026-09-22 10:00:00,3737966201
broek|i|im|h,broek|i,im|h,Isis Louise Van Den Broek,Heerae Im,ITF Women Reims - R16,2026-10-01 10:00:00,0.8668821844913237,0.1331178155086763,0.8952879581151832,0.16778523489932887,225,2026-10-01 00:33:09,2026-10-01 00:32:03,2026-10-01 09:10:42,3747771423
broek|i|lene|e,broek|i,lene|e,Isis Louise Van Den Broek,Emma Lene,ITF Women Reims - R1,2026-09-29 15:08:00,0.3601274303057643,0.6398725696942359,0.39370078740157477,0.6721311475409836,100,2026-09-29 02:48:34,2026-09-29 02:48:34,2026-09-29 15:08:00,3745788682
brooksby|j|sonego|l,brooksby|j,sonego|l,Jenson Brooksby,Lorenzo Sonego,ATP Chengdu Open - R16,2026-09-25 05:00:00,0.5469685919592471,0.45303140804075304,0.5633187772925764,0.4694835680751174,325,2026-09-24 12:41:18,2026-09-24 12:27:41,2026-09-25 05:00:00,3740400272
brooks|a|weckerle|m,brooks|a,weckerle|m,Amelie Brooks,Marie Weckerle,ITF Women Reims - R1,2026-09-30 11:06:00,0.24078987326229653,0.7592101267377035,0.27548209366391185,0.7907949790794978,225,2026-09-30 00:23:26,2026-09-30 00:17:47,2026-09-30 11:06:00,3746734282
broska|f|guna|r,broska|f,guna|r,Florian Broska,Robert Guna,ITF Men Slobozia - R1,2026-09-30 09:10:56,0.7586192897930384,0.24138071020696167,0.790356394129979,0.27624309392265195,100,2026-09-29 00:52:22,2026-09-29 00:38:12,2026-09-30 09:10:56,3745754023
broska|f|pieleanu|r,broska|f,pieleanu|r,Florian Broska,Rares Teodor Pieleanu,ITF Men Slobozia - R16,2026-10-01 07:00:00,0.767566305856034,0.232433694143966,0.7991967871485944,0.267379679144385,225,2026-10-01 00:33:09,2026-10-01 00:27:21,2026-10-01 07:00:00,3747770442
brown|o|filar|k,brown|o,filar|k,Oscar Brown,Karol Filar,ITF Men Baku - QF,2026-09-25 08:30:00,0.3761614461438702,0.6238385538561297,0.4098360655737705,0.6563573883161512,375,2026-09-24 14:45:57,2026-09-24 14:43:33,2026-09-25 07:39:44,3740493121
brown|o|singh|d,brown|o,singh|d,Oscar Brown,Digvijay Pratap Singh,ITF Men Baku - R16,2026-10-01 06:00:00,0.47309831538248276,0.5269016846175172,0.5098039215686274,0.5633187772925764,75,2026-09-25 13:32:55,2026-09-25 13:28:33,2026-10-01 06:00:00,3741258893
brown|o|skvortcov|p,brown|o,skvortcov|p,Oscar Brown,Pavel Skvortcov,ITF Men Baku - R1,2026-09-29 06:00:00,0.8898188707357874,0.11018112926421238,0.9165275459098498,0.1440922190201729,150,2026-09-28 14:49:04,2026-09-28 14:47:23,2026-09-29 06:00:00,3745512058
brown|o|yilmaz|k,brown|o,yilmaz|k,Oscar Brown,Kerem Yilmaz,ITF Men Baku - R16,2026-09-24 06:00:00,0.5269016846175172,0.47309831538248276,0.5633187772925764,0.5098039215686274,50,2026-09-23 15:32:15,2026-09-23 15:19:19,2026-09-24 06:00:00,3739612199
brown|p|ishimwe|c,brown|p,ishimwe|c,Preston Brown,Claude Ishimwe,ITF Men Kigali - R1,2026-09-29 08:00:00,0.920250995015372,0.07974900498462781,0.9464094319399786,0.117096018735363,50,2026-09-29 06:36:32,2026-09-29 06:36:32,2026-09-29 08:00:00,3745857570
brown|p|javia|d,brown|p,javia|d,Preston Brown,Dev Javia,ITF Men Kigali - R16,2026-10-01 08:00:00,0.10555011503730477,0.894449884962695,0.1392757660167131,0.9207606973058637,100,2026-09-30 04:25:30,2026-09-30 04:19:27,2026-10-01 08:00:00,3746822498
bruna|n|taverna|s,bruna|n,taverna|s,Nicolas Bruna,Santiago Rodriguez Taverna,ATP Challenger Buenos Aires - Qualifiers,2026-09-20 17:55:00,0.0708971567231489,0.9291028432768509,0.10482180293501049,0.9526290857413547,50,2026-09-20 07:57:32,2026-09-20 07:48:36,2026-09-20 17:58:09,3735903699
brunold|m|caniato|c,brunold|m,caniato|c,Mika Brunold,Carlo Alberto Caniato,ATP Challenger Biella - QF,2026-09-18 11:30:00,0.7019557956295989,0.2980442043704012,0.7206703910614525,0.31746031746031744,200,2026-09-17 16:33:01,2026-09-17 16:33:01,2026-09-18 11:30:00,3732089738
brunold|m|forti|f,brunold|m,forti|f,Mika Brunold,Francesco Forti,ATP Challenger Biella - R16,2026-09-17 11:00:00,0.6821992077605881,0.317800792239412,0.7058823529411764,0.3424657534246575,150,2026-09-16 23:25:56,2026-09-16 23:25:56,2026-09-17 11:00:00,3731481632
bublik|a|jodar|r,bublik|a,jodar|r,Alexander Bublik,Rafael Jodar,ATP Laver Cup,2026-09-25 19:20:00,0.3557285512449972,0.6442714487550029,0.39370078740157477,0.6805111821086262,75,2026-09-24 20:42:48,2026-09-24 20:42:48,2026-09-25 19:20:00,3740794896
bublik|a|mensik|j,bublik|a,mensik|j,Alexander Bublik,Jakub Mensik,ATP Beijing - R1,2026-10-01 13:00:00,0.3815445873579401,0.6184554126420599,0.39840637450199207,0.635036496350365,250,2026-09-29 04:31:16,2026-09-29 04:26:41,2026-10-01 13:00:00,3745816673
bucsa|c|jovic|i,bucsa|c,jovic|i,Cristina Bucsa,Iva Jovic,WTA Guadalajara - SF,2026-09-18 23:00:00,0.23207225196811382,0.7679277480318863,0.2469135802469136,0.7821350762527233,650,2026-09-18 00:56:57,2026-09-18 00:42:58,2026-09-18 23:00:00,3732400653
bucsa|c|noskova|l,bucsa|c,noskova|l,Cristina Bucsa,Linda Noskova,Billie Jean King Cup - Finals,2026-09-25 11:35:00,0.13380750094808286,0.8661924990519172,0.15060240963855423,0.8813760379596678,400,2026-09-25 08:59:29,2026-09-25 08:54:51,2026-09-25 11:27:19,3741063410
bucsa|c|putintseva|y,bucsa|c,putintseva|y,Cristina Bucsa,Yulia Putintseva,Billie Jean King Cup - Finals,2026-09-23 10:45:00,0.5531769909558835,0.44682300904411665,0.5670995670995671,0.4608294930875576,800,2026-09-23 09:43:02,2026-09-23 09:33:52,2026-09-23 10:45:00,3739266709
buculei|i|popa|g,buculei|i,popa|g,Iulia Maria Buculei,Giulia Safina Popa,ITF Women Varna - R1,2026-09-29 11:01:22,0.13452953870258497,0.8654704612974151,0.17452006980802792,0.8974358974358974,50,2026-09-28 18:26:59,2026-09-28 18:20:44,2026-09-29 11:01:22,3745629560
buculei|i|rybas|f,buculei|i,rybas|f,Iulia Maria Buculei,Felitsata Dorofeeva-Rybas,ITF Women Constanta - R1,2026-09-22 10:00:00,0.08077510025987343,0.9192248997401266,0.11820330969267138,0.9455337690631809,50,2026-09-21 21:04:55,2026-09-21 21:02:38,2026-09-22 10:00:00,3737956958
buculei|i|sevcikova|l,buculei|i,sevcikova|l,Iulia Maria Buculei,Linda Sevcikova,ITF Women Constanta - R16,2026-09-24 07:00:00,0.5438424038559474,0.45615759614405266,0.5798319327731092,0.4926108374384236,50,2026-09-23 17:10:11,2026-09-23 17:05:00,2026-09-24 07:00:00,3739708003
bueno|g|roncadelli|f,bueno|g,roncadelli|f,Gonzalo Bueno,Franco Roncadelli,ATP Challenger Buenos Aires - R1,2026-09-22 15:00:00,0.653912699311627,0.34608730068837296,0.6774193548387096,0.37037037037037035,150,2026-09-22 08:13:36,2026-09-22 08:07:02,2026-09-22 15:00:00,3738201810
bulatova|a|day|k,bulatova|a,day|k,Arina Bulatova,Kayla Day,ITF Women Berkeley - R1,2026-09-23 19:30:00,0.05326089853130615,0.9467391014686937,0.08257638315441784,0.9660326086956521,150,2026-09-23 03:48:03,2026-09-23 03:48:03,2026-09-23 19:30:00,3739053269
bulbarella|m|sfilio|t,bulbarella|m,sfilio|t,Marina Bulbarella,Tania Sfilio,ITF Women Trelew - R1,2026-09-30 15:00:00,0.9372881224077136,0.06271187759228646,0.9605678233438485,0.09832841691248771,50,2026-09-29 23:44:51,2026-09-29 23:43:52,2026-09-30 15:00:00,3746722687
bulbarella|m|silva|p,bulbarella|m,silva|p,Marina Bulbarella,Pilar Da Silva,ITF Women Trelew - R16,2026-10-01 15:00:00,0.5021930246434833,0.4978069753565168,0.5348837209302326,0.5305164319248826,150,2026-10-01 00:33:09,2026-10-01 00:27:21,2026-10-01 15:00:00,3747763204
bulgaru|m|koning|l,bulgaru|m,koning|l,Miriam Bulgaru,Loes Ebeling Koning,ITF Women Plovdiv - R1,2026-09-23 12:18:20,0.3601274303057643,0.6398725696942359,0.39370078740157477,0.6721311475409836,150,2026-09-22 15:23:06,2026-09-22 15:09:49,2026-09-23 12:18:20,3738545015
burcescu|m|craciun|g,burcescu|m,craciun|g,Maia Ilinca Burcescu,Georgia Andreea Craciun,ITF Women Constanta - R1,2026-09-23 10:00:00,0.5633852781106857,0.4366147218893143,0.6000000000000001,0.4739336492890995,50,2026-09-23 05:31:11,2026-09-23 05:30:24,2026-09-23 10:00:00,3739089376
burcescu|m|ivanova|b,burcescu|m,ivanova|b,Maia Ilinca Burcescu,Briyana Ivanova,ITF Women Varna - R1,2026-09-30 07:00:00,0.8259955053894138,0.17400449461058612,0.8599439775910364,0.21413276231263384,50,2026-09-29 23:56:41,2026-09-29 23:56:06,2026-09-30 07:00:00,3746725175
burcescu|m|schaefer|a,burcescu|m,schaefer|a,Maia Ilinca Burcescu,Anne Schaefer,ITF Women Constanta - QF,2026-09-25 08:30:00,0.46781592116274323,0.5321840788372567,0.504950495049505,0.5689655172413793,75,2026-09-24 19:53:50,2026-09-24 19:45:31,2026-09-25 08:30:00,3740756037
burcescu|m|wuerth|t,burcescu|m,wuerth|t,Maia Ilinca Burcescu,Tara Wuerth,ITF Women Varna - R16,2026-10-01 08:00:00,0.3040018114392375,0.6959981885607626,0.3424657534246575,0.7319034852546916,50,2026-09-30 19:21:36,2026-09-30 19:07:52,2026-10-01 08:00:00,3747600972
burcescu|m|zhenikhova|s,burcescu|m,zhenikhova|s,Maia Ilinca Burcescu,Sonja Zhenikhova,ITF Women Constanta - R16,2026-09-24 07:11:21,0.6990060958348729,0.300993904165127,0.7354497354497355,0.3401360544217687,50,2026-09-23 17:10:11,2026-09-23 17:05:00,2026-09-24 07:11:21,3739707028
burel|c|linana|a,burel|c,linana|a,Clara Burel,Alicia Herrero Linana,WTA 125k Valencia - Final,2026-09-20 15:30:00,0.7273241571832161,0.27267584281678403,0.7461928934010152,0.29239766081871343,200,2026-09-19 21:23:35,2026-09-19 21:14:42,2026-09-20 15:30:00,3735513036
burel|c|reales|g,burel|c,reales|g,Clara Burel,Guiomar Maristany Zuleta De Reales,WTA 125k Valencia - QF,2026-09-18 11:00:00,0.6636758562405185,0.3363241437594815,0.6875,0.36101083032490977,200,2026-09-18 01:38:45,2026-09-18 01:38:45,2026-09-18 11:00:00,3732438062
burel|c|steur|j,burel|c,steur|j,Clara Burel,Joelle Lilly Sophie Steur,WTA 125k Valencia - SF,2026-09-19 16:00:00,0.7280691480074843,0.27193085199251577,0.7468354430379747,0.29154518950437314,200,2026-09-18 23:29:32,2026-09-18 23:24:16,2026-09-19 15:12:17,3733564258
burrage|j|hontama|m,burrage|j,hontama|m,Jodie Burrage,Mai Hontama,WTA Beijing - Qualifiers,2026-09-29 08:00:00,0.43950930609921285,0.5604906939007871,0.4608294930875576,0.5815899581589958,250,2026-09-28 15:13:32,2026-09-28 15:04:31,2026-09-29 07:06:03,3745521078
burrage|j|sramkova|r,burrage|j,sramkova|r,Jodie Burrage,Rebecca Sramkova,WTA Beijing - Qualifiers,2026-09-28 09:00:00,0.34464938959426833,0.6553506104057316,0.3663003663003663,0.6763754045307443,250,2026-09-28 02:03:46,2026-09-28 01:59:34,2026-09-28 09:00:00,3745228043
buse|i|halys|q,buse|i,halys|q,Ignacio Buse,Quentin Halys,ATP Beijing - R1,2026-10-01 06:20:00,0.44402642705627404,0.555973572943726,0.4608294930875576,0.5726495726495727,250,2026-09-29 04:31:16,2026-09-29 04:24:43,2026-10-01 06:20:00,3745812518
buse|i|vallejo|a,buse|i,vallejo|a,Ignacio Buse,Adolfo Daniel Vallejo,Davis Cup World - Group 1,2026-09-19 22:21:00,0.7333010035101366,0.2666989964898634,0.75,0.2840909090909091,250,2026-09-19 09:39:18,2026-09-19 09:38:14,2026-09-19 21:36:20,3733909818
busta|p|mannarino|a,busta|p,mannarino|a,Pablo Carreno Busta,Adrian Mannarino,ATP Beijing - Qualifiers,2026-09-29 06:03:00,0.5958419386138273,0.4041580613861727,0.6168582375478928,0.425531914893617,250,2026-09-28 14:49:04,2026-09-28 14:47:23,2026-09-29 06:13:00,3745512079
busta|p|medvedev|d,busta|p,medvedev|d,Pablo Carreno Busta,Daniil Medvedev,ATP Beijing - R1,2026-10-02 01:00:00,0.21093715083150577,0.7890628491684943,0.22831050228310504,0.8054474708171206,250,2026-09-29 17:22:47,2026-09-29 17:20:52,2026-10-02 01:00:00,3746364261
busta|p|zhou|y,busta|p,zhou|y,Pablo Carreno Busta,Yi Zhou,ATP Beijing - Qualifiers,2026-09-28 09:39:39,0.7475092093557937,0.2524907906442063,0.7685185185185185,0.2747252747252747,250,2026-09-27 23:29:27,2026-09-27 23:28:38,2026-09-28 09:39:39,3745158996
butvilas|e|dimitrov|g,butvilas|e,dimitrov|g,Edas Butvilas,Grigor Dimitrov,ATP Challenger St Tropez - R1,2026-09-22 16:38:19,0.31831033786219326,0.6816896621378067,0.33783783783783783,0.7005988023952096,150,2026-09-20 17:05:49,2026-09-20 17:03:01,2026-09-22 17:30:00,3736967389
butvilas|e|echargui|m,butvilas|e,echargui|m,Edas Butvilas,Moez Echargui,ATP Challenger Porto - R16,2026-10-01 12:00:00,0.7079935968768204,0.2920064031231796,0.7267759562841529,0.3115264797507788,200,2026-09-30 23:51:47,2026-09-30 23:46:46,2026-10-01 12:00:00,3747743748
butvilas|e|geerts|m,butvilas|e,geerts|m,Edas Butvilas,Michael Geerts,ATP Challenger Porto - R1,2026-09-30 14:42:45,0.8010303130180874,0.19896968698191272,0.8194945848375451,0.2188183807439825,150,2026-09-29 08:52:42,2026-09-29 08:41:25,2026-09-30 14:42:45,3745921631
butvilas|e|kecmanovic|m,butvilas|e,kecmanovic|m,Edas Butvilas,Miomir Kecmanovic,Davis Cup World - Group 1,2026-09-19 13:00:00,0.3023343703682925,0.6976656296317074,0.3194888178913738,0.7142857142857143,250,2026-09-19 01:57:53,2026-09-19 01:57:09,2026-09-19 13:00:00,3733663622
butvilas|e|mayot|h,butvilas|e,mayot|h,Edas Butvilas,Harold Mayot,ATP Challenger St Tropez - R16,2026-09-24 13:30:00,0.5578014842731424,0.44219851572685775,0.576271186440678,0.4608294930875576,200,2026-09-23 15:54:35,2026-09-23 15:52:59,2026-09-24 13:04:23,3739639713
butvilas|e|medjedovic|h,butvilas|e,medjedovic|h,Edas Butvilas,Hamad Medjedovic,Davis Cup World - Group 1,2026-09-20 15:07:00,0.19266449539061076,0.8073355046093892,0.21008403361344538,0.8236331569664903,175,2026-09-19 23:43:37,2026-09-19 23:41:09,2026-09-20 15:07:00,3735616895
buyukakcay|c|dilek|d,buyukakcay|c,dilek|d,Cagla Buyukakcay,Deniz Dilek,WTA 125K Ankara - R16,2026-09-24 14:00:00,0.3995954180020959,0.6004045819979041,0.42372881355932196,0.6240601503759399,200,2026-09-23 15:32:15,2026-09-23 15:27:23,2026-09-24 15:00:00,3739618497
buyukakcay|c|kuzmova|k,buyukakcay|c,kuzmova|k,Cagla Buyukakcay,Katarina Kuzmova,WTA 125K Ankara - R1,2026-09-22 14:00:00,0.27577261007408344,0.7242273899259166,0.3003003003003003,0.7474747474747475,200,2026-09-21 15:45:42,2026-09-21 15:45:39,2026-09-22 15:00:00,3737786427
buyukakcay|c|monnet|c,buyukakcay|c,monnet|c,Cagla Buyukakcay,Carole Monnet,WTA 125K Adana - R1,2026-09-29 15:30:00,0.22583919225482016,0.7741608077451798,0.2506265664160401,0.7971602434077079,200,2026-09-28 16:20:05,2026-09-28 16:19:59,2026-09-29 14:51:43,3745543951
buyukakcay|c|stefanini|l,buyukakcay|c,stefanini|l,Cagla Buyukakcay,Lucrezia Stefanini,WTA 125K Adana - R16,2026-09-30 18:00:00,0.10671977587535349,0.8932802241246466,0.13793103448275862,0.9180999180999181,200,2026-09-30 07:47:26,2026-09-30 07:47:07,2026-09-30 18:00:00,3746914088
bu|y|cerundolo|j,bu|y,cerundolo|j,Yunchaokete Bu,Juan Manuel Cerundolo,ATP Beijing - R1,2026-09-30 07:30:00,0.5818981069193763,0.41810189308062373,0.5983935742971888,0.4347826086956522,250,2026-09-29 07:45:46,2026-09-29 07:43:56,2026-09-30 08:30:00,3745887586
bu|y|djokovic|n,bu|y,djokovic|n,Yunchaokete Bu,Novak Djokovic,ATP Beijing - R16,2026-10-02 01:00:00,0.24011083849417109,0.759889161505829,0.25510204081632654,0.7742663656884875,400,2026-09-30 16:27:30,2026-09-30 16:24:13,2026-10-02 01:00:00,3747346146
bu|y|majchrzak|k,bu|y,majchrzak|k,Yunchaokete Bu,Kamil Majchrzak,ATP Hangzhou - R16,2026-09-26 09:00:00,0.47114313858531703,0.528856861414683,0.48780487804878053,0.5454545454545454,325,2026-09-24 17:39:03,2026-09-24 17:39:03,2026-09-26 08:23:43,3740616730
bu|y|safiullin|r,bu|y,safiullin|r,Yunchaokete Bu,Roman Safiullin,ATP Hangzhou - QF,2026-09-27 11:30:00,0.5094373231346395,0.4905626768653605,0.5238095238095238,0.504950495049505,400,2026-09-26 18:10:01,2026-09-26 18:10:01,2026-09-27 11:30:00,3743250951
bu|y|zheng|m,bu|y,zheng|m,Yunchaokete Bu,Michael Zheng,ATP Hangzhou - R1,2026-09-24 09:15:00,0.39431144157012393,0.605688558429876,0.41152263374485604,0.6226415094339623,250,2026-09-22 09:32:05,2026-09-22 09:22:32,2026-09-24 09:15:00,3738260568
bynoe|e|jansen|w,bynoe|e,jansen|w,Evan Bynoe,William Jansen,ITF Men Columbia - QF,2026-09-25 16:00:00,0.2720427852927295,0.7279572147072705,0.3115264797507788,0.7641509433962264,75,2026-09-25 02:54:24,2026-09-25 02:48:12,2026-09-25 17:00:00,3740945826
bynoe|e|miguel|l,bynoe|e,miguel|l,Evan Bynoe,Luis Felipe Miguel,ITF Men Columbia - R16,2026-09-24 10:00:00,0.3620432392734487,0.6379567607265514,0.4,0.6742671009771988,50,2026-09-24 02:01:09,2026-09-24 01:53:26,2026-09-24 10:00:00,3740053334
bynoe|e|shah|a,bynoe|e,shah|a,Evan Bynoe,Aryan Shah,ITF Men Fayetteville - R16,2026-10-01 17:00:00,0.24306291139085978,0.7569370886091402,0.2777777777777778,0.7885835095137421,150,2026-10-01 01:24:54,2026-10-01 01:12:40,2026-10-01 17:00:00,3747781686
bynoe|e|tudorica|a,bynoe|e,tudorica|a,Evan Bynoe,Alvin Nicholas Tudorica,ITF Men Columbia - R1,2026-09-23 19:30:26,0.45023443753395714,0.5497655624660429,0.48780487804878053,0.5867768595041323,50,2026-09-23 11:39:30,2026-09-23 11:32:53,2026-09-23 19:30:26,3739391268
bynoe|e|zapico|s,bynoe|e,zapico|s,Evan Bynoe,Segundo Goity Zapico,ITF Men Fayetteville - R1,2026-09-29 18:10:00,0.691629782894951,0.3083702171050491,0.7237569060773481,0.3424657534246575,225,2026-09-29 01:19:24,2026-09-29 01:19:24,2026-09-29 18:10:00,3745769972
cabrera|l|kraus|s,cabrera|l,kraus|s,Lizette Cabrera,Sinja Kraus,WTA 125K Porto - R1,2026-09-21 13:00:00,0.16643413120703363,0.8335658687929663,0.19120458891013384,0.8556998556998557,200,2026-09-20 16:56:39,2026-09-20 16:52:00,2026-09-21 13:00:00,3736953135
cabrera|m|gimbrere|m,cabrera|m,gimbrere|m,Madeleine Brooks / Lizette Cabrera,Michaela Bayerlova / Jasmijn Gimbrere,WTA 125K Porto - Doubles,2026-09-23 13:00:00,0.6058655493021367,0.3941344506978634,0.6296296296296295,0.4184100418410042,50,2026-09-23 07:27:01,2026-09-23 07:22:07,2026-09-23 13:00:00,3739149430
cacao|t|deckers|a,cacao|t,deckers|a,Tiago Cacao,Alec Deckers,ITF Men Sintra - QF,2026-09-18 11:00:00,0.4282466355039858,0.5717533644960142,0.46511627906976744,0.607843137254902,75,2026-09-17 20:06:51,2026-09-17 20:02:52,2026-09-18 11:00:00,3732313718
cacao|t|matusevich|a,cacao|t,matusevich|a,Tiago Cacao,Anton Matusevich,ATP Challenger Porto - Qualifiers,2026-09-27 15:02:00,0.32602552096036685,0.6739744790396331,0.3508771929824561,0.6978851963746223,100,2026-09-26 23:50:41,2026-09-26 23:49:58,2026-09-27 15:01:52,3743620856
cacao|t|schoen|p,cacao|t,schoen|p,Tiago Cacao,Patrick Schoen,ITF Men Sintra - SF,2026-09-19 11:00:00,0.30191943491940254,0.6980805650805977,0.33557046979865773,0.7297297297297298,150,2026-09-18 21:39:16,2026-09-18 21:38:33,2026-09-19 11:00:00,3733521936
cacao|t|torres|t,cacao|t,torres|t,Tiago Cacao,Tiago Torres,ITF Men Sintra - R16,2026-09-17 09:15:53,0.3309495839385058,0.6690504160614943,0.36900369003690037,0.7050147492625369,50,2026-09-16 23:16:19,2026-09-16 23:13:04,2026-09-17 09:15:53,3731474501
cadenasso|g|donald|m,cadenasso|g,donald|m,Gianluca Cadenasso,Matthew William Donald,ATP Challenger Genoa - R1,2026-09-22 18:41:10,0.6126927108448337,0.3873072891551664,0.6363636363636364,0.41152263374485604,150,2026-09-21 15:51:38,2026-09-21 15:45:39,2026-09-22 19:30:00,3737790990
cadenasso|g|martinez|b,cadenasso|g,martinez|b,Gianluca Cadenasso,Benito Sanchez Martinez,ATP Challenger Bari - R1,2026-09-29 08:12:51,0.6256611775460806,0.3743388224539193,0.6491228070175439,0.39840637450199207,150,2026-09-28 21:28:47,2026-09-28 21:21:54,2026-09-29 08:12:51,3745709248
cado|z|mcdonald|n,cado|z,mcdonald|n,Zaccharie Cado,Niels Mcdonald,ATP Challenger Mouilleron-Le-Captif - Qualifiers,2026-09-27 09:58:33,0.08268619498062948,0.9173138050193705,0.11764705882352941,0.942561746122918,50,2026-09-26 23:38:08,2026-09-26 23:34:53,2026-09-27 09:58:33,3743613113
cakarevic|s|lukas|t,cakarevic|s,lukas|t,Sara Cakarevic,Tena Lukas,ITF Women Santa Margherita di Pula - R16,2026-09-24 10:00:39,0.3256662886950162,0.6743337113049839,0.36363636363636365,0.7101449275362319,50,2026-09-23 23:47:04,2026-09-23 23:37:30,2026-09-24 10:00:39,3739976515
cakarevic|s|maines|n,cakarevic|s,maines|n,Sara Cakarevic,Noemi Maines,ITF Women Santa Margherita di Pula - R1,2026-09-23 09:55:48,0.7583760241132113,0.2416239758867888,0.7899159663865546,0.27624309392265195,150,2026-09-23 03:24:41,2026-09-23 03:15:47,2026-09-23 09:55:48,3739041366
campos|a|deckers|a,campos|a,deckers|a,Alberto Barroso Campos,Alec Deckers,ITF Men Setubal - R1,2026-09-22 10:00:00,0.3085994586759944,0.6914005413240056,0.3472222222222222,0.7275204359673024,50,2026-09-21 21:37:05,2026-09-21 21:32:52,2026-09-22 10:00:00,3737967696
campos|a|erhard|m,campos|a,erhard|m,Alberto Barroso Campos,Mathys Erhard,ATP Challenger Mouilleron-Le-Captif - Qualifiers,2026-09-28 12:30:00,0.21563154571995446,0.7843684542800455,0.24570024570024568,0.8116760828625235,150,2026-09-27 23:09:35,2026-09-27 22:58:27,2026-09-28 12:30:00,3745143102
campos|a|schwaerzler|j,campos|a,schwaerzler|j,Alberto Barroso Campos,Joel Josef Schwaerzler,ATP Challenger Mouilleron-Le-Captif - R1,2026-09-29 12:02:48,0.21312174184203486,0.7868782581579651,0.23809523809523808,0.8098859315589353,100,2026-09-29 02:02:52,2026-09-29 01:53:42,2026-09-29 12:02:48,3745776928
canada||france|,canada|,france|,Canada,France,Davis Cup - Tie Winner,2026-09-18 20:00:00,0.3629773449415502,0.6370226550584498,0.39370078740157477,0.6666666666666666,50,2026-09-17 23:55:51,2026-09-17 23:55:51,2026-09-18 20:00:00,3732387276
canas|a|caniato|c,canas|a,caniato|c,Alejandro Moro Canas,Carlo Alberto Caniato,ATP Challenger Biella - Final,2026-09-20 09:40:00,0.567249677444405,0.43275032255559504,0.5867768595041323,0.45248868778280543,200,2026-09-19 21:23:35,2026-09-19 21:14:42,2026-09-20 09:43:03,3735514550
canas|a|clarke|j,canas|a,clarke|j,Alejandro Moro Canas,Jay Clarke,ATP Challenger Biella - SF,2026-09-19 13:22:54,0.5477732997043286,0.4522267002956714,0.5670995670995671,0.4716981132075471,200,2026-09-18 20:19:51,2026-09-18 20:05:17,2026-09-19 13:00:00,3733449770
canas|a|naharro|d,canas|a,naharro|d,Alejandro Moro Canas,David Naharro,ITF Men Zaragoza - R1,2026-09-30 12:00:00,0.9422299146678096,0.05777008533219054,0.9645390070921985,0.0927643784786642,50,2026-09-30 02:04:19,2026-09-30 02:03:30,2026-09-30 12:00:00,3746771859
canas|a|navarro|b,canas|a,navarro|b,Alejandro Moro Canas,Bruno Pujol Navarro,ITF Men Zaragoza - R16,2026-10-01 10:57:16,0.9640579557840608,0.035942044215939106,0.9777925827226293,0.05767012687427912,350,2026-10-01 04:51:51,2026-10-01 04:48:46,2026-10-01 10:57:16,3747882652
candiotto|a|ivanov|v,candiotto|a,ivanov|v,Ana Candiotto,Valentina Ivanov,ITF Women Baza - R1,2026-09-29 11:17:00,0.19276867171452217,0.807231328285478,0.2331002331002331,0.8420221169036335,50,2026-09-29 01:19:24,2026-09-29 01:19:24,2026-09-29 11:17:00,3745768726
caniato|c|clarke|j,caniato|c,clarke|j,Carlo Alberto Caniato,Jay Clarke,ATP Challenger Genoa - QF,2026-09-25 16:00:00,0.5242005672154525,0.4757994327845475,0.5433789954337899,0.49504950495049505,200,2026-09-25 01:01:04,2026-09-25 00:47:25,2026-09-25 17:00:00,3740895013
caniato|c|forti|f,caniato|c,forti|f,Carlo Alberto Caniato,Francesco Forti,ATP Challenger Genoa - SF,2026-09-26 12:30:00,0.6239920169254733,0.3760079830745266,0.6428571428571428,0.39525691699604737,200,2026-09-25 23:56:02,2026-09-25 23:51:34,2026-09-26 12:30:00,3741882567
caniato|c|gentzsch|t,caniato|c,gentzsch|t,Carlo Alberto Caniato,Tom Gentzsch,ATP Challenger Genoa - R16,2026-09-24 18:00:00,0.4349717996631839,0.5650282003368161,0.4587155963302753,0.5884773662551441,150,2026-09-22 16:56:32,2026-09-22 16:55:27,2026-09-24 18:00:00,3738629669
caniato|c|mikrut|l,caniato|c,mikrut|l,Carlo Alberto Caniato,Luka Mikrut,ATP Challenger Genoa - Final,2026-09-27 14:30:00,0.411457517853822,0.5885424821461781,0.43103448275862066,0.607843137254902,200,2026-09-26 15:19:41,2026-09-26 15:16:50,2026-09-27 14:30:00,3742859941
caniato|c|valiente|i,caniato|c,valiente|i,Carlo Alberto Caniato,Izan Almazan Valiente,ATP Challenger Biella - R16,2026-09-17 10:00:00,0.6608695167147425,0.33913048328525747,0.6845425867507886,0.36363636363636365,150,2026-09-16 23:25:56,2026-09-16 23:25:56,2026-09-17 11:00:00,3731481395
carabelli|c|cina|f,carabelli|c,cina|f,Camilo Ugo Carabelli,Federico Cina,ATP Chengdu Open - R1,2026-09-24 07:42:00,0.4046522111833371,0.5953477888166628,0.42194092827004215,0.6124031007751938,250,2026-09-24 05:19:55,2026-09-24 05:17:58,2026-09-24 07:42:00,3740124215
carabelli|c|hijikata|r,carabelli|c,hijikata|r,Camilo Ugo Carabelli,Rinky Hijikata,ATP Tokyo - Qualifiers,2026-09-28 02:00:00,0.3180410584165862,0.6819589415834136,0.3401360544217687,0.7032640949554896,250,2026-09-27 23:29:27,2026-09-27 23:28:38,2026-09-28 02:00:00,3745161392
carboni|l|cosano|j,carboni|l,cosano|j,Lorenzo Carboni,Javier Barranco Cosano,ITF Men Zaragoza - R16,2026-10-01 10:00:00,0.4214805372645692,0.5785194627354309,0.45454545454545453,0.6108949416342413,225,2026-10-01 00:33:09,2026-10-01 00:27:21,2026-10-01 09:11:15,3747767317
carboni|l|michalski|d,carboni|l,michalski|d,Lorenzo Carboni,Daniel Michalski,ITF Men Santa Margherita di Pula - QF,2026-09-24 09:00:00,0.2755383816320318,0.7244616183679683,0.30959752321981426,0.7560975609756098,375,2026-09-24 00:37:45,2026-09-24 00:28:58,2026-09-24 09:00:00,3740007176
carboni|l|mordini|t,carboni|l,mordini|t,Lorenzo Carboni,Tobia Costanzo Baragiola Mordini,ITF Men Santa Margherita di Pula - R1,2026-09-21 11:55:00,0.7946693617583257,0.20533063824167436,0.8257839721254355,0.24038461538461536,225,2026-09-21 00:25:23,2026-09-21 00:24:49,2026-09-21 11:03:20,3737465913
carboni|l|pennaforti|g,carboni|l,pennaforti|g,Lorenzo Carboni,Gabriele Pennaforti,ITF Men Santa Margherita di Pula - R16,2026-09-23 10:00:00,0.6882998951681147,0.31170010483188526,0.7206703910614525,0.34602076124567477,150,2026-09-23 02:47:33,2026-09-23 02:47:33,2026-09-23 10:00:00,3739028345
carboni|l|xilas|i,carboni|l,xilas|i,Lorenzo Carboni,Ioannis Xilas,ITF Men Zaragoza - R1,2026-09-29 11:00:00,0.5142035923426231,0.48579640765737697,0.5475113122171946,0.5192307692307692,225,2026-09-29 01:19:24,2026-09-29 01:08:24,2026-09-29 11:00:00,3745767963
cardozo|f|dickerson|r,cardozo|f,dickerson|r,Federico Aguilar Cardozo,Ryan Dickerson,ATP Challenger Buenos Aires - Qualifiers,2026-09-20 17:15:00,0.6467965091170977,0.3532034908829023,0.6742671009771988,0.38167938931297707,75,2026-09-20 07:57:32,2026-09-20 07:48:36,2026-09-20 17:10:44,3735906211
cardozo|j|comesana|f,cardozo|j,comesana|f,Joaquin Aguilar Cardozo,Francisco Comesana,ATP Challenger Buenos Aires - R16,2026-09-24 00:30:00,0.3502899822564121,0.6497100177435879,0.37453183520599254,0.673202614379085,150,2026-09-23 07:39:59,2026-09-23 07:31:15,2026-09-23 23:27:29,3739157668
cardozo|j|pino|m,cardozo|j,pino|m,Joaquin Aguilar Cardozo,Mateo Del Pino,ATP Challenger Buenos Aires - Qualifiers,2026-09-21 13:05:00,0.9812212630191407,0.018778736980859922,0.9917218543046358,0.042034468263976464,50,2026-09-21 01:09:30,2026-09-21 00:55:01,2026-09-21 14:05:00,3737467263
cardozo|j|varillas|j,cardozo|j,varillas|j,Joaquin Aguilar Cardozo,Juan Pablo Varillas,ATP Challenger Buenos Aires - QF,2026-09-25 19:40:00,0.606289147173696,0.393710852826304,0.6254681647940076,0.4132231404958678,200,2026-09-24 17:30:02,2026-09-24 17:29:38,2026-09-25 19:33:33,3740613350
cardozo|j|zarate|c,cardozo|j,zarate|c,Joaquin Aguilar Cardozo,Carlos Maria Zarate,ATP Challenger Buenos Aires - R1,2026-09-22 14:00:00,0.7886338189303684,0.21136618106963165,0.8116760828625235,0.23640661938534277,100,2026-09-22 03:59:32,2026-09-22 03:56:30,2026-09-22 13:13:38,3738095533
carre|m|webb|s,carre|m,webb|s,Mathilde Ngijol-Carre,Stefani Webb,ITF Women Nashville - R1,2026-09-30 14:00:00,0.3838783069918213,0.6161216930081787,0.4166666666666667,0.647887323943662,100,2026-09-29 23:30:16,2026-09-29 23:25:55,2026-09-30 14:00:00,3746716255
carrocera|m|silva|p,carrocera|m,silva|p,Mora Carrocera,Pilar Da Silva,ITF Women Trelew - R1,2026-09-29 16:30:00,0.489029809426262,0.5109701905737379,0.5215311004784688,0.5433789954337899,150,2026-09-29 03:35:05,2026-09-29 03:35:05,2026-09-29 16:30:00,3745799202
car|h|cassone|m,car|h,cassone|m,Hugo Car,Murphy Cassone,ATP Challenger St Tropez - Qualifiers,2026-09-20 14:32:52,0.22837144519250094,0.7716285548074991,0.2531645569620253,0.7946611909650925,100,2026-09-20 02:27:54,2026-09-20 02:16:32,2026-09-20 14:32:52,3735752796
car|h|donnet|e,car|h,donnet|e,Hugo Car,Etienne Donnet,ITF Men Nevers - R16,2026-09-17 13:50:07,0.5653046056702711,0.434695394329729,0.601593625498008,0.4716981132075471,50,2026-09-16 23:16:19,2026-09-16 23:13:04,2026-09-17 13:50:07,3731471992
casanova|h|dellien|m,casanova|h,dellien|m,Hernan Casanova,Murkel Dellien,ATP Challenger Buenos Aires - R1,2026-09-22 17:10:00,0.6563048209020549,0.34369517909794517,0.6794871794871794,0.36764705882352944,150,2026-09-22 08:13:36,2026-09-22 08:07:02,2026-09-22 16:10:00,3738199722
casanova|h|heide|g,casanova|h,heide|g,Hernan Casanova,Gustavo Heide,ATP Challenger Curitiba - R1,2026-09-29 14:30:00,0.19523107609781387,0.8047689239021861,0.22026431718061673,0.8275862068965518,500,2026-09-28 09:37:19,2026-09-28 09:32:27,2026-09-29 14:30:00,3745363940
cassone|m|harris|b,cassone|m,harris|b,Murphy Cassone,Billy Harris,ATP Challenger St Tropez - R16,2026-09-24 09:30:00,0.5092624367679586,0.49073756323204154,0.5283018867924528,0.5098039215686274,200,2026-09-23 15:54:35,2026-09-23 15:52:59,2026-09-24 08:44:57,3739639333
cassone|m|masur|d,cassone|m,masur|d,Murphy Cassone,Daniel Masur,ATP Challenger St Tropez - QF,2026-09-25 10:00:00,0.6357231381160157,0.36427686188398445,0.6527777777777778,0.38167938931297707,250,2026-09-24 17:30:02,2026-09-24 17:29:38,2026-09-25 10:00:00,3740605600
cassone|m|mayot|h,cassone|m,mayot|h,Murphy Cassone,Harold Mayot,ATP Challenger St Tropez - SF,2026-09-26 12:00:00,0.3830096359615682,0.6169903640384319,0.4,0.6336996336996338,250,2026-09-25 23:56:02,2026-09-25 23:51:34,2026-09-26 12:00:00,3741881287
cassone|m|tabur|c,cassone|m,tabur|c,Murphy Cassone,Clement Tabur,ATP Challenger St Tropez - R1,2026-09-22 16:55:25,0.4826982014585644,0.5173017985414357,0.5024875621890548,0.5370370370370371,150,2026-09-22 03:24:37,2026-09-22 03:20:06,2026-09-22 17:30:00,3738082034
cassone|m|zahraj|p,cassone|m,zahraj|p,Murphy Cassone,Patrick Zahraj,ATP Challenger St Tropez - Qualifiers,2026-09-21 10:30:00,0.7374138169500907,0.2625861830499094,0.7607655502392345,0.28735632183908044,100,2026-09-20 19:44:33,2026-09-20 19:38:04,2026-09-21 10:30:00,3737232062
castagnola|l|hrazdil|j,castagnola|l,hrazdil|j,Luca Castagnola,Jan Hrazdil,ITF Men Sharm El Sheikh - R1,2026-09-23 09:00:00,0.7906732893535998,0.20932671064640027,0.8257839721254355,0.24937655860349128,50,2026-09-23 02:32:42,2026-09-23 02:29:09,2026-09-23 09:00:00,3739017602
castagnola|l|zakaria|f,castagnola|l,zakaria|f,Luca Castagnola,Fares Zakaria,ITF Men Sharm El Sheikh - R16,2026-09-24 09:00:00,0.44331999339005024,0.5566800066099499,0.4807692307692307,0.5934959349593496,50,2026-09-23 23:52:34,2026-09-23 23:52:34,2026-09-24 09:00:00,3739985072
castelnuovo|l|kotov|p,castelnuovo|l,kotov|p,Luca Castelnuovo,Pavel Kotov,ATP Chengdu Open - Qualifiers,2026-09-22 07:50:50,0.20025402336842485,0.7997459766315751,0.22271714922048996,0.8204667863554758,250,2026-09-21 19:22:29,2026-09-21 19:16:57,2026-09-22 07:45:00,3737917076
castro|l|chabalgoity|p,castro|l,chabalgoity|p,Leonel Cesar Castro,Pedro Henrique Chabalgoity,ITF Men Curitiba - R1,2026-09-23 15:00:00,0.513167019494862,0.486832980505138,0.5454545454545454,0.5192307692307692,100,2026-09-23 05:48:17,2026-09-23 05:48:17,2026-09-23 15:00:00,3739100274
catanzarite|a|cinalli|l,catanzarite|a,cinalli|l,Ava Catanzarite,Luna Maria Cinalli,ITF Women Sao Luis - R16,2026-09-17 14:30:00,0.2625162383114395,0.7374837616885603,0.29673590504451036,0.76905311778291,150,2026-09-16 23:16:19,2026-09-16 23:13:04,2026-09-17 14:30:00,3731473362
catanzarite|a|estevez|j,catanzarite|a,estevez|j,Ava Catanzarite,Josefina Estevez,ITF Women Sao Luis - SF,2026-09-19 15:00:00,0.5043106652040431,0.49568933479595695,0.5412844036697247,0.5327102803738317,75,2026-09-18 23:29:32,2026-09-18 23:24:16,2026-09-19 13:45:20,3733563476
catanzarite|a|risso|l,catanzarite|a,risso|l,Ava Catanzarite,Leyla Fiorella Britez Risso,ITF Women Sao Luis - Final,2026-09-20 15:00:00,0.18826675539863674,0.8117332446013632,0.22831050228310504,0.8461538461538461,75,2026-09-19 23:38:04,2026-09-19 23:30:28,2026-09-20 13:14:08,3735608962
catanzarite|a|sanchez|a,catanzarite|a,sanchez|a,Ava Catanzarite,Ana Sofia Sanchez,ITF Women Belem - R16,2026-09-24 17:00:00,0.1876262037999628,0.812373796200037,0.2277904328018223,0.8468606431852986,50,2026-09-24 01:10:36,2026-09-24 01:08:07,2026-09-24 17:00:00,3740029395
catanzarite|a|vidal|l,catanzarite|a,vidal|l,Ava Catanzarite,Leticia Garcia Vidal,ITF Women Sao Luis - QF,2026-09-18 15:43:39,0.8578339568457553,0.1421660431542445,0.8867497168742923,0.17699115044247787,250,2026-09-18 01:53:53,2026-09-18 01:47:58,2026-09-18 15:43:39,3732443770
catarina|l|vasa|e,catarina|l,vasa|e,Lucas Catarina,Eero Vasa,Davis Cup World - Group 1,2026-09-19 16:43:00,0.2952423130281726,0.7047576869718276,0.3125,0.7214484679665738,250,2026-09-19 00:57:13,2026-09-19 00:52:01,2026-09-19 16:43:00,3733622499
catini|n|rapagnetta|d,catini|n,rapagnetta|d,Niccolo Catini,Daniele Rapagnetta,ITF Men Santa Margherita di Pula - R1,2026-09-22 09:30:00,0.193979289197041,0.8060207108029591,0.234192037470726,0.840764331210191,50,2026-09-21 21:37:05,2026-09-21 21:32:52,2026-09-22 09:30:00,3737968235
catry|r|han|s,catry|r,han|s,Robin Catry,Seonyong Han,ITF Men Guiyang - R16,2026-09-17 02:00:00,0.7552308473833642,0.24476915261663573,0.7867803837953092,0.27932960893854747,225,2026-09-16 19:13:15,2026-09-16 19:01:39,2026-09-17 02:00:00,3730892996
catry|r|kachmazov|a,catry|r,kachmazov|a,Robin Catry,Alibek Kachmazov,ITF Men Guiyang - QF,2026-09-18 04:52:27,0.2741327964715296,0.7258672035284705,0.30864197530864196,0.7578692493946732,250,2026-09-17 10:29:56,2026-09-17 10:29:56,2026-09-18 04:52:27,3731820027
catry|r|sasikumar|m,catry|r,sasikumar|m,Robin Catry,Mukund Sasikumar,ITF Men Yinchuan - R1,2026-09-22 05:18:38,0.5630968313923191,0.43690316860768086,0.5951417004048584,0.4694835680751174,150,2026-09-21 13:59:48,2026-09-21 13:59:05,2026-09-22 05:18:38,3737736566
cazacu|d|rozin|s,cazacu|d,rozin|s,Dragos Nicolae Cazacu,Sasha Rozin,ITF Men Fayetteville - R16,2026-10-01 16:00:00,0.1955007509664706,0.8044992490335293,0.2304147465437788,0.8352553542009884,150,2026-10-01 01:24:54,2026-10-01 01:12:40,2026-10-01 16:00:00,3747782132
cazacu|d|vrba|j,cazacu|d,vrba|j,Dragos Nicolae Cazacu,Jakub Vrba,ITF Men Fayetteville - R1,2026-09-29 17:55:00,0.2993169602999832,0.7006830397000168,0.3333333333333333,0.732620320855615,150,2026-09-29 01:19:24,2026-09-29 01:19:24,2026-09-29 18:03:00,3745769037
cecchinato|m|moeller|m,cecchinato|m,moeller|m,Marco Cecchinato,Marvin Moeller,ATP Challenger Szczecin - R16,2026-09-17 12:00:00,0.6124126086652124,0.3875873913347876,0.6309963099630996,0.4065040650406504,200,2026-09-16 23:31:54,2026-09-16 23:28:09,2026-09-17 11:13:09,3731486855
cecchinato|m|trungelliti|m,cecchinato|m,trungelliti|m,Marco Cecchinato,Marco Trungelliti,ATP Challenger Szczecin - QF,2026-09-18 13:00:00,0.3912184046324592,0.6087815953675407,0.4081632653061224,0.6254681647940076,250,2026-09-17 17:51:39,2026-09-17 17:51:39,2026-09-18 13:00:00,3732176664
cekirge|k|jong|s,cekirge|k,jong|s,Kuzey Cekirge,Sander Jong,ITF Men Sabadell - R16,2026-09-24 10:30:00,0.0818393879152358,0.9181606120847642,0.11415525114155252,0.9419279907084784,225,2026-09-24 00:37:45,2026-09-24 00:28:58,2026-09-24 10:30:00,3740007539
cekirge|k|sheyngezikht|l,cekirge|k,sheyngezikht|l,Kuzey Cekirge,Leonid Sheyngezikht,ITF Men Sabadell - R1,2026-09-23 11:47:26,0.2694506797878854,0.7305493202121146,0.303951367781155,0.7624703087885986,100,2026-09-23 02:47:33,2026-09-23 02:47:33,2026-09-23 11:47:26,3739028186
cengiz|b|dilek|d,cengiz|b,dilek|d,Berfu Cengiz,Deniz Dilek,WTA 125K Ankara - SF,2026-09-26 13:45:00,0.6636041774941571,0.3363958225058428,0.6825396825396826,0.35587188612099646,200,2026-09-25 23:24:07,2026-09-25 23:21:03,2026-09-26 12:56:24,3741863481
cengiz|b|kostovic|t,cengiz|b,kostovic|t,Berfu Cengiz,Teodora Kostovic,WTA 125K Adana - R1,2026-09-29 19:00:00,0.32290826293363906,0.677091737066361,0.3424657534246575,0.6960486322188449,200,2026-09-26 14:20:21,2026-09-26 14:18:05,2026-09-29 19:00:00,3742669465
cengiz|b|kubka|m,cengiz|b,kubka|m,Berfu Cengiz,Martyna Kubka,WTA 125K Ankara - R1,2026-09-22 10:56:51,0.34783979931666453,0.6521602006833357,0.3717472118959108,0.6753246753246753,200,2026-09-21 15:39:59,2026-09-21 15:30:33,2026-09-22 10:56:51,3737783789
cengiz|b|mert|a,cengiz|b,mert|a,Berfu Cengiz,Aysegul Mert,WTA 125K Ankara - R16,2026-09-23 14:00:00,0.7414343798147548,0.25856562018524526,0.7647058823529411,0.28328611898017,200,2026-09-22 16:25:59,2026-09-22 16:25:16,2026-09-23 14:00:00,3738605392
cengiz|b|shi|h,cengiz|b,shi|h,Berfu Cengiz,Han Shi,WTA 125K Ankara - QF,2026-09-25 12:00:00,0.3729356198329117,0.6270643801670884,0.3968253968253968,0.6503496503496503,200,2026-09-24 17:08:43,2026-09-24 16:59:26,2026-09-25 12:00:00,3740584950
ceolin|j|martins|e,ceolin|j,martins|e,Joao Vitor Goncalves Ceolin,Eric Martins,ITF Men Curitiba - R1,2026-09-23 18:30:00,0.956682081859153,0.0433179181408469,0.9738835205014366,0.07102272727272728,100,2026-09-23 05:48:17,2026-09-23 05:48:17,2026-09-23 18:25:00,3739100344
ceolin|j|sakamoto|p,ceolin|j,sakamoto|p,Joao Vitor Goncalves Ceolin,Pedro Sakamoto,ATP Challenger Curitiba - Qualifiers,2026-09-27 20:00:00,0.3556901304222551,0.644309869577745,0.3891050583657587,0.6763754045307443,100,2026-09-24 00:37:45,2026-09-24 00:33:24,2026-09-27 20:00:00,3740011137
ceolin|j|zanellato|n,ceolin|j,zanellato|n,Joao Vitor Goncalves Ceolin,Nicolas Zanellato,ITF Men Belem - R16,2026-09-17 15:00:00,0.49568933479595695,0.5043106652040431,0.5327102803738317,0.5412844036697247,50,2026-09-16 23:39:23,2026-09-16 23:39:23,2026-09-17 15:00:00,3731491614
cerny|m|petrofsky|d,cerny|m,petrofsky|d,Matyas Cerny,David Petrofsky,ITF Men Pardubice - R16,2026-09-24 10:00:00,0.9634998321892732,0.03650016781072691,0.9805938288375703,0.0676132521974307,50,2026-09-23 15:32:15,2026-09-23 15:27:23,2026-09-24 10:00:00,3739620240
cerny|m|planinsek|f,cerny|m,planinsek|f,Matyas Cerny,Filip Jeff Planinsek,ITF Men Pardubice - R1,2026-09-22 07:47:00,0.48388886897793065,0.5161111310220693,0.5215311004784688,0.5535714285714286,50,2026-09-21 20:50:48,2026-09-21 20:47:31,2026-09-22 07:43:00,3737953705
cerundolo|f|erel|y,cerundolo|f,erel|y,Francisco Cerundolo,Yanki Erel,Davis Cup World - Group 1,2026-09-19 15:24:26,0.8178883108858169,0.18211168911418313,0.8341625207296849,0.1996007984031936,175,2026-09-19 09:30:26,2026-09-19 09:25:18,2026-09-19 15:24:26,3733907819
cerundolo|f|ruud|c,cerundolo|f,ruud|c,Francisco Cerundolo,Casper Ruud,Men's Exhibition Laver Cup,2026-09-25 13:00:00,0.46195100608097267,0.5380489939190274,0.49504950495049505,0.5708154506437768,250,2026-09-24 20:32:37,2026-09-24 20:30:48,2026-09-25 13:00:00,3740793974
cerundolo|f|zandschulp|b,cerundolo|f,zandschulp|b,Francisco Cerundolo,Botic Van de Zandschulp,ATP Beijing - R1,2026-10-01 05:00:00,0.596223520075756,0.4037764799242441,0.6124031007751938,0.42016806722689076,250,2026-09-29 17:22:47,2026-09-29 17:20:52,2026-10-01 04:52:00,3746366091
cerundolo|j|fokina|a,cerundolo|j,fokina|a,Juan Manuel Cerundolo,Alejandro Davidovich Fokina,ATP Chengdu Open - R16,2026-09-26 05:16:06,0.40139554786321896,0.598604452136781,0.4184100418410042,0.6153846153846154,325,2026-09-25 08:43:52,2026-09-25 08:35:26,2026-09-26 05:16:06,3741046537
cerundolo|j|zhou|y,cerundolo|j,zhou|y,Juan Manuel Cerundolo,Yi Zhou,ATP Chengdu Open - R1,2026-09-24 13:30:00,0.6626500703346365,0.3373499296653635,0.6794871794871794,0.35460992907801414,250,2026-09-22 09:22:06,2026-09-22 09:18:23,2026-09-24 12:51:05,3738253610
cerundolo|n|wallner|j,cerundolo|n,wallner|j,Nuno Borges / Juan Manuel Cerundolo,Jakob Schnaitter / Mark Wallner,ATP Chengdu Open - Doubles,2026-09-25 06:30:00,0.33431616107143247,0.6656838389285678,0.36101083032490977,0.691358024691358,100,2026-09-24 16:21:32,2026-09-24 16:17:36,2026-09-25 06:30:00,3740552275
ceuca|a|desai|z,ceuca|a,desai|z,Ann Akasha Ceuca,Zeel Desai,ITF Women Hurghada - R16,2026-09-17 09:00:00,0.5769752986163937,0.4230247013836064,0.613899613899614,0.4608294930875576,50,2026-09-16 23:39:23,2026-09-16 23:33:19,2026-09-17 09:00:00,3731489724
ceuca|a|hrabavets|u,ceuca|a,hrabavets|u,Ann Akasha Ceuca,Ulyana Hrabavets,ITF Women Sharm El Sheikh - R1,2026-09-23 09:00:00,0.5978455580728507,0.40215444192714933,0.6296296296296295,0.4347826086956522,225,2026-09-23 03:24:41,2026-09-23 03:14:28,2026-09-23 09:00:00,3739039649
ceuca|a|pawlikowska|z,ceuca|a,pawlikowska|z,Ann Akasha Ceuca,Zuzanna Pawlikowska,ITF Women Hurghada - QF,2026-09-18 06:00:00,0.19684564510264901,0.8031543548973511,0.23696682464454974,0.8379254457050244,75,2026-09-18 00:10:21,2026-09-18 00:10:21,2026-09-18 06:00:00,3732390744
chang|h|evans|k,chang|h,evans|k,Hanna Chang,Kailey Evans,ITF Women Berkeley - R1,2026-09-22 20:52:50,0.7794912860781392,0.22050871392186083,0.8148148148148148,0.2604166666666667,50,2026-09-22 12:47:51,2026-09-22 12:37:22,2026-09-22 20:52:50,3738423776
chang|h|preston|j,chang|h,preston|j,Hanna Chang,Janae Preston,ITF Women Berkeley - QF,2026-09-25 17:00:00,0.42852857946245126,0.5714714205375484,0.4608294930875576,0.6031746031746031,250,2026-09-25 01:29:53,2026-09-25 01:17:36,2026-09-25 17:00:00,3740908663
chang|h|shcherbinina|a,chang|h,shcherbinina|a,Hanna Chang,Alina Shcherbinina,ITF Women Berkeley - R16,2026-09-24 19:00:00,0.48141540794738014,0.5185845920526199,0.5145631067961165,0.5515695067264574,150,2026-09-24 01:33:28,2026-09-24 01:23:12,2026-09-24 19:00:00,3740038148
chang|h|stoiana|m,chang|h,stoiana|m,Hanna Chang,Mary Stoiana,ITF Women Templeton - R1,2026-10-01 01:00:00,0.20236262284865317,0.7976373771513466,0.23752969121140144,0.8287671232876712,150,2026-09-30 01:12:24,2026-09-30 01:03:05,2026-10-01 01:00:00,3746750137
chan|d|hance|k,chan|d,hance|k,Duncan Chan,Keaton Hance,ATP Challenger Columbus - Qualifiers,2026-09-28 16:53:53,0.5842595566610055,0.41574044333899446,0.6124031007751938,0.4444444444444444,250,2026-09-28 01:43:49,2026-09-28 01:38:52,2026-09-28 16:53:53,3745226509
chan|d|petak|d,chan|d,petak|d,Duncan Chan,Denis Petak,ATP Challenger Columbus - Qualifiers,2026-09-27 18:00:00,0.8329485833854446,0.1670514166145553,0.861111111111111,0.1996007984031936,50,2026-09-27 08:39:32,2026-09-27 08:38:14,2026-09-27 18:00:00,3743952122
chan|d|smith|c,chan|d,smith|c,Duncan Chan,Colton Smith,ATP Challenger Columbus - R1,2026-09-29 20:00:00,0.36817492553884396,0.6318250744611561,0.3921568627450981,0.6551724137931035,150,2026-09-29 08:35:41,2026-09-29 08:26:19,2026-09-29 19:38:31,3745913249
chan|f|herbert|b,chan|f,herbert|b,Felix Auger-Aliassime / Duncan Chan,Benjamin Bonzi / Pierre-Hugues Herbert,Davis Cup - Doubles,2026-09-19 17:00:00,0.4076188578838093,0.5923811421161908,0.43859649122807015,0.6226415094339623,125,2026-09-19 08:08:36,2026-09-19 07:54:42,2026-09-19 17:00:00,3733817788
chan|j|dolehide|c,chan|j,dolehide|c,Jo-Yee Chan,Caroline Dolehide,ITF Women Templeton - R1,2026-09-30 17:11:02,0.13576519829004716,0.8642348017099529,0.17574692442882248,0.8962655601659751,50,2026-09-30 12:00:46,2026-09-30 11:52:30,2026-09-30 17:11:02,3747119119
chan|j|maklakova|e,chan|j,maklakova|e,Jo-Yee Chan,Ekaterina Maklakova,ITF Women Berkeley - R1,2026-09-22 22:25:00,0.5086232538105614,0.4913767461894386,0.5454545454545454,0.5283018867924528,50,2026-09-22 12:47:51,2026-09-22 12:38:50,2026-09-22 22:27:00,3738423524
charaeva|a|kenin|s,charaeva|a,kenin|s,Alina Charaeva,Sofia Kenin,WTA Seoul - R1,2026-09-22 09:25:29,0.46571976162851303,0.534280238371487,0.48309178743961345,0.5515695067264574,250,2026-09-20 17:50:22,2026-09-20 17:48:33,2026-09-22 09:25:29,3737062312
charaeva|a|starodubtseva|y,charaeva|a,starodubtseva|y,Alina Charaeva,Yuliia Starodubtseva,WTA Beijing - R1,2026-10-01 03:05:00,0.4046522111833371,0.5953477888166628,0.42194092827004215,0.6124031007751938,250,2026-09-29 08:35:41,2026-09-29 08:26:19,2026-10-01 03:05:00,3745909442
charlton|j|pham|d,charlton|j,pham|d,Joshua Charlton,Derek Pham,ITF Men Darwin - R1,2026-09-30 05:30:00,0.4860406299048289,0.5139593700951712,0.5238095238095238,0.5515695067264574,50,2026-09-29 23:39:15,2026-09-29 23:32:28,2026-09-30 05:30:00,3746717973
charrier|a|mi|l,charrier|a,mi|l,Amahee Charrier,Lan Mi,ITF Women Monastir - R16,2026-09-17 09:46:00,0.15047108972690237,0.8495289102730978,0.19047619047619047,0.8823529411764706,50,2026-09-16 23:25:56,2026-09-16 23:18:12,2026-09-17 09:46:00,3731476981
chauhan|h|dugardin|r,chauhan|h,dugardin|r,Hitesh Chauhan,Remy Dugardin,ITF Men Monastir - R1,2026-09-30 10:30:00,0.2669581106344337,0.7330418893655661,0.30120481927710846,0.7647058823529411,225,2026-09-30 01:44:03,2026-09-30 01:33:18,2026-09-30 10:30:00,3746762444
chauhan|h|rahmani|k,chauhan|h,rahmani|k,Hitesh Chauhan,Kasra Rahmani,ITF Men Monastir - R16,2026-09-17 08:46:40,0.20654268382312588,0.7934573161768742,0.24154589371980673,0.8245614035087718,300,2026-09-16 19:13:15,2026-09-16 19:01:39,2026-09-17 08:46:40,3731275065
chauhan|h|weekes|j,chauhan|h,weekes|j,Hitesh Chauhan,Jaden Weekes,ITF Men Monastir - R1,2026-09-22 12:04:00,0.4214805372645692,0.5785194627354309,0.45454545454545453,0.6108949416342413,100,2026-09-22 02:35:05,2026-09-22 02:34:47,2026-09-22 11:56:00,3738067630
chavez|t|daryabeigi|s,chavez|t,daryabeigi|s,Tito Chavez,Sean Daryabeigi,ITF Men Columbia - QF,2026-09-25 16:00:00,0.39960073171504723,0.6003992682849528,0.4366812227074236,0.6363636363636364,75,2026-09-25 06:38:22,2026-09-25 06:37:52,2026-09-25 16:00:00,3740997538
chavez|t|navas|g,chavez|t,navas|g,Tito Chavez,Gabriel Elicha Navas,ITF Men Fayetteville - R1,2026-09-30 16:45:21,0.7372995621878297,0.2627004378121703,0.7732426303854876,0.3021148036253776,50,2026-09-30 15:21:36,2026-09-30 15:21:36,2026-09-30 16:45:21,3747279720
chavez|t|papamalamis|t,chavez|t,papamalamis|t,Tito Chavez,Theo Papamalamis,ITF Men Fayetteville - R16,2026-10-01 16:00:00,0.3601274303057643,0.6398725696942359,0.39370078740157477,0.6721311475409836,150,2026-10-01 01:24:54,2026-10-01 01:12:40,2026-10-01 16:00:00,3747788176
chavez|t|sobhy|m,chavez|t,sobhy|m,Tito Chavez,Michael Bassem Sobhy,ITF Men Columbia - R16,2026-09-24 10:00:00,0.3666421929819209,0.6333578070180791,0.40485829959514175,0.66996699669967,50,2026-09-24 02:01:09,2026-09-24 01:53:26,2026-09-24 10:00:00,3740053510
chayka|a|vrtilka|j,chayka|a,vrtilka|j,Aleksander Chayka,Jakub Vrtilka,ITF Men Pardubice - R1,2026-09-22 11:22:08,0.5438424038559474,0.45615759614405266,0.5798319327731092,0.4926108374384236,50,2026-09-21 20:50:48,2026-09-21 20:47:31,2026-09-22 12:15:00,3737954500
chazal|m|forejtek|j,chazal|m,forejtek|j,Maxime Chazal,Jonas Forejtek,ATP Challenger Plovdiv - R16,2026-09-24 13:00:00,0.3757527116952358,0.6242472883047642,0.4,0.647887323943662,150,2026-09-23 15:54:35,2026-09-23 15:49:29,2026-09-24 13:00:00,3739636541
chazal|m|frydrych|v,chazal|m,frydrych|v,Maxime Chazal,Viktor Frydrych,ITF Men Monastir - R1,2026-09-30 10:30:00,0.93492725974071,0.06507274025928998,0.9563128003494975,0.09587727708533078,225,2026-09-30 01:44:03,2026-09-30 01:33:18,2026-09-30 10:30:00,3746762824
chazal|m|schwaerzler|j,chazal|m,schwaerzler|j,Maxime Chazal,Joel Josef Schwaerzler,ATP Challenger Plovdiv - R1,2026-09-22 11:00:00,0.2831023468674586,0.7168976531325415,0.3076923076923077,0.7402597402597403,150,2026-09-21 15:57:22,2026-09-21 15:56:56,2026-09-22 10:44:53,3737795545
chazal|m|wyk|k,chazal|m,wyk|k,Maxime Chazal,Kris Van Wyk,ITF Men Monastir - R16,2026-10-01 10:38:32,0.8903761133121936,0.109623886687806,0.9170124481327802,0.14347202295552366,225,2026-10-01 01:24:54,2026-10-01 01:12:40,2026-10-01 10:38:32,3747781852
chen|c|colombo|a,chen|c,colombo|a,Charles Chen,Andrea Colombo,ITF Men Monastir - R1,2026-09-23 08:42:34,0.2459454694465689,0.7540545305534312,0.2857142857142857,0.7899159663865546,50,2026-09-23 05:41:44,2026-09-23 05:35:55,2026-09-23 08:42:34,3739094302
chen|k|kachmazov|a,chen|k,kachmazov|a,Kuan Shou Chen,Alibek Kachmazov,ITF Men Yinchuan - Final,2026-09-27 02:00:00,0.3420482203450794,0.6579517796549207,0.3802281368821293,0.6941896024464832,75,2026-09-26 15:28:54,2026-09-26 15:24:47,2026-09-27 02:00:00,3742885264
chen|k|liu|s,chen|k,liu|s,Kuan Shou Chen,Shaoyun Liu,ITF Men Yinchuan - R16,2026-09-24 04:00:00,0.8999612544377619,0.1000387455622381,0.9257609502598367,0.13351134846461948,100,2026-09-23 15:32:15,2026-09-23 15:27:23,2026-09-24 04:04:55,3739617118
chen|k|palan|d,chen|k,palan|d,Kuan Shou Chen,Dominik Palan,ITF Men Yinchuan - R1,2026-09-23 02:12:37,0.5838282713429602,0.41617172865703983,0.6153846153846154,0.4484304932735426,100,2026-09-22 12:47:51,2026-09-22 12:38:50,2026-09-23 02:12:37,3738424299
chen|k|peliwo|f,chen|k,peliwo|f,Kuan Shou Chen,Filip Peliwo,ITF Men Yinchuan - QF,2026-09-25 03:10:00,0.6094141179675356,0.39058588203246436,0.6415770609318996,0.42372881355932196,250,2026-09-24 11:40:21,2026-09-24 11:37:39,2026-09-25 03:10:00,3740365291
chen|m|negishi|y,chen|m,negishi|y,Meng-Yi Chen,Yuzuha Negishi,ITF Women Maanshan - R1,2026-09-29 05:58:00,0.8898945513189165,0.11010544868108328,0.9197431781701444,0.14925373134328357,50,2026-09-28 08:37:07,2026-09-28 08:32:04,2026-09-29 05:58:00,3745336213
chen|m|sun|y,chen|m,sun|y,Meng-Yi Chen,Yingqun Sun,ITF Women Maanshan - R16,2026-10-01 01:30:00,0.40215444192714933,0.5978455580728507,0.4347826086956522,0.6296296296296295,100,2026-09-30 11:38:32,2026-09-30 11:37:24,2026-10-01 01:30:00,3747108362
chen|m|yang|y,chen|m,yang|y,Meng-Yi Chen,Yidi Yang,ITF Women Shenyang - R16,2026-09-17 05:19:00,0.10140658816241105,0.8985934118375888,0.1349527665317139,0.9245283018867924,225,2026-09-16 19:13:15,2026-09-16 19:05:52,2026-09-17 04:30:55,3731312809
chen|m|zhang|r,chen|m,zhang|r,Meng-Yi Chen,Ruien Zhang,ITF Women Maanshan - R16,2026-09-24 02:08:00,0.1766228753160018,0.8233771246839983,0.2169197396963124,0.8575498575498576,50,2026-09-23 14:55:45,2026-09-23 14:50:59,2026-09-24 02:08:00,3739586200
chen|x|kim|d,chen|x,kim|d,Xing Dao Chen,Dong Ju Kim,ITF Men Luan - R1,2026-09-30 06:30:00,0.2453295273839119,0.7546704726160881,0.2849002849002849,0.790356394129979,50,2026-09-29 23:30:16,2026-09-29 23:25:55,2026-09-30 06:30:00,3746716202
chen|x|peliwo|f,chen|x,peliwo|f,Xing Dao Chen,Filip Peliwo,ITF Men Yinchuan - R1,2026-09-22 05:00:00,0.22693175100227853,0.7730682489977215,0.26666666666666666,0.8084291187739464,50,2026-09-21 13:54:21,2026-09-21 13:44:54,2026-09-22 05:00:00,3737730391
chen|y|desvignes|e,chen|y,desvignes|e,Yiru Chen,Eva Marie Desvignes,ITF Women Maanshan - R1,2026-09-30 02:38:00,0.1514397815207385,0.8485602184792616,0.19157088122605365,0.8815165876777252,50,2026-09-29 12:20:30,2026-09-29 12:12:53,2026-09-30 02:38:00,3746117607
chepelev|a|comino|l,chepelev|a,comino|l,Andrey Chepelev,Lorenzo Comino,ITF Men Santa Margherita di Pula - QF,2026-09-17 09:00:00,0.7887839154743478,0.21121608452565227,0.823943661971831,0.25125628140703515,75,2026-09-16 23:16:19,2026-09-16 23:13:04,2026-09-17 09:00:00,3731474115
chepelev|a|marchi|a,chepelev|a,marchi|a,Andrey Chepelev,Andrea De Marchi,ITF Men Santa Margherita di Pula - SF,2026-09-18 08:00:00,0.5855739250846321,0.414426074915368,0.6226415094339623,0.45248868778280543,75,2026-09-17 20:06:51,2026-09-17 20:02:52,2026-09-18 08:00:00,3732312722
chepelev|a|rehberg|m,chepelev|a,rehberg|m,Andrey Chepelev,Max Hans Rehberg,ITF Men Santa Margherita di Pula - Final,2026-09-19 09:00:00,0.17486857723779026,0.8251314227622096,0.2150537634408602,0.8591549295774649,75,2026-09-18 21:39:16,2026-09-18 21:35:50,2026-09-19 09:00:00,3733518673
chepelev|a|wiskandt|m,chepelev|a,wiskandt|m,Andrey Chepelev,Max Wiskandt,ATP Challenger Plovdiv - R1,2026-09-22 07:20:00,0.5022727742318428,0.49772722576815714,0.5260663507109005,0.5215311004784688,150,2026-09-21 15:57:22,2026-09-21 15:56:56,2026-09-22 07:20:00,3737795353
cherubini|d|perez|g,cherubini|d,perez|g,Diletta Cherubini,Georgina Garcia Perez,ITF Women Yecla - R16,2026-09-24 09:00:00,0.5741120804719662,0.42588791952803395,0.6062992125984252,0.4587155963302753,150,2026-09-23 23:34:21,2026-09-23 23:32:41,2026-09-24 09:00:00,3739974200
chiarello|k|djoubri|s,chiarello|k,djoubri|s,Kim Chiarello,Salma Djoubri,ITF Women Reims - R1,2026-09-30 16:00:00,0.39058588203246436,0.6094141179675356,0.42372881355932196,0.6415770609318996,150,2026-09-30 00:23:26,2026-09-30 00:17:47,2026-09-30 17:00:00,3746734700
chica|r|lahey|a,chica|r,lahey|a,Raquel Caballero Chica,Ashley Lahey,ITF Women Nashville - R16,2026-10-01 15:00:00,0.18953406714753024,0.8104659328524697,0.2247191011235955,0.8412698412698413,150,2026-10-01 00:33:09,2026-10-01 00:27:21,2026-10-01 15:00:00,3747760527
chidekh|c|goffin|d,chidekh|c,goffin|d,Clement Chidekh,David Goffin,ATP Challenger Mouilleron-Le-Captif - R1,2026-09-29 19:18:20,0.7132673295069818,0.28673267049301815,0.7368421052631579,0.3115264797507788,150,2026-09-27 16:15:28,2026-09-27 16:10:59,2026-09-29 19:18:20,3744667981
chidekh|c|mayot|h,chidekh|c,mayot|h,Clement Chidekh,Harold Mayot,ATP Challenger Rennes - QF,2026-09-18 12:00:00,0.6205803103982391,0.3794196896017609,0.6376811594202898,0.3968253968253968,250,2026-09-17 16:42:47,2026-09-17 16:39:57,2026-09-18 12:00:00,3732095829
chiesa|e|senica|a,chiesa|e,senica|a,Enola Chiesa,Alja Senica,WTA 125k Tolentino - Qualifiers,2026-09-20 11:40:00,0.5192593015921397,0.4807406984078603,0.5433789954337899,0.504950495049505,200,2026-09-20 01:31:56,2026-09-20 01:31:14,2026-09-20 12:40:00,3735704593
chiesa|e|zaar|l,chiesa|e,zaar|l,Enola Chiesa,Lisa Zaar,WTA 125k Tolentino - Qualifiers,2026-09-21 08:00:00,0.14650508441341661,0.8534949155865834,0.1736111111111111,0.8769987699876998,200,2026-09-20 16:56:39,2026-09-20 16:54:52,2026-09-21 08:00:00,3736962097
chikaraishi|y|itaya|r,chikaraishi|y,itaya|r,Yui Chikaraishi,Rion Itaya,ITF Women Nanao - R1,2026-09-23 03:00:00,0.38031686964196426,0.6196831303580358,0.4184100418410042,0.6563573883161512,50,2026-09-23 00:58:42,2026-09-23 00:58:34,2026-09-23 03:00:00,3738975327
chile||spain|,chile|,spain|,Chile,Spain,Davis Cup - Tie Winner,2026-09-19 16:00:00,0.31465840065503853,0.6853415993449615,0.34602076124567477,0.715099715099715,50,2026-09-19 01:51:39,2026-09-19 01:37:18,2026-09-19 16:00:00,3733650087
china||italy|,china|,italy|,China,Italy,Billie Jean King Cup - Tie,2026-09-24 09:30:00,0.5,0.5,0.5305164319248826,0.5305164319248826,50,2026-09-22 11:17:58,2026-09-22 11:08:14,2026-09-24 09:30:00,3738346773
chiu|j|wang|k,chiu|j,wang|k,Jordan Chiu,Kai-I Wang,ITF Men Luan - R1,2026-09-30 05:23:00,0.4385514140004007,0.5614485859995993,0.47619047619047616,0.5983935742971888,50,2026-09-29 23:30:16,2026-09-29 23:28:51,2026-09-30 05:23:00,3746716630
choi|o|franchi|f,choi|o,franchi|f,Onyu Choi,Francesca Franchi,ITF Women Maanshan - R1,2026-09-30 05:39:00,0.8357452439439966,0.1642547560560034,0.8655913978494624,0.19920318725099603,100,2026-09-29 23:30:16,2026-09-29 23:25:55,2026-09-30 04:42:00,3746716443
choi|o|li|x,choi|o,li|x,Onyu Choi,Xiaowei Li,ITF Women Maanshan - R1,2026-09-23 02:55:00,0.8026015043312295,0.1973984956687706,0.83739837398374,0.23752969121140144,50,2026-09-21 21:04:55,2026-09-21 21:02:38,2026-09-23 02:55:00,3737956844
choi|o|ren|k,choi|o,ren|k,Onyu Choi,Ke Ren,ITF Women Maanshan - R16,2026-10-01 01:30:00,0.6347451882681797,0.36525481173182023,0.6666666666666666,0.39840637450199207,100,2026-09-30 11:38:32,2026-09-30 11:37:24,2026-10-01 01:30:00,3747107272
choi|s|kozaki|f,choi|s,kozaki|f,Seo Yun Choi,Funa Kozaki,ITF Women Maanshan - R1,2026-09-30 01:30:00,0.5751567722602836,0.4248432277397165,0.6124031007751938,0.4629629629629629,50,2026-09-29 12:20:30,2026-09-29 12:17:37,2026-09-30 01:30:00,3746119893
choi|s|xu|j,choi|s,xu|j,Seo Yun Choi,Jiayu Xu,ITF Women Maanshan - R16,2026-10-01 02:38:00,0.7691035530125523,0.2308964469874477,0.800796812749004,0.26595744680851063,100,2026-09-30 11:38:32,2026-09-30 11:37:24,2026-10-01 02:38:00,3747107696
choi|s|zhang|r,choi|s,zhang|r,Seo Yun Choi,Ruien Zhang,ITF Women Maanshan - R1,2026-09-22 06:44:00,0.19344558280201923,0.8065544171979807,0.23364485981308414,0.8412698412698413,50,2026-09-21 16:12:30,2026-09-21 16:12:09,2026-09-22 05:51:09,3737805270
chopra|k|gretskiy|i,chopra|k,gretskiy|i,Keshav Chopra,Ivan Gretskiy,ITF Men Hurghada - R16,2026-09-17 09:00:00,0.9051091829511395,0.09489081704886046,0.9303621169916434,0.12804097311139565,100,2026-09-16 23:39:23,2026-09-16 23:39:23,2026-09-17 09:00:00,3731492249
chopra|k|safonov|a,chopra|k,safonov|a,Keshav Chopra,Aristarkh Safonov,ITF Men Sharm El Sheikh - R1,2026-09-23 10:30:00,0.8401635728605343,0.15983642713946578,0.8699609882964889,0.19493177387914232,225,2026-09-23 02:47:33,2026-09-23 02:47:33,2026-09-23 10:30:00,3739028345
cho|i|yuan|e,cho|i,yuan|e,I-Hsuan Cho / Yi Tsen Cho,En Shuo Liang / Yue Yuan,WTA Seoul - Doubles,2026-09-21 06:00:00,0.5,0.5,0.5260663507109005,0.5260663507109005,525,2026-09-20 17:17:40,2026-09-20 17:10:00,2026-09-21 06:00:00,3736987371
cho|i|zhang|y,cho|i,zhang|y,I-Hsuan Cho / Yi Tsen Cho,Yu-Yun Li / Ying Zhang,WTA 125k Jingshan - Doubles,2026-09-28 07:30:00,0.6147354449268724,0.3852645550731277,0.6551724137931035,0.4273504273504274,150,2026-09-28 04:46:27,2026-09-28 04:45:38,2026-09-28 07:30:00,3745267929
chung|h|nagal|s,chung|h,nagal|s,Hyeon Chung,Sumit Nagal,Davis Cup - Qualifiers,2026-09-18 07:51:37,0.3757527116952358,0.6242472883047642,0.4,0.647887323943662,100,2026-09-17 22:56:08,2026-09-17 22:56:08,2026-09-18 07:51:37,3732373859
chung|h|suresh|d,chung|h,suresh|d,Hyeon Chung,Dhakshineswar Suresh,Davis Cup - Qualifiers,2026-09-19 06:51:00,0.3748388746919347,0.6251611253080653,0.3968253968253968,0.646643109540636,150,2026-09-18 18:26:42,2026-09-18 18:22:09,2026-09-19 06:51:00,3733224223
chung|y|ferguson|c,chung|y,ferguson|c,Yun Seong Chung,Chase Ferguson,ITF Men Guiyang - SF,2026-09-19 02:19:47,0.6647361500330934,0.3352638499669067,0.7005988023952096,0.373134328358209,75,2026-09-18 10:29:20,2026-09-18 10:29:20,2026-09-19 03:08:00,3732657373
chung|y|han|x,chung|y,han|x,Yun Seong Chung,Xirui Han,ITF Men Guiyang - R16,2026-09-17 02:00:00,0.8953918648377308,0.10460813516226924,0.9216300940438872,0.1383125864453665,225,2026-09-16 19:13:15,2026-09-16 19:01:39,2026-09-17 02:00:00,3730892860
chung|y|kachmazov|a,chung|y,kachmazov|a,Yun Seong Chung,Alibek Kachmazov,ITF Men Guiyang - Final,2026-09-20 04:12:33,0.39594322428567674,0.6040567757143233,0.4291845493562232,0.6363636363636364,250,2026-09-19 04:22:11,2026-09-19 04:16:27,2026-09-20 05:00:00,3733737256
chwalinska|m|fernandez|l,chwalinska|m,fernandez|l,Maja Chwalinska,Leylah Fernandez,WTA Singapore - SF,2026-09-26 10:00:00,0.42235754049964147,0.5776424595003585,0.4366812227074236,0.5918367346938775,650,2026-09-25 17:41:17,2026-09-25 17:38:48,2026-09-26 10:00:00,3741504964
chwalinska|m|mertens|e,chwalinska|m,mertens|e,Maja Chwalinska,Elise Mertens,WTA Singapore - QF,2026-09-25 06:00:00,0.32997668123595175,0.6700233187640482,0.3448275862068966,0.6845425867507886,475,2026-09-23 12:10:43,2026-09-23 12:10:43,2026-09-25 06:00:00,3739434939
chwalinska|m|oliynykova|o,chwalinska|m,oliynykova|o,Maja Chwalinska,Oleksandra Oliynykova,WTA Singapore - R16,2026-09-23 05:00:00,0.6779751414005156,0.3220248585994843,0.6923076923076923,0.3367003367003367,400,2026-09-22 09:42:31,2026-09-22 09:38:15,2026-09-23 05:00:00,3738273255
chwalinska|m|sramkova|r,chwalinska|m,sramkova|r,Maja Chwalinska,Rebecca Sramkova,WTA Singapore - R1,2026-09-21 07:30:00,0.6213520086594511,0.37864799134054894,0.6376811594202898,0.39525691699604737,250,2026-09-20 09:03:02,2026-09-20 09:03:02,2026-09-21 07:30:00,3735970198
chwalinska|m|yastremska|d,chwalinska|m,yastremska|d,Maja Chwalinska,Dayana Yastremska,WTA Beijing - R2,2026-10-02 03:00:00,0.598604452136781,0.40139554786321896,0.6153846153846154,0.4184100418410042,275,2026-10-01 08:41:57,2026-10-01 08:35:37,2026-10-02 03:00:00,3747986094
ciavarella|n|dagostino|s,ciavarella|n,dagostino|s,Niccolo Ciavarella,Stefano D'agostino,ATP Challenger Genoa - Qualifiers,2026-09-20 13:50:53,0.2763742663867661,0.723625733613234,0.3058103975535168,0.7512437810945274,75,2026-09-20 02:00:25,2026-09-20 01:58:30,2026-09-20 13:50:53,3735738682
cigarran|t|martinez|t,cigarran|t,martinez|t,Thiago Cigarran,Tomas Martinez,ATP Challenger Buenos Aires - Qualifiers,2026-09-21 15:00:00,0.6223433408666582,0.3776566591333419,0.6503496503496503,0.4065040650406504,75,2026-09-21 01:09:30,2026-09-21 00:55:01,2026-09-21 15:00:00,3737466808
cigarran|t|pesino|s,cigarran|t,pesino|s,Thiago Cigarran,Santiago Pesino,ATP Challenger Buenos Aires - Qualifiers,2026-09-20 15:32:11,0.834914569001027,0.16508543099897335,0.8630136986301371,0.19762845849802374,50,2026-09-20 09:43:44,2026-09-20 09:34:16,2026-09-20 15:32:11,3736016050
cinalli|l|doldan|z,cinalli|l,doldan|z,Luna Maria Cinalli,Zoe Doldan,ITF Women Trelew - R1,2026-09-30 16:30:00,0.9436235124122212,0.05637648758777887,0.965635738831615,0.09115770282588878,50,2026-09-29 23:44:51,2026-09-29 23:43:52,2026-09-30 16:30:00,3746722712
cinalli|l|lopez|p,cinalli|l,lopez|p,Luna Maria Cinalli,Paola Lopez,ITF Women Belem - QF,2026-09-25 21:28:04,0.8635052001454971,0.13649479985450297,0.8955067920585162,0.1763668430335097,75,2026-09-25 01:57:15,2026-09-25 01:51:26,2026-09-25 21:28:04,3740924190
cinalli|l|santos|s,cinalli|l,santos|s,Luna Maria Cinalli,Sophia Santos,ITF Women Belem - R16,2026-09-24 18:00:00,0.9666623133137678,0.03333768668623212,0.981371087928465,0.05896226415094339,150,2026-09-24 04:23:21,2026-09-24 04:20:58,2026-09-24 18:00:00,3740110976
cinalli|l|zingg|l,cinalli|l,zingg|l,Luna Maria Cinalli,Liv Zingg,ITF Women Trelew - R16,2026-10-01 14:00:00,0.7892807457252684,0.21071925427473145,0.8204667863554758,0.24570024570024568,150,2026-10-01 00:33:09,2026-10-01 00:27:21,2026-10-01 14:00:00,3747760604
cina|f|mccabe|j,cina|f,mccabe|j,Federico Cina,James McCabe,ATP Challenger Jingshan - R1,2026-09-30 05:00:00,0.7680074555044117,0.23199254449558845,0.7867803837953092,0.2518891687657431,150,2026-09-29 15:21:32,2026-09-29 15:19:39,2026-09-30 04:27:03,3746262898
cina|f|muller|a,cina|f,muller|a,Federico Cina,Alexandre Muller,ATP Chengdu Open - R16,2026-09-26 07:30:00,0.5588508436358314,0.44114915636416874,0.576271186440678,0.4587155963302753,325,2026-09-24 13:43:20,2026-09-24 13:43:20,2026-09-26 07:30:00,3740449828
cina|f|uchida|k,cina|f,uchida|k,Federico Cina,Kaichi Uchida,ATP Chengdu Open - Qualifiers,2026-09-22 09:00:00,0.9241399401455187,0.07586005985448137,0.9443826473859844,0.1026694045174538,250,2026-09-21 19:22:29,2026-09-21 19:16:57,2026-09-22 08:40:28,3737917739
cina|f|ymer|e,cina|f,ymer|e,Federico Cina,Elias Ymer,ATP Challenger Jingshan - R16,2026-10-01 05:30:00,0.719362696644813,0.2806373033551873,0.7382198952879581,0.3003003003003003,200,2026-09-30 15:35:35,2026-09-30 15:23:50,2026-10-01 05:30:00,3747286861
ciocan|m|szostak|m,ciocan|m,szostak|m,Milena Ciocan,Marine Szostak,ITF Women Reims - R1,2026-09-30 10:08:00,0.2526028491977796,0.7473971508022204,0.28735632183908044,0.7792494481236203,225,2026-09-30 00:23:26,2026-09-30 00:17:47,2026-09-30 10:08:00,3746734573
cirez|c|gennaro|c,cirez|c,gennaro|c,Carlota Martinez Cirez,Camilla Gennaro,ITF Women Santa Margherita di Pula - R1,2026-09-23 13:34:02,0.6393089637241492,0.3606910362758508,0.6710526315789473,0.39370078740157477,150,2026-09-23 03:24:41,2026-09-23 03:15:47,2026-09-23 13:34:02,3739041291
cirotte|a|dotsenko|e,cirotte|a,dotsenko|e,Astrid Cirotte,Ekaterina Dotsenko,ITF Women Monastir - QF,2026-09-25 10:00:00,0.33521284204725854,0.6647871579527415,0.36900369003690037,0.696969696969697,375,2026-09-24 23:15:37,2026-09-24 23:05:30,2026-09-25 10:00:00,3740844561
cirotte|a|ezzedine|m,cirotte|a,ezzedine|m,Astrid Cirotte,Meriem Ben Ezzedine,ITF Women Monastir - R1,2026-09-23 10:30:00,0.8919948001115721,0.10800519988842797,0.9216300940438872,0.14705882352941177,50,2026-09-22 23:16:19,2026-09-22 23:12:53,2026-09-23 10:30:00,3738918604
cirotte|a|matsumoto|y,cirotte|a,matsumoto|y,Astrid Cirotte,Yuka Matsumoto,ITF Women Monastir - R16,2026-09-24 11:00:00,0.7555273351824134,0.24447266481758653,0.791231732776618,0.2840909090909091,50,2026-09-23 23:47:04,2026-09-23 23:43:27,2026-09-24 11:00:00,3739980919
cirotte|a|schnyder|s,cirotte|a,schnyder|s,Astrid Cirotte,Sarina Schnyder,ITF Women Monastir - R16,2026-10-01 09:30:00,0.4748271859254414,0.5251728140745587,0.5073891625615764,0.5575221238938054,150,2026-10-01 00:33:09,2026-10-01 00:32:03,2026-10-01 09:30:00,3747773590
cirotte|a|trasca|a,cirotte|a,trasca|a,Astrid Cirotte,Alexia Trasca,ITF Women Monastir - R1,2026-09-29 10:30:00,0.9708253820295083,0.029174617970491493,0.9843456480901691,0.05373455131649651,225,2026-09-28 23:23:02,2026-09-28 23:22:39,2026-09-29 10:30:00,3745742326
cirstea|j|popa|g,cirstea|j,popa|g,Joulia Cristiana Cirstea,Giulia Safina Popa,ITF Women Constanta - R1,2026-09-23 08:00:00,0.08507086421083955,0.9149291357891602,0.12285012285012284,0.9418604651162791,50,2026-09-22 16:10:22,2026-09-22 16:10:10,2026-09-23 08:00:00,3738593723
cizek|j|dujka|d,cizek|j,dujka|d,Jiri Cizek,Dominik Dujka,ITF Men Pardubice - R1,2026-09-22 11:00:00,0.8117332446013632,0.18826675539863674,0.8461538461538461,0.22831050228310504,50,2026-09-21 20:50:48,2026-09-21 20:47:31,2026-09-22 11:00:00,3737953856
cizek|j|piening|c,cizek|j,piening|c,Jiri Cizek,Claus Piening,ITF Men Pardubice - QF,2026-09-26 07:30:00,0.7588949959959405,0.2411050040040597,0.7946611909650925,0.2808988764044944,75,2026-09-25 23:44:01,2026-09-25 23:41:00,2026-09-26 08:30:00,3741874170
cizek|j|tsitsipas|p,cizek|j,tsitsipas|p,Jiri Cizek,Petros Tsitsipas,ITF Men Pardubice - R16,2026-09-24 10:00:00,0.5021552124563856,0.49784478754361444,0.5391705069124424,0.5348837209302326,50,2026-09-23 15:32:15,2026-09-23 15:27:23,2026-09-24 10:00:00,3739620523
clarke|j|gill|f,clarke|j,gill|f,Jay Clarke,Felix Gill,ATP Challenger Biella - QF,2026-09-18 13:00:00,0.43551197011995896,0.5644880298800411,0.45454545454545453,0.5833333333333333,200,2026-09-17 16:33:01,2026-09-17 16:33:01,2026-09-18 13:00:00,3732089366
clarke|j|manzano|j,clarke|j,manzano|j,Jay Clarke,Juan Cruz Martin Manzano,ATP Challenger Bari - R16,2026-09-30 08:30:00,0.7018992023675551,0.29810079763244507,0.7252747252747253,0.3225806451612903,150,2026-09-29 16:37:43,2026-09-29 16:29:37,2026-09-30 08:30:00,3746319786
clarke|j|sperle|j,clarke|j,sperle|j,Jay Clarke,John Sperle,ATP Challenger Genoa - R1,2026-09-22 11:00:00,0.7530574301042703,0.24694256989572966,0.7762863534675616,0.2717391304347826,150,2026-09-22 03:54:00,2026-09-22 03:50:18,2026-09-22 10:27:41,3738092855
clarke|j|vela|g,clarke|j,vela|g,Jay Clarke,Giuseppe La Vela,ATP Challenger Genoa - R16,2026-09-24 15:00:49,0.8346357608391596,0.16536423916084037,0.8567335243553009,0.19011406844106465,100,2026-09-23 15:42:30,2026-09-23 15:42:30,2026-09-24 15:00:49,3739630725
clerc|d|reco|a,clerc|d,reco|a,Damien Clerc,Alexandre Reco,ITF Men Nevers - R16,2026-09-17 09:13:47,0.21981764832077355,0.7801823516792266,0.2597402597402597,0.8154981549815498,50,2026-09-16 23:16:19,2026-09-16 23:13:04,2026-09-17 09:13:47,3731472255
clerc|d|thomas|f,clerc|d,thomas|f,Damien Clerc,Flynn Thomas,ITF Men Forbach - R1,2026-09-23 09:00:00,0.3286931085378276,0.6713068914621725,0.3623188405797102,0.7032640949554896,150,2026-09-23 05:48:17,2026-09-23 05:48:17,2026-09-23 09:00:00,3739100086
cobolli|f|safiullin|r,cobolli|f,safiullin|r,Flavio Cobolli,Roman Safiullin,ATP Beijing - R1,2026-10-01 05:10:00,0.5332644803217834,0.4667355196782166,0.5495495495495495,0.48309178743961345,250,2026-09-29 04:47:31,2026-09-29 04:41:47,2026-10-01 05:10:00,3745820949
cobolli|f|tien|l,cobolli|f,tien|l,Flavio Cobolli,Learner Tien,ATP Laver Cup,2026-09-26 13:00:00,0.29893889492439646,0.7010611050756035,0.3184713375796178,0.7198879551820728,200,2026-09-26 06:45:01,2026-09-26 06:43:38,2026-09-26 12:29:43,3742087664
cocciaretto|e|zhang|s,cocciaretto|e,zhang|s,Elisabetta Cocciaretto,Shuai Zhang,Billie Jean King Cup - Finals,2026-09-24 10:15:00,0.5377187481936891,0.46228125180631086,0.5515695067264574,0.47619047619047616,800,2026-09-24 09:22:55,2026-09-24 09:21:09,2026-09-24 10:15:00,3740242603
cocola|s|marchi|a,cocola|s,marchi|a,Sebastiano Cocola,Andrea De Marchi,ITF Men Santa Margherita di Pula - R1,2026-09-21 09:53:12,0.2752170531532417,0.7247829468467584,0.30959752321981426,0.75669099756691,225,2026-09-21 00:25:23,2026-09-21 00:24:49,2026-09-21 09:53:12,3737465913
cocola|s|vanshelboim|e,cocola|s,vanshelboim|e,Sebastiano Cocola,Eric Vanshelboim,ITF Men Santa Margherita di Pula - QF,2026-09-17 09:17:21,0.2219041006299976,0.7780958993700025,0.2617801047120419,0.8134328358208955,75,2026-09-16 23:16:19,2026-09-16 23:13:04,2026-09-17 09:17:21,3731471246
cogan|r|oh|c,cogan|r,oh|c,Ryoma Cogan,Chan-Yeong Oh,ITF Men Yinchuan - R1,2026-09-23 05:00:00,0.05082008653268188,0.9491799134673182,0.0847457627118644,0.9699699699699701,50,2026-09-23 04:23:57,2026-09-23 04:14:53,2026-09-23 05:00:00,3739063637
colby|r|mitsui|s,colby|r,mitsui|s,Ryan Colby,Shunsuke Mitsui,ATP Challenger Columbus - Qualifiers,2026-09-27 15:05:00,0.2543612758880927,0.7456387241119073,0.2840909090909091,0.7732426303854876,75,2026-09-27 06:33:03,2026-09-27 06:31:04,2026-09-27 14:15:18,3743882830
colin|p|domingos|d,colin|p,domingos|d,Paul Colin,Daniel Domingos,ITF Men Monastir - QF,2026-09-25 08:30:00,0.5518063253110439,0.44819367468895605,0.5884773662551441,0.4854368932038835,75,2026-09-24 23:50:52,2026-09-24 23:47:02,2026-09-25 08:30:00,3740866261
colin|p|donnet|e,colin|p,donnet|e,Paul Colin,Etienne Donnet,ITF Men Monastir - Final,2026-09-27 11:00:00,0.4212219853439342,0.5787780146560659,0.4587155963302753,0.6153846153846154,75,2026-09-26 16:42:08,2026-09-26 16:40:24,2026-09-27 08:44:16,3743090793
colin|p|martin|t,colin|p,martin|t,Paul Colin,Toby Martin,ITF Men Monastir - SF,2026-09-26 11:00:00,0.4860406299048289,0.5139593700951712,0.5238095238095238,0.5515695067264574,75,2026-09-25 23:50:22,2026-09-25 23:47:16,2026-09-26 08:46:31,3741880216
colin|p|verwerft|l,colin|p,verwerft|l,Paul Colin,Lars Goran Verwerft,ITF Men Monastir - R16,2026-09-24 10:56:35,0.44850408577178086,0.5514959142282191,0.4807692307692307,0.5833333333333333,225,2026-09-24 00:37:45,2026-09-24 00:33:24,2026-09-24 10:56:35,3740012312
collins|k|gomez|j,collins|k,gomez|j,Kylie Collins,Jessica Hinojosa Gomez,WTA 125K Porto - Qualifiers,2026-09-20 11:15:34,0.9303192446122533,0.06968075538774679,0.9511241446725318,0.09842519685039369,200,2026-09-19 23:28:50,2026-09-19 23:25:50,2026-09-20 11:30:00,3735603906
collins|k|jorge|f,collins|k,jorge|f,Kylie Collins,Francisca Jorge,ITF Women Quinta Do Lago - R16,2026-10-01 11:42:00,0.42328083421308726,0.5767191657869128,0.4566210045662101,0.609375,100,2026-09-30 06:35:59,2026-09-30 06:35:22,2026-10-01 11:42:00,3746872783
collins|k|pohankova|m,collins|k,pohankova|m,Kylie Collins,Mia Pohankova,WTA 125k Caldas Da Rainha - QF,2026-09-18 11:10:00,0.24252986882077748,0.7574701311792226,0.267379679144385,0.7807017543859649,200,2026-09-17 16:33:01,2026-09-17 16:24:53,2026-09-18 11:10:00,3732084755
collins|k|sebestova|i,collins|k,sebestova|i,Kylie Collins,Ivana Sebestova,ITF Women Quinta Do Lago - R1,2026-09-29 10:08:00,0.947631162026321,0.052368837973678764,0.9667553191489361,0.08156606851549755,225,2026-09-28 23:23:02,2026-09-28 23:22:39,2026-09-29 10:08:00,3745742418
collins|k|steiner|v,collins|k,steiner|v,Kylie Collins,Valentina Steiner,WTA 125K Porto - Qualifiers,2026-09-21 11:00:00,0.7165408289512231,0.28345917104877694,0.7395833333333334,0.3076923076923077,200,2026-09-20 16:45:19,2026-09-20 16:39:42,2026-09-21 10:15:49,3736929529
collins|r|jorge|f,collins|r,jorge|f,Reese Brantmeier / Kylie Collins,Francisca Jorge / Matilde Jorge,WTA 125K Porto - Doubles,2026-09-24 15:30:00,0.34665949776738225,0.6533405022326179,0.3846153846153846,0.6894409937888198,500,2026-09-24 09:01:06,2026-09-24 08:56:18,2026-09-24 15:32:00,3740229905
colmegna|m|horvit|m,colmegna|m,horvit|m,Martina Colmegna,Mia Horvit,ITF Women Santa Margherita di Pula - R16,2026-09-24 09:00:00,0.7250542943825969,0.2749457056174029,0.7613365155131264,0.31446540880503143,50,2026-09-23 23:47:04,2026-09-23 23:37:30,2026-09-24 09:00:00,3739976764
colmegna|m|kovackova|a,colmegna|m,kovackova|a,Martina Colmegna,Alena Kovackova,ITF Women Santa Margherita di Pula - QF,2026-09-25 09:45:03,0.24217665542507644,0.7578233445749237,0.28169014084507044,0.793388429752066,75,2026-09-25 08:59:29,2026-09-25 08:54:51,2026-09-25 09:45:03,3741064943
colombo|a|lumsden|e,colombo|a,lumsden|e,Andrea Colombo,Ewen Lumsden,ITF Men Monastir - R1,2026-09-30 08:43:48,0.5401916490896644,0.4598083509103355,0.5726495726495727,0.4926108374384236,225,2026-09-30 01:44:03,2026-09-30 01:33:18,2026-09-30 08:43:48,3746762824
colombo|a|ruggeri|s,colombo|a,ruggeri|s,Andrea Colombo,Samuel Vincent Ruggeri,ITF Men Monastir - QF,2026-09-25 08:30:00,0.37135951841761694,0.6286404815823831,0.4098360655737705,0.6655518394648829,75,2026-09-24 23:50:52,2026-09-24 23:47:02,2026-09-25 08:30:00,3740865005
colombo|a|weekes|j,colombo|a,weekes|j,Andrea Colombo,Jaden Weekes,ITF Men Monastir - R16,2026-09-24 11:00:00,0.7772991936131994,0.2227008063868004,0.8087954110898662,0.2577319587628866,225,2026-09-24 00:37:45,2026-09-24 00:33:24,2026-09-24 10:35:48,3740010906
comesana|f|estevez|j,comesana|f,estevez|j,Francisco Comesana,Juan Estevez,ATP Challenger Buenos Aires - R1,2026-09-22 18:00:00,0.8648454576184698,0.13515454238153007,0.8878923766816144,0.1620745542949757,75,2026-09-22 08:13:36,2026-09-22 08:07:20,2026-09-22 18:00:00,3738205888
compagnucci|t|manzano|j,compagnucci|t,manzano|j,Tommaso Compagnucci,Juan Cruz Martin Manzano,ATP Challenger Biella - R16,2026-09-17 11:33:49,0.5650282003368161,0.4349717996631839,0.5884773662551441,0.4587155963302753,150,2026-09-16 23:25:56,2026-09-16 23:25:56,2026-09-17 11:33:49,3731482326
compagnucci|t|milev|y,compagnucci|t,milev|y,Tommaso Compagnucci,Yanaki Milev,ATP Challenger Plovdiv - R1,2026-09-22 09:22:19,0.5696391374708195,0.43036086252918054,0.5934959349593496,0.45454545454545453,150,2026-09-21 17:56:24,2026-09-21 17:46:24,2026-09-22 09:37:00,3737858823
compagnucci|t|tiffon|p,compagnucci|t,tiffon|p,Tommaso Compagnucci,Pol Martin Tiffon,ATP Challenger Plovdiv - R16,2026-09-23 11:00:00,0.3182535817653091,0.6817464182346908,0.3424657534246575,0.7050147492625369,150,2026-09-22 16:56:32,2026-09-22 16:55:27,2026-09-23 10:58:08,3738630214
connaughton|l|falck|r,connaughton|l,falck|r,Luca Connaughton,Reece Falck,ITF Men Darwin - R1,2026-09-29 07:53:28,0.100222993404339,0.8997770065956612,0.1388888888888889,0.9285714285714286,50,2026-09-28 22:57:16,2026-09-28 22:52:28,2026-09-29 07:53:28,3745734035
connel|j|gretskiy|i,connel|j,gretskiy|i,James Connel,Ivan Gretskiy,ITF Men Baku - R1,2026-09-29 07:30:00,0.8998116719128211,0.10018832808717902,0.9286224125624555,0.1388888888888889,50,2026-09-28 18:26:59,2026-09-28 18:20:30,2026-09-29 07:30:00,3745626603
connel|j|jadoun|n,connel|j,jadoun|n,James Connel,Nicolas John Jadoun,ITF Men Baku - R16,2026-10-01 08:00:00,0.5065800867774211,0.493419913222579,0.5391705069124424,0.5260663507109005,225,2026-10-01 01:24:54,2026-10-01 01:12:40,2026-10-01 08:00:00,3747786945
connel|j|larue|l,connel|j,larue|l,James Connel,Louis Larue,ITF Men Baku - R1,2026-09-23 10:02:32,0.8578413252160906,0.14215867478390953,0.8902305159165751,0.18214936247723132,50,2026-09-22 12:29:34,2026-09-22 12:23:45,2026-09-23 10:02:32,3738409470
connel|j|nordquist|a,connel|j,nordquist|a,James Connel,Arvid Nordquist,ITF Men Baku - R16,2026-09-24 07:30:00,0.548890764952352,0.451109235047648,0.5850622406639003,0.48780487804878053,50,2026-09-24 00:37:45,2026-09-24 00:28:58,2026-09-24 07:30:00,3740008166
connel|j|salvestre|d,connel|j,salvestre|d,James Connel,Damien Salvestre,ITF Men Monastir - R16,2026-09-17 08:43:36,0.5890208013870533,0.41097919861294685,0.6254681647940076,0.4484304932735426,50,2026-09-16 23:50:28,2026-09-16 23:48:26,2026-09-17 08:43:36,3731499638
cook|e|hoeyeraal|h,cook|e,hoeyeraal|h,Ethan Cook,Herman Hoeyeraal,ITF Men Darwin - R1,2026-09-29 07:30:00,0.47384164246935273,0.5261583575306469,0.5073891625615764,0.5594713656387665,225,2026-09-29 01:19:24,2026-09-29 01:19:24,2026-09-29 07:30:00,3745769784
coppejans|k|cuenin|s,coppejans|k,cuenin|s,Kimmer Coppejans,Sean Cuenin,ATP Challenger Genoa - R1,2026-09-22 08:30:00,0.5283217511560561,0.47167824884394405,0.5515695067264574,0.49504950495049505,150,2026-09-21 15:51:38,2026-09-21 15:45:39,2026-09-22 08:30:00,3737791609
coppejans|k|mikrut|l,coppejans|k,mikrut|l,Kimmer Coppejans,Luka Mikrut,ATP Challenger Genoa - R16,2026-09-23 10:00:00,0.3590095630148923,0.6409904369851078,0.38314176245210724,0.6644295302013422,150,2026-09-22 16:56:32,2026-09-22 16:55:27,2026-09-23 10:00:00,3738629911
coquelin|h|willwerth|b,coquelin|h,willwerth|b,Hugo Coquelin,Benjamin Willwerth,ITF Men Ann Arbor - R1,2026-09-30 14:00:00,0.2137546656256583,0.7862453343743416,0.24875621890547267,0.8175182481751824,150,2026-09-30 01:44:03,2026-09-30 01:33:18,2026-09-30 15:00:00,3746757900
corbinais|s|donnet|e,corbinais|s,donnet|e,Sven Corbinais,Etienne Donnet,ITF Men Monastir - R1,2026-09-23 09:30:00,0.17674379498600612,0.8232562050139939,0.2169197396963124,0.8573466476462196,50,2026-09-23 05:41:44,2026-09-23 05:35:55,2026-09-23 09:30:00,3739093823
cordoba|c|donald|m,cordoba|c,donald|m,Carles Cordoba,Matthew William Donald,ATP Challenger Bari - Qualifiers,2026-09-27 13:55:51,0.27235452869151594,0.7276454713084841,0.3021148036253776,0.7555012224938876,75,2026-09-27 05:42:09,2026-09-27 05:37:05,2026-09-27 13:55:51,3743847093
cordoba|c|fernandez|m,cordoba|c,fernandez|m,Carles Cordoba,Mario Arce Fernandez,ITF Men Melilla - R16,2026-09-17 11:30:00,0.7247412313627805,0.27525876863721965,0.7607655502392345,0.31446540880503143,50,2026-09-16 23:44:59,2026-09-16 23:43:27,2026-09-17 10:35:19,3731495905
cordoba|c|navarro|b,cordoba|c,navarro|b,Carles Cordoba,Bruno Pujol Navarro,ITF Men Sabadell - R1,2026-09-23 10:00:00,0.8456190032359627,0.15438099676403724,0.8751560549313359,0.1893939393939394,100,2026-09-23 02:47:33,2026-09-23 02:47:33,2026-09-23 10:00:00,3739028345
cordoba|c|rapagnetta|d,cordoba|c,rapagnetta|d,Carles Cordoba,Daniele Rapagnetta,ITF Men Melilla - SF,2026-09-19 09:00:00,0.3957225169110315,0.6042774830889686,0.4329004329004329,0.6402877697841727,75,2026-09-18 21:39:16,2026-09-18 21:38:33,2026-09-19 08:11:27,3733520853
cordoba|c|rojas|c,cordoba|c,rojas|c,Carles Cordoba,Carles Rojas,ITF Men Melilla - QF,2026-09-18 10:00:00,0.9184482262974012,0.08155177370259875,0.9448732083792724,0.11904761904761904,75,2026-09-17 19:56:25,2026-09-17 19:56:10,2026-09-18 10:00:00,3732310485
coria|f|ratti|l,coria|f,ratti|l,Federico Coria,Lucio Ratti,ATP Challenger Buenos Aires - R1,2026-09-22 20:30:00,0.4368809548479741,0.5631190451520258,0.4608294930875576,0.5867768595041323,150,2026-09-22 08:13:36,2026-09-22 08:07:02,2026-09-22 20:30:00,3738204496
coria|f|ribeiro|e,coria|f,ribeiro|e,Federico Coria,Eduardo Ribeiro,ATP Challenger Buenos Aires - R16,2026-09-24 17:50:00,0.46625979929231565,0.5337402007076846,0.49019607843137253,0.5575221238938054,150,2026-09-24 08:29:12,2026-09-24 08:26:05,2026-09-24 17:51:29,3740205762
corley|c|gimbrere|m,corley|c,gimbrere|m,Carmen Corley / Ivana Corley,Michaela Bayerlova / Jasmijn Gimbrere,WTA 125K Porto - Doubles,2026-09-24 10:10:00,0.7084967748063801,0.2915032251936199,0.7442455242966751,0.33003300330033003,500,2026-09-24 08:55:03,2026-09-24 08:50:55,2026-09-24 10:10:00,3740223925
corley|c|jorge|f,corley|c,jorge|f,Carmen Corley / Ivana Corley,Francisca Jorge / Matilde Jorge,WTA 125K Porto - Doubles,2026-09-25 15:00:00,0.24697457162284875,0.7530254283771514,0.29069767441860467,0.7920997920997921,125,2026-09-25 08:43:52,2026-09-25 08:39:42,2026-09-25 15:00:00,3741055541
corley|c|sebestova|a,corley|c,sebestova|a,Carmen Corley / Ivana Corley,Adrienn Nagy / Ivana Sebestova,WTA 125K Porto - Doubles,2026-09-21 15:28:00,0.7051584430889241,0.2948415569110762,0.7409326424870467,0.3333333333333333,500,2026-09-21 09:30:13,2026-09-21 09:28:18,2026-09-21 15:28:00,3737605893
corwin|f|peck|j,corwin|f,peck|j,Felix Corwin,Joshua Peck,ITF Men Ann Arbor - R1,2026-09-30 14:00:00,0.7657802825805905,0.2342197174194097,0.7971602434077079,0.26881720430107525,150,2026-09-30 01:44:03,2026-09-30 01:33:18,2026-09-30 14:00:00,3746757900
corwin|f|zhalgasbay|d,corwin|f,zhalgasbay|d,Felix Corwin,Damir Zhalgasbay,ITF Men Ann Arbor - R16,2026-10-01 16:00:00,0.520778178696458,0.4792218213035419,0.5535714285714286,0.5121951219512195,100,2026-10-01 01:24:54,2026-10-01 01:17:22,2026-10-01 16:00:00,3747796966
cosano|j|font|o,cosano|j,font|o,Javier Barranco Cosano,Oriol Font,ITF Men Zaragoza - R1,2026-09-30 10:30:00,0.9749720224162962,0.0250279775837038,0.9883354718301645,0.052882072977260705,50,2026-09-30 02:04:19,2026-09-30 02:03:30,2026-09-30 10:30:00,3746771847
cosano|j|ruffino|e,cosano|j,ruffino|e,Javier Barranco Cosano,Elia Ruffino,ATP Challenger Genoa - Qualifiers,2026-09-20 09:50:00,0.9731679615571291,0.026832038442870954,0.9865897814134369,0.05296610169491526,50,2026-09-20 04:57:19,2026-09-20 04:47:29,2026-09-20 09:50:00,3735822350
cosano|j|sperle|j,cosano|j,sperle|j,Javier Barranco Cosano,John Sperle,ATP Challenger Genoa - Qualifiers,2026-09-21 10:00:00,0.5700720890616922,0.42992791093830796,0.5983935742971888,0.4587155963302753,75,2026-09-21 00:25:23,2026-09-21 00:24:49,2026-09-21 11:00:00,3737468484
costoulas|s|lansere|s,costoulas|s,lansere|s,Sofia Costoulas,Sofya Lansere,WTA 125k Jingshan - R16,2026-10-01 04:00:00,0.7427749403556648,0.25722505964433523,0.765807962529274,0.28169014084507044,200,2026-09-30 15:21:36,2026-09-30 15:21:36,2026-10-01 04:00:00,3747283533
costoulas|s|mladenovic|k,costoulas|s,mladenovic|k,Sofia Costoulas,Kristina Mladenovic,WTA 125k Jingshan - R1,2026-09-29 03:00:00,0.8504530238243977,0.14954697617560242,0.8740554156171284,0.17667844522968199,200,2026-09-27 13:16:37,2026-09-27 13:09:54,2026-09-29 03:00:00,3744273420
costoulas|s|prozorova|t,costoulas|s,prozorova|t,Sofia Costoulas,Tatiana Prozorova,WTA Singapore - R1,2026-09-22 05:30:00,0.3912184046324592,0.6087815953675407,0.4081632653061224,0.6254681647940076,250,2026-09-20 17:44:18,2026-09-20 17:37:17,2026-09-22 05:30:00,3737041537
covato|m|seifert|s,covato|m,seifert|s,Matteo Covato,Stefan Seifert,ITF Men Forbach - R16,2026-09-24 08:00:00,0.10759492801549227,0.8924050719845078,0.14662756598240467,0.9219968798751951,50,2026-09-23 17:10:11,2026-09-23 17:05:00,2026-09-24 08:00:00,3739703226
cox|n|witz|a,cox|n,witz|a,Nathan Cox,Antonin Witz,ITF Men Columbia - R1,2026-09-23 17:00:00,0.6619581346542116,0.3380418653457882,0.6978851963746223,0.37593984962406013,50,2026-09-23 11:39:30,2026-09-23 11:32:53,2026-09-23 17:00:00,3739391895
craig|c|jansen|w,craig|c,jansen|w,Corey Craig,William Jansen,ITF Men Columbia - R16,2026-09-24 11:00:00,0.23534097896567485,0.7646590210343253,0.27027027027027023,0.7963340122199593,225,2026-09-24 01:10:36,2026-09-24 01:08:07,2026-09-24 11:00:00,3740024561
craig|c|karahan|a,craig|c,karahan|a,Corey Craig,Atakan Karahan,ITF Men Columbia - R1,2026-09-23 19:06:59,0.774528071844441,0.2254719281555591,0.8098859315589353,0.26525198938992045,50,2026-09-23 11:39:30,2026-09-23 11:32:53,2026-09-23 19:06:59,3739395130
crawley|f|leonard|m,crawley|f,leonard|m,Fiona Crawley,Manon Leonard,ITF Women Le Neubourg - SF,2026-09-19 14:52:35,0.7552308473833642,0.24476915261663573,0.7867803837953092,0.27932960893854747,150,2026-09-18 21:39:16,2026-09-18 21:38:33,2026-09-19 14:52:35,3733521936
crawley|f|monnet|c,crawley|f,monnet|c,Fiona Crawley,Carole Monnet,WTA 125K Ankara - R1,2026-09-22 10:30:00,0.6364655923798255,0.36353440762017447,0.6598639455782314,0.38759689922480617,200,2026-09-21 15:39:59,2026-09-21 15:30:33,2026-09-22 10:30:00,3737783840
crawley|f|pridankina|e,crawley|f,pridankina|e,Fiona Crawley,Elena Pridankina,WTA 125K Adana - R16,2026-09-30 11:00:00,0.5,0.5,0.5238095238095238,0.5238095238095238,200,2026-09-29 16:23:56,2026-09-29 16:14:31,2026-09-30 12:00:00,3746302069
crawley|f|siskova|a,crawley|f,siskova|a,Fiona Crawley,Anna Siskova,ITF Women Le Neubourg - Final,2026-09-20 13:00:00,0.5321840788372567,0.46781592116274323,0.5689655172413793,0.504950495049505,75,2026-09-19 23:28:50,2026-09-19 23:25:50,2026-09-20 13:00:00,3735600890
cretu|c|rocha|h,cretu|c,rocha|h,Cezar Cretu,Henrique Rocha,ATP Challenger Porto - R1,2026-09-29 12:25:00,0.22453710949340244,0.7754628905065976,0.24449877750611249,0.794238683127572,150,2026-09-27 23:43:39,2026-09-27 23:38:58,2026-09-29 12:25:00,3745171458
crinebouch|h|nahimana|s,crinebouch|h,nahimana|s,Hajar Crinebouch,Sada Nahimana,ITF Women Reims - R1,2026-09-29 17:30:00,0.053977376223618,0.9460226237763821,0.08340283569641367,0.9654576856649395,225,2026-09-29 07:00:13,2026-09-29 06:55:44,2026-09-29 16:41:15,3745865564
crisostomo|g|michalski|d,crisostomo|g,michalski|d,Giacomo Crisostomo,Daniel Michalski,ITF Men Santa Margherita di Pula - R16,2026-09-23 10:02:50,0.03679858043944225,0.9632014195605577,0.0632111251580278,0.9788270167266567,150,2026-09-23 02:47:33,2026-09-23 02:47:33,2026-09-23 10:02:50,3739027899
crisostomo|g|mura|m,crisostomo|g,mura|m,Giacomo Crisostomo,Matteo Mura,ITF Men Santa Margherita di Pula - R1,2026-09-22 09:04:00,0.5204202693588545,0.4795797306411455,0.5575221238938054,0.5169082125603864,50,2026-09-21 21:37:05,2026-09-21 21:32:52,2026-09-22 08:55:00,3737968789
cristobal|m|monllau|a,cristobal|m,monllau|a,Milagros Cristobal,Ana Victoria Gobbi Monllau,ITF Women Trelew - R1,2026-09-29 14:00:00,0.01715753144988504,0.9828424685501153,0.03765060240963856,0.9922708301128458,100,2026-09-28 23:23:02,2026-09-28 23:23:02,2026-09-29 14:00:00,3745740940
crivellaro|g|marchi|a,crivellaro|g,marchi|a,Gabriele Crivellaro,Andrea De Marchi,ITF Men Santa Margherita di Pula - R16,2026-09-23 12:10:00,0.37473783025175833,0.6252621697482417,0.4081632653061224,0.6575342465753424,100,2026-09-23 02:47:33,2026-09-23 02:47:33,2026-09-23 12:10:00,3739027806
crivellaro|g|minighini|d,crivellaro|g,minighini|d,Gabriele Crivellaro,Daniele Minighini,ITF Men Santa Margherita di Pula - R1,2026-09-22 11:19:42,0.8349218432368336,0.16507815676316667,0.8685939553219448,0.2053388090349076,50,2026-09-21 21:37:05,2026-09-21 21:32:52,2026-09-22 12:00:00,3737969099
croatia||germany|,croatia|,germany|,Croatia,Germany,Davis Cup - Tie Winner,2026-09-19 12:00:00,0.2245984500574539,0.775401549942546,0.25641025641025644,0.8043052837573386,50,2026-09-19 01:37:13,2026-09-19 01:31:52,2026-09-19 12:00:00,3733648242
cross|k|osuigwe|w,cross|k,osuigwe|w,Kayla Cross,Whitney Osuigwe,ITF Women Templeton - R1,2026-09-30 17:14:48,0.5251728140745587,0.4748271859254414,0.5575221238938054,0.5073891625615764,150,2026-09-30 01:12:24,2026-09-30 01:03:05,2026-09-30 17:14:48,3746745324
cucu|s|zhenikhova|s,cucu|s,zhenikhova|s,Simona Cucu,Sonja Zhenikhova,ITF Women Constanta - R1,2026-09-23 09:52:55,0.15909037162451697,0.840909628375483,0.19920318725099603,0.8742138364779874,50,2026-09-22 16:10:22,2026-09-22 16:10:10,2026-09-23 09:52:55,3738592868
cui|j|kjaer|n,cui|j,kjaer|n,Jie Cui,Nicolai Budkov Kjaer,Davis Cup World - Group 1,2026-09-18 18:14:02,0.07467740015631608,0.9253225998436839,0.09416195856873824,0.9410377358490567,250,2026-09-18 09:21:31,2026-09-18 09:16:13,2026-09-18 18:14:02,3732609276
cui|j|vallejo|a,cui|j,vallejo|a,Jie Cui,Adolfo Daniel Vallejo,ATP Hangzhou - R1,2026-09-24 11:00:00,0.2666989964898634,0.7333010035101366,0.2840909090909091,0.75,250,2026-09-22 10:20:42,2026-09-22 10:19:43,2026-09-24 10:15:00,3738307320
cui|j|zandschulp|b,cui|j,zandschulp|b,Jie Cui,Botic Van de Zandschulp,ATP Beijing - Qualifiers,2026-09-29 06:00:00,0.15984785015613734,0.8401521498438626,0.18450184501845018,0.8620689655172414,250,2026-09-28 14:49:04,2026-09-28 14:34:20,2026-09-29 05:19:47,3745506031
cunha|v|sakamoto|p,cunha|v,sakamoto|p,Vitor Machado De Melo Cunha,Pedro Sakamoto,ITF Men Belem - R16,2026-09-17 19:00:00,0.040484211703613236,0.9595157882963867,0.07251631617113852,0.9777382012466608,50,2026-09-17 03:06:14,2026-09-17 03:04:42,2026-09-17 19:00:00,3731603471
curbelo|i|potenza|l,curbelo|i,potenza|l,Ivan Marrero Curbelo,Luca Potenza,ATP Challenger Porto - Qualifiers,2026-09-27 16:42:00,0.36817492553884396,0.6318250744611561,0.3921568627450981,0.6551724137931035,100,2026-09-26 23:50:41,2026-09-26 23:49:58,2026-09-27 16:34:46,3743622456
dagostino|s|neumayer|l,dagostino|s,neumayer|l,Stefano D'agostino,Lukas Neumayer,ATP Challenger Genoa - R1,2026-09-22 10:00:00,0.14528851609851873,0.8547114839014812,0.1724137931034483,0.8781973203410476,75,2026-09-22 03:54:00,2026-09-22 03:50:18,2026-09-22 10:01:26,3738094347
dagostino|s|rottoli|l,dagostino|s,rottoli|l,Stefano D'agostino,Lorenzo Rottoli,ATP Challenger Genoa - Qualifiers,2026-09-21 13:01:35,0.44313233044268074,0.5568676695573194,0.4716981132075471,0.5850622406639003,75,2026-09-20 19:32:27,2026-09-20 19:22:57,2026-09-21 13:01:35,3737218773
dahlin|m|gogineni|v,dahlin|m,gogineni|v,Max Dahlin,Vignesh Gogineni,ITF Men Ann Arbor - R1,2026-09-30 20:00:28,0.44275790719894154,0.5572420928010585,0.47619047619047616,0.5901639344262295,150,2026-09-30 01:44:03,2026-09-30 01:33:18,2026-09-30 20:00:28,3746757660
dahlin|m|tseng|c,dahlin|m,tseng|c,Max Dahlin,Chun Hsin Tseng,Davis Cup World - Group 1,2026-09-19 04:40:00,0.24647512196943905,0.753524878030561,0.2638522427440633,0.7701149425287357,600,2026-09-18 13:37:56,2026-09-18 13:32:47,2026-09-19 04:40:00,3732792617
damas|m|palomar|x,damas|m,palomar|x,Miguel Damas,Xavi Palomar,ITF Men Zaragoza - R16,2026-10-01 12:00:00,0.9288202846396982,0.07117971536030175,0.9511241446725318,0.10256410256410256,225,2026-10-01 00:33:09,2026-10-01 00:27:21,2026-10-01 12:00:00,3747767317
damas|m|sheyngezikht|l,damas|m,sheyngezikht|l,Miguel Damas,Leonid Sheyngezikht,ITF Men Zaragoza - R1,2026-09-30 09:00:00,0.8558511205187137,0.14414887948128613,0.8847926267281107,0.17889087656529518,100,2026-09-30 02:04:19,2026-09-30 02:03:30,2026-09-30 09:00:00,3746773371
damazio|l|santos|p,damazio|l,santos|p,Livas Eduardo De Carvalho Damazio,Paulo Andre Saraiva Dos Santos,ITF Men Belem - SF,2026-09-19 16:43:46,0.10868211107576128,0.8913178889242388,0.13736263736263735,0.9146029035012808,550,2026-09-19 00:57:13,2026-09-19 00:55:36,2026-09-19 16:43:46,3733625013
damazio|l|tosetto|r,damazio|l,tosetto|r,Livas Eduardo De Carvalho Damazio,Rafael Tosetto,ITF Men Belem - R16,2026-09-17 18:15:56,0.22240942986774923,0.7775905701322507,0.26246719160104987,0.8130841121495328,50,2026-09-17 03:06:14,2026-09-17 03:04:42,2026-09-17 18:15:56,3731602880
damm|m|fils|a,damm|m,fils|a,Martin Damm,Arthur Fils,ATP Tokyo - Qualifiers,2026-09-28 04:03:41,0.17977494885378514,0.8202250511462148,0.20202020202020202,0.8405103668261563,250,2026-09-27 23:29:27,2026-09-27 23:28:38,2026-09-28 04:03:41,3745164907
damm|m|hurkacz|h,damm|m,hurkacz|h,Martin Damm,Hubert Hurkacz,ATP Chengdu Open - R16,2026-09-26 07:00:00,0.26919001350730487,0.7308099864926952,0.28653295128939826,0.7474747474747475,325,2026-09-24 17:50:30,2026-09-24 17:47:51,2026-09-26 06:57:59,3740630571
damm|m|mochizuki|s,damm|m,mochizuki|s,Martin Damm,Shintaro Mochizuki,ATP Chengdu Open - R1,2026-09-24 11:45:00,0.6409687781850257,0.3590312218149743,0.6575342465753424,0.37593984962406013,250,2026-09-23 11:50:58,2026-09-23 11:50:58,2026-09-24 10:54:39,3739416040
dang|y|you|x,dang|y,you|x,Yiming Dang,Xiaodi You,WTA Beijing - Qualifiers,2026-09-28 05:00:00,0.0825975969342195,0.9174024030657802,0.10989010989010989,0.9383857054836723,250,2026-09-27 23:29:27,2026-09-27 23:28:38,2026-09-28 04:44:44,3745162015
daniels|e|dotsenko|e,daniels|e,dotsenko|e,Ellie Daniels,Ekaterina Dotsenko,ITF Women Monastir - Final,2026-09-27 11:00:00,0.3099722502990702,0.6900277497009296,0.3484320557491289,0.726027397260274,75,2026-09-26 23:22:21,2026-09-26 23:19:51,2026-09-27 08:42:42,3743601447
daniels|e|kroitor|k,daniels|e,kroitor|k,Ellie Daniels,Kristina Kroitor,ITF Women Monastir - SF,2026-09-26 09:30:00,0.17915539864818517,0.8208446013518148,0.21413276231263384,0.8511904761904762,250,2026-09-25 23:38:37,2026-09-25 23:36:25,2026-09-26 08:43:27,3741872925
daniels|e|luciano|l,daniels|e,luciano|l,Ellie Daniels,Lavinia Luciano,ITF Women Monastir - R1,2026-09-23 11:32:16,0.47840808527746675,0.5215919147225333,0.5145631067961165,0.5575221238938054,50,2026-09-22 23:16:19,2026-09-22 23:12:53,2026-09-23 11:32:16,3738918604
daniels|e|maloney|e,daniels|e,maloney|e,Ellie Daniels,Eliz Maloney,ITF Women Monastir - QF,2026-09-25 10:00:00,0.26193700376744067,0.7380629962325593,0.29673590504451036,0.7701149425287357,250,2026-09-24 20:49:25,2026-09-24 20:49:25,2026-09-25 10:00:00,3740803682
daniel|f|kubka|i,daniel|f,kubka|i,Fiona Crawley / Jaeda Daniel,Isabelle Haverlag / Martyna Kubka,WTA 125K Ankara - Doubles,2026-09-24 15:30:00,0.2720344886059367,0.7279655113940634,0.31545741324921134,0.7674418604651163,100,2026-09-24 09:22:55,2026-09-24 09:11:23,2026-09-24 15:30:00,3740241332
daniel|f|micic|t,daniel|f,micic|t,Fiona Crawley / Jaeda Daniel,Tenika McGiffin / Elena Micic,WTA 125K Adana - Doubles,2026-09-29 14:00:00,0.4820443845140628,0.5179556154859373,0.5238095238095238,0.5594713656387665,100,2026-09-28 17:19:44,2026-09-28 17:19:43,2026-09-29 14:00:00,3745592501
daniel|f|salden|d,daniel|f,salden|d,Fiona Crawley / Jaeda Daniel,Dalila Jakupovic / Lara Salden,WTA 125K Adana - Doubles,2026-10-01 09:45:00,0.4366147218893143,0.5633852781106857,0.4739336492890995,0.6000000000000001,175,2026-09-30 17:43:05,2026-09-30 17:41:36,2026-10-01 09:45:00,3747477360
daniel|t|delaney|j,daniel|t,delaney|j,Taro Daniel,Jake Delaney,ATP Hangzhou - Qualifiers,2026-09-22 05:00:00,0.7889414107428284,0.21105858925717147,0.8098859315589353,0.23364485981308414,250,2026-09-21 23:58:53,2026-09-21 23:52:10,2026-09-22 05:00:00,3738007356
daniel|t|marozsan|f,daniel|t,marozsan|f,Taro Daniel,Fabian Marozsan,ATP Hangzhou - R16,2026-09-25 07:37:55,0.32065830554380736,0.6793416944561926,0.33783783783783783,0.6960486322188449,325,2026-09-24 12:16:10,2026-09-24 12:12:34,2026-09-25 07:30:00,3740390064
daniel|t|matsuoka|h,daniel|t,matsuoka|h,Taro Daniel,Hayato Matsuoka,ATP Hangzhou - Qualifiers,2026-09-23 04:00:00,0.6721599840401763,0.32784001595982376,0.6932515337423313,0.34965034965034963,250,2026-09-22 13:33:29,2026-09-22 13:25:36,2026-09-23 04:00:00,3738467398
daniel|t|sweeny|d,daniel|t,sweeny|d,Taro Daniel,Dane Sweeny,ATP Hangzhou - R1,2026-09-24 05:00:00,0.5936994744462418,0.4063005255537583,0.6108949416342413,0.42372881355932196,250,2026-09-23 11:29:14,2026-09-23 11:29:14,2026-09-24 05:00:00,3739382425
daniel|t|vallejo|a,daniel|t,vallejo|a,Taro Daniel,Adolfo Daniel Vallejo,ATP Tokyo - Qualifiers,2026-09-28 08:40:00,0.5091774027420585,0.49082259725794164,0.5305164319248826,0.5121951219512195,250,2026-09-27 23:29:27,2026-09-27 23:28:38,2026-09-28 08:39:01,3745165320
danilova|o|perelygina|e,danilova|o,perelygina|e,Olga Danilova,Ekaterina Perelygina,ITF Women Hurghada - R16,2026-09-17 06:00:00,0.1005381387743027,0.8994618612256974,0.13404825737265416,0.9253174010455564,100,2026-09-16 23:16:19,2026-09-16 23:13:04,2026-09-17 07:00:00,3731473739
danilova|o|sawashiro|k,danilova|o,sawashiro|k,Olga Danilova,Kanon Sawashiro,ITF Women Wagga Wagga - R1,2026-09-30 01:16:00,0.09927899961029409,0.900721000389706,0.13793103448275862,0.9294283697953422,50,2026-09-29 02:48:34,2026-09-29 02:48:34,2026-09-30 01:10:00,3745787316
dapkute|i|dotsenko|e,dapkute|i,dotsenko|e,Iveta Dapkute,Ekaterina Dotsenko,ITF Women Monastir - R16,2026-09-24 11:00:00,0.25325259916785436,0.7467474008321457,0.2881844380403458,0.7787610619469026,225,2026-09-24 01:33:28,2026-09-24 01:29:40,2026-09-24 10:47:11,3740041435
dapkute|i|mi|l,dapkute|i,mi|l,Iveta Dapkute,Lan Mi,ITF Women Monastir - QF,2026-09-18 11:00:00,0.20136448563234408,0.798635514367656,0.23640661938534277,0.829642248722317,250,2026-09-17 20:23:35,2026-09-17 20:23:35,2026-09-18 08:46:19,3732328472
dapkute|i|schnyder|s,dapkute|i,schnyder|s,Iveta Dapkute,Sarina Schnyder,ITF Women Monastir - R1,2026-09-23 10:30:00,0.4250968211149989,0.5749031788850012,0.4587155963302753,0.607843137254902,225,2026-09-23 03:24:41,2026-09-23 03:14:28,2026-09-23 10:30:00,3739040387
darderi|l|jacquet|k,darderi|l,jacquet|k,Luciano Darderi,Kyrian Jacquet,ATP Tokyo - R16,2026-10-02 07:05:00,0.5946891817518234,0.40531081824817666,0.609375,0.42016806722689076,400,2026-10-01 10:35:26,2026-10-01 10:31:23,2026-10-02 07:05:00,3748082793
darderi|l|ruud|c,darderi|l,ruud|c,Luciano Darderi,Casper Ruud,ATP Tokyo - R1,2026-10-01 02:16:59,0.2965243921537675,0.7034756078462325,0.31347962382445144,0.7198879551820728,250,2026-09-29 07:45:46,2026-09-29 07:43:56,2026-10-01 02:16:59,3745888431
dart|h|lemaitre|t,dart|h,lemaitre|t,Harriet Dart,Tiphanie Lemaitre,WTA Beijing - Qualifiers,2026-09-28 03:15:51,0.8762869192440785,0.12371308075592147,0.8987854251012146,0.15037593984962405,250,2026-09-27 23:29:27,2026-09-27 23:28:38,2026-09-28 03:15:51,3745160773
dart|h|ma|y,dart|h,ma|y,Harriet Dart,Yexin Ma,WTA Beijing - Qualifiers,2026-09-29 03:00:00,0.6474754400348289,0.35252455996517107,0.6688741721854304,0.37453183520599254,250,2026-09-28 12:39:25,2026-09-28 12:33:35,2026-09-29 03:00:00,3745447963
dart|h|qu|y,dart|h,qu|y,Harriet Dart,Yihan Qu,WTA Beijing - R1,2026-10-01 10:30:00,0.923106540595754,0.07689345940424558,0.9405469678953626,0.09891196834817013,250,2026-09-30 08:19:27,2026-09-30 08:06:00,2026-10-01 10:30:00,3746926788
dart|j|siniakova|k,dart|j,siniakova|k,Jodie Burrage / Harriet Dart,Karolina Muchova / Katerina Siniakova,Billie Jean King Cup - Doubles,2026-09-22 13:15:00,0.12102905317048003,0.87897094682952,0.15479876160990713,0.9061913696060037,100,2026-09-22 11:55:04,2026-09-22 11:53:34,2026-09-22 13:15:00,3738379403
daryabeigi|s|jansen|w,daryabeigi|s,jansen|w,Sean Daryabeigi,William Jansen,ITF Men Columbia - SF,2026-09-26 16:00:00,0.3085994586759944,0.6914005413240056,0.3472222222222222,0.7275204359673024,75,2026-09-25 23:50:22,2026-09-25 23:46:51,2026-09-26 15:13:02,3741876527
daryabeigi|s|pieczkowski|o,daryabeigi|s,pieczkowski|o,Sean Daryabeigi,Olaf Pieczkowski,ITF Men Columbia - R16,2026-09-24 10:00:00,0.3562399009941043,0.6437600990058957,0.3891050583657587,0.6753246753246753,100,2026-09-24 01:33:28,2026-09-24 01:29:40,2026-09-24 10:00:00,3740041084
das|a|paskauskas|k,das|a,paskauskas|k,Aishi Das,Kristina Paskauskas,ITF Women Nashville - R1,2026-09-30 15:30:00,0.44762400166830135,0.5523759983316987,0.4807692307692307,0.5850622406639003,100,2026-09-29 23:30:16,2026-09-29 23:25:55,2026-09-30 15:30:00,3746716443
davidov|t|sobhy|m,davidov|t,sobhy|m,Teodor Davidov,Michael Bassem Sobhy,ITF Men Columbia - R1,2026-09-23 14:00:00,0.35831175808349514,0.641688241916505,0.3968253968253968,0.6784565916398714,50,2026-09-23 11:18:42,2026-09-23 11:17:47,2026-09-23 14:00:00,3739374506
day|k|impe|a,day|k,impe|a,Kayla Day,Amelie Van Impe,ITF Women Templeton - R1,2026-09-30 20:00:00,0.9080435686896062,0.09195643131039379,0.9330207635632954,0.125,225,2026-09-30 13:19:24,2026-09-30 13:08:00,2026-09-30 20:00:00,3747169366
day|k|laskevich|e,day|k,laskevich|e,Kayla Day,Evialina Laskevich,ITF Women Berkeley - R16,2026-09-24 19:00:00,0.8239900036547766,0.17600999634522346,0.8542274052478134,0.21097046413502107,150,2026-09-24 01:33:28,2026-09-24 01:23:12,2026-09-24 19:00:00,3740038112
day|k|mcdonald|e,day|k,mcdonald|e,Kayla Day,Ella McDonald,ITF Women Berkeley - SF,2026-09-26 20:00:00,0.8651492536618981,0.134850746338102,0.8936170212765957,0.1694915254237288,150,2026-09-25 23:38:37,2026-09-25 23:36:25,2026-09-26 20:00:00,3741872868
day|k|preston|j,day|k,preston|j,Kayla Day,Janae Preston,ITF Women Berkeley - Final,2026-09-27 19:20:00,0.794497006108198,0.20550299389180202,0.8254799301919721,0.24038461538461536,150,2026-09-27 05:42:09,2026-09-27 05:37:05,2026-09-27 19:20:00,3743854347
day|k|rogers|a,day|k,rogers|a,Kayla Day,Anna Rogers,ITF Women Berkeley - QF,2026-09-25 20:41:36,0.93125948240387,0.06874051759612983,0.9532054281703322,0.0999000999000999,250,2026-09-25 01:29:53,2026-09-25 01:17:36,2026-09-25 20:41:36,3740908475
day|k|samsonova|l,day|k,samsonova|l,Kayla Day,Liudmila Samsonova,WTA Guadalajara - R16,2026-09-17 01:00:00,0.29977742623541953,0.7002225737645805,0.3125,0.7126436781609194,5000,2026-09-16 19:13:15,2026-09-16 19:01:39,2026-09-17 01:00:00,3731171633
deckers|a|fellows|j,deckers|a,fellows|j,Alec Deckers,Jake Fellows,ITF Men Setubal - R16,2026-09-24 12:00:00,0.8200547853417635,0.17994521465823654,0.8505231689088191,0.2150537634408602,225,2026-09-24 00:37:45,2026-09-24 00:22:48,2026-09-24 12:00:00,3740004298
deckers|a|henning|p,deckers|a,henning|p,Alec Deckers,Philip Henning,ITF Men Setubal - SF,2026-09-26 11:00:00,0.21728571213257272,0.7827142878674272,0.2570694087403599,0.8178506375227687,75,2026-09-25 23:38:37,2026-09-25 23:36:25,2026-09-26 11:00:00,3741873430
deckers|a|morais|d,deckers|a,morais|d,Alec Deckers,Diogo Morais,ITF Men Setubal - QF,2026-09-25 09:30:00,0.7305493202121146,0.2694506797878854,0.7624703087885986,0.303951367781155,150,2026-09-24 23:50:52,2026-09-24 23:50:52,2026-09-25 09:30:00,3740866959
deckers|a|pietri|b,deckers|a,pietri|b,Alec Deckers,Benjamin Pietri,ITF Men Sintra - R16,2026-09-17 11:00:00,0.6973183501563193,0.30268164984368073,0.7333333333333333,0.3412969283276451,50,2026-09-16 23:16:19,2026-09-16 23:13:04,2026-09-17 11:00:00,3731474115
deckers|a|torre|i,deckers|a,torre|i,Alec Deckers,Inaki Montes-De La Torre,ITF Men Setubal - Final,2026-09-27 09:42:52,0.22915768639101344,0.7708423136089864,0.26881720430107525,0.8062015503875969,75,2026-09-26 14:04:57,2026-09-26 14:01:21,2026-09-27 09:42:52,3742589986
dedura|d|monteiro|t,dedura|d,monteiro|t,Diego Dedura,Thiago Monteiro,ATP Challenger Szczecin - QF,2026-09-18 11:00:00,0.5233034236376439,0.4766965763623561,0.5391705069124424,0.4926108374384236,250,2026-09-17 16:42:47,2026-09-17 16:39:57,2026-09-18 11:00:00,3732095238
dekkers|f|garcia|m,dekkers|f,garcia|m,Florentine Dekkers,Meritxell Teixido Garcia,ITF Women Monastir - R16,2026-09-17 09:46:00,0.2399616101829788,0.7600383898170213,0.2747252747252747,0.7916666666666667,100,2026-09-16 23:25:56,2026-09-16 23:25:56,2026-09-17 09:46:00,3731481910
dekkers|f|kroitor|k,dekkers|f,kroitor|k,Florentine Dekkers,Kristina Kroitor,ITF Women Monastir - R16,2026-09-24 11:00:00,0.07823925848609942,0.9217607415139003,0.11547344110854503,0.9476987447698744,50,2026-09-23 23:47:04,2026-09-23 23:43:27,2026-09-24 08:46:21,3739979685
dekkers|f|kujovic|k,dekkers|f,kujovic|k,Florentine Dekkers,Katarina Kujovic,ITF Women Monastir - R1,2026-09-22 10:30:00,0.23613720437053715,0.7638627956294628,0.2710027100271003,0.7955010224948876,150,2026-09-21 21:04:55,2026-09-21 21:02:38,2026-09-22 10:30:00,3737959664
dekkers|f|luciano|l,dekkers|f,luciano|l,Florentine Dekkers,Lavinia Luciano,ITF Women Monastir - QF,2026-09-18 11:00:00,0.27230318139932513,0.7276968186006751,0.3067484662576687,0.7596153846153847,250,2026-09-17 20:23:35,2026-09-17 20:23:35,2026-09-18 08:47:57,3732328472
delage|p|mestre|j,delage|p,mestre|j,Pierre Delage,Jordi Garcia Mestre,ITF Men Zaragoza - R1,2026-09-30 12:00:00,0.8983779557470934,0.10162204425290665,0.9273783587509078,0.1404494382022472,50,2026-09-30 02:04:19,2026-09-30 02:03:30,2026-09-30 12:00:00,3746771908
delage|p|nijboer|r,delage|p,nijboer|r,Pierre Delage,Ryan Nijboer,ITF Men Zaragoza - R16,2026-10-01 10:30:00,0.3271427766222885,0.6728572233777115,0.36101083032490977,0.7050147492625369,225,2026-10-01 00:33:09,2026-10-01 00:27:21,2026-10-01 10:30:00,3747767425
delaney|j|sik|m,delaney|j,sik|m,Jesse Delaney,Mustafa Ege Sik,ITF Men Darwin - R1,2026-09-29 07:00:00,0.4194348677038577,0.5805651322961424,0.4566210045662101,0.6168582375478928,50,2026-09-28 22:57:16,2026-09-28 22:52:28,2026-09-29 07:00:00,3745733850
delaney|j|tomic|b,delaney|j,tomic|b,Jake Delaney,Bernard Tomic,ATP Challenger Guangzhou - R16,2026-09-17 12:00:00,0.23175153300377455,0.7682484669962253,0.2518891687657431,0.7872340425531915,200,2026-09-16 23:31:54,2026-09-16 23:28:09,2026-09-17 11:06:07,3731485210
delaney|j|vickery|l,delaney|j,vickery|l,Jake Delaney,Lachlan Vickery,ITF Men Darwin - R16,2026-10-01 07:00:00,0.910858202057396,0.08914179794260405,0.9383477188655981,0.1272264631043257,50,2026-09-30 23:38:49,2026-09-30 23:31:36,2026-10-01 07:00:00,3747736426
delaney|j|ziegann|s,delaney|j,ziegann|s,Jake Delaney,Sam Ryan Ziegann,ITF Men Darwin - R1,2026-09-30 08:33:00,0.8114852754028102,0.18851472459718974,0.8422712933753943,0.22371364653243844,150,2026-09-29 02:48:34,2026-09-29 02:48:34,2026-09-30 08:33:00,3745788341
delicata|l|kirci|k,delicata|l,kirci|k,Liam Delicata,Koray Kirci,ITF Men Baku - R1,2026-09-30 08:00:00,0.43198850329080457,0.5680114967091954,0.4694835680751174,0.6047430830039526,50,2026-09-24 00:37:45,2026-09-24 00:28:58,2026-09-30 07:43:15,3740009171
delicata|l|neimanis|r,delicata|l,neimanis|r,Liam Delicata,Rihards Neimanis,ITF Men Baku - R1,2026-09-22 07:00:00,0.486832980505138,0.513167019494862,0.5192307692307692,0.5454545454545454,150,2026-09-21 18:27:52,2026-09-21 18:16:34,2026-09-22 06:00:00,3737875390
dellavedova|m|heck|h,dellavedova|m,heck|h,Matthew Dellavedova,Hunter Heck,ATP Challenger Phan Thiet - QF,2026-09-18 03:00:00,0.7117583825457285,0.2882416174542715,0.7304582210242588,0.3076923076923077,200,2026-09-17 11:17:53,2026-09-17 11:07:55,2026-09-18 04:00:00,3731848163
dellavedova|m|sun|f,dellavedova|m,sun|f,Matthew Dellavedova,Fajing Sun,ATP Hangzhou - Qualifiers,2026-09-22 08:38:37,0.3833653862340274,0.6166346137659728,0.40485829959514175,0.6376811594202898,250,2026-09-21 23:58:53,2026-09-21 23:52:10,2026-09-22 08:38:37,3738007356
delledera|f|lizunova|a,delledera|f,lizunova|a,Francesca Dell'edera,Anastasia Lizunova,ITF Women Sharm El Sheikh - R1,2026-09-23 09:00:00,0.09122733853083935,0.9087726614691607,0.11904761904761904,0.9306037473976404,350,2026-09-23 03:24:41,2026-09-23 03:15:47,2026-09-23 09:00:00,3739041756
dellien|h|kicker|n,dellien|h,kicker|n,Hugo Dellien,Nicolas Kicker,ATP Challenger Buenos Aires - R16,2026-09-23 22:00:00,0.8071580740893128,0.19284192591068716,0.8299319727891156,0.2178649237472767,150,2026-09-23 07:39:59,2026-09-23 07:31:15,2026-09-23 21:01:05,3739153178
dellien|m|silva|j,dellien|m,silva|j,Murkel Dellien,Joao Reis Da Silva,ATP Challenger Curitiba - R1,2026-09-29 14:00:00,0.24632921327147278,0.7536707867285272,0.2710027100271003,0.7767857142857143,150,2026-09-29 02:02:52,2026-09-29 01:55:32,2026-09-29 13:12:51,3745778596
dellien|m|varillas|j,dellien|m,varillas|j,Murkel Dellien,Juan Pablo Varillas,ATP Challenger Buenos Aires - R16,2026-09-23 15:10:00,0.17763113767489294,0.8223688623251069,0.20242914979757087,0.84472049689441,100,2026-09-23 07:39:59,2026-09-23 07:31:15,2026-09-23 15:10:00,3739152165
demanet|e|tessa|l,demanet|e,tessa|l,Emilien Demanet,Louis Tessa,ITF Men Monastir - R1,2026-09-30 10:30:00,0.8569680291532151,0.14303197084678462,0.8859749144811859,0.17793594306049823,225,2026-09-30 01:44:03,2026-09-30 01:33:18,2026-09-30 10:30:00,3746762643
demanet|e|turker|m,demanet|e,turker|m,Emilien Demanet,Mert Naci Turker,ITF Men Monastir - R16,2026-10-01 08:30:00,0.8468706080503557,0.15312939194964428,0.8762376237623763,0.18796992481203006,225,2026-10-01 01:24:54,2026-10-01 01:12:40,2026-10-01 08:30:00,3747782132
dencheva|r|mazzola|a,dencheva|r,mazzola|a,Rositsa Dencheva,Alessandra Mazzola,ITF Women Plovdiv - R1,2026-09-23 06:30:00,0.8778125895254036,0.12218741047459616,0.9019607843137255,0.151285930408472,350,2026-09-23 00:58:42,2026-09-23 00:58:34,2026-09-23 06:30:00,3738973956
deng|t|kitahara|y,deng|t,kitahara|y,Tiana Tian Deng,Yuno Kitahara,ITF Women Nanao - R1,2026-09-23 02:00:00,0.6679359401661624,0.3320640598338377,0.7041420118343195,0.37037037037037035,50,2026-09-22 12:47:51,2026-09-22 12:38:50,2026-09-23 02:00:00,3738424794
deng|t|lu|j,deng|t,lu|j,Tiana Tian Deng,Jia-Jing Lu,ITF Women Nanao - R16,2026-09-24 02:00:00,0.2815983952592692,0.7184016047407308,0.3205128205128205,0.7542997542997544,50,2026-09-23 11:39:30,2026-09-23 11:32:53,2026-09-24 02:00:00,3739397137
deng|t|ozeki|m,deng|t,ozeki|m,Tiana Tian Deng,Michika Ozeki,ITF Women Nanao - QF,2026-09-25 01:00:00,0.793310008127213,0.2066899918727867,0.8284734133790737,0.2469135802469136,75,2026-09-24 07:07:18,2026-09-24 07:04:33,2026-09-25 01:00:00,3740152816
deng|t|yoshimoto|n,deng|t,yoshimoto|n,Tiana Tian Deng,Natsuki Yoshimoto,ITF Women Kyoto - R16,2026-09-17 02:43:41,0.4704208603116727,0.5295791396883271,0.5024875621890548,0.5614035087719298,225,2026-09-16 19:41:38,2026-09-16 19:40:57,2026-09-17 02:43:41,3731363694
denolly|c|niyigena|e,denolly|c,niyigena|e,Corentin Denolly,Etienne Niyigena,ITF Men Kigali - R1,2026-09-30 08:00:00,0.9455027520151971,0.054497247984802905,0.9650227352221057,0.08396305625524769,100,2026-09-30 02:04:19,2026-09-30 02:03:30,2026-09-30 08:00:00,3746772714
denolly|c|plunger|m,denolly|c,plunger|m,Corentin Denolly,Manuel Plunger,ITF Men Kigali - R16,2026-10-01 09:30:00,0.6551098116206278,0.3448901883793722,0.6875,0.37878787878787884,225,2026-10-01 00:33:09,2026-10-01 00:27:21,2026-10-01 09:30:00,3747764202
derepasko|t|dimic|m,derepasko|t,dimic|m,Timofei Derepasko,Matic Dimic,ITF Men Telavi - R1,2026-09-28 10:00:00,0.7638627956294628,0.23613720437053715,0.7955010224948876,0.2710027100271003,225,2026-09-28 01:08:29,2026-09-28 00:59:11,2026-09-28 10:00:00,3745212516
derepasko|t|ferrari|f,derepasko|t,ferrari|f,Timofei Derepasko,Francesco Ferrari,ITF Men Telavi - R1,2026-09-23 08:30:00,0.6486023647226159,0.3513976352773842,0.6845425867507886,0.3891050583657587,50,2026-09-23 05:31:11,2026-09-23 05:30:24,2026-09-23 07:37:47,3739089684
desai|z|monnot|a,desai|z,monnot|a,Zeel Desai,Amandine Monnot,ITF Women Reims - R1,2026-09-29 12:01:00,0.17303324194623956,0.8269667580537606,0.21321961620469085,0.8609179415855355,50,2026-09-29 03:14:34,2026-09-29 03:09:13,2026-09-29 12:01:00,3745791416
dessi|m|lokoli|l,dessi|m,lokoli|l,Marco Dessi,Laurent Lokoli,ITF Men Santa Margherita di Pula - R1,2026-09-22 10:00:00,0.019444614325458395,0.9805553856745417,0.045187528242205156,0.9917593737124022,50,2026-09-21 21:37:05,2026-09-21 21:32:52,2026-09-22 10:00:00,3737969693
dessolis|b|mettraux|m,dessolis|b,mettraux|m,Barbara Dessolis,Marie Mettraux,ITF Women Santa Margherita di Pula - R1,2026-09-23 11:45:00,0.1641482863856129,0.8358517136143868,0.19920318725099603,0.8657718120805369,100,2026-09-23 03:24:41,2026-09-23 03:15:47,2026-09-23 11:45:00,3739041291
desvignes|e|jiang|z,desvignes|e,jiang|z,Eva Marie Desvignes,Zijun Jiang,ITF Women Maanshan - QF,2026-10-02 02:00:00,0.5633852781106857,0.4366147218893143,0.6000000000000001,0.4739336492890995,75,2026-10-01 09:47:06,2026-10-01 09:46:05,2026-10-02 02:00:00,3748038316
desvignes|e|koyama|h,desvignes|e,koyama|h,Eva Marie Desvignes,Honori Koyama,ITF Women Maanshan - R16,2026-10-01 02:36:00,0.8685046484628998,0.13149535153710032,0.8968008255933954,0.16611295681063123,100,2026-09-30 11:38:32,2026-09-30 11:37:24,2026-10-01 02:36:00,3747107272
desvignes|e|okamura|k,desvignes|e,okamura|k,Eva Marie Desvignes,Kyoka Okamura,WTA Singapore - Qualifiers,2026-09-19 06:40:00,0.2445529667227038,0.7554470332772962,0.26666666666666666,0.7762863534675616,250,2026-09-18 23:56:03,2026-09-18 23:51:40,2026-09-19 06:40:00,3733581192
dhamne|m|durasovic|v,dhamne|m,durasovic|v,Manas Dhamne,Viktor Durasovic,ATP Challenger Mouilleron-Le-Captif - Qualifiers,2026-09-28 11:00:00,0.47885111898580046,0.5211488810141994,0.5073891625615764,0.5495495495495495,150,2026-09-27 23:09:35,2026-09-27 23:07:31,2026-09-28 10:40:05,3745147603
dhamne|m|janvier|m,dhamne|m,janvier|m,Manas Dhamne,Maxime Janvier,ATP Challenger Mouilleron-Le-Captif - Qualifiers,2026-09-27 12:55:43,0.5100040032032037,0.4899959967967964,0.5391705069124424,0.5192307692307692,75,2026-09-26 23:38:08,2026-09-26 23:34:53,2026-09-27 12:55:43,3743614707
dias|b|sharma|a,dias|b,sharma|a,Beatriz Dias,Astra Sharma,ITF Women Belem - R1,2026-09-22 18:00:00,0.0385747053143753,0.9614252946856247,0.06535947712418301,0.9774977497749775,150,2026-09-22 02:35:05,2026-09-22 02:34:47,2026-09-22 18:00:00,3738068088
dias|p|mena|f,dias|p,mena|f,Pedro Boscardin Dias,Facundo Mena,ATP Challenger Buenos Aires - SF,2026-09-26 17:30:00,0.3579432295220788,0.6420567704779213,0.37735849056603776,0.6610169491525424,200,2026-09-26 00:57:54,2026-09-26 00:56:29,2026-09-26 17:30:00,3741904398
dias|p|olivieri|g,dias|p,olivieri|g,Pedro Boscardin Dias,Genaro Alberto Olivieri,ATP Challenger Curitiba - R16,2026-10-01 20:00:00,0.5380673142239828,0.46193268577601715,0.5614035087719298,0.4854368932038835,500,2026-10-01 08:41:57,2026-10-01 08:30:36,2026-10-01 20:00:00,3747977469
dias|p|pagotto|v,dias|p,pagotto|v,Pedro Boscardin Dias,Victor Hugo Remondy Pagotto,ATP Challenger Curitiba - R1,2026-09-29 17:01:07,0.8257378494028048,0.17426215059719516,0.8500749625187406,0.20161290322580647,100,2026-09-29 08:35:41,2026-09-29 08:29:42,2026-09-29 17:01:07,3745915550
dias|p|ribeiro|e,dias|p,ribeiro|e,Pedro Boscardin Dias,Eduardo Ribeiro,ATP Challenger Buenos Aires - QF,2026-09-25 15:10:00,0.5219190387851586,0.47808096121484156,0.5412844036697247,0.49751243781094534,200,2026-09-25 01:01:04,2026-09-25 00:47:25,2026-09-25 15:10:00,3740895545
dias|p|roncadelli|f,dias|p,roncadelli|f,Pedro Boscardin Dias,Franco Roncadelli,ATP Challenger Buenos Aires - R16,2026-09-24 15:00:00,0.47167824884394405,0.5283217511560561,0.49504950495049505,0.5515695067264574,150,2026-09-24 08:29:12,2026-09-24 08:26:05,2026-09-24 16:00:00,3740205762
dias|p|taverna|s,dias|p,taverna|s,Pedro Boscardin Dias,Santiago Rodriguez Taverna,ATP Challenger Buenos Aires - R1,2026-09-22 15:23:23,0.6042979911565869,0.39570200884341317,0.6282527881040892,0.42016806722689076,150,2026-09-22 08:13:36,2026-09-22 08:07:02,2026-09-22 16:00:00,3738199882
dias|s|estevez|j,dias|s,estevez|j,Sabrina Dias,Josefina Estevez,ITF Women Sao Luis - R16,2026-09-17 14:32:21,0.22572323598280625,0.7742767640171937,0.2680965147453083,0.8116760828625235,150,2026-09-16 20:19:10,2026-09-16 20:17:06,2026-09-17 14:32:21,3731385201
dias|s|lopez|p,dias|s,lopez|p,Sabrina Dias,Paola Lopez,ITF Women Belem - R16,2026-09-24 15:00:00,0.3000761045132349,0.699923895486765,0.3389830508474576,0.7361477572559366,50,2026-09-24 01:10:36,2026-09-24 01:08:07,2026-09-24 15:00:00,3740029728
dias|s|rodrigues|b,dias|s,rodrigues|b,Sabrina Dias,Beatriz Nahmias Melo Rodrigues,ITF Women Belem - R1,2026-09-22 18:00:00,0.411221053645367,0.588778946354633,0.4444444444444444,0.6212121212121212,150,2026-09-22 02:35:05,2026-09-22 02:34:47,2026-09-22 19:00:00,3738067979
dias|t|voloshchuk|a,dias|t,voloshchuk|a,Teresa Franco Dias,Angelina Voloshchuk,WTA 125K Porto - R1,2026-09-22 10:00:00,0.01073976807615854,0.989260231923842,0.021482277121374866,0.9946601164094624,200,2026-09-22 01:50:44,2026-09-22 01:49:30,2026-09-22 10:00:00,3738049104
diatlova|k|pawlikowska|z,diatlova|k,pawlikowska|z,Kateryna Diatlova,Zuzanna Pawlikowska,ITF Women Hurghada - R16,2026-09-17 06:00:00,0.17824519368392308,0.821754806316077,0.21321961620469085,0.8520710059171597,100,2026-09-16 23:16:19,2026-09-16 23:13:04,2026-09-17 06:00:00,3731473681
diaz|e|giustino|l,diaz|e,giustino|l,Enrique Carrascosa Diaz,Lorenzo Giustino,ITF Men Sabadell - R1,2026-09-23 10:00:00,0.13440663853576038,0.8655933614642399,0.17421602787456444,0.8974358974358974,50,2026-09-23 02:47:33,2026-09-23 02:44:15,2026-09-23 10:00:00,3739025551
diaz|m|martin|t,diaz|m,martin|t,Maxi Carrascosa Diaz,Toby Martin,ITF Men Monastir - R1,2026-09-22 12:58:25,0.30045331460053815,0.6995466853994616,0.3389830508474576,0.7354497354497355,50,2026-09-21 21:04:55,2026-09-21 21:02:38,2026-09-22 12:58:25,3737958339
diaz|m|willwerth|b,diaz|m,willwerth|b,Maxi Carrascosa Diaz,Benjamin Willwerth,ITF Men Monastir - R16,2026-09-17 11:00:00,0.2003691041105568,0.7996308958894434,0.24038461538461536,0.8344370860927153,50,2026-09-16 23:50:28,2026-09-16 23:48:26,2026-09-17 11:00:00,3731499335
dickerson|r|fernandez|b,dickerson|r,fernandez|b,Ryan Dickerson,Bruno Fernandez,ATP Challenger Curitiba - R1,2026-09-29 15:00:00,0.3729356198329117,0.6270643801670884,0.3968253968253968,0.6503496503496503,150,2026-09-29 08:35:41,2026-09-29 08:29:42,2026-09-29 15:00:00,3745915232
dickerson|r|pereira|j,dickerson|r,pereira|j,Ryan Dickerson,Jose Pereira,ATP Challenger Curitiba - Qualifiers,2026-09-28 16:00:00,0.4460034229792222,0.5539965770207778,0.4739336492890995,0.5815899581589958,200,2026-09-28 01:43:49,2026-09-28 01:29:23,2026-09-28 16:00:00,3745224205
dickerson|r|vialle|h,dickerson|r,vialle|h,Ryan Dickerson,Henrique Pissetti Vialle,ATP Challenger Curitiba - Qualifiers,2026-09-27 16:43:22,0.8842196113361539,0.11578038866384613,0.9129677980852916,0.1524390243902439,50,2026-09-27 12:54:04,2026-09-27 12:49:15,2026-09-27 16:43:22,3744245479
dietrich|d|dinev|d,dietrich|d,dinev|d,Dylan Dietrich,Dinko Dinev,ATP Challenger San Diego - R1,2026-09-21 21:10:00,0.9387442542135433,0.06125574578645668,0.9582985821517932,0.08912655971479501,50,2026-09-21 12:29:34,2026-09-21 12:29:28,2026-09-21 22:10:00,3737688241
dietrich|d|fenty|a,dietrich|d,fenty|a,Dylan Dietrich,Andrew Fenty,ATP Challenger Columbus - R16,2026-09-30 15:00:00,0.800614914644489,0.19938508535551108,0.8233215547703181,0.2242152466367713,100,2026-09-30 09:05:29,2026-09-30 09:03:10,2026-09-30 15:00:00,3746977840
dietrich|d|searle|h,dietrich|d,searle|h,Dylan Dietrich,Henry Searle,ATP Challenger San Diego - QF,2026-09-26 00:15:00,0.5558317723023807,0.44416822769761943,0.574468085106383,0.4629629629629629,200,2026-09-24 17:30:02,2026-09-24 17:29:38,2026-09-26 01:15:00,3740613013
dietrich|d|smith|k,dietrich|d,smith|k,Dylan Dietrich,Keegan Smith,ATP Challenger San Diego - R16,2026-09-24 00:30:00,0.5113695120820447,0.4886304879179552,0.5348837209302326,0.5121951219512195,150,2026-09-23 09:15:35,2026-09-23 09:08:24,2026-09-24 00:04:57,3739237000
dietrich|d|wolf|j,dietrich|d,wolf|j,Dylan Dietrich,Jeffrey John Wolf,ATP Challenger Columbus - R1,2026-09-29 19:00:00,0.4085373044418874,0.5914626955581126,0.4329004329004329,0.6153846153846154,150,2026-09-29 08:35:41,2026-09-29 08:29:42,2026-09-29 17:45:33,3745916290
dilek|d|gasanova|a,dilek|d,gasanova|a,Deniz Dilek,Anastasia Gasanova,WTA 125K Ankara - QF,2026-09-25 14:30:00,0.15617771532791114,0.843822284672089,0.18348623853211007,0.8677248677248678,200,2026-09-24 23:39:29,2026-09-24 23:35:30,2026-09-25 13:44:39,3740859548
dilek|d|sierra|s,dilek|d,sierra|s,Deniz Dilek,Solana Sierra,WTA 125K Ankara - R1,2026-09-22 16:34:15,0.12988271854552627,0.8701172814544738,0.1592356687898089,0.8947368421052632,200,2026-09-21 15:45:42,2026-09-21 15:45:39,2026-09-22 16:34:15,3737790147
dimic|m|ligniere|e,dimic|m,ligniere|e,Matic Dimic,Edoardo Cherie Ligniere,ITF Men Telavi - R16,2026-09-24 08:00:00,0.18812799140375153,0.8118720085962483,0.22831050228310504,0.8463901689708141,50,2026-09-23 23:52:34,2026-09-23 23:52:34,2026-09-24 08:00:00,3739983163
dimic|m|rispoli|n,dimic|m,rispoli|n,Matic Dimic,Nicola Rispoli,ITF Men Telavi - QF,2026-10-01 06:44:06,0.23376479300288794,0.7662352069971118,0.26881720430107525,0.797979797979798,375,2026-09-30 23:57:06,2026-09-30 23:57:06,2026-10-01 06:44:06,3747750995
dimic|m|urankar|v,dimic|m,urankar|v,Matic Dimic,Vaal Urankar,ITF Men Telavi - R16,2026-09-30 07:00:00,0.7302421159117919,0.2697578840882081,0.7619047619047619,0.303951367781155,100,2026-09-30 01:44:03,2026-09-30 01:42:20,2026-09-30 07:00:00,3746766203
dimic|m|villoslada|e,dimic|m,villoslada|e,Matic Dimic,Edouard Villoslada,ITF Men Telavi - R1,2026-09-23 09:30:00,0.5535151614763931,0.44648483852360693,0.5850622406639003,0.47846889952153115,100,2026-09-23 05:41:44,2026-09-23 05:35:55,2026-09-23 09:30:00,3739094291
dimitrov|g|grenier|h,dimitrov|g,grenier|h,Grigor Dimitrov,Hugo Grenier,ATP Challenger Porto - R1,2026-09-28 09:00:00,0.797242895276086,0.20275710472391403,0.8158379373848987,0.22271714922048996,100,2026-09-27 23:43:39,2026-09-27 23:38:58,2026-09-28 09:00:00,3745171883
dimitrov|g|moller|e,dimitrov|g,moller|e,Grigor Dimitrov,Elmer Moller,Davis Cup World - Group 1,2026-09-18 14:30:00,0.8983145796608974,0.1016854203391023,0.9159663865546219,0.12254901960784313,250,2026-09-18 08:55:12,2026-09-18 08:53:52,2026-09-18 14:22:55,3732593446
dimitrov|g|rincon|d,dimitrov|g,rincon|d,Grigor Dimitrov,Daniel Rincon,ATP Challenger Porto - R1,2026-09-28 13:40:00,0.7819755661300084,0.21802443386999185,0.800796812749004,0.23809523809523808,150,2026-09-28 01:43:49,2026-09-28 01:40:04,2026-09-28 13:40:00,3745227390
dios|f|pereira|j,dios|f,pereira|j,Felipe De Dios,Jose Pereira,ITF Men Curitiba - R1,2026-09-23 15:00:00,0.2569882749154286,0.7430117250845715,0.29154518950437314,0.7747747747747747,100,2026-09-23 05:48:17,2026-09-23 05:48:17,2026-09-23 15:00:00,3739099779
dittmann|g|nesmianovych|a,dittmann|g,nesmianovych|a,Gina Marie Dittmann,Alina Nesmianovych,ITF Women Reims - R1,2026-09-30 09:56:00,0.8901614355279904,0.10983856447200932,0.9168053244592346,0.14367816091954022,225,2026-09-30 00:23:26,2026-09-30 00:17:47,2026-09-30 10:56:00,3746734276
djere|l|mikrut|l,djere|l,mikrut|l,Laslo Djere,Luka Mikrut,ATP Challenger Szczecin - R16,2026-09-16 20:00:00,0.6637875682208676,0.3362124317791324,0.6805111821086262,0.35335689045936397,2525,2026-09-16 19:13:15,2026-09-16 19:01:39,2026-09-16 19:50:41,3731298397
djere|l|mmoh|m,djere|l,mmoh|m,Laslo Djere,Michael Mmoh,ATP Challenger Porto - R1,2026-09-28 14:10:00,0.39916586536052356,0.6008341346394764,0.4184100418410042,0.6197718631178707,500,2026-09-28 08:37:07,2026-09-28 08:32:04,2026-09-28 14:10:00,3745331369
djere|l|rincon|d,djere|l,rincon|d,Laslo Djere,Daniel Rincon,ATP Challenger Porto - R16,2026-10-01 10:20:00,0.5935751338423917,0.40642486615760837,0.6124031007751938,0.425531914893617,200,2026-09-29 16:49:38,2026-09-29 16:44:43,2026-10-01 10:20:00,3746331327
djosic|n|lieberman|h,djosic|n,lieberman|h,Nikola Djosic,Henry Lieberman,ITF Men Ann Arbor - R1,2026-09-30 16:00:00,0.5777402406892596,0.4222597593107403,0.609375,0.45454545454545453,150,2026-09-30 01:44:03,2026-09-30 01:33:18,2026-09-30 15:26:26,3746757913
djoubri|s|monnot|a,djoubri|s,monnot|a,Salma Djoubri,Amandine Monnot,ITF Women Reims - R16,2026-10-01 13:30:00,0.177667271051115,0.8223327289488851,0.2127659574468085,0.8527245949926362,150,2026-10-01 00:33:09,2026-10-01 00:27:21,2026-10-01 13:30:00,3747757421
djuric|b|duhan|c,djuric|b,duhan|c,Branko Djuric,Chirag Duhan,ITF Men Sharm El Sheikh - QF,2026-09-25 07:00:00,0.8978951089348329,0.10210489106516703,0.9238964992389651,0.13568521031207598,150,2026-09-24 23:50:52,2026-09-24 23:50:52,2026-09-25 07:00:00,3740866778
djuric|b|safonov|a,djuric|b,safonov|a,Branko Djuric,Aristarkh Safonov,ITF Men Sharm El Sheikh - R16,2026-09-24 10:50:57,0.9169161390833299,0.08308386091667025,0.9408284023668639,0.11547344110854503,225,2026-09-24 01:10:36,2026-09-24 01:08:07,2026-09-24 10:50:57,3740029371
djuric|b|strombachs|r,djuric|b,strombachs|r,Branko Djuric,Robert Strombachs,ITF Men Sharm El Sheikh - SF,2026-09-26 08:00:00,0.5523759983316987,0.44762400166830135,0.5850622406639003,0.4807692307692307,150,2026-09-25 14:44:43,2026-09-25 14:44:20,2026-09-26 08:00:00,3741318998
dmitrichenko|y|katsumi|n,dmitrichenko|y,katsumi|n,Yekaterina Dmitrichenko,Nanari Katsumi,ITF Women Monastir - QF,2026-09-18 08:41:46,0.7674713542619456,0.23252864573805448,0.8031496062992126,0.2724795640326976,75,2026-09-17 20:23:35,2026-09-17 20:23:35,2026-09-18 11:00:00,3732325900
dmitrichenko|y|luciano|l,dmitrichenko|y,luciano|l,Yekaterina Dmitrichenko,Lavinia Luciano,ITF Women Monastir - SF,2026-09-19 11:00:00,0.7619401840137645,0.23805981598623552,0.7975708502024291,0.2777777777777778,75,2026-09-18 21:39:16,2026-09-18 21:35:50,2026-09-19 11:00:00,3733519581
dmitrichenko|y|mariani|m,dmitrichenko|y,mariani|m,Yekaterina Dmitrichenko,Matilde Mariani,ITF Women Monastir - Final,2026-09-20 08:46:09,0.682375473307084,0.317624526692916,0.7183098591549296,0.35587188612099646,75,2026-09-19 23:28:50,2026-09-19 23:25:50,2026-09-20 08:46:09,3735604141
dmitrichenko|y|mascoll|s,dmitrichenko|y,mascoll|s,Yekaterina Dmitrichenko,Savannah Dada-Mascoll,ITF Women Monastir - R16,2026-09-17 09:30:00,0.4037930428845616,0.5962069571154384,0.4366812227074236,0.6282527881040892,150,2026-09-17 02:38:53,2026-09-17 02:38:53,2026-09-17 09:30:00,3731589484
dodig|m|zverev|a,dodig|m,zverev|a,Matej Dodig,Alexander Zverev,Davis Cup - Qualifiers,2026-09-19 12:00:00,0.038333901148928526,0.9616660988510716,0.06053268765133172,0.9759326113116725,250,2026-09-19 02:35:48,2026-09-19 02:31:52,2026-09-19 12:00:00,3733685762
dodin|o|malygina|e,dodin|o,malygina|e,Oceane Dodin,Elena Malygina,WTA 125K Porto - R16,2026-09-23 11:00:00,0.6120125461177437,0.3879874538822563,0.635036496350365,0.41152263374485604,200,2026-09-22 17:43:26,2026-09-22 17:43:09,2026-09-23 10:09:43,3738666476
dolehide|c|fakih|k,dolehide|c,fakih|k,Caroline Dolehide,Kate Fakih,ITF Women Templeton - R16,2026-10-02 01:00:00,0.8574790156192267,0.1425209843807734,0.8898678414096916,0.18248175182481752,50,2026-10-01 08:17:30,2026-10-01 08:15:29,2026-10-02 01:00:00,3747971220
dolehide|c|frech|m,dolehide|c,frech|m,Caroline Dolehide,Magdalena Frech,WTA Guadalajara - R16,2026-09-16 20:00:00,0.3347888307744799,0.6652111692255201,0.3472222222222222,0.6774193548387096,5000,2026-09-16 19:13:15,2026-09-16 19:05:52,2026-09-16 19:14:22,3731314892
dolzhenkov|d|majdandzic|m,dolzhenkov|d,majdandzic|m,Dmitry Dolzhenkov,Marc Majdandzic,ITF Men Baku - QF,2026-09-25 07:00:00,0.13981960544440825,0.8601803945555918,0.1798561151079137,0.89247311827957,75,2026-09-24 23:25:39,2026-09-24 23:25:39,2026-09-25 06:09:37,3740851523
dolzhenkov|d|nordquist|a,dolzhenkov|d,nordquist|a,Dmitry Dolzhenkov,Arvid Nordquist,ITF Men Baku - SF,2026-09-26 08:00:00,0.06684024719664503,0.933159752803355,0.09784735812133072,0.95483288166215,250,2026-09-25 13:42:52,2026-09-25 13:42:52,2026-09-26 08:00:00,3741268163
domenc|m|jade|d,domenc|m,jade|d,Mathys Domenc,Daniel Jade,ATP Challenger St Tropez - Qualifiers,2026-09-21 08:00:00,0.29810079763244507,0.7018992023675551,0.3225806451612903,0.7252747252747253,100,2026-09-20 19:39:01,2026-09-20 19:38:03,2026-09-21 08:00:00,3737234030
domenc|m|ribecai|m,domenc|m,ribecai|m,Mathys Domenc,Michele Ribecai,ATP Challenger St Tropez - Qualifiers,2026-09-20 08:10:00,0.1419220242246943,0.8580779757753054,0.16891891891891891,0.8813760379596678,100,2026-09-20 02:27:54,2026-09-20 02:16:32,2026-09-20 08:10:00,3735746904
domenc|m|rossi|l,domenc|m,rossi|l,Mathys Domenc,Leonardo Rossi,ITF Men Nevers - R16,2026-09-17 09:14:29,0.3099722502990702,0.6900277497009296,0.3484320557491289,0.726027397260274,50,2026-09-16 23:16:19,2026-09-16 23:13:04,2026-09-17 09:14:29,3731475844
domingos|d|hernandez|c,domingos|d,hernandez|c,Daniel Domingos,Carles Hernandez,ITF Men Monastir - R16,2026-09-24 11:45:11,0.23832235380167008,0.7616776461983297,0.27322404371584696,0.793388429752066,225,2026-09-24 00:37:45,2026-09-24 00:33:24,2026-09-24 11:45:11,3740011273
domingos|d|ruggeri|s,domingos|d,ruggeri|s,Daniel Domingos,Samuel Vincent Ruggeri,ITF Men Monastir - R16,2026-09-17 08:43:38,0.2133219565479581,0.786678043452042,0.2531645569620253,0.82174688057041,50,2026-09-16 23:50:28,2026-09-16 23:48:26,2026-09-17 08:43:38,3731499088
domingues|j|geerts|m,domingues|j,geerts|m,Joao Domingues,Michael Geerts,ATP Challenger Porto - Qualifiers,2026-09-28 14:52:06,0.3291464873484519,0.6708535126515482,0.35335689045936397,0.6941896024464832,100,2026-09-28 01:43:49,2026-09-28 01:38:52,2026-09-28 14:52:06,3745226560
domingues|j|luque|r,domingues|j,luque|r,Joao Domingues,Rafael Izquierdo Luque,ITF Men Setubal - R1,2026-09-22 10:00:00,0.5661154407403086,0.4338845592596913,0.6031746031746031,0.4716981132075471,50,2026-09-22 01:50:44,2026-09-22 01:49:30,2026-09-22 10:00:00,3738049206
dominko|s|gima|s,dominko|s,gima|s,Sebastian Dominko,Sebastian Gima,ITF Men Slobozia - R1,2026-09-30 07:00:00,0.760622325452397,0.23937767454760303,0.7920997920997921,0.273972602739726,100,2026-09-29 00:52:22,2026-09-29 00:38:12,2026-09-30 07:00:00,3745754023
dominko|s|michnev|p,dominko|s,michnev|p,Sebastian Dominko,Petr Michnev,ITF Men Pardubice - R1,2026-09-23 12:00:47,0.8108602858688463,0.18913971413115382,0.8454404945904174,0.22935779816513766,50,2026-09-23 02:54:28,2026-09-23 02:54:22,2026-09-23 12:00:47,3739028761
dominko|s|molleker|r,dominko|s,molleker|r,Sebastian Dominko,Rudolf Molleker,ITF Men Pardubice - QF,2026-09-26 08:30:00,0.45827062280722264,0.5417293771927775,0.49504950495049505,0.5780590717299579,75,2026-09-25 23:44:01,2026-09-25 23:41:00,2026-09-26 07:40:57,3741875149
donald|m|giustino|l,donald|m,giustino|l,Matthew William Donald,Lorenzo Giustino,ATP Challenger Bari - R16,2026-10-01 11:30:00,0.4784669240096356,0.5215330759903644,0.5024875621890548,0.5454545454545454,150,2026-09-30 16:40:42,2026-09-30 16:39:20,2026-10-01 11:30:00,3747355936
donald|m|sakellaridis|d,donald|m,sakellaridis|d,Matthew William Donald,Dimitris Sakellaridis,ATP Challenger Bari - Qualifiers,2026-09-28 12:00:00,0.7696297466665157,0.2303702533334843,0.7971602434077079,0.2604166666666667,450,2026-09-27 22:30:52,2026-09-27 22:28:16,2026-09-28 12:00:00,3745127946
donald|m|wallin|o,donald|m,wallin|o,Matthew William Donald,Olle Wallin,ATP Challenger Bari - R1,2026-09-29 08:15:10,0.47167824884394405,0.5283217511560561,0.49504950495049505,0.5515695067264574,150,2026-09-28 21:28:47,2026-09-28 21:21:54,2026-09-29 08:15:10,3745708865
dong|c|ochi|m,dong|c,ochi|m,Chen Dong,Makoto Ochi,ITF Men Darwin - R1,2026-09-30 06:30:00,0.38687670471857805,0.613123295281422,0.42016806722689076,0.6453900709219857,150,2026-09-29 02:48:34,2026-09-29 02:48:34,2026-09-30 06:30:00,3745788627
dong|c|sinclair|c,dong|c,sinclair|c,Chen Dong,Colin Sinclair,ITF Men Darwin - R16,2026-10-01 07:00:00,0.3099722502990702,0.6900277497009296,0.3484320557491289,0.726027397260274,50,2026-09-30 23:38:49,2026-09-30 23:31:36,2026-10-01 07:00:00,3747735130
dong|z|ferguson|c,dong|z,ferguson|c,Zhenxiong Dong,Chase Ferguson,ITF Men Guiyang - R16,2026-09-17 06:10:00,0.12679882279274407,0.8732011772072559,0.16129032258064516,0.9011857707509882,225,2026-09-16 19:13:15,2026-09-16 19:01:39,2026-09-17 05:17:01,3730892356
donnet|e|ogunsakin|o,donnet|e,ogunsakin|o,Etienne Donnet,Oluwaseun Peter Ogunsakin,ITF Men Monastir - R16,2026-09-24 10:45:55,0.8619593965159558,0.1380406034840443,0.8905908096280087,0.17271157167530224,225,2026-09-24 00:37:45,2026-09-24 00:33:24,2026-09-24 10:45:55,3740010881
donnet|e|reco|a,donnet|e,reco|a,Etienne Donnet,Alexandre Reco,ITF Men Nevers - QF,2026-09-18 10:00:00,0.43198850329080457,0.5680114967091954,0.4694835680751174,0.6047430830039526,75,2026-09-17 19:56:25,2026-09-17 19:56:10,2026-09-18 11:00:00,3732306333
donnet|e|ruggeri|s,donnet|e,ruggeri|s,Etienne Donnet,Samuel Vincent Ruggeri,ITF Men Monastir - SF,2026-09-26 11:00:00,0.40927758882339127,0.5907224111766091,0.4464285714285714,0.626865671641791,75,2026-09-25 23:50:22,2026-09-25 23:47:16,2026-09-26 08:43:24,3741880062
donski|a|quilez|a,donski|a,quilez|a,Alexander Donski,Alejo Sanchez Quilez,ATP Challenger Porto - Qualifiers,2026-09-27 11:05:00,0.3003022355206178,0.6996977644793823,0.3246753246753247,0.7229916897506925,100,2026-09-26 23:50:41,2026-09-26 23:49:58,2026-09-27 10:14:03,3743621589
dotsenko|e|kurt|i,dotsenko|e,kurt|i,Ekaterina Dotsenko,Irem Kurt,ITF Women Monastir - R1,2026-09-30 09:30:00,0.6591817043936612,0.3408182956063388,0.691358024691358,0.37453183520599254,150,2026-09-29 19:13:01,2026-09-29 19:07:23,2026-09-30 09:30:00,3746509026
dotsenko|e|medvedeva|m,dotsenko|e,medvedeva|m,Ekaterina Dotsenko,Miroslava Medvedeva,ITF Women Monastir - R1,2026-09-23 09:30:00,0.936863355085185,0.063136644914815,0.9579301640723601,0.09372071227741331,225,2026-09-23 03:37:04,2026-09-23 03:34:33,2026-09-23 09:30:00,3739048212
dotsenko|e|ruchkina|k,dotsenko|e,ruchkina|k,Ekaterina Dotsenko,Kseniia Ruchkina,ITF Women Monastir - SF,2026-09-26 09:30:00,0.6118119512212645,0.38818804877873564,0.647887323943662,0.425531914893617,75,2026-09-26 05:10:42,2026-09-26 05:10:02,2026-09-26 08:42:00,3742039234
dougaz|a|komagata|r,dougaz|a,komagata|r,Aziz Dougaz,Reiya Komagata,ITF Men Yinchuan - R1,2026-09-23 03:08:00,0.9781586353040888,0.02184136469591098,0.990322268460273,0.04854368932038835,50,2026-09-22 12:47:51,2026-09-22 12:38:50,2026-09-23 03:08:00,3738420342
dourado|j|estevez|j,dourado|j,estevez|j,Jennifer Rosa Dourado,Josefina Estevez,ITF Women Belem - QF,2026-09-25 19:57:36,0.1243666844605712,0.8756333155394289,0.1639344262295082,0.9067164179104477,75,2026-09-17 21:29:43,2026-09-17 21:26:45,2026-09-25 19:57:36,3732355729
dourado|j|ferreira|g,dourado|j,ferreira|g,Jennifer Rosa Dourado,Giulia Gomes Ferreira,ITF Women Belem - R16,2026-09-24 15:00:00,0.7187629341985254,0.2812370658014743,0.7506234413965087,0.31545741324921134,150,2026-09-24 01:33:28,2026-09-24 01:29:40,2026-09-24 15:00:00,3740043414
dourado|j|sanchez|m,dourado|j,sanchez|m,Jennifer Rosa Dourado,Maria Jose Rico Sanchez,ITF Women Belem - R1,2026-09-22 22:12:02,0.973714268165777,0.026285731834222847,0.9863499863499864,0.05002501250625313,150,2026-09-22 07:01:11,2026-09-22 06:59:29,2026-09-22 22:12:02,3738164686
dourado|j|soares|m,dourado|j,soares|m,Jennifer Rosa Dourado,Mariana Soares,ITF Women Sao Luis - R16,2026-09-17 13:00:00,0.7156524830012185,0.28434751699878147,0.7474747474747475,0.3184713375796178,200,2026-09-16 19:13:15,2026-09-16 19:01:39,2026-09-17 13:00:00,3731272272
draxl|l|kennedy|j,draxl|l,kennedy|j,Liam Draxl,Jack Kennedy,ATP Challenger San Diego - R1,2026-09-22 19:30:00,0.7268376744851951,0.2731623255148049,0.75,0.2976190476190476,150,2026-09-22 08:48:09,2026-09-22 08:47:18,2026-09-22 19:30:00,3738235889
draxl|l|rinderknech|a,draxl|l,rinderknech|a,Liam Draxl,Arthur Rinderknech,Davis Cup - Qualifiers,2026-09-18 22:16:00,0.2278463235155675,0.7721536764844328,0.25252525252525254,0.7950819672131147,100,2026-09-18 08:26:12,2026-09-18 08:26:12,2026-09-18 21:21:53,3732574925
draxl|l|searle|h,draxl|l,searle|h,Liam Draxl,Henry Searle,ATP Challenger San Diego - R16,2026-09-23 19:00:00,0.575150105994818,0.42484989400518214,0.5983935742971888,0.4484304932735426,150,2026-09-23 07:48:24,2026-09-23 07:46:22,2026-09-23 18:13:27,3739165483
drayton|t|gretskiy|i,drayton|t,gretskiy|i,Thomas Drayton,Ivan Gretskiy,ITF Men Baku - R1,2026-09-22 07:30:00,0.2851691200872029,0.7148308799127969,0.3194888178913738,0.7468354430379747,150,2026-09-21 21:19:37,2026-09-21 21:17:44,2026-09-22 07:30:00,3737964788
droguet|t|gojo|b,droguet|t,gojo|b,Titouan Droguet,Borna Gojo,ATP Challenger St Tropez - R16,2026-09-23 16:30:00,0.6155139743582401,0.38448602564175977,0.6323529411764706,0.4016064257028112,250,2026-09-18 01:38:45,2026-09-18 01:32:36,2026-09-23 16:30:00,3732435774
droguet|t|lajal|m,droguet|t,lajal|m,Titouan Droguet,Mark Lajal,ATP Challenger St Tropez - QF,2026-09-25 17:30:00,0.515130120777729,0.48486987922227104,0.5327102803738317,0.5024875621890548,250,2026-09-24 17:30:02,2026-09-24 17:29:38,2026-09-25 17:16:36,3740603967
droguet|t|mayot|h,droguet|t,mayot|h,Titouan Droguet,Harold Mayot,ATP Challenger St Tropez - Final,2026-09-27 13:30:00,0.610309914622693,0.3896900853773069,0.626865671641791,0.4065040650406504,250,2026-09-26 20:28:52,2026-09-26 20:27:01,2026-09-27 12:46:24,3743479157
droguet|t|poling|k,droguet|t,poling|k,Titouan Droguet,Karl Poling,ATP Challenger St Tropez - R1,2026-09-22 12:00:00,0.9133624790673072,0.08663752093269303,0.9332443257676902,0.111731843575419,100,2026-09-21 18:08:25,2026-09-21 18:01:30,2026-09-22 11:14:25,3737864977
droguet|t|prizmic|d,droguet|t,prizmic|d,Titouan Droguet,Dino Prizmic,ATP Challenger St Tropez - SF,2026-09-26 14:45:00,0.4216359527660841,0.5783640472339159,0.43859649122807015,0.5951417004048584,250,2026-09-25 23:56:02,2026-09-25 23:51:34,2026-09-26 14:44:08,3741881199
droguet|t|rincon|d,droguet|t,rincon|d,Titouan Droguet,Daniel Rincon,ATP Challenger Rennes - R16,2026-09-17 19:30:00,0.7647731382758315,0.2352268617241685,0.7835497835497836,0.25510204081632654,200,2026-09-17 07:53:15,2026-09-17 07:51:36,2026-09-17 19:30:00,3731708176
droguet|t|wayenburg|s,droguet|t,wayenburg|s,Titouan Droguet,Sascha Gueymard Wayenburg,ATP Challenger Rennes - SF,2026-09-19 13:30:00,0.6793416944561926,0.32065830554380736,0.6960486322188449,0.33783783783783783,250,2026-09-19 01:51:39,2026-09-19 01:37:18,2026-09-19 13:30:00,3733651599
drugdova|s|menendez|e,drugdova|s,menendez|e,Salma Drugdova,Eugenia Zozaya Menendez,ITF Women Nashville - R1,2026-09-29 18:19:00,0.37821639223493914,0.6217836077650608,0.41152263374485604,0.6539792387543253,225,2026-09-29 07:00:13,2026-09-29 06:58:36,2026-09-29 18:24:00,3745867528
drugdova|s|moreno|c,drugdova|s,moreno|c,Salma Drugdova,Carlota Moreno,ITF Women Nashville - R16,2026-10-01 14:00:00,0.26124247981096815,0.7387575201890316,0.2958579881656805,0.7706422018348623,150,2026-10-01 00:33:09,2026-10-01 00:27:21,2026-10-01 14:00:00,3747760773
duckworth|j|kasnikowski|m,duckworth|j,kasnikowski|m,James Duckworth,Maks Kasnikowski,Davis Cup World - Group 1,2026-09-20 07:42:00,0.6478940619400291,0.352105938059971,0.6644295302013422,0.36900369003690037,250,2026-09-19 14:27:29,2026-09-19 14:27:09,2026-09-20 07:42:00,3734521401
duckworth|j|majchrzak|k,duckworth|j,majchrzak|k,James Duckworth,Kamil Majchrzak,Davis Cup World - Group 1,2026-09-19 05:30:00,0.3881737080695805,0.6118262919304195,0.40485829959514175,0.6282527881040892,250,2026-09-18 13:37:56,2026-09-18 13:32:47,2026-09-19 04:41:15,3732700783
duckworth|j|sonego|l,duckworth|j,sonego|l,James Duckworth,Lorenzo Sonego,ATP Chengdu Open - R1,2026-09-24 07:42:42,0.4297468365297971,0.5702531634702028,0.4464285714285714,0.5867768595041323,250,2026-09-22 09:22:06,2026-09-22 09:18:23,2026-09-24 07:42:42,3738258082
duckworth|j|te|r,duckworth|j,te|r,James Duckworth,Rigele Te,ATP Beijing - Qualifiers,2026-09-28 04:05:00,0.903104603279331,0.09689539672066887,0.9254287844891871,0.125,250,2026-09-27 23:21:05,2026-09-27 23:13:32,2026-09-28 04:05:00,3745153945
duda|a|gundacker|j,duda|a,gundacker|j,Adam Duda,Jonas Gundacker,ITF Men Pardubice - R1,2026-09-22 07:30:00,0.1641482863856129,0.8358517136143868,0.19920318725099603,0.8657718120805369,100,2026-09-22 02:13:41,2026-09-22 02:09:42,2026-09-22 07:30:00,3738056096
dudeney|a|klimovicova|l,dudeney|a,klimovicova|l,Alicia Dudeney,Linda Klimovicova,ITF Women Quinta Do Lago - R16,2026-10-01 10:30:00,0.41617172865703983,0.5838282713429602,0.4484304932735426,0.6153846153846154,225,2026-10-01 00:33:09,2026-10-01 00:27:21,2026-10-01 10:30:00,3747762975
dudeney|a|pavlova|k,dudeney|a,pavlova|k,Alicia Dudeney,Kira Pavlova,ITF Women Quinta Do Lago - R1,2026-09-30 12:39:00,0.5374428461079285,0.4625571538920716,0.574468085106383,0.5,50,2026-09-29 02:57:29,2026-09-29 02:54:06,2026-09-30 12:39:00,3745788443
dugardin|r|nagel|a,dugardin|r,nagel|a,Remy Dugardin,Arthur Nagel,ITF Men Forbach - R1,2026-09-23 09:33:13,0.15875393352277362,0.8412460664772264,0.19379844961240308,0.8709677419354839,150,2026-09-23 05:48:17,2026-09-23 05:48:17,2026-09-23 09:33:13,3739099779
dugardin|r|ouakaa|a,dugardin|r,ouakaa|a,Remy Dugardin,Aziz Ouakaa,ITF Men Monastir - R16,2026-10-01 09:30:00,0.39594322428567674,0.6040567757143233,0.4291845493562232,0.6363636363636364,225,2026-10-01 01:24:54,2026-10-01 01:12:40,2026-10-01 09:30:00,3747781852
duhan|c|elsayed|a,duhan|c,elsayed|a,Chirag Duhan,Amr Elsayed,ITF Men Sharm El Sheikh - R1,2026-09-23 09:00:00,0.402858395493925,0.597141604506075,0.44052863436123346,0.6336996336996338,50,2026-09-23 02:32:42,2026-09-23 02:29:09,2026-09-23 08:37:58,3739017170
duhan|c|hurrion|m,duhan|c,hurrion|m,Chirag Duhan,Millen Hurrion,ITF Men Hurghada - QF,2026-09-18 06:00:00,0.11851002656721829,0.8814899734327815,0.1579778830963665,0.9121265377855887,75,2026-09-17 17:39:44,2026-09-17 17:35:54,2026-09-18 06:00:00,3732159364
duhan|c|karthik|p,duhan|c,karthik|p,Chirag Duhan,Pranav Karthik,ITF Men Hurghada - R16,2026-09-17 09:00:00,0.7206885344210934,0.2793114655789067,0.7524752475247525,0.31347962382445144,100,2026-09-16 23:39:23,2026-09-16 23:39:23,2026-09-17 09:00:00,3731491614
dullinger|v|rathi|a,dullinger|v,rathi|a,Vincent Dullinger,Arjun Rathi,ITF Men Monastir - R1,2026-09-30 09:30:00,0.6663996260468822,0.3336003739531179,0.6987951807228916,0.36764705882352944,150,2026-09-30 01:44:03,2026-09-30 01:33:18,2026-09-30 09:30:00,3746759877
dumitru|k|jaeger|e,dumitru|k,jaeger|e,Karina Elena Gabriela Dumitru,Estella Jaeger,ITF Women Constanta - R1,2026-09-23 07:00:00,0.5374428461079285,0.4625571538920716,0.574468085106383,0.5,50,2026-09-22 23:16:19,2026-09-22 23:12:53,2026-09-23 07:00:00,3738919455
durand|y|hudd|e,durand|y,hudd|e,Yanis Ghazouani Durand,Emile Hudd,ATP Challenger Mouilleron-Le-Captif - Qualifiers,2026-09-27 15:59:00,0.6352735283600038,0.3647264716399962,0.6632996632996633,0.39370078740157477,75,2026-09-26 23:38:08,2026-09-26 23:34:53,2026-09-27 15:55:54,3743616194
durand|y|kjaer|n,durand|y,kjaer|n,Yanis Ghazouani Durand,Nicolai Budkov Kjaer,ATP Challenger Mouilleron-Le-Captif - R1,2026-09-29 12:30:00,0.21377951419040786,0.7862204858095921,0.23866348448687355,0.8091603053435115,150,2026-09-29 02:02:52,2026-09-29 01:53:42,2026-09-29 12:30:00,3745776973
durand|y|maestrelli|f,durand|y,maestrelli|f,Yanis Ghazouani Durand,Francesco Maestrelli,ATP Challenger Rennes - R16,2026-09-17 12:00:00,0.29286527816354596,0.707134721836454,0.3125,0.726027397260274,200,2026-09-16 23:31:54,2026-09-16 23:28:09,2026-09-17 11:52:21,3731486110
durand|y|poling|k,durand|y,poling|k,Yanis Ghazouani Durand,Karl Poling,ATP Challenger St Tropez - Qualifiers,2026-09-20 13:33:38,0.6141945389920542,0.38580546100794577,0.6376811594202898,0.4098360655737705,100,2026-09-20 02:27:54,2026-09-20 02:16:32,2026-09-20 14:30:00,3735747662
durand|y|rossi|l,durand|y,rossi|l,Yanis Ghazouani Durand,Leonardo Rossi,ATP Challenger Mouilleron-Le-Captif - Qualifiers,2026-09-28 12:30:00,0.6130382626322912,0.3869617373677087,0.6402877697841727,0.41493775933609955,150,2026-09-27 23:09:35,2026-09-27 23:07:31,2026-09-28 12:30:00,3745145655
duran|a|molteni|g,duran|a,molteni|g,Arda Azkara / Tuncay Duran,Guido Andreozzi / Andres Molteni,Davis Cup - Doubles,2026-09-20 14:00:00,0.10593419781420431,0.8940658021857958,0.1402524544179523,0.9207606973058637,150,2026-09-20 10:01:15,2026-09-20 10:01:15,2026-09-20 14:00:00,3736043400
duran|t|liu|l,duran|t,liu|l,Tuncay Duran,Lucca Liu,ITF Men Monastir - R1,2026-09-29 13:33:54,0.6654365417888054,0.33456345821119454,0.696969696969697,0.36764705882352944,100,2026-09-28 16:47:30,2026-09-28 16:47:30,2026-09-29 13:33:54,3745579222
dvalishvili|l|pawlikowska|z,dvalishvili|l,pawlikowska|z,Liana Dvalishvili,Zuzanna Pawlikowska,ITF Women Sharm El Sheikh - R1,2026-09-23 06:30:00,0.05599193398089106,0.9440080660191091,0.08084074373484236,0.9615384615384615,350,2026-09-23 00:58:42,2026-09-23 00:58:34,2026-09-23 06:30:00,3738971451
dzumhur|d|echargui|m,dzumhur|d,echargui|m,Damir Dzumhur,Moez Echargui,ATP Challenger Porto - R1,2026-09-30 16:10:00,0.5808253847227155,0.41917461527728456,0.6000000000000001,0.43859649122807015,150,2026-09-27 23:50:36,2026-09-27 23:43:44,2026-09-30 16:20:00,3745174575
eala|a|prozorova|t,eala|a,prozorova|t,Alexandra Eala,Tatiana Prozorova,WTA Singapore - R16,2026-09-24 10:45:00,0.8090373463882742,0.19096265361172599,0.8230088495575221,0.20576131687242802,300,2026-09-22 17:20:30,2026-09-22 17:10:35,2026-09-24 10:44:59,3738639154
ebster|a|herazo|m,ebster|a,herazo|m,Anna Lena Ebster,Maria Herazo,ITF Women Constanta - R1,2026-09-23 07:00:00,0.13736023379924642,0.8626397662007536,0.1773049645390071,0.8947368421052632,50,2026-09-22 14:57:03,2026-09-22 14:54:43,2026-09-23 07:00:00,3738534905
echargui|m|masur|d,echargui|m,masur|d,Moez Echargui,Daniel Masur,ATP Challenger St Tropez - R1,2026-09-22 11:00:00,0.5498153554480024,0.4501846445519977,0.5689655172413793,0.4694835680751174,150,2026-09-22 03:24:37,2026-09-22 03:20:06,2026-09-22 11:00:00,3738080839
echargui|m|poling|k,echargui|m,poling|k,Moez Echargui,Karl Poling,ATP Challenger St Tropez - Qualifiers,2026-09-21 10:45:00,0.7381068137493085,0.26189318625069147,0.7613365155131264,0.28653295128939826,100,2026-09-20 19:44:33,2026-09-20 19:42:08,2026-09-21 10:23:02,3737243514
echargui|m|potenza|l,echargui|m,potenza|l,Moez Echargui,Luca Potenza,ATP Challenger St Tropez - Qualifiers,2026-09-20 13:17:55,0.6527040012937384,0.3472959987062616,0.6763754045307443,0.3717472118959108,100,2026-09-20 02:27:54,2026-09-20 02:16:32,2026-09-20 14:10:00,3735747662
echazu|m|osorio|j,echazu|m,osorio|j,Mauricio Echazu,Juan Sebastian Osorio,ITF Men Curitiba - R16,2026-09-24 12:00:00,0.33569851849681326,0.6643014815031867,0.36900369003690037,0.6960486322188449,100,2026-09-24 00:37:45,2026-09-24 00:33:24,2026-09-24 12:00:00,3740011137
echazu|m|schenekenberg|g,echazu|m,schenekenberg|g,Mauricio Echazu,Gabriel Schenekenberg,ITF Men Curitiba - R1,2026-09-22 14:00:00,0.5722741586398361,0.4277258413601639,0.6047430830039526,0.4608294930875576,225,2026-09-22 10:20:42,2026-09-22 10:19:43,2026-09-22 14:00:00,3738306966
echeverria|j|prata|v,echeverria|j,prata|v,John Echeverria,Vasco Leote Prata,ITF Men Sintra - R16,2026-09-17 09:16:54,0.8002006723560329,0.19979932764396735,0.834983498349835,0.23980815347721823,50,2026-09-16 23:16:19,2026-09-16 23:13:04,2026-09-17 09:16:54,3731474607
echeverria|j|tabacco|g,echeverria|j,tabacco|g,John Echeverria,Giorgio Tabacco,ITF Men Sintra - QF,2026-09-18 11:00:00,0.6161033283925021,0.3838966716074979,0.6527777777777778,0.42194092827004215,75,2026-09-17 20:06:51,2026-09-17 20:02:52,2026-09-18 09:05:13,3732313181
echeverria|j|verwerft|l,echeverria|j,verwerft|l,John Echeverria,Lars Goran Verwerft,ITF Men Monastir - R1,2026-09-30 09:30:00,0.8158023263168764,0.18419767368312356,0.8463901689708141,0.21929824561403508,225,2026-09-30 01:44:03,2026-09-30 01:33:18,2026-09-30 08:44:30,3746762758
efremova|a|sedysheva|a,efremova|a,sedysheva|a,Anastasia Efremova,Anna Sedysheva,ITF Women Sharm El Sheikh - R1,2026-09-23 09:00:00,0.5781824587455222,0.42181754125447785,0.6062992125984252,0.4504504504504505,350,2026-09-23 03:24:41,2026-09-23 03:15:47,2026-09-23 09:00:00,3739041861
efremova|k|hatouka|y,efremova|k,hatouka|y,Ksenia Efremova,Yuliya Hatouka,ITF Women Sharm El Sheikh - R16,2026-09-24 07:30:00,0.775250885825255,0.22474911417474516,0.8106060606060607,0.2645502645502646,50,2026-09-23 23:34:21,2026-09-23 23:32:41,2026-09-24 07:30:00,3739973709
efremova|k|kubka|m,efremova|k,kubka|m,Ksenia Efremova,Martyna Kubka,WTA 125K Adana - R1,2026-09-28 13:45:00,0.3396482768066036,0.6603517231933964,0.36363636363636365,0.6835443037974683,200,2026-09-28 01:43:49,2026-09-28 01:38:52,2026-09-28 13:45:00,3745226865
egorova|d|ercan|m,egorova|d,ercan|m,Daria Egorova,Melisa Ercan,WTA 125K Ankara - Qualifiers,2026-09-21 08:10:00,0.8079076464722905,0.19209235352770956,0.8305084745762712,0.2169197396963124,200,2026-09-20 16:45:19,2026-09-20 16:36:54,2026-09-21 08:10:00,3736914933
egorova|d|pridankina|e,egorova|d,pridankina|e,Daria Egorova,Elena Pridankina,WTA 125K Ankara - R1,2026-09-22 09:00:00,0.3265023454604076,0.6734976545395924,0.3508771929824561,0.696969696969697,200,2026-09-22 01:50:44,2026-09-22 01:49:30,2026-09-22 08:14:45,3738046095
egorova|d|sidorova|k,egorova|d,sidorova|k,Daria Egorova,Kristiana Sidorova,WTA 125k Jingshan - R1,2026-09-29 05:36:05,0.5706560695337817,0.42934393046621827,0.5934959349593496,0.45248868778280543,200,2026-09-28 15:52:30,2026-09-28 15:49:48,2026-09-29 05:36:05,3745540734
ehab|m|jubb|p,ehab|m,jubb|p,Marwan Ehab,Paul Jubb,ITF Men Sharm El Sheikh - R16,2026-09-24 09:00:00,0.029833905800659418,0.97016609419934,0.05920663114268798,0.9851961509992597,50,2026-09-23 23:52:34,2026-09-23 23:52:34,2026-09-24 09:00:00,3739984417
ehab|m|senn|n,ehab|m,senn|n,Marwan Ehab,Nicola Senn,ITF Men Sharm El Sheikh - R1,2026-09-23 09:00:00,0.40122282308850266,0.5987771769114975,0.43859649122807015,0.635036496350365,50,2026-09-23 02:32:42,2026-09-23 02:32:42,2026-09-23 09:00:00,3739019413
ehrenschneider|n|ferguson|c,ehrenschneider|n,ferguson|c,Nino Ehrenschneider,Chase Ferguson,ITF Men Yinchuan - R1,2026-09-23 02:11:16,0.5611628006113627,0.4388371993886373,0.5934959349593496,0.4716981132075471,100,2026-09-22 12:47:51,2026-09-22 12:38:50,2026-09-23 02:11:16,3738424258
ehrenschneider|n|herzeele|j,ehrenschneider|n,herzeele|j,Nino Ehrenschneider,James Van Herzeele,ITF Men Luan - R16,2026-10-01 03:00:00,0.8113418624432657,0.1886581375567346,0.8420221169036335,0.22371364653243844,150,2026-09-30 11:38:32,2026-09-30 11:37:24,2026-10-01 03:00:00,3747108901
ehrenschneider|n|ichikawa|t,ehrenschneider|n,ichikawa|t,Nino Ehrenschneider,Taisei Ichikawa,ITF Men Luan - QF,2026-10-02 04:00:00,0.7076305977899292,0.29236940221007063,0.7435897435897436,0.33112582781456956,75,2026-10-01 09:47:06,2026-10-01 09:46:05,2026-10-02 04:00:00,3748041513
ehrenschneider|n|masabayashi|t,ehrenschneider|n,masabayashi|t,Nino Ehrenschneider,Tomohiro Masabayashi,ITF Men Luan - R1,2026-09-30 05:00:00,0.9189748812209694,0.08102511877903065,0.9453253143794424,0.11848341232227487,50,2026-09-29 23:30:16,2026-09-29 23:28:51,2026-09-30 05:00:00,3746716855
ehrenschneider|n|wang|k,ehrenschneider|n,wang|k,Nino Ehrenschneider,Kai I Wang,ITF Men Guiyang - R16,2026-09-17 05:16:00,0.889774197083059,0.11022580291694109,0.9164578111946533,0.1440922190201729,225,2026-09-16 19:13:15,2026-09-16 19:01:39,2026-09-17 04:24:36,3730976162
eikeri|u|lepchenko|v,eikeri|u,lepchenko|v,Ulrikke Eikeri,Varvara Lepchenko,WTA Beijing - Qualifiers,2026-09-28 09:00:00,0.03881362661421293,0.9611863733857872,0.06108735491753208,0.9755501222493889,250,2026-09-27 23:38:13,2026-09-27 23:37:56,2026-09-28 09:00:00,3745166393
eikeri|u|yamaguchi|m,eikeri|u,yamaguchi|m,Ulrikke Eikeri,Mei Yamaguchi,WTA Singapore - Qualifiers,2026-09-19 08:40:00,0.12870465522657054,0.871295344773429,0.15552099533437014,0.8940677966101694,250,2026-09-18 23:56:03,2026-09-18 23:54:38,2026-09-19 08:46:28,3733584316
elesin|m|krivoshchekov|m,elesin|m,krivoshchekov|m,Makar Elesin,Makar Krivoshchekov,ITF Men Baku - R1,2026-09-30 08:00:00,0.2916396846099301,0.70836031539007,0.32573289902280134,0.7402597402597403,225,2026-09-30 01:44:03,2026-09-30 01:33:18,2026-09-30 08:00:00,3746759877
elkady|j|smirnova|k,elkady|j,smirnova|k,Joody Elkady,Ksenia Smirnova,ITF Women Sharm El Sheikh - R1,2026-09-23 06:30:00,0.13475306951267257,0.8652469304873271,0.16420361247947454,0.8901098901098901,350,2026-09-23 00:58:42,2026-09-23 00:58:34,2026-09-23 06:30:00,3738970950
ellis|b|mehrotra|a,ellis|b,mehrotra|a,Blake Ellis,Arjun Mehrotra,ITF Men Darwin - R1,2026-09-30 07:00:00,0.8654038771430536,0.13459612285694655,0.8973305954825461,0.17452006980802792,50,2026-09-29 23:39:15,2026-09-29 23:32:28,2026-09-30 06:58:31,3746719098
ellis|b|simakin|i,ellis|b,simakin|i,Blake Ellis,Ilia Simakin,ATP Challenger Phan Thiet - R16,2026-09-17 04:50:00,0.2536057932821687,0.7463942067178314,0.29069767441860467,0.7802197802197802,500,2026-09-16 19:13:15,2026-09-16 19:05:52,2026-09-17 04:50:00,3731314581
encheva|l|ivanova|i,encheva|l,ivanova|i,Lidia Encheva,Iva Ivanova,ITF Women Plovdiv - R1,2026-09-23 10:46:14,0.7686604038678058,0.2313395961321942,0.8,0.26595744680851063,150,2026-09-22 14:20:58,2026-09-22 14:10:56,2026-09-23 10:46:14,3738503785
encheva|l|koning|l,encheva|l,koning|l,Lidia Encheva,Loes Ebeling Koning,ITF Women Pazardzhik - QF,2026-09-17 09:00:00,0.41516388890209943,0.5848361110979006,0.45248868778280543,0.6212121212121212,75,2026-09-16 23:16:19,2026-09-16 23:13:04,2026-09-17 08:49:31,3731475612
encheva|l|sakellaridi|s,encheva|l,sakellaridi|s,Lidia Encheva,Sapfo Sakellaridi,ITF Women Plovdiv - R16,2026-09-24 09:58:01,0.7799880681688924,0.2200119318311075,0.8151571164510166,0.2597402597402597,50,2026-09-23 23:47:04,2026-09-23 23:43:27,2026-09-24 09:58:01,3739978494
encheva|l|yaneva|e,encheva|l,yaneva|e,Lidia Encheva,Elizara Yaneva,ITF Women Plovdiv - QF,2026-09-25 09:00:00,0.22619945811369863,0.7738005418863014,0.26595744680851063,0.8091603053435115,75,2026-09-24 17:56:13,2026-09-24 17:56:13,2026-09-25 09:00:00,3740629601
ercan|e|mert|a,ercan|e,mert|a,Elena Ruxandra Bertea / Melisa Ercan,Ayla Aksu / Aysegul Mert,WTA 125K Adana - Doubles,2026-09-29 15:35:00,0.3795826454894989,0.6204173545105011,0.42194092827004215,0.6610169491525424,150,2026-09-28 08:37:07,2026-09-28 08:32:04,2026-09-29 15:35:00,3745336455
ercan|m|jeanjean|l,ercan|m,jeanjean|l,Melisa Ercan,Leolia Jeanjean,WTA 125K Adana - R16,2026-09-30 13:30:00,0.09366848296127235,0.9063315170387275,0.12422360248447203,0.9299719887955181,200,2026-09-29 16:23:56,2026-09-29 16:14:31,2026-09-30 13:30:00,3746302486
ercan|m|radivojevic|l,ercan|m,radivojevic|l,Melisa Ercan,Lola Radivojevic,WTA 125K Adana - R1,2026-09-29 11:30:00,0.1690257380420767,0.8309742619579233,0.19379844961240308,0.8531571218795888,200,2026-09-28 16:20:05,2026-09-28 16:19:59,2026-09-29 10:48:22,3745543631
erel|y|tirante|t,erel|y,tirante|t,Yanki Erel,Thiago Agustin Tirante,Davis Cup World - Group 1,2026-09-20 17:23:00,0.2495068342390813,0.7504931657609187,0.26666666666666666,0.7668997668997669,250,2026-09-20 08:32:21,2026-09-20 08:18:49,2026-09-20 17:12:00,3735919224
erel|y|weber|a,erel|y,weber|a,Yanki Erel,Arthur Weber,ATP Challenger Jingshan - R1,2026-09-29 06:10:00,0.6572896000754569,0.34271039992454316,0.6763754045307443,0.3623188405797102,150,2026-09-28 16:20:05,2026-09-28 16:19:59,2026-09-29 06:01:01,3745554519
erel|y|zheng|m,erel|y,zheng|m,Yanki Erel,Michael Zheng,ATP Challenger Jingshan - R16,2026-10-01 05:01:31,0.17807798383415807,0.8219220161658418,0.19801980198019803,0.840255591054313,150,2026-09-30 15:35:35,2026-09-30 15:23:50,2026-10-01 05:01:31,3747286184
erhard|m|theate|p,erhard|m,theate|p,Mathys Erhard,Paul Theate,ATP Challenger Mouilleron-Le-Captif - Qualifiers,2026-09-27 16:00:00,0.9595298049429837,0.04047019505701632,0.9769213016385876,0.0700280112044818,50,2026-09-26 23:38:08,2026-09-26 23:34:53,2026-09-27 14:38:08,3743616107
erhard|m|zahraj|p,erhard|m,zahraj|p,Mathys Erhard,Patrick Zahraj,ATP Challenger St Tropez - Qualifiers,2026-09-20 12:30:00,0.7487585462620739,0.2512414537379262,0.7722095671981777,0.27624309392265195,100,2026-09-20 02:27:54,2026-09-20 02:16:32,2026-09-20 12:30:00,3735747662
erjavec|v|tsygourova|k,erjavec|v,tsygourova|k,Veronika Erjavec,Katerina Tsygourova,WTA 125k Tolentino - R1,2026-09-22 12:00:00,0.8013564096388887,0.1986435903611113,0.8242530755711774,0.22371364653243844,200,2026-09-22 01:34:39,2026-09-22 01:34:25,2026-09-22 11:28:38,3738038380
erler|r|goransson|r,erler|r,goransson|r,Robert Cash / Alexander Erler,Robert Galloway / Andre Goransson,ATP Chengdu Open - Doubles,2026-09-26 08:00:00,0.4867162943272709,0.5132837056727291,0.5169082125603864,0.5433789954337899,125,2026-09-25 15:26:18,2026-09-25 15:22:58,2026-09-26 08:00:00,3741353772
erler|r|haase|c,erler|r,haase|c,Robert Cash / Alexander Erler,Constantin Frantzen / Robin Haase,ATP Chengdu Open - Doubles,2026-09-25 06:00:00,0.44250118637234503,0.5574988136276551,0.4739336492890995,0.5884773662551441,150,2026-09-24 15:41:45,2026-09-24 15:41:33,2026-09-25 06:00:00,3740524255
erler|r|matos|o,erler|r,matos|o,Robert Cash / Alexander Erler,Orlando Luz / Rafael Matos,ATP Beijing - Doubles,2026-10-01 03:00:00,0.3689678637136141,0.631032136286386,0.4,0.6610169491525424,150,2026-09-30 15:48:08,2026-09-30 15:38:55,2026-10-01 03:00:00,3747295251
escorihuela|i|linana|a,escorihuela|i,linana|a,Irene Burillo Escorihuela,Alicia Herrero Linana,WTA 125k Valencia - QF,2026-09-18 14:40:00,0.4546488053553053,0.5453511946446948,0.47846889952153115,0.5689655172413793,200,2026-09-18 01:38:45,2026-09-18 01:28:16,2026-09-18 14:40:00,3732435560
escorihuela|i|savinykh|v,escorihuela|i,savinykh|v,Irene Burillo Escorihuela,Valeria Savinykh,WTA Beijing - Qualifiers,2026-09-28 05:00:00,0.689792208278464,0.310207791721536,0.7109826589595376,0.33222591362126247,250,2026-09-27 23:29:27,2026-09-27 23:28:38,2026-09-28 04:53:28,3745164666
escorihuela|i|schunk|n,escorihuela|i,schunk|n,Irene Burillo Escorihuela,Nastasja Schunk,WTA 125k Valencia - R16,2026-09-17 14:30:00,0.34608730068837296,0.653912699311627,0.37037037037037035,0.6774193548387096,200,2026-09-16 23:31:54,2026-09-16 23:28:09,2026-09-17 13:45:18,3731484792
estevez|j|sigrist|i,estevez|j,sigrist|i,Josefina Estevez,Isadora Sigrist,ITF Women Belem - R1,2026-09-23 18:00:00,0.9590044906220448,0.040995509377955104,0.9756631783889025,0.06825938566552901,100,2026-09-23 03:48:03,2026-09-23 03:48:03,2026-09-23 18:00:00,3739053229
estevez|j|vidal|l,estevez|j,vidal|l,Josefina Estevez,Leticia Garcia Vidal,ITF Women Belem - SF,2026-09-26 15:00:00,0.7652210196701317,0.23477898032986827,0.7967479674796748,0.2695417789757412,250,2026-09-26 02:26:25,2026-09-26 02:23:20,2026-09-26 13:43:53,3741964711
estevez|j|werner|a,estevez|j,werner|a,Josefina Estevez,Antonella Azambuja Werner,ITF Women Belem - R16,2026-09-24 19:00:00,0.9336685056076212,0.06633149439237893,0.9552572706935123,0.09727626459143969,225,2026-09-24 08:29:12,2026-09-24 08:26:05,2026-09-24 19:00:00,3740200682
etcheverry|l|uesugi|r,etcheverry|l,uesugi|r,Luciano Darderi / Tomas Martin Etcheverry,Rinky Hijikata / Kaito Uesugi,ATP Tokyo - Doubles,2026-10-01 06:30:00,0.4664783972497393,0.5335216027502607,0.4926108374384236,0.5594713656387665,100,2026-09-30 16:27:30,2026-09-30 16:24:13,2026-10-01 06:30:00,3747342650
etcheverry|t|jacquet|k,etcheverry|t,jacquet|k,Tomas Martin Etcheverry,Kyrian Jacquet,ATP Hangzhou - R16,2026-09-25 06:30:00,0.6087815953675407,0.3912184046324592,0.6254681647940076,0.4081632653061224,325,2026-09-23 17:39:33,2026-09-23 17:35:10,2026-09-25 05:47:23,3739739972
etcheverry|t|tsitsipas|s,etcheverry|t,tsitsipas|s,Tomas Martin Etcheverry,Stefanos Tsitsipas,ATP Tokyo - R1,2026-10-01 04:27:00,0.25425540812716,0.7457445918728399,0.2717391304347826,0.7624703087885986,250,2026-09-29 12:20:30,2026-09-29 12:12:53,2026-10-01 04:27:00,3746114092
europe||world|,europe|,world|,Europe,World,ATP Laver Cup,2026-09-27 11:00:00,0.649126134388835,0.3508738656111649,0.6855345911949686,0.3891050583657587,200,2026-09-24 21:58:10,2026-09-24 21:49:52,2026-09-27 11:00:00,3740822098
ezzat|y|perelygina|e,ezzat|y,perelygina|e,Yasmin Ezzat,Ekaterina Perelygina,ITF Women Sharm El Sheikh - R1,2026-09-23 09:00:00,0.3297891831597946,0.6702108168402052,0.36363636363636365,0.7023809523809524,225,2026-09-23 03:24:41,2026-09-23 03:14:28,2026-09-23 09:00:00,3739039886
ezzat|y|petretic|l,ezzat|y,petretic|l,Yasmin Ezzat,Laia Petretic,ITF Women Hurghada - R16,2026-09-17 09:00:00,0.6995466853994616,0.30045331460053815,0.7354497354497355,0.3389830508474576,50,2026-09-16 23:39:23,2026-09-16 23:33:19,2026-09-17 09:00:00,3731490231
fabre|a|weldam|s,fabre|a,weldam|s,Antoni Fabre,Steffan Van Weldam,ITF Men Melilla - R16,2026-09-17 12:35:49,0.7586582110540714,0.24134178894592867,0.794238683127572,0.2808988764044944,50,2026-09-16 23:44:59,2026-09-16 23:43:27,2026-09-17 12:35:49,3731494615
falck|r|hoeyeraal|h,falck|r,hoeyeraal|h,Reece Falck,Herman Hoeyeraal,ITF Men Darwin - R16,2026-10-01 06:43:00,0.5087746313738858,0.49122536862611416,0.5412844036697247,0.5238095238095238,100,2026-09-30 02:04:19,2026-09-30 02:03:30,2026-10-01 06:43:00,3746771251
falei|a|grant|t,falei|a,grant|t,Aliona Falei,Tyra Caterina Grant,WTA 125k Jingshan - R1,2026-09-29 03:00:00,0.34608730068837296,0.653912699311627,0.37037037037037035,0.6774193548387096,200,2026-09-27 13:16:37,2026-09-27 13:09:54,2026-09-29 03:00:00,3744271182
falei|a|sidorova|k,falei|a,sidorova|k,Aliona Falei,Kristiana Sidorova,WTA 125k Jingshan - R16,2026-10-01 07:30:00,0.6156846713906008,0.38431532860939915,0.6389891696750902,0.4081632653061224,200,2026-09-29 17:44:11,2026-09-29 17:35:59,2026-10-01 07:30:00,3746382867
falei|a|tian|f,falei|a,tian|f,Aliona Falei,Fangran Tian,WTA 125K Ankara - R1,2026-09-21 12:00:00,0.6304574139152351,0.36954258608476487,0.6539792387543253,0.39370078740157477,200,2026-09-21 00:25:23,2026-09-21 00:24:49,2026-09-21 11:16:00,3737455318
falkowska|w|iatcenko|p,falkowska|w,iatcenko|p,Weronika Falkowska,Polina Iatcenko,WTA 125K Ankara - R16,2026-09-23 11:00:00,0.28590715990745236,0.7140928400925477,0.3105590062111801,0.7375328083989502,200,2026-09-22 16:25:59,2026-09-22 16:25:16,2026-09-23 10:11:47,3738602312
falkowska|w|smith|a,falkowska|w,smith|a,Weronika Falkowska,Alana Smith,WTA 125K Ankara - Qualifiers,2026-09-21 09:00:00,0.6792348595836315,0.3207651404163685,0.7023809523809524,0.3448275862068966,200,2026-09-20 16:45:19,2026-09-20 16:36:54,2026-09-21 09:00:00,3736919679
falkowska|w|yoruk|i,falkowska|w,yoruk|i,Weronika Falkowska,Ilay Yoruk,WTA 125K Ankara - R1,2026-09-22 09:00:00,0.9072864353992482,0.09271356460075185,0.930795847750865,0.1231527093596059,200,2026-09-22 01:50:44,2026-09-22 01:49:30,2026-09-22 08:12:35,3738045760
fancutt|t|leong|m,fancutt|t,leong|m,Thomas Fancutt,Mitsuki Wei Kang Leong,ATP Challenger Jingshan - Qualifiers,2026-09-28 03:16:17,0.31678779462171375,0.6832122053782862,0.3412969283276451,0.7067448680351905,100,2026-09-27 23:38:13,2026-09-27 23:37:56,2026-09-28 03:16:17,3745166443
faria|j|fery|a,faria|j,fery|a,Jaime Faria,Arthur Fery,ATP Tokyo - R1,2026-10-01 03:00:00,0.4929892761612501,0.5070107238387499,0.5098039215686274,0.5238095238095238,250,2026-09-30 11:38:32,2026-09-30 11:37:24,2026-10-01 03:00:00,3747106156
faria|j|gaston|h,faria|j,gaston|h,Jaime Faria,Hugo Gaston,ATP Hangzhou - R16,2026-09-25 12:00:00,0.6448045281246081,0.355195471875392,0.6610169491525424,0.3717472118959108,325,2026-09-24 12:16:10,2026-09-24 12:16:10,2026-09-25 12:15:00,3740394101
faria|j|mochizuki|s,faria|j,mochizuki|s,Jaime Faria,Shintaro Mochizuki,ATP Tokyo - Qualifiers,2026-09-28 07:45:00,0.6747859167874388,0.32521408321256073,0.6960486322188449,0.3472222222222222,250,2026-09-27 23:38:13,2026-09-27 23:37:56,2026-09-28 07:45:00,3745167238
faria|j|munar|j,faria|j,munar|j,Jaime Faria,Jaume Munar,ATP Tokyo - R16,2026-10-02 02:05:00,0.40204570578073967,0.5979542942192602,0.4166666666666667,0.6124031007751938,400,2026-10-01 08:56:46,2026-10-01 08:51:08,2026-10-02 02:05:00,3747996032
faria|j|vallejo|a,faria|j,vallejo|a,Jaime Faria,Adolfo Daniel Vallejo,ATP Tokyo - Qualifiers,2026-09-29 05:40:00,0.6661653500747022,0.3338346499252977,0.6875,0.35587188612099646,250,2026-09-28 14:49:04,2026-09-28 14:47:23,2026-09-29 05:40:00,3745512868
farjat|t|fernandez|b,farjat|t,fernandez|b,Tomas Farjat,Bruno Fernandez,ATP Challenger Buenos Aires - Qualifiers,2026-09-21 16:35:00,0.27904582074866485,0.7209541792513352,0.30864197530864196,0.7487437185929648,75,2026-09-21 07:36:38,2026-09-21 07:32:27,2026-09-21 16:35:00,3737568458
farjat|t|longo|n,farjat|t,longo|n,Tomas Farjat,Nicolas Garcia Longo,ATP Challenger Buenos Aires - Qualifiers,2026-09-20 14:05:00,0.6745307024190879,0.32546929758091214,0.7023809523809524,0.35460992907801414,75,2026-09-20 09:43:44,2026-09-20 09:38:31,2026-09-20 14:05:00,3736018562
farjat|t|varillas|j,farjat|t,varillas|j,Tomas Farjat,Juan Pablo Varillas,ATP Challenger Buenos Aires - R1,2026-09-22 13:10:00,0.04943998305010272,0.9505600169498972,0.07575757575757576,0.9680511182108626,50,2026-09-22 03:59:32,2026-09-22 03:56:30,2026-09-22 13:15:19,3738095778
fatic|m|smit|a,fatic|m,smit|a,Mirza Basic / Nerman Fatic,Alec Beckley / Thando Longwe-Smit,Davis Cup - Doubles,2026-09-20 09:00:00,0.7688212892978948,0.2311787107021051,0.797979797979798,0.2631578947368421,125,2026-09-20 07:46:38,2026-09-20 07:46:38,2026-09-20 09:00:00,3735900990
faucon|r|nouchakis|g,faucon|r,nouchakis|g,Romain Faucon,Georgios Nouchakis,ITF Men Sharm El Sheikh - R1,2026-09-23 10:58:13,0.9384190918416206,0.06158090815837909,0.9614940315748941,0.0970873786407767,50,2026-09-23 02:32:42,2026-09-23 02:29:09,2026-09-23 10:58:13,3739017490
faucon|r|reguig|s,faucon|r,reguig|s,Romain Faucon,Samir Hamza Reguig,ITF Men Sharm El Sheikh - R16,2026-09-24 09:00:00,0.7195330435573756,0.2804669564426246,0.7555012224938876,0.3194888178913738,50,2026-09-23 23:52:34,2026-09-23 23:52:34,2026-09-24 07:14:15,3739985208
faucon|r|singh|k,faucon|r,singh|k,Romain Faucon,Karan Singh,ITF Men Sharm El Sheikh - QF,2026-09-25 07:00:00,0.3982225740020932,0.6017774259979063,0.43103448275862066,0.6336996336996338,250,2026-09-24 23:50:52,2026-09-24 23:50:52,2026-09-25 07:00:00,3740867129
faurel|t|grenier|h,faurel|t,grenier|h,Thomas Faurel,Hugo Grenier,ATP Challenger St Tropez - R1,2026-09-22 09:30:00,0.36053334949869914,0.6394666505013008,0.3802281368821293,0.6587030716723549,150,2026-09-21 18:08:25,2026-09-21 18:01:30,2026-09-22 09:30:00,3737866157
faurel|t|jones|j,faurel|t,jones|j,Thomas Faurel,Jack Pinnington Jones,ATP Challenger Mouilleron-Le-Captif - R1,2026-09-28 14:50:00,0.3502899822564121,0.6497100177435879,0.37453183520599254,0.673202614379085,150,2026-09-27 16:15:28,2026-09-27 16:10:59,2026-09-28 14:50:00,3744654490
faurel|t|lajal|m,faurel|t,lajal|m,Thomas Faurel,Mark Lajal,ATP Challenger St Tropez - R16,2026-09-23 12:30:00,0.18091815470939424,0.8190818452906056,0.2008032128514056,0.83739837398374,150,2026-09-22 16:56:32,2026-09-22 16:55:27,2026-09-23 12:30:00,3738631326
faurel|t|petrovic|a,faurel|t,petrovic|a,Thomas Faurel,Andreja Petrovic,ITF Men Nevers - QF,2026-09-18 14:25:48,0.7848999721501758,0.21510002784982427,0.8201438848920863,0.25510204081632654,75,2026-09-18 01:38:45,2026-09-18 01:38:45,2026-09-18 14:25:48,3732437782
faurel|t|tabur|c,faurel|t,tabur|c,Thomas Faurel,Clement Tabur,ATP Challenger Mouilleron-Le-Captif - R16,2026-09-30 14:00:00,0.28194413549074476,0.718055864509255,0.3067484662576687,0.7416020671834626,150,2026-09-29 16:49:38,2026-09-29 16:44:43,2026-09-30 15:00:00,3746329688
fearnley|j|quilez|a,fearnley|j,quilez|a,Jacob Fearnley,Alejo Sanchez Quilez,ATP Challenger Porto - R1,2026-09-29 14:00:00,0.757435280960944,0.24256471903905605,0.7762863534675616,0.26246719160104987,150,2026-09-29 02:02:52,2026-09-29 01:53:42,2026-09-29 13:58:09,3745776557
fearnley|j|torre|i,fearnley|j,torre|i,Jacob Fearnley,Inaki Montes-De La Torre,ATP Challenger Porto - R16,2026-10-01 12:00:00,0.7502526986859481,0.24974730131405182,0.76905311778291,0.2695417789757412,200,2026-09-30 23:51:47,2026-09-30 23:46:46,2026-10-01 12:00:00,3747742560
fellin|p|ibrahim|k,fellin|p,ibrahim|k,Pietro Fellin,Karim Ibrahim,ITF Men Sharm El Sheikh - R16,2026-09-24 09:00:00,0.8189160411889093,0.18108395881109068,0.8531571218795888,0.22123893805309736,50,2026-09-23 23:52:34,2026-09-23 23:52:34,2026-09-24 09:00:00,3739984633
fellin|p|jubb|p,fellin|p,jubb|p,Pietro Fellin,Paul Jubb,ITF Men Sharm El Sheikh - QF,2026-09-25 08:00:00,0.19266006639904343,0.8073399336009567,0.2277904328018223,0.8381877022653721,250,2026-09-24 23:50:52,2026-09-24 23:50:52,2026-09-25 08:00:00,3740866778
fellin|p|ouakaa|a,fellin|p,ouakaa|a,Pietro Fellin,Aziz Ouakaa,ITF Men Sharm El Sheikh - R1,2026-09-23 09:00:00,0.5447378529287051,0.4552621470712949,0.5815899581589958,0.4926108374384236,50,2026-09-23 02:32:42,2026-09-23 02:29:09,2026-09-23 09:00:00,3739017090
fellows|j|leal|r,fellows|j,leal|r,Jake Fellows,Rodrigo Leal,ITF Men Setubal - R1,2026-09-23 11:00:00,0.5810723850838467,0.4189276149161533,0.613899613899614,0.45248868778280543,150,2026-09-22 12:47:51,2026-09-22 12:38:50,2026-09-23 11:00:00,3738421013
feng|e|gibson|s,feng|e,gibson|s,Estelle Cascino / Shuo Feng,Sofia Costoulas / Talia Gibson,WTA Singapore - Doubles,2026-09-23 06:10:00,0.3724569733089993,0.6275430266910007,0.39840637450199207,0.6527777777777778,100,2026-09-21 22:18:19,2026-09-21 22:18:07,2026-09-23 06:10:00,3737979602
feng|e|laboutkova|a,feng|e,laboutkova|a,Estelle Cascino / Shuo Feng,Aneta Kucmova / Aneta Laboutkova,WTA 125K Ljubljana - Doubles,2026-09-19 14:00:00,0.47048575403353304,0.529514245966467,0.5121951219512195,0.5708154506437768,125,2026-09-19 08:45:49,2026-09-19 08:40:01,2026-09-19 14:00:00,3733853489
feng|e|moratelli|l,feng|e,moratelli|l,Estelle Cascino / Shuo Feng,Lucija Ciric Bagaric / Angelica Moratelli,WTA 125K Ljubljana - Doubles,2026-09-20 12:40:00,0.5043106652040431,0.49568933479595695,0.5412844036697247,0.5327102803738317,250,2026-09-20 08:32:21,2026-09-20 08:32:21,2026-09-20 12:40:00,3735936239
feng|e|sebestova|k,feng|e,sebestova|k,Estelle Cascino / Shuo Feng,Kristina Novak / Ivana Sebestova,WTA 125K Ljubljana - Doubles,2026-09-18 11:20:00,0.6259333038510272,0.3740666961489729,0.6666666666666666,0.4166666666666667,100,2026-09-18 07:30:05,2026-09-18 07:26:56,2026-09-18 11:20:00,3732555584
fenty|a|marcondes|i,fenty|a,marcondes|i,Andrew Fenty,Igor Marcondes,ATP Challenger Columbus - R1,2026-09-29 19:45:00,0.43880708354287823,0.5611929164571219,0.4629629629629629,0.5850622406639003,150,2026-09-29 08:35:41,2026-09-29 08:26:19,2026-09-29 19:16:21,3745908953
fenyves|g|tkachenko|a,fenyves|g,tkachenko|a,Greta Fenyves,Adriana Tkachenko,ITF Women Varna - R1,2026-09-29 09:28:00,0.588778946354633,0.411221053645367,0.6212121212121212,0.4444444444444444,150,2026-09-29 01:45:04,2026-09-29 01:38:35,2026-09-29 09:28:00,3745774487
ferguson|c|jasika|o,ferguson|c,jasika|o,Chase Ferguson,Omar Jasika,ATP Challenger Jingshan - Qualifiers,2026-09-28 02:10:00,0.1996162000200906,0.8003837999799094,0.2247191011235955,0.8233215547703181,100,2026-09-27 23:38:13,2026-09-27 23:28:38,2026-09-28 02:09:19,3745164926
ferguson|c|kachmazov|a,ferguson|c,kachmazov|a,Chase Ferguson,Alibek Kachmazov,ITF Men Yinchuan - R16,2026-09-24 04:00:00,0.16858995548971004,0.8314100445102904,0.20366598778004072,0.8614958448753463,100,2026-09-23 15:32:15,2026-09-23 15:27:23,2026-09-24 04:00:00,3739616778
ferguson|c|tang|s,ferguson|c,tang|s,Chase Ferguson,Sheng Tang,ITF Men Guiyang - QF,2026-09-18 03:37:25,0.8659871928375966,0.13401280716240344,0.8944033790918691,0.16863406408094436,250,2026-09-17 10:29:56,2026-09-17 10:29:56,2026-09-18 03:37:25,3731821827
fernandez|b|leite|w,fernandez|b,leite|w,Bruno Fernandez,Wilson Leite,ATP Challenger Curitiba - R1,2026-09-29 15:45:00,0.6364655923798255,0.36353440762017447,0.6598639455782314,0.38759689922480617,150,2026-09-29 15:34:27,2026-09-29 15:29:15,2026-09-29 15:36:19,3746267938
fernandez|b|midon|l,fernandez|b,midon|l,Bruno Fernandez,Lautaro Midon,ATP Challenger Curitiba - R16,2026-09-30 15:30:00,0.12034387750598537,0.8796561224940146,0.14947683109118085,0.9037536092396535,50,2026-09-30 09:26:40,2026-09-30 09:21:30,2026-09-30 14:46:26,3746994923
fernandez|b|pagani|d,fernandez|b,pagani|d,Bruno Fernandez,Dante Pagani,ATP Challenger Buenos Aires - Qualifiers,2026-09-20 13:10:00,0.7529773998973264,0.2470226001026737,0.7807017543859649,0.2770083102493075,75,2026-09-20 07:46:38,2026-09-20 07:46:38,2026-09-20 13:10:00,3735901729
fernandez|b|pagotto|v,fernandez|b,pagotto|v,Bruno Fernandez,Victor Hugo Remondy Pagotto,ATP Challenger Curitiba - Qualifiers,2026-09-28 13:00:00,0.6339281755256068,0.36607182447439335,0.6621621621621622,0.39525691699604737,200,2026-09-27 22:40:11,2026-09-27 22:37:00,2026-09-28 14:00:00,3745132115
fernandez|b|roncadelli|f,fernandez|b,roncadelli|f,Bruno Fernandez,Franco Roncadelli,ATP Challenger Buenos Aires - R1,2026-09-22 14:30:00,0.2315008517504557,0.7684991482495444,0.25641025641025644,0.7916666666666667,150,2026-09-22 14:20:58,2026-09-22 14:09:26,2026-09-22 14:30:00,3738498520
fernandez|l|gibson|t,fernandez|l,gibson|t,Leylah Fernandez,Talia Gibson,WTA Singapore - Final,2026-09-27 09:00:00,0.6552787455922762,0.34472125440772394,0.66996699669967,0.3597122302158273,800,2026-09-26 12:53:08,2026-09-26 12:53:08,2026-09-27 09:00:00,3742468402
fernandez|l|okamura|k,fernandez|l,okamura|k,Leylah Fernandez,Kyoka Okamura,WTA Singapore - R1,2026-09-21 11:30:00,0.9718166125860183,0.028183387413981714,0.9821332856887619,0.04418912947414936,250,2026-09-20 17:44:18,2026-09-20 17:37:17,2026-09-21 10:44:40,3737038106
fernandez|l|parks|a,fernandez|l,parks|a,Leylah Fernandez,Alycia Parks,WTA Singapore - R16,2026-09-23 12:16:50,0.744659118683073,0.255340881316927,0.7590361445783133,0.27027027027027023,400,2026-09-22 11:28:07,2026-09-22 11:23:24,2026-09-23 12:16:50,3738352685
fernandez|m|perego|g,fernandez|m,perego|g,Mario Gonzalez Fernandez,Giulio Perego,ITF Men Setubal - R1,2026-09-22 10:00:00,0.7184016047407308,0.2815983952592692,0.7542997542997544,0.3205128205128205,50,2026-09-21 21:37:05,2026-09-21 21:32:52,2026-09-22 10:00:00,3737967976
fernandez|m|topo|m,fernandez|m,topo|m,Mario Gonzalez Fernandez,Marko Topo,ATP Challenger Porto - Qualifiers,2026-09-27 13:13:00,0.2635894320495378,0.7364105679504622,0.2881844380403458,0.7596153846153847,100,2026-09-26 23:50:41,2026-09-26 23:49:58,2026-09-27 13:13:00,3743617923
ferrari|f|khoeblal|e,ferrari|f,khoeblal|e,Francesco Ferrari,Elgin Khoeblal,ITF Men Telavi - R16,2026-09-24 06:00:00,0.39058588203246436,0.6094141179675356,0.42372881355932196,0.6415770609318996,100,2026-09-23 23:41:22,2026-09-23 23:41:22,2026-09-24 06:00:00,3739979204
ferrari|f|madaras|d,ferrari|f,madaras|d,Francesco Ferrari,Dragos Nicolae Madaras,ITF Men Telavi - R1,2026-09-28 10:49:15,0.12538691874979083,0.8746130812502092,0.1597444089456869,0.9024390243902439,225,2026-09-28 01:08:29,2026-09-28 00:59:11,2026-09-28 10:49:15,3745211241
ferrari|f|paardekooper|s,ferrari|f,paardekooper|s,Francesco Ferrari,Stijn Paardekooper,ITF Men Telavi - QF,2026-09-25 08:00:00,0.27261732690359525,0.7273826730964047,0.3067484662576687,0.7590361445783133,250,2026-09-24 23:50:52,2026-09-24 23:50:52,2026-09-25 08:00:00,3740866913
ferrari|f|popko|d,ferrari|f,popko|d,Francesco Ferrari,Dmitry Popko,ITF Men Telavi - SF,2026-09-26 09:00:00,0.07926644260123053,0.9207335573987695,0.11655011655011654,0.946808510638298,75,2026-09-25 23:38:37,2026-09-25 23:36:25,2026-09-26 09:00:00,3741870344
ferrari|g|misasi|g,ferrari|g,misasi|g,Gianmarco Ferrari,Giannicola Misasi,ITF Men Santa Margherita di Pula - R1,2026-09-22 10:30:00,0.7276510239422493,0.27234897605775077,0.7635933806146572,0.3115264797507788,50,2026-09-21 21:37:05,2026-09-21 21:32:52,2026-09-22 10:30:00,3737968671
ferrari|g|seghetti|s,ferrari|g,seghetti|s,Gianmarco Ferrari,Samuele Seghetti,ITF Men Santa Margherita di Pula - R16,2026-09-23 11:00:00,0.7958670856804244,0.20413291431957561,0.8269896193771626,0.23923444976076558,150,2026-09-23 02:47:33,2026-09-23 02:47:33,2026-09-23 11:00:00,3739028345
ferrari|g|vanshelboim|e,ferrari|g,vanshelboim|e,Gianmarco Ferrari,Eric Vanshelboim,ITF Men Santa Margherita di Pula - QF,2026-09-24 07:30:00,0.46945160993129514,0.5305483900687048,0.5024875621890548,0.5633187772925764,375,2026-09-24 00:37:45,2026-09-24 00:22:48,2026-09-24 07:30:00,3740004527
ferro|f|gibson|t,ferro|f,gibson|t,Fiona Ferro,Talia Gibson,WTA Singapore - R1,2026-09-21 07:00:00,0.4733784461863233,0.5266215538136767,0.49019607843137253,0.5433789954337899,250,2026-09-20 15:06:56,2026-09-20 15:06:22,2026-09-21 06:12:53,3736712112
ferro|f|wei|s,ferro|f,wei|s,Fiona Ferro,Sijia Wei,WTA 125k Jingshan - R16,2026-09-30 08:45:00,0.7234592790094206,0.27654072099057914,0.7468354430379747,0.30120481927710846,200,2026-09-29 15:34:27,2026-09-29 15:29:15,2026-09-30 08:45:00,3746268152
ferro|f|yang|y,ferro|f,yang|y,Fiona Ferro,Yidi Yang,WTA 125k Jingshan - R1,2026-09-28 04:00:00,0.8986318588398231,0.10136814116017716,0.9229583975346686,0.1322751322751323,200,2026-09-27 13:16:37,2026-09-27 13:09:54,2026-09-28 03:00:00,3744264119
ferro|g|gennaro|c,ferro|g,gennaro|c,Galatea Ferro,Camilla Gennaro,ITF Women Santa Margherita di Pula - R16,2026-09-24 09:00:00,0.09983630663595314,0.9001636933640469,0.13850415512465375,0.9289267945984364,50,2026-09-23 23:47:04,2026-09-23 23:37:30,2026-09-24 09:00:00,3739976416
ferro|g|nosei|a,ferro|g,nosei|a,Galatea Ferro,Aurora Nosei,ITF Women Santa Margherita di Pula - R1,2026-09-23 08:30:00,0.5938349590367747,0.40616504096322537,0.6254681647940076,0.43859649122807015,150,2026-09-23 03:24:41,2026-09-23 03:15:47,2026-09-23 07:39:31,3739041861
fery|a|meza|a,fery|a,meza|a,Arthur Fery,Alvaro Guillen Meza,Davis Cup - Qualifiers,2026-09-19 13:30:00,0.9337843970332592,0.0662156029667409,0.9528079282680509,0.09216589861751152,250,2026-09-19 02:46:12,2026-09-19 02:37:40,2026-09-19 13:30:00,3733684765
fery|a|musetti|l,fery|a,musetti|l,Arthur Fery,Lorenzo Musetti,ATP Tokyo - R1,2026-10-01 01:00:00,0.3171281088185564,0.6828718911814436,0.33444816053511706,0.6996996996996997,250,2026-09-29 07:56:31,2026-09-29 07:56:07,2026-10-01 01:00:00,3745891615
fick|g|steiner|v,fick|g,steiner|v,Gabriella Da Silva Fick,Valentina Steiner,WTA 125K Porto - Qualifiers,2026-09-20 13:00:00,0.4035668984116433,0.5964331015883567,0.4273504273504274,0.6197718631178707,200,2026-09-19 23:38:04,2026-09-19 23:30:28,2026-09-20 13:00:00,3735607631
ficovich|j|torres|j,ficovich|j,torres|j,Juan Pablo Ficovich,Juan Bautista Torres,ATP Challenger Buenos Aires - R1,2026-09-22 23:30:00,0.4092949987048551,0.590705001295145,0.4329004329004329,0.613899613899614,150,2026-09-22 08:48:09,2026-09-22 08:47:18,2026-09-22 23:30:00,3738228285
figl|m|giraldi|c,figl|m,giraldi|c,Maximillian Figl,Carlos Giraldi,ITF Men Melilla - R16,2026-09-17 10:00:00,0.6743337113049839,0.3256662886950162,0.7101449275362319,0.36363636363636365,50,2026-09-16 23:39:23,2026-09-16 23:39:23,2026-09-17 10:00:00,3731493360
figl|m|rapagnetta|d,figl|m,rapagnetta|d,Maximillian Figl,Daniele Rapagnetta,ITF Men Melilla - QF,2026-09-18 10:00:00,0.1639265225749269,0.8360734774250731,0.2040816326530612,0.8696219035202086,75,2026-09-17 19:56:25,2026-09-17 19:56:10,2026-09-18 10:00:00,3732304178
filar|k|mehra|r,filar|k,mehra|r,Karol Filar,Rohan Mehra,ITF Men Baku - R16,2026-09-24 09:57:03,0.7511166352256747,0.24888336477432535,0.782608695652174,0.28328611898017,100,2026-09-24 00:37:45,2026-09-24 00:33:24,2026-09-24 09:57:03,3740012373
filho|j|osorio|j,filho|j,osorio|j,Jefferson Wendler Filho,Juan Sebastian Osorio,ATP Challenger Curitiba - Qualifiers,2026-09-27 13:19:13,0.16558494535433585,0.8344150546456642,0.19801980198019803,0.8624484181568087,50,2026-09-27 02:46:52,2026-09-27 02:35:59,2026-09-27 13:19:13,3743763268
filho|j|tosetto|r,filho|j,tosetto|r,Jefferson Wendler Filho,Rafael Tosetto,ITF Men Curitiba - R1,2026-09-23 14:17:25,0.24078987326229653,0.7592101267377035,0.27548209366391185,0.7907949790794978,100,2026-09-23 05:48:17,2026-09-23 05:48:17,2026-09-23 14:17:25,3739100209
filin|n|mayo|a,filin|n,mayo|a,Nikita Filin,Aidan Mayo,ATP Challenger Columbus - R1,2026-09-30 00:00:00,0.24338422982882818,0.7566157701711719,0.2680965147453083,0.7797356828193832,150,2026-09-29 08:35:41,2026-09-29 08:26:19,2026-09-30 00:00:00,3745914114
filip|j|kusy|j,filip|j,kusy|j,Jakub Filip,Jakub Kusy,ITF Men Pardubice - R1,2026-09-23 07:42:38,0.7771918272928113,0.22280817270718875,0.8123827392120074,0.26246719160104987,50,2026-09-23 02:47:33,2026-09-23 02:47:33,2026-09-23 07:42:38,3739028092
fils|a|majchrzak|k,fils|a,majchrzak|k,Arthur Fils,Kamil Majchrzak,ATP Tokyo - Qualifiers,2026-09-29 03:48:00,0.7653224182318323,0.2346775817681677,0.7863247863247863,0.2570694087403599,250,2026-09-28 14:49:04,2026-09-28 14:47:23,2026-09-29 03:48:00,3745508205
fils|a|tiafoe|f,fils|a,tiafoe|f,Arthur Fils,Frances Tiafoe,ATP Tokyo - R16,2026-10-02 09:00:00,0.6779751414005156,0.3220248585994843,0.6923076923076923,0.3367003367003367,400,2026-10-01 10:46:20,2026-10-01 10:46:20,2026-10-02 09:00:00,3748094592
fiorentini|a|fumagalli|f,fiorentini|a,fumagalli|f,Andrea Fiorentini,Filiberto Fumagalli,ITF Men Telavi - R1,2026-09-23 09:30:00,0.4169149570750702,0.5830850429249297,0.45454545454545453,0.6197718631178707,50,2026-09-23 05:41:44,2026-09-23 05:30:25,2026-09-23 09:30:00,3739090952
fiorentini|a|kukasian|a,fiorentini|a,kukasian|a,Andrea Fiorentini,Artur Kukasian,ITF Men Telavi - R1,2026-09-28 11:38:55,0.6430270670564717,0.35697293294352833,0.6753246753246753,0.390625,225,2026-09-28 01:08:29,2026-09-28 00:59:11,2026-09-28 11:38:55,3745212516
fiorentini|a|milanovic|d,fiorentini|a,milanovic|d,Andrea Fiorentini,Dusan Milanovic,ITF Men Zlatibor - R1,2026-09-17 11:46:11,0.4525987264893439,0.547401273510656,0.4854368932038835,0.5798319327731092,100,2026-09-17 04:53:19,2026-09-17 04:50:24,2026-09-17 11:46:11,3731647315
firman|a|vlasselaer|c,firman|a,vlasselaer|c,Anastasiia Firman,Clara Vlasselaer,ITF Women Reims - R1,2026-09-29 14:03:46,0.5153653742375283,0.48463462576247174,0.5475113122171946,0.5169082125603864,100,2026-09-29 02:48:34,2026-09-29 02:48:34,2026-09-29 14:03:46,3745788606
flores|j|hsieh|c,flores|j,hsieh|c,Jesse Flores,Cheng-Peng Hsieh,ITF Men Yinchuan - R1,2026-09-22 05:00:00,0.806626175431534,0.19337382456846602,0.8333333333333334,0.2232142857142857,350,2026-09-22 00:50:00,2026-09-22 00:49:06,2026-09-22 05:00:00,3738021555
flores|j|komagata|r,flores|j,komagata|r,Jesse Flores,Reiya Komagata,ITF Men Yinchuan - R16,2026-09-24 04:40:23,0.7247412313627805,0.27525876863721965,0.7607655502392345,0.31446540880503143,50,2026-09-23 15:32:15,2026-09-23 15:19:19,2026-09-24 04:40:23,3739611080
fokina|a|hurkacz|h,fokina|a,hurkacz|h,Alejandro Davidovich Fokina,Hubert Hurkacz,ATP Chengdu Open - Final,2026-09-30 01:00:00,0.4296285963740005,0.5703714036259995,0.4444444444444444,0.5850622406639003,800,2026-09-28 17:30:45,2026-09-28 17:30:45,2026-09-29 11:14:29,3745601170
fokina|a|muller|a,fokina|a,muller|a,Alejandro Davidovich Fokina,Alexandre Muller,ATP Chengdu Open - QF,2026-09-27 07:00:00,0.6992028827867749,0.3007971172132251,0.7134670487106016,0.31545741324921134,400,2026-09-26 12:45:25,2026-09-26 12:38:50,2026-09-27 08:00:00,3742453551
fomba|l|petrovic|a,fomba|l,petrovic|a,Luc Fomba,Andreja Petrovic,ITF Men Falun - R1,2026-09-22 14:00:00,0.3897191783354559,0.6102808216645441,0.4273504273504274,0.646643109540636,50,2026-09-21 20:56:11,2026-09-21 20:47:31,2026-09-22 14:00:00,3737955720
fondriest|m|singh|k,fondriest|m,singh|k,Matteo Fondriest,Karan Singh,ITF Men Sharm El Sheikh - R1,2026-09-23 09:00:00,0.10779966544247162,0.8922003345575285,0.14684287812041116,0.9218139171227521,50,2026-09-23 02:32:42,2026-09-23 02:29:09,2026-09-23 09:00:00,3739017891
fonseca|j|stricker|d,fonseca|j,stricker|d,Joao Fonseca,Dominic Stephan Stricker,Davis Cup World - Group 1,2026-09-18 20:00:00,0.7754453702547918,0.2245546297452083,0.7894736842105263,0.23923444976076558,1000,2026-09-18 09:21:31,2026-09-18 09:16:13,2026-09-18 20:00:00,3732607013
fonseca|j|wawrinka|s,fonseca|j,wawrinka|s,Joao Fonseca,Stan Wawrinka,Davis Cup World - Group 1,2026-09-19 19:05:00,0.8525536448652019,0.14744635513479815,0.8701298701298701,0.1669449081803005,250,2026-09-19 08:27:06,2026-09-19 08:24:58,2026-09-19 19:05:00,3733837763
fontenel|c|losciale|v,fontenel|c,losciale|v,Chelsea Fontenel,Valentina Losciale,ITF Women Monastir - R1,2026-09-30 09:30:00,0.8020508352273731,0.19794916477262703,0.8330550918196995,0.2331002331002331,100,2026-09-29 18:50:37,2026-09-29 18:45:34,2026-09-30 09:30:00,3746469122
foon|a|oz|i,foon|a,oz|i,Astrid Lew Yan Foon,Ipek Oz,ITF Women Plovdiv - R1,2026-09-22 06:30:00,0.24862417553901914,0.751375824460981,0.28328611898017,0.7830802603036876,100,2026-09-21 20:50:48,2026-09-21 20:47:31,2026-09-22 06:30:00,3737954565
forbes|m|rybakov|a,forbes|m,rybakov|a,Matthew Forbes,Alex Rybakov,ATP Challenger Columbus - Qualifiers,2026-09-27 18:00:00,0.37622545572976246,0.6237745442702375,0.40485829959514175,0.6515679442508712,75,2026-09-27 06:53:52,2026-09-27 06:52:35,2026-09-27 17:35:00,3743891703
forejtek|j|gill|f,forejtek|j,gill|f,Jonas Forejtek,Felix Gill,ATP Challenger Plovdiv - QF,2026-09-25 14:10:00,0.4031379545853521,0.5968620454146478,0.42194092827004215,0.6153846153846154,200,2026-09-24 18:28:22,2026-09-24 18:14:55,2026-09-25 14:03:34,3740652513
forejtek|j|gima|s,forejtek|j,gima|s,Jonas Forejtek,Sebastian Gima,ATP Challenger Plovdiv - R1,2026-09-22 13:12:00,0.7821185473431631,0.21788145265683706,0.8050682261208576,0.24271844660194175,150,2026-09-21 17:56:24,2026-09-21 17:46:24,2026-09-22 12:58:50,3737859470
forejtek|j|gurri|m,forejtek|j,gurri|m,Jonas Forejtek,Max Alcala Gurri,ATP Challenger Plovdiv - Final,2026-09-27 09:10:00,0.32921827323002206,0.6707817267699779,0.3484320557491289,0.6894409937888198,200,2026-09-26 20:28:52,2026-09-26 20:27:01,2026-09-27 09:10:00,3743478486
fornasieri|c|turini|v,fornasieri|c,turini|v,Chiara Fornasieri,Viola Turini,ITF Women Santa Margherita di Pula - R16,2026-09-17 10:00:00,0.22210239899237635,0.7778976010076237,0.2617801047120419,0.8130841121495328,50,2026-09-16 23:16:19,2026-09-16 23:13:04,2026-09-17 07:40:36,3731472979
forti|f|mano|a,forti|f,mano|a,Francesco Forti,Alejandro Juan Mano,ATP Challenger Genoa - R16,2026-09-24 13:26:18,0.7018992023675551,0.29810079763244507,0.7252747252747253,0.3225806451612903,150,2026-09-23 15:42:30,2026-09-23 15:37:54,2026-09-24 13:30:00,3739629392
forti|f|nijboer|r,forti|f,nijboer|r,Francesco Forti,Ryan Nijboer,ATP Challenger Genoa - R1,2026-09-22 11:30:00,0.5462866728583532,0.4537133271416468,0.5708154506437768,0.47846889952153115,150,2026-09-22 03:54:00,2026-09-22 03:50:18,2026-09-22 11:30:00,3738093051
forti|f|petkovic|m,forti|f,petkovic|m,Francesco Forti,Mika Petkovic,ATP Challenger Genoa - QF,2026-09-25 13:00:00,0.5764426816878074,0.4235573183121927,0.5951417004048584,0.4424778761061947,350,2026-09-24 18:07:31,2026-09-24 18:07:31,2026-09-25 13:00:00,3740640983
franca|l|heredia|s,franca|l,heredia|s,Leonardo Storck Franca,Samuel Heredia,ATP Challenger Curitiba - Qualifiers,2026-09-27 13:05:00,0.3239433482945176,0.6760566517054821,0.35335689045936397,0.7041420118343195,75,2026-09-27 02:46:52,2026-09-27 02:35:59,2026-09-27 13:05:00,3743762867
frech|m|jacquemot|e,frech|m,jacquemot|e,Magdalena Frech,Elsa Jacquemot,WTA Beijing - R1,2026-09-30 11:58:37,0.6863249730586863,0.3136750269413136,0.7032640949554896,0.33112582781456956,250,2026-09-29 15:21:32,2026-09-29 15:14:07,2026-09-30 11:58:37,3746255984
frech|m|jovic|i,frech|m,jovic|i,Magdalena Frech,Iva Jovic,WTA Guadalajara - QF,2026-09-17 20:36:02,0.25696086876609026,0.7430391312339095,0.2717391304347826,0.7572815533980582,475,2026-09-17 01:25:53,2026-09-17 01:19:02,2026-09-17 20:36:02,3731547169
frech|m|marcinko|p,frech|m,marcinko|p,Magdalena Frech,Petra Marcinko,WTA Beijing - R1,2026-09-30 02:00:00,0.6976656296317074,0.3023343703682925,0.7142857142857143,0.3194888178913738,250,2026-09-29 09:57:00,2026-09-29 09:56:57,2026-09-30 02:00:00,3745967626
friberg|k|hsu|y,friberg|k,hsu|y,Karl Friberg,Yu Hsiou Hsu,Davis Cup World - Group 1,2026-09-20 06:30:00,0.18031269380576825,0.8196873061942317,0.19762845849802374,0.8357963875205254,175,2026-09-19 23:15:39,2026-09-19 23:15:25,2026-09-20 06:30:00,3735584326
friberg|k|slavic|n,friberg|k,slavic|n,Karl Friberg,Nikola Slavic,ITF Men Falun - R1,2026-09-22 14:35:20,0.7161106169775595,0.2838893830224406,0.7518610421836228,0.3225806451612903,50,2026-09-21 20:56:11,2026-09-21 20:47:31,2026-09-22 14:35:20,3737955670
friberg|k|vinciguerra|w,friberg|k,vinciguerra|w,Karl Friberg,Willian Rejchtman Vinciguerra,ITF Men Falun - R16,2026-09-23 13:54:24,0.7209782863723445,0.27902171362765543,0.7572815533980582,0.3184713375796178,50,2026-09-23 02:54:28,2026-09-23 02:54:22,2026-09-23 13:54:24,3739031022
friedsam|a|krawczyk|d,friedsam|a,krawczyk|d,Anna-Lena Friedsam,Desirae Krawczyk,WTA Singapore - Qualifiers,2026-09-19 03:10:00,0.9452618018633889,0.0547381981366112,0.9625888514777404,0.07942811755361398,250,2026-09-19 02:57:56,2026-09-19 02:52:46,2026-09-19 03:10:00,3733697756
friedsam|a|krejcikova|b,friedsam|a,krejcikova|b,Anna-Lena Friedsam,Barbora Krejcikova,WTA Singapore - R1,2026-09-22 11:30:00,0.11236562370032797,0.887634376299672,0.1336898395721925,0.9059266227657572,250,2026-09-21 09:30:13,2026-09-21 09:28:18,2026-09-22 10:42:37,3737604616
friedsam|a|kulikova|a,friedsam|a,kulikova|a,Anna-Lena Friedsam,Anastasia Kulikova,WTA Beijing - Qualifiers,2026-09-28 10:30:00,0.5585431885572955,0.44145681144270454,0.5798319327731092,0.4629629629629629,250,2026-09-19 21:15:21,2026-09-19 21:14:43,2026-09-28 10:30:00,3735506815
friedsam|a|montgomery|r,friedsam|a,montgomery|r,Anna-Lena Friedsam,Robin Montgomery,WTA Beijing - Qualifiers,2026-09-29 07:00:00,0.1765232580763915,0.8234767419236085,0.19880715705765406,0.84375,250,2026-09-28 15:29:47,2026-09-28 15:19:37,2026-09-29 07:00:00,3745526900
fritz|a|mensik|c,fritz|a,mensik|c,Alexander Bublik / Taylor Fritz,Carlos Alcaraz / Jakub Mensik,ATP Laver Cup - Doubles,2026-09-25 19:30:00,0.48635347849732036,0.5136465215026794,0.5098039215686274,0.5370370370370371,250,2026-09-24 22:33:56,2026-09-24 22:31:34,2026-09-25 19:30:00,3740832018
fritz|t|jodar|r,fritz|t,jodar|r,Taylor Fritz,Rafael Jodar,ATP Laver Cup,2026-09-27 16:30:00,0.5567425944449333,0.44325740555506665,0.576271186440678,0.4629629629629629,200,2026-09-27 07:23:04,2026-09-27 07:22:46,2026-09-27 16:30:00,3743906005
fritz|t|munar|j,fritz|t,munar|j,Taylor Fritz,Jaume Munar,ATP Tokyo - R1,2026-10-01 02:16:46,0.7674418604651163,0.23255813953488383,0.7840172786177105,0.25,250,2026-09-30 09:26:40,2026-09-30 09:21:30,2026-10-01 02:16:46,3746991888
frodin|t|pareja|j,frodin|t,pareja|j,Thea Frodin,Julieta Pareja,ITF Women Templeton - R1,2026-09-29 18:30:00,0.20413291431957561,0.7958670856804244,0.23923444976076558,0.8269896193771626,225,2026-09-29 07:00:13,2026-09-29 06:55:44,2026-09-29 18:30:00,3745865911
fruhvirtova|f|xu|q,fruhvirtova|f,xu|q,Fiona Ferro / Linda Fruhvirtova,Qianhui Tang / Yi-Fan Xu,WTA Singapore - Doubles,2026-09-21 09:00:00,0.33264140984260754,0.6673585901573924,0.36363636363636365,0.696969696969697,150,2026-09-20 16:39:43,2026-09-20 16:39:43,2026-09-21 09:00:00,3736933212
fruhvirtova|l|garcia|a,fruhvirtova|l,garcia|a,Linda Fruhvirtova,Andrea Lazaro Garcia,WTA Beijing - Qualifiers,2026-09-29 05:52:00,0.5832340830938314,0.4167659169061687,0.6047430830039526,0.43859649122807015,250,2026-09-28 14:14:54,2026-09-28 14:04:08,2026-09-29 04:50:01,3745486068
fruhvirtova|l|sakkari|m,fruhvirtova|l,sakkari|m,Linda Fruhvirtova,Maria Sakkari,WTA Singapore - R1,2026-09-22 14:01:10,0.22886636761816417,0.7711336323818361,0.2463054187192118,0.7876857749469214,250,2026-09-20 17:44:18,2026-09-20 17:40:23,2026-09-22 14:01:10,3737044410
fruhvirtova|l|samsonova|l,fruhvirtova|l,samsonova|l,Linda Fruhvirtova,Liudmila Samsonova,WTA Beijing - R2,2026-10-02 03:00:00,0.18111587246251412,0.8188841275374859,0.1984126984126984,0.834983498349835,250,2026-10-01 08:41:57,2026-10-01 08:35:37,2026-10-02 03:00:00,3747986850
fruhvirtova|l|ye|s,fruhvirtova|l,ye|s,Linda Fruhvirtova,Shiyu Ye,WTA Beijing - Qualifiers,2026-09-28 06:00:00,0.8738409108066966,0.1261590891933035,0.89648033126294,0.1529051987767584,250,2026-09-28 02:03:46,2026-09-28 01:59:34,2026-09-28 06:00:55,3745227872
frydrych|v|jubb|p,frydrych|v,jubb|p,Viktor Frydrych,Paul Jubb,ITF Men Hurghada - QF,2026-09-18 06:17:01,0.057790107972508366,0.9422098920274916,0.0927643784786642,0.964513839602555,75,2026-09-17 23:55:51,2026-09-17 23:55:51,2026-09-18 06:17:01,3732388005
fuente|s|sakamoto|p,fuente|s,sakamoto|p,Santiago De La Fuente,Pedro Sakamoto,ATP Challenger Curitiba - Qualifiers,2026-09-28 15:00:00,0.33234954708590886,0.6676504529140912,0.36101083032490977,0.6951219512195121,200,2026-09-28 01:43:49,2026-09-28 01:29:23,2026-09-28 15:00:00,3745224255
fullana|a|you|y,fullana|a,you|y,Ana Candiotto / Luiza Fullana,Yiming Dang / Xiaodi You,WTA Sao Paulo - Doubles,2026-09-17 14:00:00,0.3689678637136141,0.631032136286386,0.4,0.6610169491525424,150,2026-09-17 09:08:45,2026-09-17 09:08:45,2026-09-17 14:00:00,3731746083
fumagalli|f|grippo|v,fumagalli|f,grippo|v,Filiberto Fumagalli,Valentino Grippo,ITF Men Telavi - R16,2026-09-24 08:00:00,0.7917414355460659,0.20825856445393418,0.826689774696707,0.2481389578163772,50,2026-09-23 23:52:34,2026-09-23 23:52:34,2026-09-24 08:00:00,3739982910
fumagalli|f|gschwendtner|j,fumagalli|f,gschwendtner|j,Filiberto Fumagalli,Jeremy Gschwendtner,ITF Men Telavi - R1,2026-09-29 08:00:00,0.6203335761619502,0.3796664238380499,0.6527777777777778,0.4132231404958678,150,2026-09-29 01:45:04,2026-09-29 01:38:35,2026-09-29 08:00:00,3745774487
fumagalli|f|madaras|d,fumagalli|f,madaras|d,Filiberto Fumagalli,Dragos Nicolae Madaras,ITF Men Telavi - QF,2026-09-25 09:56:52,0.11013651212243211,0.889863487877568,0.1440922190201729,0.9165971643035863,250,2026-09-24 23:50:52,2026-09-24 23:50:52,2026-09-25 09:56:52,3740866913
fuster|j|sheyngezikht|l,fuster|j,sheyngezikht|l,Javier Munoz Fuster,Leonid Sheyngezikht,ITF Men Melilla - R16,2026-09-17 10:00:00,0.09913975833419456,0.9008602416658056,0.13774104683195593,0.9295278365045806,50,2026-09-16 23:44:59,2026-09-16 23:43:27,2026-09-17 10:00:00,3731498931
gadamauri|b|valle|e,gadamauri|b,valle|e,Buvaysar Gadamauri,Enrico Dalla Valle,ATP Challenger Bari - R1,2026-09-28 14:30:00,0.23884674013428717,0.7611532598657127,0.2638522427440633,0.7844827586206897,150,2026-09-27 23:43:39,2026-09-27 23:37:56,2026-09-28 13:42:15,3745170610
gadient|n|wuerth|t,gadient|n,wuerth|t,Nicole Gadient,Tara Wuerth,ITF Women Varna - R1,2026-09-30 08:11:00,0.04554495055480483,0.9544550494451948,0.07363770250368189,0.9721526037315512,225,2026-09-30 00:23:26,2026-09-30 00:17:47,2026-09-30 08:11:00,3746730543
gahnstrom|e|poulsen|o,gahnstrom|e,poulsen|o,Erik Gahnstrom,Oskar Brostrom Poulsen,ITF Men Falun - R1,2026-09-22 11:00:00,0.061950516978422736,0.9380494830215773,0.09746588693957116,0.9611801242236024,50,2026-09-21 20:50:48,2026-09-21 20:47:31,2026-09-22 11:00:00,3737954693
gakhov|i|lee|g,gakhov|i,lee|g,Ivan Gakhov,Gerard Campana Lee,ITF Men Sabadell - SF,2026-09-26 09:00:00,0.46565061466352226,0.5343493853364778,0.5024875621890548,0.5708154506437768,75,2026-09-25 23:38:37,2026-09-25 23:36:25,2026-09-26 09:00:00,3741873363
galan|d|izquierdo|n,galan|d,izquierdo|n,Daniel Elahi Galan,Nikolas Sanchez Izquierdo,ATP Challenger Szczecin - R16,2026-09-17 17:30:00,0.48731903744274113,0.5126809625572588,0.5073891625615764,0.5327102803738317,200,2026-09-17 07:53:15,2026-09-17 07:51:36,2026-09-17 17:30:00,3731707813
galarneau|a|harris|l,galarneau|a,harris|l,Alexis Galarneau,Lloyd Harris,ATP Challenger Jingshan - R1,2026-09-30 05:00:00,0.27782230552390696,0.7221776944760933,0.3003003003003003,0.7435897435897436,250,2026-09-22 13:42:50,2026-09-22 13:39:13,2026-09-30 04:41:47,3738468095
galarneau|a|ymer|e,galarneau|a,ymer|e,Alexis Galarneau,Elias Ymer,ATP Chengdu Open - Qualifiers,2026-09-22 06:05:00,0.6650417903015242,0.33495820969847573,0.6865203761755486,0.35714285714285715,250,2026-09-21 19:22:29,2026-09-21 19:16:57,2026-09-22 05:13:23,3737916777
galfi|d|grabher|j,galfi|d,grabher|j,Dalma Galfi,Julia Grabher,WTA 125K Adana - R1,2026-09-29 09:00:00,0.575150105994818,0.42484989400518214,0.5983935742971888,0.4484304932735426,200,2026-09-28 17:19:44,2026-09-28 17:17:18,2026-09-29 09:00:00,3745594115
galfi|d|kostovic|t,galfi|d,kostovic|t,Dalma Galfi,Teodora Kostovic,WTA 125K Adana - R16,2026-09-30 12:00:00,0.44558778955029815,0.5544122104497016,0.4694835680751174,0.5780590717299579,200,2026-09-29 23:44:51,2026-09-29 23:41:29,2026-09-30 13:00:00,3746721412
galfi|d|micic|e,galfi|d,micic|e,Dalma Galfi,Elena Micic,WTA 125K Adana - R1,2026-09-29 09:00:00,0.7022945843555115,0.29770541564448844,0.726027397260274,0.3225806451612903,200,2026-09-28 22:57:16,2026-09-28 22:50:09,2026-09-29 09:00:00,3745734056
gallego|i|lazarenko|k,gallego|i,lazarenko|k,Isabel Adrover Gallego,Kateryna Lazarenko,ITF Women Yecla - R1,2026-09-23 10:00:00,0.1428092091506794,0.8571907908493208,0.18281535648994515,0.8896247240618101,50,2026-09-23 02:59:58,2026-09-23 02:59:22,2026-09-23 10:00:00,3739034343
galus|p|mikovic|m,galus|p,mikovic|m,Piotr Galus,Mak Mikovic,ITF Men Sibenik - R16,2026-10-01 09:00:00,0.4256191337396337,0.5743808662603666,0.4629629629629629,0.6108949416342413,50,2026-09-30 15:55:45,2026-09-30 15:54:01,2026-10-01 09:00:00,3747310611
galus|p|petrovic|d,galus|p,petrovic|d,Piotr Galus,Drazen Petrovic,ITF Men Sibenik - R1,2026-09-30 10:57:54,0.4196957226337123,0.5803042773662878,0.45248868778280543,0.6124031007751938,150,2026-09-30 01:44:03,2026-09-30 01:42:20,2026-09-30 10:57:54,3746766433
galus|p|shylov|h,galus|p,shylov|h,Piotr Galus,Heorhii Shylov,ITF Men Pardubice - R1,2026-09-23 09:17:09,0.2157614163563937,0.7842385836436063,0.2557544757033248,0.8194945848375451,50,2026-09-23 02:47:33,2026-09-23 02:47:33,2026-09-23 09:17:09,3739027851
gandolfi|f|sziedat|f,gandolfi|f,sziedat|f,Francesca Gandolfi,Franziska Sziedat,ITF Women Santa Margherita di Pula - R16,2026-09-17 07:42:45,0.5417293771927775,0.45827062280722264,0.5780590717299579,0.49504950495049505,50,2026-09-16 23:16:19,2026-09-16 23:13:04,2026-09-17 07:42:45,3731473220
gao|x|udvardy|p,gao|x,udvardy|p,Xinyu Gao,Panna Udvardy,WTA Beijing - R1,2026-10-01 11:00:00,0.367584210922717,0.6324157890772831,0.3846153846153846,0.6491228070175439,250,2026-09-29 09:57:00,2026-09-29 09:56:57,2026-10-01 11:00:00,3745966217
garay|v|osorio|j,garay|v,osorio|j,Valentin Garay,Juan Sebastian Osorio,ITF Men Belem - R16,2026-09-17 15:00:00,0.26199912070738934,0.7380008792926106,0.30120481927710846,0.7737556561085973,50,2026-09-16 23:39:23,2026-09-16 23:39:23,2026-09-17 15:00:00,3731491196
garbero|f|sakellaridis|d,garbero|f,sakellaridis|d,Filippo Francesco Garbero,Dimitris Sakellaridis,ATP Challenger Bari - Qualifiers,2026-09-27 12:58:24,0.08586941025262486,0.9141305897473754,0.12106537530266344,0.9397953040337146,50,2026-09-27 05:42:09,2026-09-27 05:37:05,2026-09-27 12:58:24,3743848307
garcian|a|petrovic|a,garcian|a,petrovic|a,Axel Garcian,Andreja Petrovic,ITF Men Nevers - R16,2026-09-17 11:39:13,0.402858395493925,0.597141604506075,0.44052863436123346,0.6336996336996338,50,2026-09-16 23:16:19,2026-09-16 23:16:19,2026-09-17 11:39:13,3731471851
garcian|a|seifert|s,garcian|a,seifert|s,Axel Garcian,Stefan Seifert,ITF Men Forbach - R1,2026-09-23 09:00:00,0.43690316860768086,0.5630968313923191,0.4694835680751174,0.5951417004048584,150,2026-09-23 05:48:17,2026-09-23 05:48:17,2026-09-23 09:00:00,3739100147
garcia|a|giaccio|j,garcia|a,giaccio|j,Ares Teixido Garcia,Juliana Giaccio,ITF Women Yecla - R1,2026-09-23 09:00:00,0.08434830890321494,0.915651691096785,0.12210012210012208,0.9424956871765382,50,2026-09-23 02:59:58,2026-09-23 02:59:22,2026-09-23 09:00:00,3739034249
garcia|a|jialin|t,garcia|a,jialin|t,Andrea Lazaro Garcia,Tian Jialin,WTA Beijing - Qualifiers,2026-09-28 05:00:00,0.8631475293324244,0.1368524706675759,0.8843930635838151,0.16129032258064516,250,2026-09-27 23:29:27,2026-09-27 23:28:38,2026-09-28 05:00:00,3745165109
garcia|a|kartal|s,garcia|a,kartal|s,Andrea Lazaro Garcia,Sonay Kartal,WTA Beijing - R1,2026-10-01 05:00:00,0.2293938168641871,0.7706061831358126,0.2469135802469136,0.7872340425531915,250,2026-09-30 08:19:27,2026-09-30 08:17:21,2026-10-01 05:00:00,3746934490
garcia|a|lee|g,garcia|a,lee|g,Alejandro Garcia,Gerard Campana Lee,ITF Men Sabadell - R16,2026-09-24 10:00:00,0.21774933637034954,0.7822506636296507,0.25252525252525254,0.8134328358208955,225,2026-09-24 00:37:45,2026-09-24 00:28:58,2026-09-24 10:00:00,3740007793
garcia|a|montgomery|r,garcia|a,montgomery|r,Aran Teixido Garcia,Robin Montgomery,WTA Beijing - Qualifiers,2026-09-28 07:30:00,0.047526803821663695,0.9524731961783363,0.07122507122507123,0.9685534591194968,250,2026-09-27 23:38:13,2026-09-27 23:37:56,2026-09-28 07:30:00,3745165812
garcia|a|paez|l,garcia|a,paez|l,Alejandro Garcia,Luis Garcia Paez,ITF Men Sabadell - R1,2026-09-23 10:00:18,0.7849303962517102,0.21506960374828982,0.8161764705882354,0.25,100,2026-09-23 02:47:33,2026-09-23 02:47:33,2026-09-23 10:00:18,3739027851
garcia|a|spink|i,garcia|a,spink|i,Alba Rey Garcia,Indianna Spink,ITF Women Baza - R1,2026-09-29 10:10:00,0.38176035323055196,0.6182396467694481,0.41493775933609955,0.6503496503496503,100,2026-09-29 01:19:24,2026-09-29 01:19:24,2026-09-29 10:10:00,3745769972
garcia|a|steur|j,garcia|a,steur|j,Andrea Lazaro Garcia,Joelle Lilly Sophie Steur,WTA 125k Valencia - QF,2026-09-18 16:33:28,0.5696391374708195,0.43036086252918054,0.5934959349593496,0.45454545454545453,200,2026-09-17 16:33:01,2026-09-17 16:24:53,2026-09-18 16:33:28,3732083994
garcia|c|vedder|d,garcia|c,vedder|d,Charo Esquiva Banuls / Aran Teixido Garcia,Despina Papamichail / Eva Vedder,WTA 125k Valencia - Doubles,2026-09-17 11:30:00,0.3062833730220883,0.6937166269779118,0.3448275862068966,0.7297297297297298,500,2026-09-17 09:08:45,2026-09-17 09:07:06,2026-09-17 11:30:00,3731752892
garcia|m|novak|k,garcia|m,novak|k,Meritxell Teixido Garcia,Kristina Novak,ITF Women Baza - R1,2026-09-30 09:42:59,0.2632172761451523,0.7367827238548477,0.2976190476190476,0.7685185185185185,150,2026-09-30 00:23:26,2026-09-30 00:17:47,2026-09-30 09:42:59,3746734643
garin|c|jodar|r,garin|c,jodar|r,Cristian Garin,Rafael Jodar,Davis Cup - Qualifiers,2026-09-19 17:33:00,0.23855732028568702,0.761442679714313,0.2610966057441253,0.782608695652174,275,2026-09-19 09:09:38,2026-09-19 09:07:39,2026-09-19 17:33:00,3733881672
garland|j|hunter|s,garland|j,hunter|s,Joanna Garland,Storm Hunter,WTA Singapore - R1,2026-09-21 13:00:00,0.5266215538136767,0.4733784461863233,0.5433789954337899,0.49019607843137253,250,2026-09-21 01:09:30,2026-09-21 00:55:01,2026-09-21 13:00:00,3737473061
garland|j|morvayova|v,garland|j,morvayova|v,Joanna Garland,Viktoria Morvayova,WTA Singapore - Qualifiers,2026-09-20 06:30:00,0.7821661394766548,0.21783386052334539,0.8031496062992126,0.24038461538461536,250,2026-09-19 21:15:21,2026-09-19 21:14:43,2026-09-20 05:49:20,3735506229
garland|j|perez|e,garland|j,perez|e,Joanna Garland,Ellen Perez,WTA Singapore - Qualifiers,2026-09-19 05:30:00,0.9384486088938038,0.06155139110619624,0.9568221070811744,0.08703220191470844,250,2026-09-19 00:12:53,2026-09-19 00:06:45,2026-09-19 05:30:00,3733590905
garland|j|wang|x,garland|j,wang|x,Joanna Garland,Xinyu Wang,WTA Singapore - R16,2026-09-24 07:45:00,0.2682902617857386,0.7317097382142614,0.28328611898017,0.7461928934010152,400,2026-09-22 17:43:26,2026-09-22 17:40:45,2026-09-24 08:45:00,3738662179
garnevska|v|stamatova|j,garnevska|v,stamatova|j,Valeria Garnevska,Julia Stamatova,ITF Women Plovdiv - R1,2026-09-23 08:00:00,0.5650136343271807,0.4349863656728193,0.5967741935483871,0.4672897196261683,100,2026-09-23 03:24:41,2026-09-23 03:15:47,2026-09-23 08:00:00,3739041861
garnevska|v|stankovic|a,garnevska|v,stankovic|a,Valeria Garnevska,Anja Stankovic,ITF Women Plovdiv - R16,2026-09-24 09:00:00,0.1414397494991279,0.8585602505008721,0.18148820326678766,0.8909487459105779,50,2026-09-23 23:47:04,2026-09-23 23:43:27,2026-09-24 09:00:00,3739978622
garnevska|v|tkachenko|a,garnevska|v,tkachenko|a,Valeria Garnevska,Adriana Tkachenko,ITF Women Varna - R16,2026-10-01 11:21:00,0.7862453343743416,0.2137546656256583,0.8175182481751824,0.24875621890547267,225,2026-10-01 00:33:09,2026-10-01 00:27:21,2026-10-01 11:21:00,3747765822
gasanova|a|hruncakova|v,gasanova|a,hruncakova|v,Anastasia Gasanova,Viktoria Hruncakova,WTA 125K Adana - R1,2026-09-28 13:45:00,0.7010020210417162,0.2989979789582838,0.7245179063360881,0.3236245954692557,200,2026-09-28 01:43:49,2026-09-28 01:29:23,2026-09-28 13:45:00,3745223513
gasanova|a|monnet|c,gasanova|a,monnet|c,Anastasia Gasanova,Carole Monnet,WTA 125K Ankara - R16,2026-09-24 09:00:00,0.6832122053782862,0.31678779462171375,0.7067448680351905,0.3412969283276451,200,2026-09-23 15:21:24,2026-09-23 15:19:18,2026-09-24 10:00:00,3739600947
gasanova|a|tikhonova|a,gasanova|a,tikhonova|a,Anastasia Gasanova,Anastasia Tikhonova,WTA 125K Ankara - R1,2026-09-22 09:00:00,0.7666275640551967,0.2333724359448033,0.7899159663865546,0.25839793281653745,200,2026-09-21 15:45:42,2026-09-21 15:45:39,2026-09-22 08:12:53,3737785176
gasparini|c|sakellaridi|s,gasparini|c,sakellaridi|s,Carolina Gasparini,Sapfo Sakellaridi,ITF Women Varna - R16,2026-10-01 08:00:00,0.1547834033581079,0.8452165966418923,0.19493177387914232,0.878345498783455,50,2026-09-30 19:21:36,2026-09-30 19:10:20,2026-10-01 07:08:23,3747603945
gasparini|c|tudor|d,gasparini|c,tudor|d,Carolina Gasparini,Daria Tudor,ITF Women Varna - R1,2026-09-30 07:00:00,0.9481233661591888,0.051876633840811315,0.9671376930660532,0.08097165991902834,225,2026-09-30 00:23:26,2026-09-30 00:17:47,2026-09-30 07:00:00,3746730543
gasparyan|m|tupitsyna|e,gasparyan|m,tupitsyna|e,Margarita Betova Gasparyan,Ekaterina Tupitsyna,ITF Women Hurghada - R16,2026-09-17 09:00:00,0.3950528898846251,0.6049471101153749,0.4329004329004329,0.6415770609318996,50,2026-09-16 23:39:23,2026-09-16 23:33:19,2026-09-17 09:00:00,3731489724
gaston|h|rublev|a,gaston|h,rublev|a,Hugo Gaston,Andrey Rublev,ATP Hangzhou - QF,2026-09-27 08:30:00,0.1900682707650789,0.8099317292349212,0.20491803278688525,0.823943661971831,300,2026-09-25 18:18:19,2026-09-25 18:17:23,2026-09-27 07:52:55,3741572814
gaston|h|shimabukuro|s,gaston|h,shimabukuro|s,Hugo Gaston,Sho Shimabukuro,ATP Hangzhou - R1,2026-09-24 05:00:00,0.4906509381324186,0.5093490618675814,0.5073891625615764,0.5260663507109005,250,2026-09-22 10:20:42,2026-09-22 10:19:43,2026-09-24 06:00:00,3738298861
gaubas|v|kecmanovic|m,gaubas|v,kecmanovic|m,Vilius Gaubas,Miomir Kecmanovic,Davis Cup World - Group 1,2026-09-20 13:55:00,0.26216744996580726,0.7378325500341928,0.27932960893854747,0.7542997542997544,250,2026-09-19 23:43:37,2026-09-19 23:41:09,2026-09-20 13:55:00,3735613337
gaubas|v|medjedovic|h,gaubas|v,medjedovic|h,Vilius Gaubas,Hamad Medjedovic,Davis Cup World - Group 1,2026-09-19 14:53:30,0.31612249056478087,0.683877509435219,0.3333333333333333,0.7005988023952096,250,2026-09-19 01:57:53,2026-09-19 01:57:09,2026-09-19 14:53:30,3733663725
gava|k|sakamoto|p,gava|k,sakamoto|p,Kaua Lorenzo Santos Gava,Pedro Sakamoto,ITF Men Curitiba - R1,2026-09-22 14:00:00,0.16252493288052813,0.837475067119472,0.19762845849802374,0.8673740053050397,225,2026-09-22 10:20:42,2026-09-22 10:19:43,2026-09-22 14:00:00,3738306966
gea|a|machac|t,gea|a,machac|t,Arthur Gea,Tomas Machac,ATP Beijing - Qualifiers,2026-09-29 04:10:00,0.5866926535390748,0.4133073464609251,0.607843137254902,0.4347826086956522,250,2026-09-28 12:39:25,2026-09-28 12:33:35,2026-09-29 03:15:38,3745450472
gea|a|zhang|z,gea|a,zhang|z,Arthur Gea,Zhizhen Zhang,ATP Beijing - R1,2026-09-30 10:15:00,0.7293473573590945,0.2706526426409055,0.7461928934010152,0.2881844380403458,250,2026-09-29 12:20:30,2026-09-29 12:17:37,2026-09-30 10:15:00,3746119155
geerts|m|jover|c,geerts|m,jover|c,Michael Geerts,Carlos Sanchez Jover,ATP Challenger Plovdiv - R1,2026-09-22 09:11:00,0.3143384847053171,0.685661515294683,0.3389830508474576,0.7093023255813954,150,2026-09-21 15:57:22,2026-09-21 15:56:56,2026-09-22 08:56:07,3737792493
geerts|m|orlov|v,geerts|m,orlov|v,Michael Geerts,Vladyslav Orlov,ATP Challenger Porto - Qualifiers,2026-09-27 18:30:50,0.7010020210417162,0.2989979789582838,0.7245179063360881,0.3236245954692557,100,2026-09-26 23:50:41,2026-09-26 23:49:58,2026-09-27 18:30:50,3743623218
gennaro|c|szabo|b,gennaro|c,szabo|b,Camilla Gennaro,Briana Szabo,ITF Women Santa Margherita di Pula - R16,2026-09-17 07:41:07,0.6196831303580358,0.38031686964196426,0.6563573883161512,0.4184100418410042,50,2026-09-16 23:16:19,2026-09-16 23:13:04,2026-09-17 07:41:07,3731472704
gennaro|c|sziedat|f,gennaro|c,sziedat|f,Camilla Gennaro,Franziska Sziedat,ITF Women Santa Margherita di Pula - QF,2026-09-18 10:00:00,0.6010826069371937,0.3989173930628064,0.6376811594202898,0.4366812227074236,75,2026-09-17 20:23:35,2026-09-17 20:23:35,2026-09-18 10:00:00,3732328796
genova|c|ray|v,genova|c,ray|v,Chiara Di Genova,Valeria Ray,ITF Women Nashville - R16,2026-10-01 14:00:00,0.1297374275574276,0.8702625724425724,0.16420361247947454,0.8983739837398373,150,2026-10-01 00:33:09,2026-10-01 00:27:21,2026-10-01 14:00:00,3747766194
gentzsch|t|mikrut|l,gentzsch|t,mikrut|l,Tom Gentzsch,Luka Mikrut,ATP Challenger Szczecin - QF,2026-09-18 13:00:00,0.5579409138655012,0.4420590861344987,0.574468085106383,0.4587155963302753,250,2026-09-17 16:42:47,2026-09-17 16:39:57,2026-09-18 13:00:00,3732099169
gentzsch|t|valle|e,gentzsch|t,valle|e,Tom Gentzsch,Enrico Dalla Valle,ATP Challenger Genoa - R1,2026-09-22 09:30:00,0.5544122104497016,0.44558778955029815,0.5780590717299579,0.4694835680751174,150,2026-09-21 15:51:38,2026-09-21 15:45:39,2026-09-22 08:44:44,3737791140
george|b|lithen|j,george|b,lithen|j,Benjamin Thomas George,John Hallquist Lithen,ITF Men Ann Arbor - R1,2026-09-29 18:30:00,0.36525481173182023,0.6347451882681797,0.39840637450199207,0.6666666666666666,150,2026-09-29 02:02:52,2026-09-29 01:53:42,2026-09-29 17:44:16,3745778107
george|b|torre|i,george|b,torre|i,Benjamin Thomas George,Inaki Montes-De La Torre,ITF Men Setubal - R1,2026-09-23 15:04:02,0.08613638540512743,0.9138636145948726,0.11876484560570072,0.9381570810142238,150,2026-09-22 12:47:51,2026-09-22 12:38:50,2026-09-23 15:04:02,3738423524
ghetu|g|tabata|r,ghetu|g,tabata|r,Gabriel Ghetu,Ryo Tabata,ITF Men Slobozia - R1,2026-09-29 09:00:59,0.7017424356989798,0.29825756430102046,0.7375328083989502,0.3367003367003367,50,2026-09-28 23:48:02,2026-09-28 23:48:02,2026-09-29 09:00:59,3745748526
giaccio|j|lazarenko|k,giaccio|j,lazarenko|k,Juliana Giaccio,Kateryna Lazarenko,ITF Women Baza - R1,2026-09-30 13:56:16,0.5349401424212413,0.46505985757875873,0.5670995670995671,0.49751243781094534,150,2026-09-30 00:23:26,2026-09-30 00:17:47,2026-09-30 13:56:16,3746734643
giaccio|j|lollia|m,giaccio|j,lollia|m,Juliana Giaccio,Mathilde Lollia,ITF Women Baza - R16,2026-10-01 16:00:00,0.5225781339691162,0.47742186603088377,0.5594713656387665,0.5145631067961165,50,2026-09-30 23:57:06,2026-09-30 23:57:06,2026-10-01 16:00:00,3747749132
giambelli|c|steur|j,giambelli|c,steur|j,Carla Giambelli,Joelle Lilly Sophie Steur,ITF Women Santa Margherita di Pula - R1,2026-09-23 12:16:58,0.0372633586342685,0.9627366413657318,0.06377551020408163,0.978480740262535,150,2026-09-23 03:24:41,2026-09-23 03:15:47,2026-09-23 12:16:58,3739041366
gibson|s|panova|k,gibson|s,panova|k,Sofia Costoulas / Talia Gibson,Kristina Mladenovic / Alexandra Panova,WTA Singapore - Doubles,2026-09-24 07:00:00,0.40871036514962544,0.5912896348503746,0.4347826086956522,0.6168582375478928,100,2026-09-23 16:22:52,2026-09-23 16:22:52,2026-09-24 07:00:00,3739666082
gibson|s|sutjiadi|e,gibson|s,sutjiadi|e,Sofia Costoulas / Talia Gibson,Erin Routliffe / Aldila Sutjiadi,WTA Singapore - Doubles,2026-09-26 12:10:00,0.2808618983247862,0.7191381016752139,0.3125,0.7487437185929648,125,2026-09-25 08:43:52,2026-09-25 08:39:42,2026-09-26 12:20:00,3741054927
gibson|t|morvayova|v,gibson|t,morvayova|v,Talia Gibson,Viktoria Morvayova,WTA Singapore - R16,2026-09-24 05:00:00,0.893778985833852,0.10622101416614803,0.9099099099099098,0.12484394506866417,250,2026-09-23 11:39:30,2026-09-23 11:39:30,2026-09-24 06:00:00,3739399501
gibson|t|prozorova|t,gibson|t,prozorova|t,Talia Gibson,Tatiana Prozorova,WTA Singapore - SF,2026-09-26 03:00:00,0.5408467124155495,0.4591532875844507,0.5555555555555556,0.4739336492890995,650,2026-09-25 20:40:40,2026-09-25 20:39:55,2026-09-26 03:00:00,3741797341
gibson|t|sakkari|m,gibson|t,sakkari|m,Talia Gibson,Maria Sakkari,WTA Singapore - QF,2026-09-25 12:43:11,0.3184618591908575,0.6815381408091424,0.3333333333333333,0.6960486322188449,475,2026-09-24 17:44:33,2026-09-24 17:42:46,2026-09-25 12:43:11,3740623964
gibson|t|sasnovich|a,gibson|t,sasnovich|a,Talia Gibson,Aliaksandra Sasnovich,WTA Beijing - R1,2026-09-30 05:00:00,0.5579409138655012,0.4420590861344987,0.574468085106383,0.4587155963302753,250,2026-09-29 14:54:48,2026-09-29 14:48:52,2026-09-30 05:00:00,3746241316
gill|f|radulov|i,gill|f,radulov|i,Felix Gill,Iliyan Radulov,ATP Challenger Plovdiv - R16,2026-09-24 14:10:00,0.7006026331264779,0.29939736687352225,0.7237569060773481,0.3236245954692557,150,2026-09-23 15:54:35,2026-09-23 15:49:29,2026-09-24 14:20:00,3739637024
gill|f|vasilev|a,gill|f,vasilev|a,Felix Gill,Alexander Vasilev,ATP Challenger Plovdiv - R1,2026-09-22 14:13:00,0.7935460913435459,0.20645390865645416,0.8165137614678898,0.23148148148148145,100,2026-09-21 15:57:22,2026-09-21 15:56:56,2026-09-22 14:13:00,3737794985
gima|s|klok|d,gima|s,klok|d,Sebastian Gima,Denis Klok,ITF Men Zlatibor - R16,2026-09-18 10:00:00,0.7258217814174621,0.27417821858253794,0.7619047619047619,0.31347962382445144,50,2026-09-18 01:38:45,2026-09-18 01:38:45,2026-09-18 09:00:28,3732437984
gima|s|misolic|f,gima|s,misolic|f,Sebastian Gima,Filip Misolic,ATP Challenger Plovdiv - Qualifiers,2026-09-21 08:05:00,0.13503951178927115,0.8649604882107291,0.16977928692699493,0.8935037273695421,50,2026-09-20 19:39:01,2026-09-20 19:38:03,2026-09-21 09:05:00,3737231571
gima|s|tolev|a,gima|s,tolev|a,Sebastian Gima,Aleksandar Tolev,ATP Challenger Plovdiv - Qualifiers,2026-09-20 07:10:00,0.9199505058202551,0.08004949417974495,0.9448428019856592,0.11481056257175659,50,2026-09-20 01:31:56,2026-09-20 01:31:14,2026-09-20 07:10:00,3735707473
gima|s|tsitsipas|p,gima|s,tsitsipas|p,Sebastian Gima,Petros Tsitsipas,ITF Men Slobozia - R16,2026-10-01 08:30:00,0.7407023224277738,0.2592976775722263,0.7727272727272727,0.29411764705882354,225,2026-10-01 00:33:09,2026-10-01 00:27:21,2026-10-01 08:30:00,3747769884
gimbrere|j|pigato|l,gimbrere|j,pigato|l,Jasmijn Gimbrere,Lisa Pigato,ITF Women Quinta Do Lago - R1,2026-09-30 10:06:00,0.02674848583925353,0.9732515141607465,0.05518763796909492,0.9872334992978424,50,2026-09-29 02:57:29,2026-09-29 02:54:06,2026-09-30 10:06:00,3745788741
giorgio|p|lokoli|l,giorgio|p,lokoli|l,Pasquale De Giorgio,Laurent Lokoli,ITF Men Santa Margherita di Pula - R16,2026-09-23 10:55:00,0.036543744239579574,0.9634562557604202,0.06289308176100629,0.9790136411332634,100,2026-09-23 02:47:33,2026-09-23 02:47:33,2026-09-23 10:55:00,3739027806
giraldi|c|handel|t,giraldi|c,handel|t,Carlos Giraldi,Tim Handel,ITF Men Zaragoza - R1,2026-09-30 10:30:00,0.13857885513198784,0.8614211448680121,0.17857142857142858,0.8936170212765957,50,2026-09-30 02:04:19,2026-09-30 02:03:30,2026-09-30 10:30:00,3746771297
girolami|t|kovackova|a,girolami|t,kovackova|a,Tilwith Di Girolami,Alena Kovackova,ITF Women Santa Margherita di Pula - R1,2026-09-23 09:00:00,0.19573666120672714,0.8042633387932728,0.23094688221709006,0.8352553542009884,150,2026-09-23 03:24:41,2026-09-23 03:15:47,2026-09-23 09:00:00,3739041861
giron|m|munar|j,giron|m,munar|j,Marcos Giron,Jaume Munar,ATP Tokyo - Qualifiers,2026-09-28 06:13:00,0.3607681354933975,0.6392318645066025,0.38314176245210724,0.6610169491525424,250,2026-09-27 23:29:27,2026-09-27 23:28:38,2026-09-28 06:13:00,3745161392
giunta|m|taberner|c,giunta|m,taberner|c,Massimo Giunta,Carlos Taberner,ATP Challenger Bari - R16,2026-10-01 10:30:00,0.34488705731881736,0.6551129426811827,0.36900369003690037,0.6784565916398714,150,2026-09-30 16:40:42,2026-09-30 16:39:20,2026-10-01 10:30:00,3747357661
giustino|l|gomila|m,giustino|l,gomila|m,Lorenzo Giustino,Matias Ponce De Leon Gomila,ITF Men Sabadell - R16,2026-09-24 11:42:56,0.8430178000350222,0.1569821999649777,0.8726114649681528,0.19193857965451055,225,2026-09-24 00:37:45,2026-09-24 00:28:58,2026-09-24 11:42:56,3740007383
giustino|l|lee|g,giustino|l,lee|g,Lorenzo Giustino,Gerard Campana Lee,ITF Men Sabadell - QF,2026-09-25 11:00:00,0.5931218011454887,0.4068781988545112,0.6296296296296295,0.4444444444444444,75,2026-09-24 23:50:52,2026-09-24 23:47:02,2026-09-25 10:11:45,3740863448
giustino|l|sperle|j,giustino|l,sperle|j,Lorenzo Giustino,John Sperle,ATP Challenger Bari - R1,2026-09-29 11:00:00,0.7010020210417162,0.2989979789582838,0.7245179063360881,0.3236245954692557,150,2026-09-28 21:28:47,2026-09-28 21:22:47,2026-09-29 09:52:08,3745711294
gjorcheska|l|zaytseva|k,gjorcheska|l,zaytseva|k,Lina Gjorcheska,Ksenia Zaytseva,WTA 125K Ankara - R1,2026-09-21 14:00:00,0.3729356198329117,0.6270643801670884,0.3968253968253968,0.6503496503496503,200,2026-09-21 12:59:46,2026-09-21 12:59:38,2026-09-21 13:21:11,3737706088
gleason|u|prozorova|s,gleason|u,prozorova|s,Ulrikke Eikeri / Quinn Gleason,Sofya Lansere / Tatiana Prozorova,WTA Singapore - Doubles,2026-09-23 06:57:00,0.756033246961148,0.24396675303885207,0.7811816192560176,0.2710027100271003,100,2026-09-21 22:18:19,2026-09-21 22:18:07,2026-09-23 06:57:00,3737978950
glinka|d|jade|d,glinka|d,jade|d,Daniil Glinka,Daniel Jade,ATP Challenger St Tropez - R1,2026-09-22 09:30:00,0.7636547792075526,0.23634522079244735,0.782608695652174,0.25641025641025644,150,2026-09-22 03:24:37,2026-09-22 03:20:06,2026-09-22 09:30:00,3738081614
glinka|d|prizmic|d,glinka|d,prizmic|d,Daniil Glinka,Dino Prizmic,ATP Challenger St Tropez - QF,2026-09-25 15:45:00,0.18078636778164064,0.8192136322183593,0.19801980198019803,0.8352553542009884,175,2026-09-24 17:30:02,2026-09-24 17:29:38,2026-09-25 14:58:07,3740603655
gloeckler|m|ivanov|s,gloeckler|m,ivanov|s,Michael Gloeckler,Saveliy Ivanov,ITF Men Hurghada - R16,2026-09-17 09:18:01,0.4913767461894386,0.5086232538105614,0.5283018867924528,0.5454545454545454,50,2026-09-16 23:39:23,2026-09-16 23:33:19,2026-09-17 09:18:01,3731490759
glushkova|d|hennemann|c,glushkova|d,hennemann|c,Denislava Glushkova,Caijsa Hennemann,ITF Women Plovdiv - R1,2026-09-22 06:30:00,0.24451909378522813,0.7554809062147717,0.27932960893854747,0.7872340425531915,100,2026-09-21 20:50:48,2026-09-21 20:47:31,2026-09-22 06:30:00,3737954346
gnjidic|j|nicod|j,gnjidic|j,nicod|j,Jou-George Gnjidic,Jakub Nicod,ITF Men Sibenik - R1,2026-09-29 08:00:00,0.035297835010783325,0.9647021649892165,0.06613756613756615,0.9814471243042672,50,2026-09-29 01:45:04,2026-09-29 01:38:35,2026-09-29 08:00:00,3745773563
goffin|d|lajal|m,goffin|d,lajal|m,David Goffin,Mark Lajal,ATP Challenger St Tropez - R1,2026-09-21 16:14:37,0.278710462294253,0.7212895377057471,0.29850746268656714,0.7402597402597403,150,2026-09-20 16:56:39,2026-09-20 16:54:52,2026-09-21 17:00:00,3736965896
goina|p|mair|l,goina|p,mair|l,Patricia Georgiana Goina,Laura Mair,ITF Women Varna - R1,2026-09-29 12:02:11,0.25510649827876547,0.7448935017212345,0.2898550724637681,0.7767857142857143,225,2026-09-28 23:10:03,2026-09-28 23:07:33,2026-09-29 12:02:11,3745735691
goina|p|olsen|a,goina|p,olsen|a,Patricia Georgiana Goina,Astrid Olsen,ITF Women Varna - R16,2026-10-01 09:51:00,0.5392612262516225,0.4607387737483774,0.5708154506437768,0.4926108374384236,225,2026-10-01 00:33:09,2026-10-01 00:27:21,2026-10-01 09:51:00,3747766379
gojo|b|martineau|m,gojo|b,martineau|m,Borna Gojo,Matteo Martineau,ATP Challenger Rennes - R16,2026-09-17 20:30:00,0.7502526986859481,0.24974730131405182,0.76905311778291,0.2695417789757412,200,2026-09-17 07:53:15,2026-09-17 07:51:36,2026-09-17 20:30:00,3731706198
golovina|m|hatouka|y,golovina|m,hatouka|y,Maria Golovina,Yuliya Hatouka,ITF Women Sharm El Sheikh - Final,2026-09-27 06:30:00,0.6026865924528046,0.3973134075471953,0.6389891696750902,0.4347826086956522,75,2026-09-26 13:56:08,2026-09-26 13:54:19,2026-09-27 06:30:00,3742581657
golovina|m|hrabavets|u,golovina|m,hrabavets|u,Maria Golovina,Ulyana Hrabavets,ITF Women Sharm El Sheikh - QF,2026-09-25 06:30:00,0.778795816238463,0.2212041837615369,0.8141263940520447,0.2610966057441253,75,2026-09-24 23:44:45,2026-09-24 23:31:56,2026-09-25 06:30:00,3740857913
golovina|m|milovanova|v,golovina|m,milovanova|v,Maria Golovina,Victoria Milovanova,ITF Women Sharm El Sheikh - SF,2026-09-26 06:45:44,0.5453253428625837,0.4546746571374164,0.5780590717299579,0.48780487804878053,250,2026-09-25 13:42:52,2026-09-25 13:42:52,2026-09-26 06:45:44,3741268516
golovina|m|wildgruber|a,golovina|m,wildgruber|a,Maria Golovina,Anja Wildgruber,ITF Women Sharm El Sheikh - R1,2026-09-23 09:00:00,0.9491526362495815,0.050847363750418484,0.9658236500341765,0.07501875468867217,350,2026-09-23 03:24:41,2026-09-23 03:15:47,2026-09-23 09:00:00,3739041756
golubic|v|kalieva|e,golubic|v,kalieva|e,Viktorija Golubic,Elvina Kalieva,WTA Beijing - R1,2026-09-30 05:00:00,0.6539126993116271,0.34608730068837296,0.6710526315789473,0.36363636363636365,250,2026-09-29 16:56:59,2026-09-29 16:56:59,2026-09-30 05:00:00,3746341607
golubic|v|korneeva|a,golubic|v,korneeva|a,Viktorija Golubic,Alina Korneeva,WTA Beijing - R1,2026-09-30 02:00:00,0.41382601030411564,0.5861739896958844,0.43103448275862066,0.6031746031746031,250,2026-09-29 10:10:13,2026-09-29 10:07:19,2026-09-30 02:00:00,3745979903
golubic|v|stearns|p,golubic|v,stearns|p,Viktorija Golubic,Peyton Stearns,WTA Beijing - R2,2026-10-02 03:00:00,0.3616349400232978,0.6383650599767022,0.37878787878787884,0.6551724137931035,275,2026-10-01 07:57:27,2026-10-01 07:50:16,2026-10-02 03:00:00,3747960215
gombos|n|sakellaridis|s,gombos|n,sakellaridis|s,Norbert Gombos,Stefanos Sakellaridis,Davis Cup World - Group 1,2026-09-20 12:48:45,0.5,0.5,0.5169082125603864,0.5169082125603864,250,2026-09-20 07:46:38,2026-09-20 07:46:38,2026-09-20 12:48:45,3735898638
gombos|n|tsitsipas|s,gombos|n,tsitsipas|s,Norbert Gombos,Stefanos Tsitsipas,Davis Cup World - Group 1,2026-09-19 13:11:00,0.15016230055552474,0.8498376994444753,0.16977928692699493,0.8675496688741722,125,2026-09-19 01:57:53,2026-09-19 01:57:53,2026-09-19 12:25:51,3733664411
gomez|f|marcondes|i,gomez|f,marcondes|i,Federico Agustin Gomez,Igor Marcondes,ATP Challenger San Diego - QF,2026-09-25 19:00:00,0.5976114090996224,0.4023885909003776,0.6168582375478928,0.42194092827004215,200,2026-09-24 17:39:03,2026-09-24 17:29:38,2026-09-25 19:00:00,3740613453
gomez|f|svajda|t,gomez|f,svajda|t,Federico Agustin Gomez,Trevor Svajda,ATP Challenger San Diego - R16,2026-09-23 21:30:00,0.3113838737669906,0.6886161262330092,0.33557046979865773,0.7118155619596541,150,2026-09-23 07:39:59,2026-09-23 07:31:15,2026-09-23 21:30:00,3739154185
gomez|f|zink|t,gomez|f,zink|t,Federico Agustin Gomez,Tyler Zink,ATP Challenger San Diego - R1,2026-09-22 19:30:00,0.5503864678311137,0.44961353216888644,0.574468085106383,0.4739336492890995,150,2026-09-22 08:48:09,2026-09-22 08:47:18,2026-09-22 19:30:00,3738232139
gomez|j|maloney|e,gomez|j,maloney|e,Jessica Hinojosa Gomez,Eliz Maloney,ITF Women Monastir - R1,2026-09-30 09:30:00,0.25379177051639384,0.7462082294836062,0.2881844380403458,0.7777777777777779,100,2026-09-29 18:50:37,2026-09-29 18:45:34,2026-09-30 09:30:00,3746468837
gomez|j|matsumoto|y,gomez|j,matsumoto|y,Jessica Hinojosa Gomez,Yuka Matsumoto,ITF Women Monastir - R16,2026-10-01 09:30:00,0.7367827238548477,0.2632172761451523,0.7685185185185185,0.2976190476190476,150,2026-10-01 00:33:09,2026-10-01 00:32:03,2026-10-01 08:44:43,3747773037
gomez|p|jankanj|v,gomez|p,jankanj|v,Pablo Martinez Gomez,Vlado Jankanj,ITF Men Fayetteville - R1,2026-09-30 16:00:00,0.7765871279969662,0.22341287200303384,0.8080614203454896,0.25839793281653745,150,2026-09-30 01:44:03,2026-09-30 01:33:18,2026-09-30 16:00:00,3746759877
gomila|m|melnic|v,gomila|m,melnic|v,Matias Ponce De Leon Gomila,Vladislav Melnic,ITF Men Sabadell - R1,2026-09-23 11:00:00,0.7651330236227141,0.23486697637728596,0.800796812749004,0.2747252747252747,50,2026-09-23 02:47:33,2026-09-23 02:44:15,2026-09-23 10:08:58,3739027162
goncalves|a|werner|a,goncalves|a,werner|a,Anna Caroline Goncalves,Antonella Azambuja Werner,ITF Women Belem - R1,2026-09-23 20:30:00,0.08897624359140646,0.9110237564085936,0.12706480304955528,0.9384993849938499,50,2026-09-23 03:48:03,2026-09-23 03:44:39,2026-09-23 20:30:00,3739052237
gonzalez|e|roh|h,gonzalez|e,roh|h,Eudald Gonzalez,Hoyoung Roh,ITF Men Fayetteville - R1,2026-09-29 17:46:00,0.21823350074959585,0.781766499250404,0.2531645569620253,0.8130841121495328,225,2026-09-29 01:19:24,2026-09-29 01:19:24,2026-09-29 17:46:00,3745769972
goransson|r|muller|a,goransson|r,muller|a,Robert Galloway / Andre Goransson,Adrian Mannarino / Alexandre Muller,ATP Chengdu Open - Doubles,2026-09-25 08:30:00,0.8715195990460816,0.12848040095391838,0.8989898989898989,0.1620745542949757,150,2026-09-24 15:58:57,2026-09-24 15:56:42,2026-09-25 08:30:00,3740535253
goransson|r|olivetti|t,goransson|r,olivetti|t,Robert Galloway / Andre Goransson,Theo Arribage / Albano Olivetti,ATP Chengdu Open - Doubles,2026-09-28 06:55:00,0.3997602636501105,0.6002397363498893,0.425531914893617,0.6254681647940076,250,2026-09-26 14:20:21,2026-09-26 14:18:05,2026-09-28 06:55:00,3742668760
goransson|r|zielinski|l,goransson|r,zielinski|l,Robert Galloway / Andre Goransson,Luke Johnson / Jan Zielinski,ATP Chengdu Open - Doubles,2026-09-29 07:55:00,0.5,0.5,0.5305164319248826,0.5305164319248826,150,2026-09-28 15:29:47,2026-09-28 15:19:37,2026-09-29 07:55:00,3745526794
gorgodze|e|palicova|b,gorgodze|e,palicova|b,Ekaterine Gorgodze,Barbora Palicova,WTA 125k Tolentino - R16,2026-09-24 14:00:00,0.33913048328525747,0.6608695167147425,0.36363636363636365,0.6845425867507886,200,2026-09-23 15:21:24,2026-09-23 15:19:18,2026-09-24 13:05:53,3739604951
gorgodze|e|pigossi|l,gorgodze|e,pigossi|l,Ekaterine Gorgodze,Laura Pigossi,WTA 125k Tolentino - R1,2026-09-22 11:30:00,0.5305456869879751,0.46945431301202484,0.5535714285714286,0.4926108374384236,200,2026-09-21 15:45:42,2026-09-21 15:45:39,2026-09-22 11:30:00,3737787617
gorgodze|e|selekhmeteva|o,gorgodze|e,selekhmeteva|o,Ekaterine Gorgodze,Oksana Selekhmeteva,WTA 125k Tolentino - QF,2026-09-25 16:30:00,0.33913048328525747,0.6608695167147425,0.36363636363636365,0.6845425867507886,200,2026-09-24 23:39:29,2026-09-24 23:31:56,2026-09-25 15:45:00,3740852598
gormaz|l|hercog|p,gormaz|l,hercog|p,Leyre Romero Gormaz,Polona Hercog,WTA 125k Tolentino - R1,2026-09-21 13:30:00,0.5940435054537099,0.4059564945462902,0.6168582375478928,0.4291845493562232,200,2026-09-21 00:25:23,2026-09-21 00:24:49,2026-09-21 13:30:00,3737455992
gormaz|l|pieri|j,gormaz|l,pieri|j,Leyre Romero Gormaz,Jessica Pieri,WTA 125k Tolentino - R16,2026-09-23 13:30:00,0.8332844214869689,0.16671557851303107,0.8554913294797688,0.19157088122605365,200,2026-09-23 02:32:42,2026-09-23 02:29:09,2026-09-23 13:30:00,3739010442
gorzny|s|johnson|a,gorzny|s,johnson|a,Sebastian Gorzny,Andrew Johnson,ATP Challenger San Diego - Qualifiers,2026-09-21 00:00:00,0.6968958048951607,0.3031041951048396,0.7245179063360881,0.33222591362126247,75,2026-09-20 13:55:34,2026-09-20 13:52:41,2026-09-21 00:00:00,3736519654
gorzny|s|krueger|m,gorzny|s,krueger|m,Sebastian Gorzny,Mitchell Krueger,ATP Challenger San Diego - R1,2026-09-22 20:52:50,0.6236079354853357,0.3763920645146644,0.646643109540636,0.4,150,2026-09-22 09:01:49,2026-09-22 08:52:21,2026-09-22 20:52:50,3738238694
gorzny|s|mayo|a,gorzny|s,mayo|a,Sebastian Gorzny,Aidan Mayo,ATP Challenger San Diego - Qualifiers,2026-09-21 20:30:00,0.4383562815519909,0.5616437184480091,0.4672897196261683,0.5901639344262295,75,2026-09-21 07:11:48,2026-09-21 07:02:13,2026-09-21 19:34:58,3737559476
gorzny|s|wolf|j,gorzny|s,wolf|j,Sebastian Gorzny,Jeffrey John Wolf,ATP Challenger Tiburon - QF,2026-09-18 23:10:00,0.2765992065281514,0.7234007934718486,0.29411764705882354,0.7402597402597403,250,2026-09-17 16:42:47,2026-09-17 16:39:57,2026-09-18 23:10:00,3732096943
goto|r|svendsen|j,goto|r,svendsen|j,Reina Goto,Johanne Christine Svendsen,ITF Women Berkeley - R1,2026-09-23 17:00:00,0.45827062280722264,0.5417293771927775,0.49504950495049505,0.5780590717299579,50,2026-09-23 03:37:04,2026-09-23 03:34:33,2026-09-23 17:00:00,3739048796
grabher|j|reales|g,grabher|j,reales|g,Julia Grabher,Guiomar Maristany Zuleta De Reales,WTA 125k Tolentino - Final,2026-09-27 14:00:00,0.4757994327845475,0.5242005672154525,0.49504950495049505,0.5433789954337899,200,2026-09-26 21:19:31,2026-09-26 21:19:03,2026-09-27 14:00:00,3743518623
grabher|j|ruggeri|j,grabher|j,ruggeri|j,Julia Grabher,Jennifer Ruggeri,WTA 125k Tolentino - R1,2026-09-22 18:00:00,0.6796953090125702,0.3203046909874297,0.7032640949554896,0.3448275862068966,200,2026-09-21 15:45:42,2026-09-21 15:45:39,2026-09-22 19:00:00,3737789737
grabher|j|selekhmeteva|o,grabher|j,selekhmeteva|o,Julia Grabher,Oksana Selekhmeteva,WTA 125k Tolentino - SF,2026-09-26 15:30:00,0.4826982014585644,0.5173017985414357,0.5024875621890548,0.5370370370370371,200,2026-09-25 23:44:01,2026-09-25 23:41:00,2026-09-26 15:30:00,3741874950
grabher|j|tubello|a,grabher|j,tubello|a,Julia Grabher,Alice Tubello,WTA 125k Tolentino - R16,2026-09-24 11:30:00,0.5631190451520258,0.4368809548479741,0.5867768595041323,0.4608294930875576,200,2026-09-23 15:21:24,2026-09-23 15:19:18,2026-09-24 10:36:42,3739613377
grenier|h|langmo|c,grenier|h,langmo|c,Hugo Grenier,Christian Langmo,ATP Challenger St Tropez - Qualifiers,2026-09-20 11:30:00,0.7509265386698654,0.24907346133013458,0.7742663656884875,0.273972602739726,100,2026-09-20 02:27:54,2026-09-20 02:16:32,2026-09-20 11:20:01,3735747519
grenier|h|overbeck|c,grenier|h,overbeck|c,Hugo Grenier,Carl Emil Overbeck,ATP Challenger Porto - R1,2026-09-29 14:02:00,0.5567425944449333,0.44325740555506665,0.576271186440678,0.4629629629629629,150,2026-09-28 17:42:14,2026-09-28 17:35:27,2026-09-29 14:02:00,3745604316
grenier|h|pereira|t,grenier|h,pereira|t,Hugo Grenier,Tiago Pereira,ATP Challenger Porto - R16,2026-10-01 14:00:00,0.5885424821461781,0.411457517853822,0.607843137254902,0.43103448275862066,200,2026-09-30 23:51:47,2026-09-30 23:46:46,2026-10-01 14:00:00,3747742720
gretskiy|i|majdandzic|m,gretskiy|i,majdandzic|m,Ivan Gretskiy,Marc Majdandzic,ITF Men Baku - R16,2026-09-24 06:00:00,0.27024186851552273,0.7297581314844772,0.30959752321981426,0.765807962529274,50,2026-09-23 15:32:15,2026-09-23 15:19:19,2026-09-24 06:00:00,3739612062
grevelius|a|hsu|r,grevelius|a,hsu|r,Andre Goransson / Erik Grevelius,Ray Ho / Yu Hsiou Hsu,Davis Cup - Doubles,2026-09-20 03:00:00,0.5964220809519482,0.40357791904805185,0.626865671641791,0.4347826086956522,125,2026-09-19 12:05:37,2026-09-19 12:03:57,2026-09-20 03:00:00,3734148560
griekspoor|t|mejia|n,griekspoor|t,mejia|n,Tallon Griekspoor,Nicolas Mejia,Davis Cup World - Group 1,2026-09-18 15:47:00,0.853073355644784,0.14692664435521616,0.8685939553219448,0.1639344262295082,500,2026-09-18 08:55:12,2026-09-18 08:53:52,2026-09-18 15:05:06,3732595307
griekspoor|t|rodriguez|j,griekspoor|t,rodriguez|j,Tallon Griekspoor,Johan Alexander Rodriguez,Davis Cup World - Group 1,2026-09-19 16:33:00,0.9595947463453317,0.04040525365466869,0.9723145071982282,0.0586166471277843,250,2026-09-19 09:30:26,2026-09-19 09:25:18,2026-09-19 16:33:00,3733907301
griekspoor|t|rublev|a,griekspoor|t,rublev|a,Tallon Griekspoor,Andrey Rublev,ATP Beijing - R1,2026-10-01 10:30:00,0.3603283577794201,0.6396716422205797,0.37735849056603776,0.6563573883161512,250,2026-09-29 04:31:16,2026-09-29 04:24:43,2026-10-01 09:30:00,3745813501
griekspoor|t|shapovalov|d,griekspoor|t,shapovalov|d,Tallon Griekspoor,Denis Shapovalov,ATP Chengdu Open - R1,2026-09-24 08:00:00,0.3866691323956914,0.6133308676043085,0.40322580645161293,0.6296296296296295,250,2026-09-22 09:22:06,2026-09-22 09:18:23,2026-09-24 07:14:18,3738255326
grippo|v|misasi|g,grippo|v,misasi|g,Valentino Grippo,Giannicola Misasi,ITF Men Telavi - R1,2026-09-28 08:00:00,0.1931912306636137,0.8068087693363861,0.22831050228310504,0.8376623376623378,225,2026-09-28 01:08:29,2026-09-28 00:59:11,2026-09-28 08:00:00,3745211241
grunewald|n|venkataraman|a,grunewald|n,venkataraman|a,Niklas Grunewald,Aniketh Venkataraman,ITF Men Kigali - R1,2026-09-30 08:57:20,0.4546746571374164,0.5453253428625837,0.48780487804878053,0.5780590717299579,150,2026-09-30 02:04:19,2026-09-30 02:03:30,2026-09-30 08:57:20,3746773257
gschwendtner|j|madaras|d,gschwendtner|j,madaras|d,Jeremy Gschwendtner,Dragos Nicolae Madaras,ITF Men Telavi - R16,2026-09-30 08:30:00,0.14151742997485967,0.8584825700251407,0.1763668430335097,0.8873873873873873,100,2026-09-30 01:44:03,2026-09-30 01:42:20,2026-09-30 08:30:00,3746766364
gschwendtner|j|monzon|i,gschwendtner|j,monzon|i,Jeremy Gschwendtner,Ignacio Monzon,ITF Men Telavi - R16,2026-09-24 08:00:00,0.3739496916098269,0.6260503083901732,0.41152263374485604,0.6621621621621622,50,2026-09-23 23:52:34,2026-09-23 23:52:34,2026-09-24 08:00:00,3739983333
guerrieri|a|holmgren|a,guerrieri|a,holmgren|a,Andrea Guerrieri,August Holmgren,ATP Challenger Porto - R16,2026-10-01 14:00:00,0.5587048088231024,0.44129519117689764,0.5780590717299579,0.4608294930875576,200,2026-09-30 16:40:42,2026-09-30 16:39:20,2026-10-01 14:00:00,3747375905
guerrieri|a|jong|j,guerrieri|a,jong|j,Andrea Guerrieri,Jesper De Jong,ATP Challenger St Tropez - R16,2026-09-24 15:43:17,0.31384156373215477,0.6861584362678453,0.3333333333333333,0.7050147492625369,200,2026-09-23 15:54:35,2026-09-23 15:52:59,2026-09-24 16:30:00,3739639713
guerrieri|a|maestrelli|f,guerrieri|a,maestrelli|f,Andrea Guerrieri,Francesco Maestrelli,ATP Challenger St Tropez - R1,2026-09-21 13:00:00,0.5498153554480024,0.4501846445519977,0.5689655172413793,0.4694835680751174,150,2026-09-21 00:25:23,2026-09-21 00:24:49,2026-09-21 14:00:00,3737467165
guerrieri|a|matusevich|a,guerrieri|a,matusevich|a,Andrea Guerrieri,Anton Matusevich,ATP Challenger Porto - R1,2026-09-29 12:00:00,0.5426672599624851,0.45733274003751495,0.5614035087719298,0.47619047619047616,150,2026-09-29 02:02:52,2026-09-29 01:53:42,2026-09-29 11:40:38,3745777591
guevara|c|jialin|t,guevara|c,jialin|t,Carmen Gallardo Guevara,Tian Jialin,ITF Women Yecla - R1,2026-09-23 10:00:00,0.608737326508165,0.39126267349183497,0.6453900709219857,0.4291845493562232,50,2026-09-23 02:59:58,2026-09-23 02:59:22,2026-09-23 10:00:00,3739032600
guevara|c|milovanovic|e,guevara|c,milovanovic|e,Carmen Gallardo Guevara,Elena Milovanovic,ITF Women Baza - R1,2026-09-30 11:45:00,0.5606193748106267,0.4393806251893734,0.5967741935483871,0.47619047619047616,50,2026-09-29 02:48:34,2026-09-29 02:48:34,2026-09-30 11:45:00,3745787967
guevara|c|perez|g,guevara|c,perez|g,Carmen Gallardo Guevara,Georgina Garcia Perez,ITF Women Yecla - QF,2026-09-25 10:30:00,0.6065204146512968,0.39347958534870314,0.6428571428571428,0.43103448275862066,75,2026-09-24 23:39:29,2026-09-24 23:35:30,2026-09-25 10:30:00,3740859612
guevara|c|rouvroy|m,guevara|c,rouvroy|m,Carmen Gallardo Guevara,Margaux Rouvroy,ITF Women Yecla - R16,2026-09-24 11:46:12,0.3705520843129087,0.6294479156870915,0.4081632653061224,0.6655518394648829,50,2026-09-23 23:34:21,2026-09-23 23:28:18,2026-09-24 11:46:12,3739970630
guevara|c|ruiz|c,guevara|c,ruiz|c,Carmen Gallardo Guevara,Celia Cervino Ruiz,ITF Women Baza - R16,2026-10-01 13:30:00,0.5865722489526989,0.41342775104730123,0.6226415094339623,0.4504504504504505,50,2026-09-30 23:57:06,2026-09-30 23:57:06,2026-10-01 13:30:00,3747749132
guidino|c|rain|f,guidino|c,rain|f,Caira Delfina Vega Guidino,Fernanda Rain,ITF Women Trelew - R1,2026-09-30 14:00:00,0.41342775104730123,0.5865722489526989,0.4504504504504505,0.6226415094339623,50,2026-09-29 23:44:51,2026-09-29 23:43:52,2026-09-30 14:00:00,3746722102
guidi|s|urrutia|m,guidi|s,urrutia|m,Sol Ailin Larraya Guidi,Maria Florencia Urrutia,ITF Women Trelew - R1,2026-09-30 15:00:00,0.27445128618376446,0.7255487138162355,0.30864197530864196,0.7572815533980582,150,2026-09-29 23:44:51,2026-09-29 23:43:52,2026-09-30 15:00:00,3746722191
gulin|s|lagutin|p,gulin|s,lagutin|p,Svyatoslav Gulin,Pavel Lagutin,ATP Challenger Plovdiv - Qualifiers,2026-09-21 08:05:00,0.40815177643714146,0.5918482235628587,0.4366812227074236,0.6197718631178707,175,2026-09-21 00:25:23,2026-09-21 00:24:49,2026-09-21 08:05:00,3737462017
gulin|s|tabata|r,gulin|s,tabata|r,Svyatoslav Gulin,Ryo Tabata,ATP Challenger Plovdiv - Qualifiers,2026-09-20 07:13:52,0.8358559466498852,0.1641440533501149,0.8637602179836513,0.19646365422396858,50,2026-09-20 01:31:56,2026-09-20 01:31:14,2026-09-20 07:13:52,3735707605
gundacker|j|mashtakov|n,gundacker|j,mashtakov|n,Jonas Gundacker,Nikita Mashtakov,ITF Men Sibenik - R1,2026-09-29 08:14:11,0.18812799140375153,0.8118720085962483,0.22831050228310504,0.8463901689708141,50,2026-09-28 18:26:59,2026-09-28 18:20:44,2026-09-29 08:14:11,3745628066
gundacker|j|pokorny|l,gundacker|j,pokorny|l,Jonas Gundacker,Lukas Pokorny,ITF Men Pardubice - R16,2026-09-24 10:00:00,0.24888336477432535,0.7511166352256747,0.28328611898017,0.782608695652174,150,2026-09-23 15:42:30,2026-09-23 15:42:30,2026-09-24 10:00:00,3739630141
guo|m|kawaguchi|n,guo|m,kawaguchi|n,Meiqi Guo,Natsumi Kawaguchi,WTA 125k Jingshan - Qualifiers,2026-09-26 05:00:00,0.30805913454356576,0.6919408654564342,0.33222591362126247,0.715099715099715,200,2026-09-25 16:35:06,2026-09-25 16:28:06,2026-09-26 04:48:06,3741421719
guo|m|sidorova|k,guo|m,sidorova|k,Meiqi Guo,Kristiana Sidorova,WTA 125k Jingshan - Qualifiers,2026-09-27 04:30:00,0.2382726109142252,0.7617273890857748,0.2631578947368421,0.7849462365591398,200,2026-09-26 06:45:01,2026-09-26 06:43:38,2026-09-27 04:30:00,3742083527
gurri|m|jover|c,gurri|m,jover|c,Max Alcala Gurri,Carlos Sanchez Jover,ATP Challenger Plovdiv - R16,2026-09-23 09:59:30,0.7242273899259166,0.27577261007408344,0.7474747474747475,0.3003003003003003,150,2026-09-22 16:56:32,2026-09-22 16:55:27,2026-09-23 09:59:30,3738629735
gurri|m|taberner|c,gurri|m,taberner|c,Max Alcala Gurri,Carlos Taberner,ATP Challenger Plovdiv - SF,2026-09-26 11:10:00,0.5746356259265095,0.4253643740734904,0.5934959349593496,0.4444444444444444,200,2026-09-25 15:43:24,2026-09-25 15:38:03,2026-09-26 11:10:00,3741360081
gurri|m|tiffon|p,gurri|m,tiffon|p,Max Alcala Gurri,Pol Martin Tiffon,ATP Challenger Plovdiv - QF,2026-09-25 11:00:00,0.5976114090996224,0.4023885909003776,0.6168582375478928,0.42194092827004215,200,2026-09-24 17:21:54,2026-09-24 17:14:31,2026-09-25 10:58:11,3740594342
guth|m|hatouka|y,guth|m,hatouka|y,Mara Guth,Yuliya Hatouka,ITF Women Sharm El Sheikh - QF,2026-09-25 07:30:00,0.4393806251893734,0.5606193748106267,0.47619047619047616,0.5967741935483871,75,2026-09-24 23:44:45,2026-09-24 23:35:30,2026-09-25 06:46:01,3740858166
guth|m|rothensteiner|l,guth|m,rothensteiner|l,Mara Guth,Liel Marlies Rothensteiner,ITF Women Sharm El Sheikh - R1,2026-09-23 10:03:34,0.9044029223241027,0.09559707767589724,0.9297752808988765,0.1288659793814433,225,2026-09-23 03:24:41,2026-09-23 03:15:47,2026-09-23 10:03:34,3739041366
guth|m|sedysheva|a,guth|m,sedysheva|a,Mara Guth,Anna Sedysheva,ITF Women Sharm El Sheikh - R16,2026-09-24 09:00:00,0.9251492019833256,0.07485079801667446,0.9479979199167966,0.10660980810234541,150,2026-09-23 23:41:22,2026-09-23 23:41:22,2026-09-24 08:53:55,3739979204
gutierrez|o|mesa|b,gutierrez|o,mesa|b,Oscar Jose Gutierrez,Bernardo Munk Mesa,ITF Men Sabadell - R1,2026-09-23 08:00:00,0.5327485830028734,0.4672514169971265,0.5652173913043479,0.5,100,2026-09-22 01:34:39,2026-09-22 01:34:25,2026-09-23 08:00:00,3738039060
gutierrez|o|rodenas|p,gutierrez|o,rodenas|p,Oscar Jose Gutierrez,Pedro Rodenas,ITF Men Zaragoza - R1,2026-09-29 16:00:00,0.23913912420672068,0.7608608757932793,0.273972602739726,0.7925311203319503,150,2026-09-29 01:19:24,2026-09-29 01:08:24,2026-09-29 16:00:00,3745767143
haavisto|e|voronina|k,haavisto|e,voronina|k,Ella Haavisto,Kira Voronina,ITF Women Monastir - R1,2026-09-30 10:30:00,0.8706278010172334,0.12937219898276672,0.8987854251012146,0.1639344262295082,225,2026-09-30 00:23:26,2026-09-30 00:17:47,2026-09-30 10:30:00,3746732541
hageman|m|serban|i,hageman|m,serban|i,Madelief Hageman,Isabella Maria Serban,ITF Women Reims - R1,2026-09-30 12:39:00,0.14969349749147914,0.8503065025085209,0.18450184501845018,0.8795180722891566,225,2026-09-30 00:23:26,2026-09-30 00:17:47,2026-09-30 12:39:00,3746734413
haita|s|pieleanu|r,haita|s,pieleanu|r,Stefan Horia Haita,Rares Teodor Pieleanu,ITF Men Slobozia - R1,2026-09-29 07:00:00,0.5830850429249297,0.4169149570750702,0.6197718631178707,0.45454545454545453,50,2026-09-28 23:48:02,2026-09-28 23:48:02,2026-09-29 07:00:00,3745747906
halys|q|minaur|a,halys|q,minaur|a,Quentin Halys,Alex De Minaur,ATP Beijing - R16,2026-10-02 01:00:00,0.26440438407250905,0.7355956159274909,0.27932960893854747,0.75,400,2026-10-01 09:31:10,2026-10-01 09:31:00,2026-10-02 01:00:00,3748028737
halys|q|safiullin|r,halys|q,safiullin|r,Quentin Halys,Roman Safiullin,ATP Hangzhou - R16,2026-09-26 05:46:53,0.4480143368743536,0.5519856631256465,0.46511627906976744,0.5689655172413793,325,2026-09-24 17:39:03,2026-09-24 17:39:03,2026-09-26 05:46:53,3740616332
hamrouni|n|matsumoto|y,hamrouni|n,matsumoto|y,Nadine Hamrouni,Yuka Matsumoto,ITF Women Monastir - R1,2026-09-23 10:30:00,0.10057781985766574,0.8994221801423343,0.1392757660167131,0.9282639885222382,50,2026-09-23 03:24:41,2026-09-23 03:14:28,2026-09-23 10:30:00,3739040265
hanatani|n|ishii|s,hanatani|n,ishii|s,Nagi Hanatani,Sayaka Ishii,ITF Women Nanao - R1,2026-09-23 02:51:08,0.06539145045680132,0.9346085495431987,0.10131712259371835,0.9583853516437787,50,2026-09-22 12:47:51,2026-09-22 12:40:07,2026-09-23 02:51:08,3738426029
hanatani|n|onozawa|n,hanatani|n,onozawa|n,Nagi Hanatani,Nana Onozawa,ITF Women Wagga Wagga - R16,2026-10-01 01:11:00,0.4699776170195079,0.5300223829804921,0.5073891625615764,0.5670995670995671,50,2026-09-30 11:55:07,2026-09-30 11:52:29,2026-10-01 01:11:00,3747120379
hanatani|n|sawashiro|k,hanatani|n,sawashiro|k,Nagi Hanatani,Kanon Sawashiro,ITF Women Wagga Wagga - QF,2026-10-02 00:00:00,0.18344388658688565,0.8165561134131144,0.22371364653243844,0.8509687034277199,75,2026-10-01 10:24:47,2026-10-01 10:21:16,2026-10-02 00:00:00,3748074094
hance|k|martin|a,hance|k,martin|a,Keaton Hance,Andres Martin,ATP Challenger San Diego - R1,2026-09-23 01:55:00,0.25466646815752353,0.7453335318424765,0.27932960893854747,0.7685185185185185,150,2026-09-22 09:01:49,2026-09-22 08:52:21,2026-09-23 01:55:00,3738239328
handel|t|marcos|p,handel|t,marcos|p,Tim Handel,Pedro Vives Marcos,ITF Men Zaragoza - R16,2026-10-01 10:00:00,0.23045131575634437,0.7695486842436557,0.27027027027027023,0.8050682261208576,50,2026-09-23 02:47:33,2026-09-23 02:44:15,2026-10-01 09:13:41,3739026653
hanfmann|y|machac|t,hanfmann|y,machac|t,Yannick Hanfmann,Tomas Machac,ATP Beijing - Qualifiers,2026-09-28 03:17:17,0.5496492969947129,0.45035070300528723,0.5708154506437768,0.4716981132075471,250,2026-09-27 23:21:05,2026-09-27 23:13:32,2026-09-28 03:17:17,3745154134
hansen|s|jamshidi|e,hansen|s,jamshidi|e,Sarafina Olivia Hansen,Elena Jamshidi,ITF Women Sharm El Sheikh - R1,2026-09-23 07:30:00,0.650375938330114,0.349624061669886,0.6784565916398714,0.37878787878787884,350,2026-09-23 03:24:41,2026-09-23 03:15:47,2026-09-23 07:30:00,3739041291
hansen|s|tupitsyna|e,hansen|s,tupitsyna|e,Sarafina Olivia Hansen,Ekaterina Tupitsyna,ITF Women Sharm El Sheikh - R1,2026-09-23 09:00:00,0.06242804388985802,0.937571956110142,0.0929368029739777,0.9585234342596433,225,2026-09-23 03:24:41,2026-09-23 03:15:47,2026-09-23 09:00:00,3739041291
han|j|shimizu|e,han|j,shimizu|e,Jiangxue Han,Eri Shimizu,ITF Women Kyoto - R16,2026-09-17 01:00:00,0.370774614280699,0.6292253857193011,0.4,0.6575342465753424,350,2026-09-16 19:13:15,2026-09-16 19:05:52,2026-09-17 01:00:00,3731312408
han|j|tamura|k,han|j,tamura|k,Jiangxue Han,Kurumi Tamura,ITF Women Nanao - R1,2026-09-23 01:00:00,0.7540545305534312,0.2459454694465689,0.7899159663865546,0.2857142857142857,50,2026-09-22 12:47:51,2026-09-22 12:39:36,2026-09-23 01:00:00,3738425499
han|x|tomida|y,han|x,tomida|y,Xirui Han,Yuta Tomida,ITF Men Luan - R1,2026-09-30 02:00:00,0.29360017513606984,0.7063998248639303,0.33222591362126247,0.7422680412371133,50,2026-09-29 23:30:16,2026-09-29 23:25:55,2026-09-30 02:00:00,3746716250
harris|b|kjaer|n,harris|b,kjaer|n,Billy Harris,Nicolai Budkov Kjaer,ATP Challenger St Tropez - R1,2026-09-22 12:30:00,0.3760079830745266,0.6239920169254733,0.39525691699604737,0.6428571428571428,275,2026-09-20 18:24:19,2026-09-20 18:22:35,2026-09-22 12:30:00,3737110465
harris|l|hurkacz|h,harris|l,hurkacz|h,Lloyd Harris,Hubert Hurkacz,ATP Chengdu Open - QF,2026-09-27 11:45:00,0.3267351946803381,0.6732648053196619,0.3412969283276451,0.6875,400,2026-09-26 12:45:25,2026-09-26 12:45:25,2026-09-27 11:38:44,3742451967
harris|l|kovacevic|a,harris|l,kovacevic|a,Lloyd Harris,Aleksandar Kovacevic,ATP Chengdu Open - R1,2026-09-24 11:00:00,0.6262672537321499,0.3737327462678502,0.6428571428571428,0.390625,250,2026-09-23 11:50:58,2026-09-23 11:48:01,2026-09-24 10:52:14,3739413864
harris|l|miyoshi|k,harris|l,miyoshi|k,Lloyd Harris,Kenta Miyoshi,ATP Chengdu Open - Qualifiers,2026-09-22 07:00:00,0.7465797295761625,0.2534202704238375,0.7674418604651163,0.27548209366391185,250,2026-09-21 19:22:29,2026-09-21 19:16:57,2026-09-22 07:00:00,3737918148
harris|l|vacherot|v,harris|l,vacherot|v,Lloyd Harris,Valentin Vacherot,ATP Chengdu Open - R16,2026-09-26 09:15:00,0.5023364996189763,0.49766350038102364,0.5192307692307692,0.5145631067961165,325,2026-09-24 17:44:33,2026-09-24 17:44:33,2026-09-26 09:15:00,3740626500
hassani|y|ruggeri|s,hassani|y,ruggeri|s,Youssef Kadiri Hassani,Samuel Vincent Ruggeri,ITF Men Monastir - R1,2026-09-23 11:41:32,0.22841081657517315,0.7715891834248269,0.2680965147453083,0.806949806949807,50,2026-09-23 05:41:44,2026-09-23 05:35:55,2026-09-23 11:41:32,3739092587
hassan|b|piros|z,hassan|b,piros|z,Benjamin Hassan,Zsombor Piros,ATP Challenger Bari - R1,2026-09-28 16:00:00,0.17965501061995057,0.8203449893800495,0.20449897750511245,0.8427672955974843,100,2026-09-27 23:43:39,2026-09-27 23:38:58,2026-09-28 16:00:00,3745171569
hassan|b|tiffon|p,hassan|b,tiffon|p,Benjamin Hassan,Pol Martin Tiffon,ATP Challenger Plovdiv - R1,2026-09-21 16:40:00,0.3941344506978634,0.6058655493021367,0.4184100418410042,0.6296296296296295,150,2026-09-20 17:30:37,2026-09-20 17:22:12,2026-09-21 15:52:50,3737009801
hasson|j|hurrion|m,hasson|j,hurrion|m,Jordan Hasson,Millen Hurrion,ITF Men Baku - R16,2026-10-01 08:00:00,0.11013651212243211,0.889863487877568,0.1440922190201729,0.9165971643035863,150,2026-09-21 18:27:52,2026-09-21 18:16:34,2026-10-01 08:00:00,3737874727
hatouka|y|pawlikowska|z,hatouka|y,pawlikowska|z,Yuliya Hatouka,Zuzanna Pawlikowska,ITF Women Sharm El Sheikh - SF,2026-09-26 09:00:00,0.3998294667067216,0.6001705332932785,0.4329004329004329,0.6323529411764706,250,2026-09-25 13:42:52,2026-09-25 13:42:52,2026-09-26 09:00:00,3741267962
hatouka|y|zanolini|c,hatouka|y,zanolini|c,Yuliya Hatouka,Camilla Zanolini,ITF Women Sharm El Sheikh - R1,2026-09-23 09:00:00,0.5380489939190274,0.46195100608097267,0.5708154506437768,0.49504950495049505,225,2026-09-23 03:24:41,2026-09-23 03:14:28,2026-09-23 09:00:00,3739040017
hayasaka|k|itaya|r,hayasaka|k,itaya|r,Kurea Hayasaka,Rion Itaya,ITF Women Nanao - R16,2026-09-24 02:00:00,0.8688548928618599,0.13114510713814034,0.900497512437811,0.17094017094017094,50,2026-09-23 11:39:30,2026-09-23 11:32:53,2026-09-24 01:13:46,3739396845
hayasaka|k|rajecki|a,hayasaka|k,rajecki|a,Kurea Hayasaka,Amelia Rajecki,ITF Women Nanao - R1,2026-09-23 03:00:00,0.3508738656111649,0.649126134388835,0.3891050583657587,0.6855345911949686,50,2026-09-22 12:47:51,2026-09-22 12:40:07,2026-09-23 03:00:00,3738426065
heck|h|simakin|i,heck|h,simakin|i,Hunter Heck,Ilia Simakin,ATP Challenger Phan Thiet - SF,2026-09-19 04:00:00,0.1653609885468408,0.8346390114531592,0.18518518518518517,0.8527245949926362,150,2026-09-18 06:13:29,2026-09-18 06:09:25,2026-09-19 04:00:00,3732526737
heide|g|stricker|d,heide|g,stricker|d,Gustavo Heide,Dominic Stephan Stricker,Davis Cup World - Group 1,2026-09-19 22:00:00,0.42607644798455174,0.5739235520154482,0.4424778761061947,0.5901639344262295,250,2026-09-19 08:27:06,2026-09-19 08:24:58,2026-09-19 22:00:00,3733836975
heide|g|wawrinka|s,heide|g,wawrinka|s,Gustavo Heide,Stan Wawrinka,Davis Cup World - Group 1,2026-09-18 21:33:00,0.3569729329435284,0.6430270670564717,0.3717472118959108,0.6575342465753424,1000,2026-09-18 09:21:31,2026-09-18 09:16:13,2026-09-18 20:52:04,3732607346
hemery|c|taberner|c,hemery|c,taberner|c,Calvin Hemery,Carlos Taberner,ATP Challenger Plovdiv - QF,2026-09-25 11:04:34,0.3677964769692787,0.6322035230307214,0.38759689922480617,0.6515679442508712,200,2026-09-24 17:21:54,2026-09-24 17:14:31,2026-09-25 11:04:34,3740591973
hennemann|c|koning|l,hennemann|c,koning|l,Caijsa Hennemann,Loes Ebeling Koning,ITF Women Pazardzhik - SF,2026-09-18 09:00:00,0.4634814419971252,0.5365185580028748,0.5,0.5726495726495727,75,2026-09-17 20:23:35,2026-09-17 20:23:35,2026-09-18 07:14:14,3732326337
hennemann|c|korokozidi|e,hennemann|c,korokozidi|e,Caijsa Hennemann,Elena Korokozidi,ITF Women Pazardzhik - QF,2026-09-17 09:17:13,0.7129461277138288,0.2870538722861712,0.7487437185929648,0.32573289902280134,75,2026-09-16 23:16:19,2026-09-16 23:13:04,2026-09-17 09:17:13,3731475175
hennemann|c|maduzzi|g,hennemann|c,maduzzi|g,Caijsa Hennemann,Gaia Maduzzi,ITF Women Plovdiv - R16,2026-09-24 09:00:00,0.7444296203610795,0.2555703796389206,0.7802197802197802,0.2949852507374631,50,2026-09-23 23:47:04,2026-09-23 23:37:30,2026-09-24 07:14:17,3739977155
hennemann|c|stankovic|a,hennemann|c,stankovic|a,Caijsa Hennemann,Anja Stankovic,ITF Women Plovdiv - QF,2026-09-25 08:00:00,0.745625480283219,0.2543745197167812,0.7816593886462881,0.29411764705882354,75,2026-09-24 17:56:13,2026-09-24 17:56:13,2026-09-25 08:00:00,3740630393
hennemann|c|yaneva|e,hennemann|c,yaneva|e,Caijsa Hennemann,Elizara Yaneva,ITF Women Plovdiv - SF,2026-09-26 09:00:00,0.3211595550513858,0.6788404449486144,0.3597122302158273,0.715099715099715,75,2026-09-25 14:51:40,2026-09-25 14:44:20,2026-09-26 09:00:00,3741321092
henning|p|schoolkate|t,henning|p,schoolkate|t,Philip Henning,Tristan Schoolkate,ATP Challenger Mouilleron-Le-Captif - R1,2026-09-30 10:10:00,0.3228486100123041,0.6771513899876959,0.3472222222222222,0.7005988023952096,150,2026-09-27 15:59:19,2026-09-27 15:55:57,2026-09-30 10:10:00,3744640558
henning|p|silva|j,henning|p,silva|j,Philip Henning,Joao Silva,ITF Men Setubal - R1,2026-09-23 11:00:00,0.9273926232971388,0.0726073767028616,0.9499248873309964,0.10416666666666667,150,2026-09-22 12:47:51,2026-09-22 12:38:50,2026-09-23 11:00:00,3738423524
herazo|m|popa|g,herazo|m,popa|g,Maria Herazo,Giulia Safina Popa,ITF Women Constanta - QF,2026-09-25 08:30:00,0.10993426656703609,0.8900657334329639,0.14903129657228018,0.9198717948717949,75,2026-09-24 23:44:45,2026-09-24 23:35:30,2026-09-25 08:30:00,3740859612
herbert|p|wayenburg|s,herbert|p,wayenburg|s,Pierre-Hugues Herbert,Sascha Gueymard Wayenburg,ATP Challenger Mouilleron-Le-Captif - R1,2026-09-28 17:30:00,0.3763920645146644,0.6236079354853357,0.4,0.646643109540636,150,2026-09-27 15:47:06,2026-09-27 15:40:50,2026-09-28 17:30:00,3744610332
herck|l|raynel|a,herck|l,raynel|a,Louis Van Herck,Amaury Raynel,ITF Men Forbach - R1,2026-09-22 13:58:19,0.4194348677038577,0.5805651322961424,0.4566210045662101,0.6168582375478928,50,2026-09-21 21:04:55,2026-09-21 21:02:38,2026-09-22 13:58:19,3737959721
herck|l|trufelli|t,herck|l,trufelli|t,Louis Van Herck,Timeo Trufelli,ITF Men Forbach - R16,2026-09-24 10:00:00,0.44078869752886374,0.5592113024711363,0.4739336492890995,0.5918367346938775,100,2026-09-23 17:10:11,2026-09-23 17:08:36,2026-09-24 10:00:00,3739710936
herea|c|rapolu|m,herea|c,rapolu|m,Carmen Andreea Herea,Malaika Rapolu,ITF Women Templeton - R1,2026-09-30 17:12:42,0.21444272051982494,0.7855572794801752,0.2544529262086514,0.8207885304659498,50,2026-09-30 12:00:46,2026-09-30 11:52:30,2026-09-30 17:12:42,3747119468
heredia|s|osorio|j,heredia|s,osorio|j,Samuel Heredia,Juan Sebastian Osorio,ATP Challenger Curitiba - Qualifiers,2026-09-28 13:00:00,0.5385791475905357,0.46142085240946423,0.5670995670995671,0.49019607843137253,200,2026-09-27 22:40:11,2026-09-27 22:37:00,2026-09-28 14:00:00,3745132115
heredia|s|schiessl|j,heredia|s,schiessl|j,Samuel Heredia,Joao Eduardo Schiessl,ATP Challenger Curitiba - R1,2026-09-30 13:45:00,0.41098509125970634,0.5890149087402937,0.4347826086956522,0.6124031007751938,150,2026-09-29 08:35:41,2026-09-29 08:29:42,2026-09-30 13:45:00,3745916417
hernandez|c|nirundorn|t,hernandez|c,nirundorn|t,Carles Hernandez,Tanapatt Nirundorn,ITF Men Monastir - R1,2026-09-30 10:30:00,0.7480435077294907,0.2519564922705093,0.7797356828193832,0.28653295128939826,225,2026-09-30 01:44:03,2026-09-30 01:33:18,2026-09-30 10:30:00,3746762444
hernandez|c|reguig|s,hernandez|c,reguig|s,Carles Hernandez,Samir Hamza Reguig,ITF Men Monastir - R16,2026-10-01 09:30:00,0.6424737592747926,0.35752624072520744,0.6742671009771988,0.390625,225,2026-10-01 01:24:54,2026-10-01 01:12:40,2026-10-01 09:30:00,3747781686
herrmann|t|schell|n,herrmann|t,schell|n,Theo Herrmann,Niklas Schell,ITF Men Forbach - R16,2026-09-24 09:00:00,0.41617172865703983,0.5838282713429602,0.4484304932735426,0.6153846153846154,225,2026-09-24 00:37:45,2026-09-24 00:33:24,2026-09-24 09:00:00,3740012469
herrmann|t|silva|a,herrmann|t,silva|a,Theo Herrmann,Adan Freire Da Silva,ITF Men Forbach - R1,2026-09-22 09:15:00,0.3380418653457882,0.6619581346542116,0.37593984962406013,0.6978851963746223,50,2026-09-21 21:04:55,2026-09-21 21:02:38,2026-09-22 08:14:00,3737959528
herrmann|t|thomas|f,herrmann|t,thomas|f,Theo Herrmann,Flynn Thomas,ITF Men Forbach - QF,2026-09-25 14:00:00,0.3186516130304186,0.6813483869695816,0.35714285714285715,0.7175141242937854,75,2026-09-24 23:56:10,2026-09-24 23:47:02,2026-09-25 15:00:00,3740865770
hesse|a|hietaranta|l,hesse|a,hietaranta|l,Amandine Hesse,Laura Hietaranta,ITF Women Baza - R16,2026-10-01 09:30:00,0.7322672970250452,0.26773270297495494,0.7679814385150813,0.3067484662576687,50,2026-09-30 23:57:06,2026-09-30 23:57:06,2026-10-01 09:30:00,3747749534
hesse|a|rouvroy|m,hesse|a,rouvroy|m,Amandine Hesse,Margaux Rouvroy,ITF Women Yecla - R1,2026-09-23 10:42:44,0.4999999999999999,0.4999999999999999,0.5370370370370371,0.5370370370370371,50,2026-09-23 02:59:58,2026-09-23 02:59:22,2026-09-23 10:42:44,3739033183
hewitt|c|kouzmine|c,hewitt|c,kouzmine|c,Cruz Hewitt,Constantin Bittoun Kouzmine,ATP Challenger Phan Thiet - R16,2026-09-17 03:14:23,0.720270224171093,0.27972977582890696,0.75,0.3115264797507788,450,2026-09-16 19:13:15,2026-09-16 19:01:39,2026-09-17 03:14:23,3731307727
hewitt|c|piter|q,hewitt|c,piter|q,Catherine Harrison / Dalayna Hewitt,Quinn Gleason / Katarzyna Piter,WTA Guadalajara - Doubles,2026-09-16 19:30:00,0.4230443833704483,0.5769556166295517,0.4464285714285714,0.6000000000000001,500,2026-09-16 19:13:15,2026-09-16 19:01:39,2026-09-16 19:30:00,3731305924
hewitt|c|simakin|i,hewitt|c,simakin|i,Cruz Hewitt,Ilia Simakin,ATP Challenger Phan Thiet - QF,2026-09-18 03:00:00,0.2360347140378517,0.7639652859621483,0.2557544757033248,0.782608695652174,200,2026-09-17 11:37:31,2026-09-17 11:28:52,2026-09-18 04:00:00,3731868055
hibino|n|ito|a,hibino|n,ito|a,Nao Hibino,Aoi Ito,WTA Singapore - Qualifiers,2026-09-20 04:12:54,0.4931179625016478,0.5068820374983521,0.5145631067961165,0.5283018867924528,250,2026-09-19 21:15:21,2026-09-19 21:14:43,2026-09-20 05:00:00,3735504879
hibino|n|mladenovic|k,hibino|n,mladenovic|k,Nao Hibino,Kristina Mladenovic,WTA Singapore - R1,2026-09-21 04:30:00,0.7884125247440132,0.21158747525598673,0.8046875000000001,0.22883295194508008,250,2026-09-20 16:24:32,2026-09-20 16:21:49,2026-09-21 04:30:00,3736875661
hibino|n|ng|k,hibino|n,ng|k,Nao Hibino,Kai Ning Chanya Ng,WTA Singapore - Qualifiers,2026-09-19 04:20:00,0.9881723194890462,0.011827680510953915,0.9947017060506517,0.026191723415400735,250,2026-09-19 00:12:53,2026-09-19 00:09:47,2026-09-19 04:20:00,3733593018
hibino|n|sakkari|m,hibino|n,sakkari|m,Nao Hibino,Maria Sakkari,WTA Singapore - R16,2026-09-24 14:30:00,0.17817012764935125,0.8218298723506487,0.19305019305019305,0.8357963875205254,300,2026-09-23 08:42:17,2026-09-23 08:38:02,2026-09-24 14:30:00,3739212693
hidalgo|g|skupski|h,hidalgo|g,skupski|h,Gonzalo Escobar / Diego Hidalgo,Henry Patten / Neal Skupski,Davis Cup - Doubles,2026-09-20 11:00:00,0.09777392470233244,0.9022260752976676,0.13245033112582782,0.9285714285714286,125,2026-09-20 07:46:38,2026-09-20 07:46:38,2026-09-20 11:00:00,3735900990
hietaranta|l|tomase|e,hietaranta|l,tomase|e,Laura Hietaranta,Elza Tomase,ITF Women Yecla - R1,2026-09-23 10:00:00,0.3890520323303466,0.6109479676696534,0.42194092827004215,0.6428571428571428,225,2026-09-23 03:24:41,2026-09-23 03:14:28,2026-09-23 10:00:00,3739039845
hietaranta|l|vagramov|a,hietaranta|l,vagramov|a,Laura Hietaranta,Alexandra Vagramov,ITF Women Baza - R1,2026-09-29 11:46:37,0.5762051576302626,0.42379484236973747,0.6124031007751938,0.4608294930875576,50,2026-09-29 01:19:24,2026-09-29 01:19:24,2026-09-29 11:46:37,3745769066
hijikata|r|rublev|a,hijikata|r,rublev|a,Rinky Hijikata,Andrey Rublev,ATP Hangzhou - R16,2026-09-25 11:30:00,0.3023343703682925,0.6976656296317074,0.3194888178913738,0.7142857142857143,325,2026-09-24 13:32:34,2026-09-24 13:28:03,2026-09-25 11:30:00,3740439119
hijikata|r|svrcina|d,hijikata|r,svrcina|d,Rinky Hijikata,Dalibor Svrcina,ATP Hangzhou - R1,2026-09-24 07:15:00,0.4571830099966307,0.5428169900033694,0.4739336492890995,0.5594713656387665,250,2026-09-23 11:29:14,2026-09-23 11:29:14,2026-09-24 07:15:00,3739382159
hijikata|r|tsitsipas|s,hijikata|r,tsitsipas|s,Rinky Hijikata,Stefanos Tsitsipas,ATP Tokyo - Qualifiers,2026-09-29 02:10:00,0.2700217582965239,0.7299782417034761,0.29239766081871343,0.7512437810945274,250,2026-09-28 14:33:39,2026-09-28 14:32:14,2026-09-29 02:10:00,3745502253
hipfl|n|pujolras|a,hipfl|n,pujolras|a,Nico Hipfl,Alex Marti Pujolras,ITF Men Sabadell - R1,2026-09-22 15:49:31,0.2966189525532834,0.7033810474467164,0.33557046979865773,0.7395833333333334,50,2026-09-21 21:19:37,2026-09-21 21:17:44,2026-09-22 15:49:31,3737963908
hipfl|n|salazar|d,hipfl|n,salazar|d,Nico Hipfl,Daniel Salazar,ITF Men Zlatibor - R1,2026-09-17 11:00:00,0.7167788812268728,0.2832211187731273,0.7530864197530864,0.3225806451612903,50,2026-09-16 23:16:19,2026-09-16 23:13:04,2026-09-17 11:00:00,3731475612
hodzic|m|malygina|e,hodzic|m,malygina|e,Mina Hodzic,Elena Malygina,WTA 125K Porto - R1,2026-09-22 10:00:00,0.5090939163387046,0.49090608366129546,0.5327102803738317,0.5145631067961165,200,2026-09-21 15:45:42,2026-09-21 15:45:39,2026-09-22 10:00:00,3737790105
hoffmann|m|jonge|d,hoffmann|m,jonge|d,Moritz Hoffmann,Daniel De Jonge,ITF Men Forbach - R16,2026-09-24 09:00:00,0.09189684805263637,0.9081031519473635,0.12484394506866417,0.9330207635632954,100,2026-09-23 17:10:11,2026-09-23 17:08:36,2026-09-24 09:00:00,3739711495
hoffmann|m|manrubia|l,hoffmann|m,manrubia|l,Moritz Hoffmann,Laurens Harnoth Manrubia,ITF Men Forbach - R1,2026-09-22 07:00:00,0.5698907278928655,0.43010927210713457,0.6062992125984252,0.4672897196261683,50,2026-09-21 21:04:55,2026-09-21 21:02:38,2026-09-22 07:00:00,3737957525
homola|p|ivanovski|k,homola|p,ivanovski|k,Patrik Homola,Kalin Ivanovski,ITF Men Pardubice - R1,2026-09-23 10:00:00,0.10694536522870374,0.8930546347712962,0.14598540145985403,0.9226006191950465,50,2026-09-23 02:54:28,2026-09-23 02:54:22,2026-09-23 10:00:00,3739028678
honda|n|sharipov|m,honda|n,sharipov|m,Naoya Honda,Marat Sharipov,ATP Challenger Jingshan - Qualifiers,2026-09-28 02:05:00,0.08253838783094158,0.9174616121690585,0.11235955056179775,0.939903846153846,100,2026-09-27 23:38:13,2026-09-27 23:28:38,2026-09-28 02:05:00,3745165169
hontama|m|lee|e,hontama|m,lee|e,Mai Hontama,Eunhye Lee,WTA Seoul - Qualifiers,2026-09-19 03:31:56,0.7819570089939255,0.21804299100607444,0.8027613412228797,0.24038461538461536,250,2026-09-19 00:12:53,2026-09-19 00:06:45,2026-09-19 03:31:56,3733587227
hontama|m|panova|a,hontama|m,panova|a,Mai Hontama,Alexandra Panova,WTA Beijing - Qualifiers,2026-09-28 10:15:00,0.953727984216802,0.046272015783198034,0.9695771219957408,0.06978367062107467,250,2026-09-28 08:37:07,2026-09-28 08:32:04,2026-09-28 10:15:00,3745337576
hon|p|yao|x,hon|p,yao|x,Priscilla Hon,Xinxin Yao,WTA Seoul - Qualifiers,2026-09-19 04:30:00,0.6014305710296673,0.39856942897033276,0.6226415094339623,0.42016806722689076,250,2026-09-19 00:12:53,2026-09-19 00:11:19,2026-09-19 04:30:00,3733595350
hoole|c|sik|m,hoole|c,sik|m,Casey Hoole,Mustafa Ege Sik,ITF Men Darwin - R16,2026-10-01 05:30:00,0.7187629341985254,0.2812370658014743,0.7506234413965087,0.31545741324921134,100,2026-09-30 02:04:19,2026-09-30 02:03:30,2026-10-01 05:30:00,3746771229
hopp|m|schulenburg|j,hopp|m,schulenburg|j,Michel Hopp,Jeffrey Von Der Schulenburg,ITF Men Sibenik - R16,2026-10-01 09:00:00,0.28908697879575773,0.710913021204242,0.3278688524590164,0.7468354430379747,50,2026-09-30 23:51:47,2026-09-30 23:46:46,2026-10-01 09:00:00,3747744420
hopp|m|siftar|j,hopp|m,siftar|j,Michel Hopp,Jure Siftar,ITF Men Sibenik - R1,2026-09-30 09:30:00,0.8635124147611053,0.1364875852388947,0.8921251348435815,0.17123287671232876,150,2026-09-30 01:44:03,2026-09-30 01:42:20,2026-09-30 09:30:00,3746766297
horvit|m|turini|v,horvit|m,turini|v,Mia Horvit,Viola Turini,ITF Women Santa Margherita di Pula - R1,2026-09-23 10:30:00,0.2687163128669721,0.7312836871330279,0.30303030303030304,0.7630331753554502,100,2026-09-23 03:24:41,2026-09-23 03:15:47,2026-09-23 10:30:00,3739041756
hosogi|s|matsuda|r,hosogi|s,matsuda|r,Sakura Hosogi,Rinko Matsuda,ITF Women Nanao - R16,2026-09-24 02:30:00,0.4634814419971252,0.5365185580028748,0.5,0.5726495726495727,50,2026-09-23 11:39:30,2026-09-23 11:39:30,2026-09-24 02:30:00,3739398079
hosogi|s|ozeki|m,hosogi|s,ozeki|m,Sakura Hosogi,Michika Ozeki,ITF Women Nanao - SF,2026-09-26 03:00:00,0.9014430711893378,0.09855692881066223,0.93006993006993,0.13717421124828533,75,2026-09-25 08:59:29,2026-09-25 08:54:51,2026-09-26 02:53:35,3741064395
hosogi|s|sato|h,hosogi|s,sato|h,Sakura Hosogi,Hikaru Sato,ITF Women Nanao - QF,2026-09-25 01:00:00,0.6607957159650033,0.33920428403499664,0.696969696969697,0.37735849056603776,75,2026-09-24 07:07:18,2026-09-24 07:04:33,2026-09-25 01:00:00,3740152708
hosogi|s|yoshimoto|n,hosogi|s,yoshimoto|n,Sakura Hosogi,Natsuki Yoshimoto,ITF Women Nanao - R1,2026-09-22 03:00:00,0.5065800867774211,0.493419913222579,0.5391705069124424,0.5260663507109005,100,2026-09-21 16:28:27,2026-09-21 16:28:19,2026-09-22 03:00:00,3737815361
hosoki|y|kikawada|r,hosoki|y,kikawada|r,Yuka Hosoki,Riko Kikawada,ITF Women Wagga Wagga - R1,2026-09-30 00:00:00,0.3989173930628064,0.6010826069371937,0.4366812227074236,0.6376811594202898,50,2026-09-29 12:20:30,2026-09-29 12:17:37,2026-09-30 00:00:00,3746121350
houkes|m|suresh|d,houkes|m,suresh|d,Max Houkes,Darrshan Suresh,ITF Men Kigali - R1,2026-09-30 07:00:00,0.9553320414299681,0.04466795857003201,0.9728408473655621,0.07262164124909223,150,2026-09-30 02:04:19,2026-09-30 02:03:30,2026-09-30 07:00:00,3746773257
hou|y|lee|h,hou|y,lee|h,Yanan Hou,Ha Eum Lee,ITF Women Maanshan - R16,2026-10-01 01:30:00,0.2308964469874477,0.7691035530125523,0.26595744680851063,0.800796812749004,100,2026-09-30 11:38:32,2026-09-30 11:37:24,2026-10-01 01:30:00,3747108111
hou|y|tian|n,hou|y,tian|n,Yanan Hou,Niehua Tian,ITF Women Maanshan - R1,2026-09-29 03:47:00,0.8417194164177662,0.15828058358223343,0.875,0.1984126984126984,50,2026-09-28 08:37:07,2026-09-28 08:32:04,2026-09-29 03:47:00,3745336173
hou|y|xu|j,hou|y,xu|j,Yanan Hou,Jiayu Xu,ITF Women Maanshan - R1,2026-09-23 01:30:00,0.7198955873936428,0.2801044126063572,0.7518610421836228,0.31446540880503143,100,2026-09-21 21:04:55,2026-09-21 21:02:38,2026-09-23 01:30:00,3737959757
hou|y|ye|s,hou|y,ye|s,Yanan Hou,Shiyu Ye,ITF Women Maanshan - R16,2026-09-24 02:08:00,0.22210239899237635,0.7778976010076237,0.2617801047120419,0.8130841121495328,50,2026-09-23 14:55:45,2026-09-23 14:50:59,2026-09-24 02:08:00,3739586369
hozumi|e|shimizu|m,hozumi|e,shimizu|m,Eudice Chong / Eri Hozumi,Momoko Kobori / Ayano Shimizu,WTA Seoul - Doubles,2026-09-23 04:30:00,0.5574988136276551,0.44250118637234503,0.5884773662551441,0.4739336492890995,150,2026-09-22 08:34:45,2026-09-22 08:32:10,2026-09-23 04:30:00,3738220488
hozumi|e|ye|y,hozumi|e,ye|y,Eudice Chong / Eri Hozumi,Ya-Hsin Lee / Qiu Yu Ye,WTA Seoul - Doubles,2026-09-25 03:00:00,0.6623337929435283,0.3376662070564717,0.6923076923076923,0.36900369003690037,500,2026-09-24 14:34:50,2026-09-24 14:28:28,2026-09-25 03:00:00,3740484418
hozumi|e|zarazua|i,hozumi|e,zarazua|i,Eudice Chong / Eri Hozumi,Ingrid Gamarra Martins / Renata Zarazua,WTA Seoul - Doubles,2026-09-24 05:30:00,0.6583372400761118,0.3416627599238883,0.6884735202492213,0.373134328358209,150,2026-09-23 12:51:33,2026-09-23 12:48:22,2026-09-24 05:30:00,3739468181
hrabavets|u|perelygina|e,hrabavets|u,perelygina|e,Ulyana Hrabavets,Ekaterina Perelygina,ITF Women Sharm El Sheikh - R16,2026-09-24 06:30:00,0.11981994453773115,0.8801800554622689,0.1592356687898089,0.9108734402852051,50,2026-09-23 23:34:21,2026-09-23 23:32:41,2026-09-24 06:30:00,3739972473
hrda|l|sevcikova|l,hrda|l,sevcikova|l,Luisa Hrda,Linda Sevcikova,ITF Women Constanta - R1,2026-09-22 10:00:00,0.09425722438825573,0.9057427756117441,0.12738853503184713,0.930939226519337,100,2026-09-21 21:04:55,2026-09-21 21:02:38,2026-09-22 10:00:00,3737959829
hribar|m|urankar|v,hribar|m,urankar|v,Matic Hribar,Vaal Urankar,ITF Men Telavi - R1,2026-09-29 06:00:00,0.44762400166830135,0.5523759983316987,0.4807692307692307,0.5850622406639003,100,2026-09-28 23:32:12,2026-09-28 23:32:12,2026-09-29 06:00:00,3745745019
hruncakova|v|iatcenko|p,hruncakova|v,iatcenko|p,Viktoria Hruncakova,Polina Iatcenko,WTA 125K Ankara - R1,2026-09-21 11:30:00,0.40120664412214246,0.5987933558778575,0.425531914893617,0.6226415094339623,200,2026-09-21 00:25:23,2026-09-21 00:24:49,2026-09-21 11:30:00,3737455347
hruncakova|v|tikhonova|a,hruncakova|v,tikhonova|a,Viktoria Hruncakova,Anastasia Tikhonova,WTA 125K Adana - Qualifiers,2026-09-27 12:30:00,0.6192873600199787,0.3807126399800214,0.6428571428571428,0.40485829959514175,200,2026-09-26 14:04:57,2026-09-26 14:01:21,2026-09-27 12:30:00,3742588898
hsieh|j|nicholls|t,hsieh|j,nicholls|t,Joanna Garland / Su-Wei Hsieh,Tereza Mihalikova / Olivia Nicholls,WTA Singapore - Doubles,2026-09-23 03:10:00,0.24842909746866768,0.7515709025313324,0.27548209366391185,0.7767857142857143,100,2026-09-21 22:18:19,2026-09-21 22:18:07,2026-09-23 03:10:00,3737978950
hsieh|j|sutjiadi|e,hsieh|j,sutjiadi|e,Joanna Garland / Su-Wei Hsieh,Erin Routliffe / Aldila Sutjiadi,WTA Singapore - Doubles,2026-09-24 11:00:00,0.3941344506978634,0.6058655493021367,0.4184100418410042,0.6296296296296295,50,2026-09-24 00:37:45,2026-09-24 00:33:24,2026-09-24 11:00:00,3740012668
hsu|y|wallin|o,hsu|y,wallin|o,Yu Hsiou Hsu,Olle Wallin,Davis Cup World - Group 1,2026-09-19 03:16:12,0.5861739896958844,0.41382601030411564,0.6031746031746031,0.43103448275862066,250,2026-09-18 13:37:56,2026-09-18 13:32:47,2026-09-19 03:16:12,3732696846
huang|y|khomutsianskaya|d,huang|y,khomutsianskaya|d,Yujia Huang,Daria Khomutsianskaya,ITF Women Shenyang - QF,2026-09-18 02:00:00,0.4388371993886373,0.5611628006113627,0.4716981132075471,0.5934959349593496,250,2026-09-17 12:34:04,2026-09-17 12:23:21,2026-09-18 03:00:00,3731907355
huang|y|nugroho|p,huang|y,nugroho|p,Yujia Huang,Priska Nugroho,WTA 125k Jingshan - Qualifiers,2026-09-27 03:00:00,0.5169879132939876,0.4830120867060124,0.5412844036697247,0.5073891625615764,200,2026-09-26 14:04:57,2026-09-26 14:01:21,2026-09-27 03:00:00,3742597825
huang|y|shi|h,huang|y,shi|h,Yujia Huang,Han Shi,ITF Women Shenyang - R16,2026-09-17 02:00:00,0.29624502276154224,0.7037549772384578,0.33003300330033003,0.7354497354497355,225,2026-09-16 19:13:15,2026-09-16 19:01:39,2026-09-17 02:00:00,3731306259
huang|y|sidorova|k,huang|y,sidorova|k,Yujia Huang,Kristiana Sidorova,ITF Women Shenyang - SF,2026-09-19 03:00:00,0.48243448791474974,0.5175655120852504,0.5145631067961165,0.5495495495495495,250,2026-09-18 18:26:42,2026-09-18 18:19:39,2026-09-19 03:00:00,3733219683
huang|y|wei|s,huang|y,wei|s,Yujia Huang,Sijia Wei,WTA 125k Jingshan - R1,2026-09-28 04:30:00,0.5503864678311137,0.44961353216888644,0.574468085106383,0.4739336492890995,200,2026-09-27 17:38:57,2026-09-27 17:36:35,2026-09-28 04:30:00,3744815161
huang|y|yashina|e,huang|y,yashina|e,Yujia Huang,Ekaterina Yashina,WTA 125k Jingshan - Qualifiers,2026-09-26 04:30:00,0.9012678898019948,0.09873211019800532,0.9253731343283582,0.1295336787564767,200,2026-09-25 16:35:06,2026-09-25 16:31:03,2026-09-26 04:30:00,3741426461
huergo|i|karamoko|d,huergo|i,karamoko|d,Irene Burillo Escorihuela / Nicole Fossa Huergo,Dalila Jakupovic / Naima Karamoko,WTA 125k Valencia - Doubles,2026-09-20 15:40:00,0.4913767461894386,0.5086232538105614,0.5283018867924528,0.5454545454545454,500,2026-09-20 08:55:36,2026-09-20 08:52:30,2026-09-20 15:40:00,3735963481
huergo|i|vedder|d,huergo|i,vedder|d,Irene Burillo Escorihuela / Nicole Fossa Huergo,Despina Papamichail / Eva Vedder,WTA 125k Valencia - Doubles,2026-09-18 15:50:00,0.5655078497378739,0.4344921502621262,0.6062992125984252,0.47619047619047616,100,2026-09-18 08:26:12,2026-09-18 08:26:12,2026-09-18 15:50:00,3732577923
hui|k|mcdonald|e,hui|k,mcdonald|e,Katherine Hui,Ella McDonald,ITF Women Berkeley - R1,2026-09-23 20:54:49,0.2043030850631153,0.7956969149368849,0.23923444976076558,0.826689774696707,150,2026-09-23 03:48:03,2026-09-23 03:48:03,2026-09-23 20:54:49,3739053201
humbert|u|nakashima|b,humbert|u,nakashima|b,Ugo Humbert,Brandon Nakashima,ATP Tokyo - R1,2026-10-01 02:17:59,0.3102965498187884,0.6897034501812117,0.3278688524590164,0.7067448680351905,250,2026-09-29 08:11:16,2026-09-29 08:11:14,2026-10-01 02:17:59,3745900765
hunter|s|lin|y,hunter|s,lin|y,Storm Hunter,Yu Jun Lin,WTA Beijing - R1,2026-10-01 08:00:00,0.9291428512063452,0.07085714879365487,0.9459751485683415,0.09242144177449169,250,2026-09-30 08:19:27,2026-09-30 08:06:00,2026-10-01 07:08:24,3746923194
hunter|s|zaytseva|k,hunter|s,zaytseva|k,Storm Hunter,Ksenia Zaytseva,WTA Beijing - Qualifiers,2026-09-29 08:00:00,0.6327020452423774,0.3672979547576227,0.6539792387543253,0.3891050583657587,250,2026-09-28 15:13:32,2026-09-28 15:04:31,2026-09-29 07:50:52,3745515983
hunter|s|zhang|r,hunter|s,zhang|r,Storm Hunter,Ruien Zhang,WTA Beijing - Qualifiers,2026-09-28 07:50:58,0.9229376794257695,0.07706232057423053,0.943310657596372,0.10395010395010396,250,2026-09-27 23:38:13,2026-09-27 23:28:38,2026-09-28 07:50:58,3745164478
hurkacz|h|shapovalov|d,hurkacz|h,shapovalov|d,Hubert Hurkacz,Denis Shapovalov,ATP Chengdu Open - SF,2026-09-28 12:00:00,0.5560994737103044,0.44390052628969556,0.5708154506437768,0.4587155963302753,475,2026-09-27 16:29:37,2026-09-27 16:29:29,2026-09-28 11:32:39,3744701012
hurkacz|h|shevchenko|a,hurkacz|h,shevchenko|a,Hubert Hurkacz,Alexander Shevchenko,ATP Chengdu Open - R1,2026-09-24 11:00:00,0.8272095939104359,0.17279040608956425,0.8432601880877744,0.19011406844106465,250,2026-09-22 09:22:06,2026-09-22 09:18:23,2026-09-24 11:00:00,3738257510
hurkacz|h|tien|l,hurkacz|h,tien|l,Hubert Hurkacz,Learner Tien,ATP Beijing - R1,2026-10-01 11:20:00,0.43817645028877095,0.561823549711229,0.45454545454545453,0.5780590717299579,250,2026-09-29 04:31:16,2026-09-29 04:24:43,2026-10-01 11:20:00,3745815763
hurrion|m|morag|s,hurrion|m,morag|s,Millen Hurrion,Snir Morag,ITF Men Baku - R16,2026-09-24 07:30:00,0.9498202686429449,0.05017973135705499,0.9704753469146737,0.08403361344537814,50,2026-09-24 00:37:45,2026-09-24 00:28:58,2026-09-24 07:30:00,3740007539
hurrion|m|nordquist|a,hurrion|m,nordquist|a,Millen Hurrion,Arvid Nordquist,ITF Men Baku - QF,2026-09-25 07:30:00,0.6815760445856193,0.3184239554143809,0.7134670487106016,0.35211267605633806,375,2026-09-24 14:45:57,2026-09-24 14:43:33,2026-09-25 07:30:00,3740493121
hurrion|m|sahoo|d,hurrion|m,sahoo|d,Millen Hurrion,Debasis Sahoo,ITF Men Hurghada - R16,2026-09-17 09:00:00,0.9852332195190419,0.014766780480957822,0.9943908458604441,0.038299502106472615,50,2026-09-16 23:39:23,2026-09-16 23:33:19,2026-09-17 09:00:00,3731489701
hu|h|tang|s,hu|h,tang|s,Haoran Hu,Sheng Tang,ITF Men Yinchuan - R1,2026-09-23 04:00:00,0.02799724097143938,0.9720027590285606,0.056818181818181816,0.9864148892813477,50,2026-09-22 12:47:51,2026-09-22 12:38:50,2026-09-23 04:00:00,3738423104
hu|j|kopriva|v,hu|j,kopriva|v,Jia Hu,Vit Kopriva,ATP Chengdu Open - R1,2026-09-23 07:10:00,0.011409506249419828,0.9885904937505803,0.02244165170556553,0.9942313239111624,250,2026-09-22 18:37:48,2026-09-22 18:30:02,2026-09-23 07:10:00,3738716459
hu|v|ma|l,hu|v,ma|l,Victoria Hu,Lea Ma,ITF Women Templeton - R1,2026-09-30 19:23:10,0.2649262698392571,0.7350737301607428,0.29940119760479045,0.7668997668997669,150,2026-09-30 01:12:24,2026-09-30 01:03:05,2026-09-30 19:23:10,3746745407
iakubenko|v|krivoshchekov|m,iakubenko|v,krivoshchekov|m,Volodymyr Iakubenko,Makar Krivoshchekov,ITF Men Baku - R16,2026-10-01 07:00:00,0.8600352529339819,0.13996474706601808,0.8922413793103448,0.1798561151079137,50,2026-09-30 23:45:54,2026-09-30 23:42:03,2026-10-01 07:00:00,3747738509
iakubenko|v|walters|m,iakubenko|v,walters|m,Volodymyr Iakubenko,Marcus Walters,ITF Men Baku - R1,2026-09-23 06:00:00,0.49353340128709705,0.5064665987129028,0.5305164319248826,0.5433789954337899,50,2026-09-22 12:29:34,2026-09-22 12:23:45,2026-09-23 06:00:00,3738409813
iancu|a|velikova|d,iancu|a,velikova|d,Alexia-Shara Iancu,Darya Velikova,ITF Women Varna - R1,2026-09-29 08:34:00,0.3973134075471953,0.6026865924528046,0.4347826086956522,0.6389891696750902,50,2026-09-28 18:26:59,2026-09-28 18:20:44,2026-09-29 08:34:00,3745629501
iannaccone|f|mikrut|l,iannaccone|f,mikrut|l,Federico Iannaccone,Luka Mikrut,ATP Challenger Genoa - R1,2026-09-22 08:30:00,0.23967493762561878,0.760325062374381,0.2645502645502646,0.7835497835497836,150,2026-09-22 03:54:00,2026-09-22 03:50:18,2026-09-22 08:30:00,3738093292
iannaccone|f|zeitune|m,iannaccone|f,zeitune|m,Federico Iannaccone,Maximo Zeitune,ATP Challenger Genoa - Qualifiers,2026-09-21 11:30:00,0.5859924920766852,0.4140075079233145,0.613899613899614,0.4424778761061947,75,2026-09-20 19:32:27,2026-09-20 19:26:57,2026-09-21 11:30:00,3737219940
iatcenko|a|micic|t,iatcenko|a,micic|t,Aliona Falei / Polina Iatcenko,Teodora Kostovic / Elena Micic,WTA 125K Ankara - Doubles,2026-09-24 09:00:00,0.6204173545105011,0.3795826454894989,0.6610169491525424,0.42194092827004215,100,2026-09-23 17:22:52,2026-09-23 17:20:05,2026-09-24 09:00:00,3739714513
iatcenko|p|kostovic|t,iatcenko|p,kostovic|t,Polina Iatcenko,Teodora Kostovic,WTA 125K Ankara - SF,2026-09-26 11:00:00,0.44219851572685775,0.5578014842731424,0.4608294930875576,0.576271186440678,200,2026-09-25 14:44:43,2026-09-25 14:37:41,2026-09-26 10:39:00,3741310309
iatcenko|p|zaytseva|k,iatcenko|p,zaytseva|k,Polina Iatcenko,Ksenia Zaytseva,WTA 125K Ankara - QF,2026-09-25 09:00:00,0.6351321400101436,0.3648678599898564,0.6587030716723549,0.3891050583657587,200,2026-09-24 17:08:43,2026-09-24 16:59:26,2026-09-25 10:00:00,3740584401
ibragimova|a|khamutsianskaya|d,ibragimova|a,khamutsianskaya|d,Alevtina Ibragimova,Darya Khamutsianskaya,WTA 125k Jingshan - R1,2026-09-29 07:15:00,0.6796953090125702,0.3203046909874297,0.7032640949554896,0.3448275862068966,200,2026-09-28 22:57:16,2026-09-28 22:53:42,2026-09-29 07:06:19,3745734676
ibragimova|a|ku|y,ibragimova|a,ku|y,Alevtina Ibragimova,Yeonwoo Ku,WTA Seoul - R1,2026-09-22 06:30:00,0.5739235520154482,0.42607644798455174,0.5901639344262295,0.4424778761061947,250,2026-09-21 09:03:17,2026-09-21 08:58:06,2026-09-22 06:30:00,3737597401
ibragimova|a|okamura|k,ibragimova|a,okamura|k,Alevtina Ibragimova,Kyoka Okamura,WTA 125k Jingshan - R16,2026-10-01 03:00:00,0.7453335318424765,0.25466646815752353,0.7685185185185185,0.27932960893854747,200,2026-09-30 15:21:36,2026-09-30 15:21:36,2026-10-01 03:00:00,3747281027
ibragimova|a|saigo|r,ibragimova|a,saigo|r,Alevtina Ibragimova,Rina Saigo,WTA Seoul - Qualifiers,2026-09-19 05:40:00,0.7776817661069721,0.22231823389302788,0.7983870967741935,0.24449877750611249,250,2026-09-19 00:12:53,2026-09-19 00:06:45,2026-09-19 05:40:00,3733586070
ibragimova|a|saito|s,ibragimova|a,saito|s,Alevtina Ibragimova,Sara Saito,WTA Seoul - Qualifiers,2026-09-20 04:42:10,0.7106713941946926,0.2893286058053075,0.7319034852546916,0.3115264797507788,250,2026-09-19 23:15:39,2026-09-19 23:15:25,2026-09-20 04:42:10,3735588327
ibragimova|d|jones|t,ibragimova|d,jones|t,Daria Egorova / Alevtina Ibragimova,Tyra Caterina Grant / Emerson Jones,WTA 125k Jingshan - Doubles,2026-09-30 05:30:00,0.5916009495825332,0.4083990504174669,0.6323529411764706,0.4504504504504505,100,2026-09-29 16:37:43,2026-09-29 16:29:37,2026-09-30 05:30:00,3746318201
ichikawa|t|jin|y,ichikawa|t,jin|y,Taisei Ichikawa,Yuquan Jin,ITF Men Luan - R16,2026-10-01 02:00:00,0.8458642235832978,0.15413577641670215,0.8753117206982542,0.1890359168241966,150,2026-09-30 11:38:32,2026-09-30 11:37:24,2026-10-01 02:00:00,3747108982
ichikawa|t|susanto|a,ichikawa|t,susanto|a,Taisei Ichikawa,Anthony Susanto,ITF Men Luan - R1,2026-09-30 04:54:57,0.8703069624065806,0.12969303759341919,0.9018645731108931,0.1694915254237288,50,2026-09-29 23:30:16,2026-09-29 23:25:55,2026-09-30 04:54:57,3746715093
ifi|n|rodenas|p,ifi|n,rodenas|p,Nicolas Ifi,Pedro Rodenas,ITF Men Zaragoza - R16,2026-10-01 11:30:00,0.0630671715316883,0.9369328284683118,0.09363295880149813,0.957983193277311,100,2026-09-30 04:25:30,2026-09-30 04:19:27,2026-10-01 10:59:56,3746822235
ignatov|i|morag|s,ignatov|i,morag|s,Ilya Ignatov,Snir Morag,ITF Men Baku - R1,2026-09-22 07:30:00,0.411221053645367,0.588778946354633,0.4444444444444444,0.6212121212121212,225,2026-09-21 23:36:13,2026-09-21 23:33:38,2026-09-22 07:30:00,3738001449
imai|s|jones|s,imai|s,jones|s,Shintaro Imai,Scott Jones,ITF Men Darwin - R16,2026-10-01 05:47:22,0.6154724118878245,0.3845275881121754,0.6515679442508712,0.42194092827004215,50,2026-09-30 23:38:49,2026-09-30 23:31:36,2026-10-01 05:47:22,3747735841
imai|s|stevens|z,imai|s,stevens|z,Shintaro Imai,Zane Stevens,ITF Men Darwin - R1,2026-09-30 08:21:00,0.8227813519923853,0.17721864800761472,0.8531571218795888,0.21231422505307856,150,2026-09-29 02:48:34,2026-09-29 02:48:34,2026-09-30 08:21:00,3745788376
imamura|m|noguchi|r,imamura|m,noguchi|r,Masamichi Imamura,Rio Noguchi,ATP Hangzhou - Qualifiers,2026-09-22 08:00:00,0.33660255703012093,0.6633974429698791,0.35842293906810035,0.6845425867507886,250,2026-09-21 23:58:53,2026-09-21 23:52:10,2026-09-22 08:00:00,3738007286
india||korea|s,india|,korea|s,India,South Korea,Davis Cup - Tie Winner,2026-09-18 05:00:00,0.5435015808884652,0.45649841911153477,0.574468085106383,0.48780487804878053,50,2026-09-17 23:17:25,2026-09-17 23:12:24,2026-09-18 05:00:00,3732377066
inglis|m|sonmez|z,inglis|m,sonmez|z,Maddison Inglis,Zeynep Sonmez,WTA Beijing - R1,2026-09-30 07:10:00,0.3454428216384812,0.6545571783615187,0.3623188405797102,0.6710526315789473,250,2026-09-29 14:54:48,2026-09-29 14:54:48,2026-09-30 07:10:00,3746244442
inglis|m|yao|x,inglis|m,yao|x,Maddison Inglis,Xinxin Yao,WTA Beijing - Qualifiers,2026-09-28 11:30:00,0.5496492969947129,0.45035070300528723,0.5708154506437768,0.4716981132075471,250,2026-09-27 23:55:53,2026-09-27 23:53:03,2026-09-28 11:25:16,3745175994
inoue|h|matsuda|r,inoue|h,matsuda|r,Hina Inoue,Rinko Matsuda,ITF Women Kyoto - R16,2026-09-17 02:09:00,0.5327485830028734,0.4672514169971265,0.5652173913043479,0.5,225,2026-09-16 19:13:15,2026-09-16 19:01:39,2026-09-17 02:09:00,3731306393
insfran|g|santos|s,insfran|g,santos|s,Guisella Insfran,Sophia Santos,ITF Women Belem - R1,2026-09-23 18:00:00,0.01737145934999007,0.98262854065001,0.03795066413662239,0.9921396006917151,100,2026-09-23 03:48:03,2026-09-23 03:48:03,2026-09-23 18:00:00,3739052831
ionel|n|pennaforti|g,ionel|n,pennaforti|g,Nicholas David Ionel,Gabriele Pennaforti,ITF Men Santa Margherita di Pula - R1,2026-09-22 12:00:00,0.4212219853439342,0.5787780146560659,0.4587155963302753,0.6153846153846154,50,2026-09-21 21:37:05,2026-09-21 21:32:52,2026-09-22 11:48:18,3737968861
ionescu|e|mattioli|f,ionescu|e,mattioli|f,Eva Maria Ionescu,Francesca Mattioli,ITF Women Nashville - R1,2026-09-30 18:57:11,0.524738523064543,0.4752614769354569,0.5614035087719298,0.5121951219512195,50,2026-09-29 18:50:37,2026-09-29 18:45:34,2026-09-30 18:57:11,3746465156
ishii|s|itaya|r,ishii|s,itaya|r,Sayaka Ishii,Rion Itaya,ITF Women Nanao - QF,2026-09-25 03:49:27,0.9169400846826845,0.08305991531731576,0.9408633944411591,0.11547344110854503,250,2026-09-24 08:29:12,2026-09-24 08:26:05,2026-09-25 03:20:00,3740196935
ishii|s|kawaguchi|n,ishii|s,kawaguchi|n,Sayaka Ishii,Natsumi Kawaguchi,ITF Women Nanao - R16,2026-09-24 02:55:00,0.45317598754357125,0.5468240124564288,0.49019607843137253,0.5833333333333333,50,2026-09-23 11:39:30,2026-09-23 11:39:30,2026-09-24 02:56:25,3739398079
ishii|s|rajecki|a,ishii|s,rajecki|a,Sayaka Ishii,Amelia Rajecki,ITF Women Kyoto - R16,2026-09-17 02:08:00,0.33915114180884437,0.6608488581911557,0.373134328358209,0.6932515337423313,225,2026-09-16 19:41:38,2026-09-16 19:40:57,2026-09-17 02:08:00,3731363049
italy||ukraine|,italy|,ukraine|,Italy,Ukraine,Billie Jean King Cup - Tie,2026-09-26 09:00:00,0.5,0.5,0.5238095238095238,0.5238095238095238,50,2026-09-25 07:46:54,2026-09-25 07:38:43,2026-09-26 09:00:00,3741023426
itaya|r|jang|g,itaya|r,jang|g,Rion Itaya,Gaeul Jang,ITF Women Nanao - R1,2026-09-23 03:00:00,0.08704307129769599,0.912956928702304,0.11467889908256883,0.9344262295081968,350,2026-09-23 00:58:42,2026-09-23 00:47:49,2026-09-23 03:00:00,3738971408
ito|a|lansere|s,ito|a,lansere|s,Aoi Ito,Sofya Lansere,WTA Singapore - Qualifiers,2026-09-19 04:20:00,0.6677823228916072,0.3322176771083928,0.6894409937888198,0.35460992907801414,250,2026-09-18 23:56:03,2026-09-18 23:51:40,2026-09-19 04:20:00,3733579961
ivanovski|k|piening|c,ivanovski|k,piening|c,Kalin Ivanovski,Claus Piening,ITF Men Pardubice - R16,2026-09-24 10:00:00,0.9659588491374637,0.03404115086253643,0.9823227859289377,0.0645577792123951,50,2026-09-23 15:32:15,2026-09-23 15:27:23,2026-09-24 10:00:00,3739620121
ivanovski|k|tabata|r,ivanovski|k,tabata|r,Kalin Ivanovski,Ryo Tabata,ITF Men Zlatibor - R1,2026-09-17 12:00:00,0.7467474008321457,0.25325259916785436,0.7787610619469026,0.2881844380403458,450,2026-09-16 19:13:15,2026-09-16 19:01:39,2026-09-17 12:00:00,3730140129
ivanov|i|jianu|f,ivanov|i,jianu|f,Ivan Ivanov,Filip Cristian Jianu,ATP Challenger Plovdiv - R1,2026-09-22 12:03:00,0.4076188578838094,0.5923811421161908,0.43103448275862066,0.6153846153846154,150,2026-09-21 15:57:22,2026-09-21 15:56:56,2026-09-22 12:00:05,3737795391
ivanov|s|jubb|p,ivanov|s,jubb|p,Saveliy Ivanov,Paul Jubb,ITF Men Hurghada - SF,2026-09-19 09:00:00,0.042460026712861476,0.9575399732871387,0.0749063670411985,0.9762920815552395,75,2026-09-18 16:20:55,2026-09-18 16:18:52,2026-09-19 09:00:00,3732993604
ivanov|v|lemaitre|t,ivanov|v,lemaitre|t,Valentina Ivanov,Tiphanie Lemaitre,ITF Women Yecla - R1,2026-09-23 10:00:00,0.4441682276976195,0.5558317723023807,0.4807692307692307,0.5918367346938775,50,2026-09-23 02:59:58,2026-09-23 02:59:22,2026-09-23 10:00:00,3739033371
izquierdo|n|kolar|z,izquierdo|n,kolar|z,Nikolas Sanchez Izquierdo,Zdenek Kolar,ATP Challenger Szczecin - QF,2026-09-18 15:31:49,0.6041235486492901,0.39587645135070987,0.6212121212121212,0.4132231404958678,250,2026-09-18 01:38:45,2026-09-18 01:28:16,2026-09-18 15:31:49,3732434171
izquierdo|n|mikrut|l,izquierdo|n,mikrut|l,Nikolas Sanchez Izquierdo,Luka Mikrut,ATP Challenger Szczecin - SF,2026-09-19 14:40:13,0.4550977024161929,0.5449022975838071,0.4716981132075471,0.5614035087719298,250,2026-09-18 21:39:16,2026-09-18 21:35:50,2026-09-19 14:40:13,3733520427
izquierdo|n|monteiro|t,izquierdo|n,monteiro|t,Nikolas Sanchez Izquierdo,Thiago Monteiro,ATP Challenger Szczecin - Final,2026-09-20 10:10:00,0.5140297289698113,0.4859702710301888,0.5305164319248826,0.5024875621890548,250,2026-09-19 21:23:35,2026-09-19 21:14:42,2026-09-20 11:10:00,3735514287
izquierdo|n|neumayer|l,izquierdo|n,neumayer|l,Nikolas Sanchez Izquierdo,Lukas Neumayer,ATP Challenger Genoa - R1,2026-09-22 09:00:00,0.47392353200298415,0.5260764679970158,0.49751243781094534,0.5495495495495495,150,2026-09-21 15:51:38,2026-09-21 15:45:39,2026-09-22 09:00:00,3737791092
jacquemot|e|li|z,jacquemot|e,li|z,Elsa Jacquemot,Zongyu Li,WTA Beijing - Qualifiers,2026-09-28 05:11:00,0.8321539990075544,0.16784600099244568,0.8522895125553913,0.19011406844106465,250,2026-09-27 23:29:27,2026-09-27 23:28:38,2026-09-28 05:06:30,3745165091
jacquemot|e|wolff|v,jacquemot|e,wolff|v,Elsa Jacquemot,Vivian Wolff,WTA Beijing - Qualifiers,2026-09-29 03:00:00,0.7199139018263221,0.2800860981736779,0.7409326424870467,0.3021148036253776,250,2026-09-28 13:49:10,2026-09-28 13:49:02,2026-09-29 03:00:00,3745480716
jacquet|k|marozsan|f,jacquet|k,marozsan|f,Kyrian Jacquet,Fabian Marozsan,ATP Hangzhou - QF,2026-09-27 06:30:00,0.45705105154036924,0.5429489484596308,0.4716981132075471,0.5575221238938054,400,2026-09-25 15:26:18,2026-09-25 15:22:58,2026-09-27 05:45:49,3741353622
jacquet|k|rublev|a,jacquet|k,rublev|a,Kyrian Jacquet,Andrey Rublev,ATP Hangzhou - SF,2026-09-28 10:30:00,0.2711543793001,0.7288456206999,0.2857142857142857,0.7429305912596401,475,2026-09-27 15:26:16,2026-09-27 15:25:45,2026-09-28 10:30:00,3744581834
jacquet|k|rune|h,jacquet|k,rune|h,Kyrian Jacquet,Holger Rune,ATP Tokyo - R1,2026-10-01 04:00:00,0.3866691323956914,0.6133308676043085,0.40322580645161293,0.6296296296296295,250,2026-09-29 07:56:31,2026-09-29 07:56:07,2026-10-01 04:00:00,3745894365
jacquet|k|vukic|a,jacquet|k,vukic|a,Kyrian Jacquet,Aleksandar Vukic,ATP Hangzhou - R1,2026-09-23 09:20:00,0.5298906312179082,0.4701093687820917,0.5475113122171946,0.48780487804878053,250,2026-09-22 10:20:42,2026-09-22 10:19:43,2026-09-23 08:27:52,3738308701
jade|d|peniston|r,jade|d,peniston|r,Daniel Jade,Ryan Peniston,ATP Challenger St Tropez - Qualifiers,2026-09-20 08:17:10,0.39641179069625493,0.6035882093037451,0.42016806722689076,0.626865671641791,100,2026-09-20 02:27:54,2026-09-20 02:16:32,2026-09-20 09:10:00,3735753198
jadoun|n|ozdemir|s,jadoun|n,ozdemir|s,Nicolas John Jadoun,S Mert Ozdemir,ITF Men Baku - R1,2026-09-30 06:00:00,0.8858320678880927,0.11416793211190743,0.9128160418482999,0.14814814814814814,225,2026-09-30 01:12:24,2026-09-30 01:12:24,2026-09-30 06:00:00,3746753583
jaeger|e|todoni|c,jaeger|e,todoni|c,Estella Jaeger,Cristiana Nicoleta Todoni,ITF Women Constanta - R16,2026-09-24 07:00:00,0.03544650387371149,0.9645534961262885,0.06631299734748011,0.9813398022019034,50,2026-09-23 23:52:34,2026-09-23 23:52:34,2026-09-24 07:00:00,3739982215
jaisinghani|r|morag|s,jaisinghani|r,morag|s,Raghav Jaisinghani,Snir Morag,ITF Men Baku - R1,2026-09-30 06:00:00,0.2937400166539194,0.706259983346081,0.3278688524590164,0.7382198952879581,225,2026-09-30 01:12:24,2026-09-30 01:12:24,2026-09-30 06:00:00,3746753583
jang|d|wu|h,jang|d,wu|h,Dayeon Back / Su Jeong Jang,Hao Ching Chan / Fang-Hsien Wu,WTA Seoul - Doubles,2026-09-24 08:50:00,0.19973307994784056,0.8002669200521594,0.23201856148491876,0.8290598290598291,150,2026-09-23 16:22:52,2026-09-23 16:19:41,2026-09-24 08:50:00,3739661075
jang|d|zimmermann|p,jang|d,zimmermann|p,Dayeon Back / Su Jeong Jang,Peangtarn Plipuech / Kimberley Zimmermann,WTA Seoul - Doubles,2026-09-23 09:00:00,0.6438548605474169,0.356145139452583,0.66996699669967,0.38314176245210724,100,2026-09-21 22:18:19,2026-09-21 22:18:07,2026-09-23 09:00:00,3737979846
jang|g|jiang|z,jang|g,jiang|z,Gaeul Jang,Zijun Jiang,ITF Women Maanshan - R1,2026-09-29 05:27:00,0.5823368594971715,0.41766314050282843,0.6183206106870228,0.45454545454545453,50,2026-09-28 08:37:07,2026-09-28 08:32:04,2026-09-29 05:27:00,3745336148
jang|g|shubladze|a,jang|g,shubladze|a,Gaeul Jang,Alexandra Shubladze,WTA Seoul - Qualifiers,2026-09-19 02:10:00,0.04737238168978138,0.9526276183102186,0.0710732054015636,0.968691296180338,250,2026-09-18 23:56:03,2026-09-18 23:54:38,2026-09-19 02:10:00,3733584575
jang|s|ren|k,jang|s,ren|k,Soo Ha Jang,Ke Ren,ITF Women Maanshan - R1,2026-09-30 01:30:00,0.7307993091947463,0.2692006908052538,0.7668997668997669,0.30864197530864196,50,2026-09-29 12:20:30,2026-09-29 12:17:37,2026-09-30 01:30:00,3746118996
jankanj|v|mosejczuk|d,jankanj|v,mosejczuk|d,Vlado Jankanj,Dominick Mosejczuk,ITF Men Fayetteville - R16,2026-10-01 15:00:00,0.21803768843874155,0.7819623115612583,0.2531645569620253,0.8134328358208955,100,2026-10-01 01:24:54,2026-10-01 01:12:40,2026-10-01 15:00:00,3747782033
janvier|m|masur|d,janvier|m,masur|d,Maxime Janvier,Daniel Masur,ATP Challenger St Tropez - Qualifiers,2026-09-21 08:00:00,0.35643672943662796,0.6435632705633721,0.3802281368821293,0.6666666666666666,100,2026-09-20 19:39:01,2026-09-20 19:38:03,2026-09-21 09:00:00,3737231095
janvier|m|squire|h,janvier|m,squire|h,Maxime Janvier,Henri Squire,ATP Challenger St Tropez - Qualifiers,2026-09-20 10:20:00,0.34488705731881736,0.6551129426811827,0.36900369003690037,0.6784565916398714,100,2026-09-20 02:27:54,2026-09-20 02:16:32,2026-09-20 10:20:00,3735747519
jasika|o|moriya|h,jasika|o,moriya|h,Omar Jasika,Hiroki Moriya,ATP Challenger Jingshan - Qualifiers,2026-09-29 03:10:00,0.620738619844424,0.37926138015557614,0.6441281138790036,0.40322580645161293,100,2026-09-28 08:37:07,2026-09-28 08:32:04,2026-09-29 03:10:00,3745331771
jasika|o|sweeny|d,jasika|o,sweeny|d,Omar Jasika,Dane Sweeny,ATP Challenger Jingshan - R1,2026-09-30 05:39:10,0.34271039992454316,0.6572896000754569,0.3623188405797102,0.6763754045307443,150,2026-09-29 15:34:27,2026-09-29 15:29:15,2026-09-30 05:39:10,3746269434
javia|d|petit|l,javia|d,petit|l,Dev Javia,Lenny Petit,ITF Men Kigali - R1,2026-09-29 09:00:00,0.7867101191546461,0.2132898808453539,0.8178506375227687,0.2481389578163772,225,2026-09-29 01:19:24,2026-09-29 01:19:24,2026-09-29 09:00:00,3745768982
jeanjean|l|lamens|s,jeanjean|l,lamens|s,Leolia Jeanjean,Suzan Lamens,WTA 125K Adana - R1,2026-09-28 10:51:28,0.5283217511560561,0.47167824884394405,0.5515695067264574,0.49504950495049505,200,2026-09-28 01:43:49,2026-09-28 01:29:23,2026-09-28 10:51:28,3745221287
jeanjean|l|stefanini|l,jeanjean|l,stefanini|l,Leolia Jeanjean,Lucrezia Stefanini,WTA 125K Adana - QF,2026-10-02 09:00:00,0.4784669240096356,0.5215330759903644,0.5024875621890548,0.5454545454545454,200,2026-09-30 23:45:54,2026-09-30 23:42:03,2026-10-02 09:00:00,3747739008
jebens|s|molteni|m,jebens|s,molteni|m,Santiago Gonzalez / Hendrik Jebens,Maximo Gonzalez / Andres Molteni,ATP Hangzhou - Doubles,2026-09-25 08:40:00,0.4134578725048007,0.5865421274951994,0.4444444444444444,0.6168582375478928,150,2026-09-24 15:30:57,2026-09-24 15:28:51,2026-09-25 08:40:00,3740520985
jebens|s|tracy|f,jebens|s,tracy|f,Santiago Gonzalez / Hendrik Jebens,Francisco Cabral / James Tracy,ATP Hangzhou - Doubles,2026-09-27 08:30:00,0.3941597173533503,0.6058402826466497,0.425531914893617,0.6363636363636364,125,2026-09-25 16:52:33,2026-09-25 16:46:11,2026-09-27 08:30:00,3741449180
jeong|b|zidansek|t,jeong|b,zidansek|t,Boyoung Jeong,Tamara Zidansek,WTA Seoul - Qualifiers,2026-09-19 04:30:00,0.12900796958331429,0.8709920304166857,0.1557632398753894,0.8937300743889479,250,2026-09-19 00:12:53,2026-09-19 00:06:45,2026-09-19 04:30:00,3733590395
jeran|a|kupcic|j,jeran|a,kupcic|j,Aljaz Jeran,Jan Kupcic,ITF Men Sibenik - R1,2026-09-29 09:30:00,0.4709321313015101,0.52906786869849,0.5073891625615764,0.5652173913043479,50,2026-09-29 01:45:04,2026-09-29 01:38:35,2026-09-29 09:30:00,3745773095
jiang|z|kubareva|a,jiang|z,kubareva|a,Zijun Jiang,Anna Kubareva,ITF Women Maanshan - SF,2026-09-26 02:00:00,0.15283898699835693,0.8471610130016433,0.19305019305019305,0.8802395209580839,75,2026-09-25 08:53:54,2026-09-25 08:50:31,2026-09-26 03:00:00,3741059063
jiang|z|wang|w,jiang|z,wang|w,Zijun Jiang,Wanbing Wang,ITF Women Maanshan - R1,2026-09-23 04:57:00,0.8245532170704003,0.1754467829296001,0.8548621190130624,0.21052631578947367,150,2026-09-22 19:16:11,2026-09-22 19:14:46,2026-09-23 04:57:00,3738785399
jiang|z|yang|a,jiang|z,yang|a,Zijun Jiang,Anna Yang,ITF Women Maanshan - R16,2026-10-01 04:49:00,0.6997732063982518,0.30022679360174825,0.7319034852546916,0.33444816053511706,100,2026-09-30 11:38:32,2026-09-30 11:37:24,2026-10-01 04:49:00,3747107417
jiang|z|ye|s,jiang|z,ye|s,Zijun Jiang,Shiyu Ye,ITF Women Maanshan - QF,2026-09-25 04:59:00,0.13682812819234627,0.8631718718076538,0.17667844522968199,0.8951781970649896,75,2026-09-24 11:30:34,2026-09-24 11:27:18,2026-09-25 03:59:00,3740354614
jiang|z|zhang|j,jiang|z,zhang|j,Zijun Jiang,Junhan Zhang,ITF Women Maanshan - R16,2026-09-24 03:51:53,0.19684564510264901,0.8031543548973511,0.23696682464454974,0.8379254457050244,50,2026-09-23 14:55:45,2026-09-23 14:50:59,2026-09-24 03:51:53,3739586538
jianu|f|marinescu|m,jianu|f,marinescu|m,Filip Cristian Jianu,Mihai Razvan Marinescu,ITF Men Slobozia - R1,2026-09-29 09:24:06,0.9275388572365059,0.0724611427634942,0.9525616698292221,0.1091703056768559,50,2026-09-28 23:48:02,2026-09-28 23:48:02,2026-09-29 09:24:06,3745748393
jianu|f|todoran|m,jianu|f,todoran|m,Filip Cristian Jianu,Matei Todoran,ITF Men Slobozia - R16,2026-10-01 08:10:00,0.9713779122874823,0.02862208771251804,0.9847304932050694,0.053022269353128315,100,2026-09-30 04:25:30,2026-09-30 04:19:27,2026-10-01 08:10:00,3746822383
jin|y|liu|z,jin|y,liu|z,Yuquan Jin,Zihao Liu,ITF Men Luan - R1,2026-09-30 02:00:00,0.9250586471816797,0.07494135281832047,0.9504705299653293,0.11185682326621922,50,2026-09-29 23:30:16,2026-09-29 23:25:55,2026-09-30 02:00:00,3746715425
jodar|r|tabilo|a,jodar|r,tabilo|a,Rafael Jodar,Alejandro Tabilo,Davis Cup - Qualifiers,2026-09-20 16:42:00,0.7854052088886568,0.21459479111134316,0.8062015503875969,0.23696682464454974,250,2026-09-20 08:49:59,2026-09-20 08:49:00,2026-09-20 16:42:00,3735957759
jodar|r|vallejo|a,jodar|r,vallejo|a,Rafael Jodar,Adolfo Daniel Vallejo,ATP Tokyo - R1,2026-10-01 11:30:00,0.8107600656587832,0.1892399343412166,0.8269896193771626,0.2066115702479339,250,2026-09-30 08:56:00,2026-09-30 08:51:18,2026-10-01 10:40:47,3746960928
johnson|s|kobierski|j,johnson|s,kobierski|j,Spencer Johnson,Jan Kobierski,ATP Challenger San Diego - Qualifiers,2026-09-20 20:00:00,0.9723142933128156,0.02768570668718439,0.9860178970917226,0.05408328826392645,50,2026-09-20 13:55:34,2026-09-20 13:52:41,2026-09-20 20:00:00,3736519291
johnson|s|sebestova|i,johnson|s,sebestova|i,Sofia Johnson,Ivana Sebestova,WTA 125K Porto - Qualifiers,2026-09-20 13:00:55,0.9623649278551777,0.03763507214482236,0.9773550724637682,0.061919504643962855,200,2026-09-20 02:42:42,2026-09-20 02:31:36,2026-09-20 13:00:55,3735764404
johnson|s|timofeeva|m,johnson|s,timofeeva|m,Sofia Johnson,Maria Timofeeva,WTA 125K Porto - R1,2026-09-22 11:30:00,0.2540144471627336,0.7459855528372662,0.2785515320334262,0.76905311778291,200,2026-09-21 17:44:31,2026-09-21 17:43:11,2026-09-22 11:32:18,3737857182
johnson|s|vrba|j,johnson|s,vrba|j,Spencer Johnson,Jakub Vrba,ATP Challenger San Diego - Qualifiers,2026-09-21 18:13:48,0.8487831712714318,0.15121682872856831,0.8762376237623763,0.18348623853211007,75,2026-09-21 07:11:48,2026-09-21 07:11:48,2026-09-21 18:00:00,3737561189
johns|g|marchi|a,johns|g,marchi|a,Garrett Johns,Andrea De Marchi,ITF Men Santa Margherita di Pula - QF,2026-09-17 08:00:00,0.5586586544881974,0.44134134551180265,0.5951417004048584,0.47846889952153115,75,2026-09-16 23:16:19,2026-09-16 23:16:19,2026-09-17 08:00:00,3731471246
johns|g|mccormick|t,johns|g,mccormick|t,Garrett Johns,Tristan Mccormick,ITF Men Santa Margherita di Pula - R1,2026-09-21 09:08:00,0.7164692806705534,0.2835307193294466,0.7481108312342569,0.31746031746031744,225,2026-09-21 00:25:23,2026-09-21 00:24:49,2026-09-21 09:08:00,3737468484
johns|g|rapagnetta|d,johns|g,rapagnetta|d,Garrett Johns,Daniele Rapagnetta,ITF Men Santa Margherita di Pula - R16,2026-09-23 11:29:15,0.5163931486018176,0.48360685139818244,0.5495495495495495,0.5169082125603864,150,2026-09-23 02:47:33,2026-09-23 02:47:33,2026-09-23 11:29:15,3739028345
joint|m|korneeva|a,joint|m,korneeva|a,Maya Joint,Alina Korneeva,WTA Seoul - SF,2026-09-26 09:48:09,0.3411853372812266,0.6588146627187734,0.35587188612099646,0.673202614379085,400,2026-09-26 06:45:01,2026-09-26 06:43:38,2026-09-26 10:45:00,3742087571
joint|m|kraus|s,joint|m,kraus|s,Maya Joint,Sinja Kraus,WTA Beijing - R1,2026-09-30 04:00:00,0.7479675631956018,0.25203243680439835,0.7647058823529411,0.2695417789757412,250,2026-09-29 09:23:41,2026-09-29 09:15:11,2026-09-30 04:00:00,3745939135
joint|m|tararudee|l,joint|m,tararudee|l,Maya Joint,Lanlana Tararudee,WTA Seoul - QF,2026-09-26 03:00:00,0.4420590861344987,0.5579409138655012,0.4587155963302753,0.574468085106383,2400,2026-09-23 15:32:15,2026-09-23 15:27:23,2026-09-26 03:00:00,3739617850
joint|m|yao|x,joint|m,yao|x,Maya Joint,Xinxin Yao,WTA Seoul - R1,2026-09-21 04:00:00,0.8663903473993847,0.1336096526006153,0.8835855646100117,0.1529051987767584,250,2026-09-20 17:25:07,2026-09-20 17:22:12,2026-09-21 04:00:00,3736995024
jones|e|kaji|h,jones|e,kaji|h,Emerson Jones,Haruka Kaji,WTA 125k Jingshan - R1,2026-09-28 06:51:40,0.7423993967694982,0.25760060323050193,0.765807962529274,0.2824858757062147,200,2026-09-27 13:16:37,2026-09-27 13:09:54,2026-09-28 06:51:40,3744277388
jones|e|ma|y,jones|e,ma|y,Emerson Jones,Yexin Ma,WTA Seoul - R1,2026-09-22 06:15:00,0.6892583415097235,0.31074165849027646,0.7058823529411764,0.3278688524590164,250,2026-09-21 09:03:17,2026-09-21 08:58:06,2026-09-22 05:30:10,3737596872
jones|e|zhu|c,jones|e,zhu|c,Emerson Jones,Chenting Zhu,WTA 125k Jingshan - R16,2026-09-30 03:08:58,0.867533461825566,0.13246653817443407,0.8922413793103448,0.16181229773462785,200,2026-09-29 15:34:27,2026-09-29 15:29:15,2026-09-30 03:08:58,3746263237
jones|h|mehrotra|a,jones|h,mehrotra|a,Hayden Jones,Arjun Mehrotra,ITF Men Darwin - R16,2026-10-01 09:57:12,0.8014897792559762,0.19851022074402383,0.8324958123953099,0.23364485981308414,225,2026-10-01 00:33:09,2026-10-01 00:27:21,2026-10-01 09:57:12,3747770371
jones|h|satara|h,jones|h,satara|h,Hayden Jones,Harrison Satara,ITF Men Darwin - R1,2026-09-30 08:30:00,0.7644285259268006,0.2355714740731994,0.7959183673469388,0.27027027027027023,225,2026-09-30 02:04:19,2026-09-30 02:03:30,2026-09-30 08:30:00,3746773257
jones|s|oconnell|b,jones|s,oconnell|b,Scott Jones,Benjamin O'connell,ITF Men Darwin - R1,2026-09-30 06:30:00,0.5880383206149207,0.41196167938507927,0.6197718631178707,0.4444444444444444,150,2026-09-29 02:48:34,2026-09-29 02:48:34,2026-09-30 06:30:00,3745788606
jones|t|rajecki|m,jones|t,rajecki|m,Tyra Caterina Grant / Emerson Jones,Madeleine Brooks / Amelia Rajecki,WTA 125k Jingshan - Doubles,2026-10-01 04:30:00,0.42543136078972166,0.5745686392102785,0.4672897196261683,0.6153846153846154,500,2026-09-30 16:27:30,2026-09-30 16:24:13,2026-10-01 04:30:00,3747352151
jonge|d|seifert|s,jonge|d,seifert|s,Daniel De Jonge,Stefan Seifert,ITF Men Forbach - QF,2026-09-25 10:00:00,0.5848361110979006,0.41516388890209943,0.6212121212121212,0.45248868778280543,75,2026-09-24 23:50:52,2026-09-24 23:47:02,2026-09-25 10:00:00,3740865770
jonge|d|thurner|n,jonge|d,thurner|n,Daniel De Jonge,Noah Thurner,ITF Men Forbach - R1,2026-09-23 08:00:00,0.8867081694690543,0.11329183053094581,0.9136442141623489,0.14727540500736377,150,2026-09-23 05:48:17,2026-09-23 05:48:17,2026-09-23 08:00:00,3739100147
jong|j|mayot|h,jong|j,mayot|h,Jesper De Jong,Harold Mayot,ATP Challenger St Tropez - QF,2026-09-25 11:00:00,0.5163726771204921,0.4836273228795081,0.5327102803738317,0.5,250,2026-09-24 23:56:10,2026-09-24 23:50:30,2026-09-25 11:00:00,3740867751
jong|j|sanchis|d,jong|j,sanchis|d,Jesper De Jong,David Jorda Sanchis,ATP Challenger Porto - R1,2026-09-29 10:10:00,0.794590878380645,0.20540912161935507,0.8130841121495328,0.22522522522522526,100,2026-09-28 17:48:53,2026-09-28 17:47:28,2026-09-29 10:10:00,3745612670
jong|s|krom|m,jong|s,krom|m,Sander Jong,Michiel De Krom,ITF Men Zaragoza - R16,2026-10-01 10:00:00,0.8862957786143995,0.11370422138560057,0.9132697311361666,0.14771048744460857,225,2026-10-01 00:33:09,2026-10-01 00:27:21,2026-10-01 09:10:19,3747767062
jong|s|lee|g,jong|s,lee|g,Sander Jong,Gerard Campana Lee,ITF Men Sabadell - Final,2026-09-27 10:00:00,0.5870650840150483,0.4129349159849518,0.6197718631178707,0.4464285714285714,150,2026-09-26 12:45:25,2026-09-26 12:45:25,2026-09-27 10:00:00,3742451237
jong|s|marmousez|l,jong|s,marmousez|l,Sander Jong,Lilian Marmousez,ITF Men Sabadell - SF,2026-09-26 09:30:00,0.5215919147225333,0.47840808527746675,0.5575221238938054,0.5145631067961165,75,2026-09-25 23:38:37,2026-09-25 23:36:25,2026-09-26 08:34:27,3741873574
jong|s|socas|r,jong|s,socas|r,Sander Jong,Roberto Perez Socas,ITF Men Zaragoza - R1,2026-09-30 12:00:00,0.9123989819967191,0.08760101800328098,0.936868686868687,0.1203369434416366,100,2026-09-29 00:52:22,2026-09-29 00:38:12,2026-09-30 11:15:00,3745753895
jong|s|tomas|i,jong|s,tomas|i,Sander Jong,Ian Luca Cervantes Tomas,ITF Men Sabadell - R1,2026-09-23 10:00:00,0.9465718136811861,0.053428186318813804,0.967958987504005,0.08779631255487269,50,2026-09-23 02:47:33,2026-09-23 02:44:15,2026-09-23 10:00:00,3739026466
jong|s|xilas|i,jong|s,xilas|i,Sander Jong,Ioannis Xilas,ITF Men Sabadell - QF,2026-09-25 12:30:00,0.6986268666212334,0.3013731333787666,0.7347480106100795,0.3401360544217687,75,2026-09-24 23:50:52,2026-09-24 23:47:02,2026-09-25 12:30:00,3740866208
jorge|f|kasintseva|v,jorge|f,kasintseva|v,Francisca Jorge,Victoria Jimenez Kasintseva,WTA 125k Caldas Da Rainha - R16,2026-09-17 14:30:00,0.4258475611659732,0.5741524388340269,0.4504504504504505,0.5983935742971888,200,2026-09-16 23:39:23,2026-09-16 23:33:19,2026-09-17 14:26:19,3731488748
jorge|f|lacasse|a,jorge|f,lacasse|a,Francisca Jorge / Matilde Jorge,Ariana Arseneault / Raphaelle Lacasse,WTA 125K Porto - Doubles,2026-09-26 13:20:00,0.7423970942171474,0.2576029057828526,0.7816593886462881,0.30120481927710846,125,2026-09-26 07:26:32,2026-09-26 07:26:32,2026-09-26 13:20:00,3742106814
jorge|f|malygina|m,jorge|f,malygina|m,Francisca Jorge / Matilde Jorge,Mina Hodzic / Elena Malygina,WTA 125K Porto - Doubles,2026-09-21 11:30:00,0.8015795055257942,0.19842049447420573,0.8360655737704918,0.23809523809523808,500,2026-09-21 09:30:13,2026-09-21 09:28:18,2026-09-21 11:30:00,3737603181
jorge|f|micic|r,jorge|f,micic|r,Francisca Jorge / Matilde Jorge,Rutuja Bhosale / Elena Micic,WTA 125k Caldas Da Rainha - Doubles,2026-09-18 18:30:00,0.6914005413240056,0.3085994586759944,0.7275204359673024,0.3472222222222222,500,2026-09-18 09:21:31,2026-09-18 09:16:13,2026-09-18 18:30:00,3732604000
jorge|f|pohankova|m,jorge|f,pohankova|m,Francisca Jorge,Mia Pohankova,WTA 125K Porto - R1,2026-09-22 13:30:00,0.2989979789582838,0.7010020210417162,0.3236245954692557,0.7245179063360881,200,2026-09-21 15:45:42,2026-09-21 15:45:39,2026-09-22 13:30:00,3737786621
jorge|f|smith|m,jorge|f,smith|m,Francisca Jorge / Matilde Jorge,Mana Ayukawa / Emily Webley-Smith,WTA 125k Caldas Da Rainha - Doubles,2026-09-17 19:00:00,0.8040751602821599,0.19592483971784005,0.8420221169036335,0.24038461538461536,100,2026-09-17 08:41:31,2026-09-17 08:36:54,2026-09-17 18:50:00,3731730527
jorge|f|vandromme|j,jorge|f,vandromme|j,Francisca Jorge,Jeline Vandromme,WTA 125k Caldas Da Rainha - QF,2026-09-18 14:40:00,0.25626982425559497,0.7437301757444048,0.2808988764044944,0.7668997668997669,200,2026-09-18 01:38:45,2026-09-18 01:32:36,2026-09-18 14:40:00,3732435819
jorge|m|kraus|s,jorge|m,kraus|s,Matilde Jorge,Sinja Kraus,WTA 125K Porto - R16,2026-09-23 13:00:00,0.36353440762017447,0.6364655923798255,0.38759689922480617,0.6598639455782314,200,2026-09-22 17:43:26,2026-09-22 17:40:45,2026-09-23 13:00:00,3738662515
jorge|m|malygina|e,jorge|m,malygina|e,Matilde Jorge,Elena Malygina,ITF Women Quinta Do Lago - R1,2026-09-30 11:15:00,0.6196831303580358,0.38031686964196426,0.6563573883161512,0.4184100418410042,50,2026-09-29 02:57:29,2026-09-29 02:54:06,2026-09-30 11:15:00,3745788376
jorge|m|ruiz|c,jorge|m,ruiz|c,Matilde Jorge,Celia Cervino Ruiz,WTA 125K Porto - R1,2026-09-22 12:08:04,0.855907780979827,0.14409221902017294,0.8793727382388419,0.17123287671232876,200,2026-09-22 01:50:44,2026-09-22 01:49:30,2026-09-22 13:00:00,3738050564
jovic|i|sonmez|z,jovic|i,sonmez|z,Iva Jovic,Zeynep Sonmez,WTA Guadalajara - R16,2026-09-16 21:00:00,0.7814646852365005,0.21853531476349955,0.793388429752066,0.23094688221709006,5000,2026-09-16 19:13:15,2026-09-16 19:01:39,2026-09-16 21:03:14,3731236637
jovic|i|stearns|p,jovic|i,stearns|p,Iva Jovic,Peyton Stearns,WTA Guadalajara - Final,2026-09-19 23:00:00,0.7475436555443511,0.2524563444556487,0.7619047619047619,0.267379679144385,800,2026-09-19 04:22:11,2026-09-19 04:16:27,2026-09-19 23:00:00,3733737296
juan|s|marcos|p,juan|s,marcos|p,Sergi Fita Juan,Pedro Vives Marcos,ITF Men Zaragoza - R1,2026-09-29 13:28:00,0.19441554548941528,0.8055844545105848,0.22935779816513766,0.8363338788870703,225,2026-09-29 01:19:24,2026-09-29 01:08:24,2026-09-29 13:28:00,3745767875
juan|s|sperle|j,juan|s,sperle|j,Sergi Fita Juan,John Sperle,ATP Challenger Genoa - Qualifiers,2026-09-20 10:50:00,0.26556885721885937,0.7344311427811406,0.2949852507374631,0.7619047619047619,75,2026-09-20 02:00:25,2026-09-20 01:58:30,2026-09-20 09:55:40,3735735689
jubb|p|lanik|t,jubb|p,lanik|t,Paul Jubb,Tomas Lanik,ITF Men Sharm El Sheikh - R1,2026-09-23 09:00:00,0.9319440077320111,0.06805599226798886,0.9561979851073149,0.10427528675703858,50,2026-09-23 02:32:42,2026-09-23 02:32:42,2026-09-23 08:52:32,3739019873
jubb|p|ozdemir|s,jubb|p,ozdemir|s,Paul Jubb,S Mert Ozdemir,ITF Men Hurghada - R16,2026-09-17 09:00:00,0.9837941786170605,0.01620582138293946,0.9936073643163076,0.04046944556859571,50,2026-09-16 23:39:23,2026-09-16 23:33:19,2026-09-17 09:00:00,3731489788
jubb|p|singh|k,jubb|p,singh|k,Paul Jubb,Karan Singh,ITF Men Sharm El Sheikh - SF,2026-09-26 08:00:00,0.7586192897930384,0.24138071020696167,0.790356394129979,0.27624309392265195,150,2026-09-25 14:44:43,2026-09-25 14:44:20,2026-09-26 08:00:00,3741318998
juhas|k|madaras|d,juhas|k,madaras|d,Kristijan Juhas,Dragos Nicolae Madaras,ITF Men Zlatibor - R16,2026-09-18 10:00:00,0.3036151403241251,0.696384859675875,0.3424657534246575,0.732620320855615,50,2026-09-18 01:38:45,2026-09-18 01:38:45,2026-09-18 07:16:23,3732437725
juhas|k|prihodko|o,juhas|k,prihodko|o,Kristijan Juhas,Oleg Prihodko,ITF Men Zlatibor - SF,2026-09-19 08:00:00,0.2666576166781837,0.7333423833218163,0.30120481927710846,0.7652582159624413,750,2026-09-18 23:21:58,2026-09-18 23:21:28,2026-09-19 08:00:00,3733561688
juhas|k|radovanovic|t,juhas|k,radovanovic|t,Kristijan Juhas,Tadija Radovanovic,ITF Men Zlatibor - R1,2026-09-17 07:00:00,0.9793230191943177,0.020676980805682216,0.990069513406157,0.0425531914893617,450,2026-09-16 23:16:19,2026-09-16 23:13:04,2026-09-17 07:00:00,3731473681
juhas|k|topo|m,juhas|k,topo|m,Kristijan Juhas,Marko Topo,ITF Men Zlatibor - Final,2026-09-20 09:00:00,0.367215754804897,0.6327842451951032,0.40485829959514175,0.6688741721854304,75,2026-09-19 10:34:30,2026-09-19 10:32:54,2026-09-20 09:00:00,3734001647
juncadella|m|miguel|l,juncadella|m,miguel|l,Manel Lazaro Juncadella,Luis Felipe Miguel,ITF Men Columbia - R1,2026-09-23 17:00:00,0.25287073716868946,0.7471292628313108,0.28735632183908044,0.7787610619469026,150,2026-09-23 11:45:20,2026-09-23 11:40:12,2026-09-23 17:00:00,3739403190
justo|g|roncadelli|f,justo|g,roncadelli|f,Guido Ivan Justo,Franco Roncadelli,ATP Challenger Curitiba - R1,2026-09-30 14:00:00,0.5563979455303343,0.4436020544696657,0.5798319327731092,0.4672897196261683,150,2026-09-28 08:37:07,2026-09-28 08:32:04,2026-09-30 14:00:00,3745332130
justo|g|sakamoto|p,justo|g,sakamoto|p,Guido Ivan Justo,Pedro Sakamoto,ATP Challenger Curitiba - R16,2026-10-01 18:00:00,0.685661515294683,0.3143384847053171,0.7093023255813954,0.3389830508474576,500,2026-10-01 08:41:57,2026-10-01 08:30:36,2026-10-01 18:00:00,3747977089
justo|g|villanueva|g,justo|g,villanueva|g,Guido Ivan Justo,Gonzalo Villanueva,ATP Challenger Buenos Aires - R1,2026-09-21 22:11:00,0.5169879132939876,0.4830120867060124,0.5412844036697247,0.5073891625615764,150,2026-09-21 01:09:30,2026-09-21 00:55:01,2026-09-21 22:11:00,3737467663
kabbaj|y|linana|a,kabbaj|y,linana|a,Yasmine Kabbaj,Alicia Herrero Linana,WTA 125k Valencia - SF,2026-09-19 16:51:55,0.3697870149286959,0.6302129850713041,0.3891050583657587,0.6491228070175439,200,2026-09-18 21:39:16,2026-09-18 21:38:33,2026-09-19 16:51:55,3733521165
kabbaj|y|papamichail|d,kabbaj|y,papamichail|d,Yasmine Kabbaj,Despina Papamichail,WTA 125k Valencia - QF,2026-09-18 14:00:00,0.581318844741608,0.418681155258392,0.6047430830039526,0.4424778761061947,200,2026-09-17 16:33:01,2026-09-17 16:24:53,2026-09-18 14:00:00,3732083427
kachmazov|a|sasikumar|m,kachmazov|a,sasikumar|m,Alibek Kachmazov,Mukund Sasikumar,ITF Men Yinchuan - SF,2026-09-26 04:00:00,0.8370354047106425,0.1629645952893575,0.8706338939197931,0.2032520325203252,75,2026-09-25 08:53:54,2026-09-25 08:50:31,2026-09-26 04:00:00,3741060881
kachmazov|a|sun|q,kachmazov|a,sun|q,Alibek Kachmazov,Qian Sun,ITF Men Guiyang - R16,2026-09-17 03:06:00,0.7940651454330611,0.20593485456693897,0.8251748251748252,0.24096385542168672,225,2026-09-16 19:13:15,2026-09-16 19:01:39,2026-09-17 03:06:00,3730995666
kachmazov|a|tang|s,kachmazov|a,tang|s,Alibek Kachmazov,Sheng Tang,ITF Men Yinchuan - QF,2026-09-25 03:00:00,0.9643362244616445,0.035663775538355535,0.9811853245531514,0.06657789613848203,75,2026-09-24 14:58:48,2026-09-24 14:58:39,2026-09-25 02:14:07,3740499598
kajin|k|seghetti|s,kajin|k,seghetti|s,Karlo Kajin,Samuele Seghetti,ITF Men Sibenik - R1,2026-09-30 08:00:00,0.28400448129103756,0.7159955187089626,0.3184713375796178,0.7481108312342569,225,2026-09-30 01:44:03,2026-09-30 01:42:20,2026-09-30 08:00:00,3746766086
kakenova|a|son|h,kakenova|a,son|h,Albina Kakenova,Ha Yoon Son,ITF Women Maanshan - R16,2026-10-01 02:38:00,0.3309495839385058,0.6690504160614943,0.36900369003690037,0.7050147492625369,50,2026-09-30 13:19:24,2026-09-30 13:08:00,2026-10-01 02:35:00,3747169747
kakenova|a|yuneva|a,kakenova|a,yuneva|a,Albina Kakenova,Alina Yuneva,ITF Women Maanshan - R1,2026-09-30 05:48:00,0.6842371152383656,0.31576288476163444,0.7206703910614525,0.35460992907801414,50,2026-09-29 12:20:30,2026-09-29 12:17:37,2026-09-30 05:56:00,3746119256
kakenova|a|zhu|c,kakenova|a,zhu|c,Albina Kakenova,Chenting Zhu,ITF Women Maanshan - R1,2026-09-23 04:56:58,0.06259561445017406,0.937404385549826,0.09823182711198429,0.9606763664962643,50,2026-09-22 12:47:51,2026-09-22 12:38:50,2026-09-23 04:56:58,3738423254
kalieva|e|perez|e,kalieva|e,perez|e,Elvina Kalieva,Ellen Perez,WTA Beijing - Qualifiers,2026-09-28 07:00:00,0.9447442396639607,0.05525576033603933,0.9621498864496594,0.08,250,2026-09-27 23:38:13,2026-09-27 23:28:38,2026-09-28 06:00:00,3745165000
kalieva|e|shi|h,kalieva|e,shi|h,Elvina Kalieva,Han Shi,WTA Beijing - Qualifiers,2026-09-29 05:00:00,0.5753166454141667,0.42468335458583334,0.5967741935483871,0.4464285714285714,250,2026-09-28 14:14:54,2026-09-28 14:13:51,2026-09-29 04:55:56,3745494808
kalieva|e|volynets|k,kalieva|e,volynets|k,Elvina Kalieva,Katie Volynets,WTA Seoul - R1,2026-09-21 03:10:00,0.26116649475569986,0.7388335052443002,0.2785515320334262,0.7555012224938876,250,2026-09-20 08:49:59,2026-09-20 08:49:00,2026-09-21 03:10:00,3735946819
kalinina|a|muchova|k,kalinina|a,muchova|k,Anhelina Kalinina,Karolina Muchova,Billie Jean King Cup - Finals,2026-09-27 09:23:24,0.1420130629227148,0.857986937077285,0.1589825119236884,0.8734177215189873,400,2026-09-27 09:20:47,2026-09-27 09:20:47,2026-09-27 09:23:24,3743985682
kalinina|a|tjen|j,kalinina|a,tjen|j,Anhelina Kalinina,Janice Tjen,WTA Beijing - R1,2026-09-30 04:00:00,0.4733784461863233,0.5266215538136767,0.49019607843137253,0.5433789954337899,250,2026-09-29 10:27:15,2026-09-29 10:27:09,2026-09-30 04:00:00,3746003347
kang|k|santillan|a,kang|k,santillan|a,Kaigaoge Kang,Akira Santillan,ATP Hangzhou - Qualifiers,2026-09-22 05:00:00,0.02093345343858798,0.979066546561412,0.038880248833592534,0.9888255671024696,250,2026-09-21 23:53:08,2026-09-21 23:52:10,2026-09-22 05:00:00,3738007356
karamoko|d|kubka|i,karamoko|d,kubka|i,Dalila Jakupovic / Naima Karamoko,Isabelle Haverlag / Martyna Kubka,WTA 125K Ankara - Doubles,2026-09-25 10:30:00,0.38754461631246134,0.6124553836875386,0.425531914893617,0.6491228070175439,500,2026-09-25 08:53:54,2026-09-25 08:50:31,2026-09-25 10:30:00,3741061352
karamoko|d|riera|c,karamoko|d,riera|c,Dalila Jakupovic / Naima Karamoko,Carole Monnet / Julia Riera,WTA 125K Ankara - Doubles,2026-09-24 12:10:00,0.7614194975333507,0.23858050246664936,0.8003992015968063,0.2824858757062147,100,2026-09-24 09:22:55,2026-09-24 09:11:23,2026-09-24 12:13:00,3740240582
karamoko|d|selekhmeteva|l,karamoko|d,selekhmeteva|l,Dalila Jakupovic / Naima Karamoko,Leyre Romero Gormaz / Oksana Selekhmeteva,WTA 125k Valencia - Doubles,2026-09-19 12:00:00,0.4453168243346993,0.5546831756653007,0.48309178743961345,0.5918367346938775,500,2026-09-19 09:09:38,2026-09-19 09:07:39,2026-09-19 12:00:00,3733885072
karamoko|d|shinikova|c,karamoko|d,shinikova|c,Dalila Jakupovic / Naima Karamoko,Carolyn Ansari / Isabella Shinikova,WTA 125K Ankara - Doubles,2026-09-23 10:20:00,0.7548883065542843,0.24511169344571576,0.7777777777777779,0.2695417789757412,100,2026-09-22 17:20:30,2026-09-22 17:10:35,2026-09-23 10:15:00,3738640504
karamoko|d|smith|w,karamoko|d,smith|w,Dalila Jakupovic / Naima Karamoko,Weronika Falkowska / Alana Smith,WTA 125K Ankara - Doubles,2026-09-26 08:00:00,0.41516388890209943,0.5848361110979006,0.45248868778280543,0.6212121212121212,250,2026-09-26 02:26:25,2026-09-26 02:23:20,2026-09-26 08:00:00,3741966259
karamoko|p|tikhonova|e,karamoko|p,tikhonova|e,Polina Iatcenko / Naima Karamoko,Elena Pridankina / Anastasia Tikhonova,WTA 125K Adana - Doubles,2026-09-29 16:23:00,0.36789883585715294,0.6321011641428472,0.4098360655737705,0.6721311475409836,100,2026-09-28 17:19:44,2026-09-28 17:19:43,2026-09-29 16:23:00,3745593312
karatancheva|l|niemeier|j,karatancheva|l,niemeier|j,Lia Karatancheva,Jule Niemeier,ITF Women Plovdiv - R1,2026-09-22 08:00:00,0.48243448791474974,0.5175655120852504,0.5145631067961165,0.5495495495495495,225,2026-09-21 21:19:37,2026-09-21 21:18:47,2026-09-22 08:00:00,3737965727
karatancheva|l|oz|i,karatancheva|l,oz|i,Lia Karatancheva,Ipek Oz,ITF Women Pazardzhik - QF,2026-09-17 09:00:00,0.36393905624242523,0.6360609437575747,0.4016064257028112,0.6721311475409836,75,2026-09-16 23:16:19,2026-09-16 23:13:04,2026-09-17 09:00:00,3731475315
karma|n|wistrand|j,karma|n,wistrand|j,Noah Karma,Jack Karlsson Wistrand,ITF Men Falun - R1,2026-09-22 14:00:00,0.8009240181562945,0.19907598184370545,0.8357963875205254,0.23923444976076558,50,2026-09-21 20:56:11,2026-09-21 20:47:31,2026-09-22 14:00:00,3737955830
kasatkina|d|sasnovich|a,kasatkina|d,sasnovich|a,Daria Kasatkina,Aliaksandra Sasnovich,WTA Singapore - R1,2026-09-21 03:10:00,0.5499646083230438,0.4500353916769562,0.5670995670995671,0.4672897196261683,250,2026-09-20 09:03:02,2026-09-20 09:03:02,2026-09-21 03:10:00,3735969480
kasnikowski|m|minaur|a,kasnikowski|m,minaur|a,Maks Kasnikowski,Alex De Minaur,Davis Cup World - Group 1,2026-09-19 03:20:06,0.08383608903093785,0.9161639109690622,0.10626992561105207,0.9342105263157896,250,2026-09-18 13:37:56,2026-09-18 13:34:40,2026-09-19 03:20:06,3732808092
katsumi|n|mdlulwa|w,katsumi|n,mdlulwa|w,Nanari Katsumi,Wozuko Mdlulwa,ITF Women Monastir - R1,2026-09-22 11:00:00,0.5714714205375484,0.42852857946245126,0.6031746031746031,0.4608294930875576,150,2026-09-21 21:04:55,2026-09-21 21:02:38,2026-09-22 10:26:15,3737959664
katsumi|n|myatovic|j,katsumi|n,myatovic|j,Nanari Katsumi,Julie Myatovic,ITF Women Monastir - R16,2026-09-17 09:30:00,0.6697413721872049,0.33025862781279514,0.7014925373134329,0.36363636363636365,150,2026-09-17 02:38:53,2026-09-17 02:38:53,2026-09-17 09:30:00,3731589176
kawaguchi|n|matsuda|r,kawaguchi|n,matsuda|r,Natsumi Kawaguchi,Rinko Matsuda,ITF Women Kyoto - QF,2026-09-18 02:00:00,0.522974166194581,0.47702583380541896,0.5555555555555556,0.5098039215686274,250,2026-09-17 10:41:18,2026-09-17 10:41:18,2026-09-18 02:00:00,3731831557
kawaguchi|n|nishimura|k,kawaguchi|n,nishimura|k,Natsumi Kawaguchi,Kayo Nishimura,ITF Women Nanao - R1,2026-09-22 03:00:00,0.665919299156985,0.3340807008430151,0.6978851963746223,0.36764705882352944,100,2026-09-21 16:28:27,2026-09-21 16:28:19,2026-09-22 03:00:00,3737813255
kawaguchi|y|shubladze|s,kawaguchi|y,shubladze|s,Yujia Huang / Natsumi Kawaguchi,Sofya Lansere / Alexandra Shubladze,WTA 125k Jingshan - Doubles,2026-10-01 06:00:00,0.3712455275675274,0.6287544724324726,0.4132231404958678,0.6688741721854304,100,2026-09-30 23:15:54,2026-09-30 23:11:51,2026-10-01 06:00:00,3747724762
kawaguchi|y|tormo|e,kawaguchi|y,tormo|e,Yujia Huang / Natsumi Kawaguchi,Eri Hozumi / Sara Sorribes Tormo,WTA 125k Jingshan - Doubles,2026-09-30 07:00:00,0.22250499928021658,0.7774950007197833,0.26666666666666666,0.8161764705882354,100,2026-09-29 16:37:43,2026-09-29 16:29:37,2026-09-30 07:00:00,3746318514
kawa|k|matsuda|r,kawa|k,matsuda|r,Katarzyna Kawa,Rinko Matsuda,WTA Beijing - Qualifiers,2026-09-28 05:45:00,0.6633974429698791,0.33660255703012093,0.6845425867507886,0.35842293906810035,250,2026-09-27 23:29:27,2026-09-27 23:28:38,2026-09-28 05:45:00,3745162015
kawa|k|savinykh|v,kawa|k,savinykh|v,Katarzyna Kawa,Valeria Savinykh,WTA Beijing - Qualifiers,2026-09-29 03:00:00,0.7237219473401812,0.27627805265981886,0.7448979591836734,0.29850746268656714,250,2026-09-28 13:20:27,2026-09-28 13:18:52,2026-09-29 03:00:00,3745470268
kawa|k|snigur|d,kawa|k,snigur|d,Katarzyna Kawa,Daria Snigur,WTA Beijing - R1,2026-09-30 05:00:00,0.14212536474661475,0.857874635253385,0.16155088852988692,0.8753117206982542,250,2026-09-29 14:54:48,2026-09-29 14:48:52,2026-09-30 05:00:00,3746242259
kazakhstan||spain|,kazakhstan|,spain|,Kazakhstan,Spain,Billie Jean King Cup - Tie,2026-09-23 09:00:00,0.2574970596142681,0.7425029403857318,0.28901734104046245,0.771689497716895,50,2026-09-22 11:17:58,2026-09-22 11:08:14,2026-09-23 09:00:00,3738344107
kecmanovic|m|mannarino|a,kecmanovic|m,mannarino|a,Miomir Kecmanovic,Adrian Mannarino,ATP Beijing - Qualifiers,2026-09-28 10:21:00,0.6014305710296673,0.39856942897033276,0.6226415094339623,0.42016806722689076,250,2026-09-27 23:29:27,2026-09-27 23:28:38,2026-09-28 10:21:00,3745155805
kenin|s|krueger|a,kenin|s,krueger|a,Sofia Kenin,Ashlyn Krueger,WTA Beijing - R1,2026-10-01 03:05:00,0.4146268146365763,0.5853731853634238,0.43103448275862066,0.601593625498008,250,2026-09-29 08:52:42,2026-09-29 08:52:42,2026-10-01 03:05:00,3745925068
kennedy|j|nakashima|b,kennedy|j,nakashima|b,Jack Kennedy,Bryce Nakashima,ATP Challenger Columbus - R1,2026-09-29 23:30:00,0.4349717996631839,0.5650282003368161,0.4587155963302753,0.5884773662551441,150,2026-09-29 08:52:42,2026-09-29 08:41:25,2026-09-29 23:30:00,3745918017
khachanov|k|molcan|a,khachanov|k,molcan|a,Karen Khachanov,Alex Molcan,ATP Beijing - R16,2026-10-02 01:00:00,0.7838667521873741,0.216133247812626,0.797979797979798,0.23094688221709006,400,2026-10-01 08:56:46,2026-10-01 08:45:42,2026-10-02 01:00:00,3747995404
khan|l|mckenzie|n,khan|l,mckenzie|n,Laquisa Khan,Naomi McKenzie,ITF Women Wagga Wagga - R1,2026-09-30 01:08:00,0.5698907278928655,0.43010927210713457,0.6062992125984252,0.4672897196261683,50,2026-09-29 12:20:30,2026-09-29 12:17:37,2026-09-30 01:08:00,3746121238
khan|l|mushika|m,khan|l,mushika|m,Laquisa Khan,Mio Mushika,ITF Women Wagga Wagga - R16,2026-10-01 00:00:00,0.21314019745555063,0.7868598025444492,0.2531645569620253,0.8220640569395018,50,2026-09-30 11:55:07,2026-09-30 11:52:29,2026-10-01 00:00:00,3747117614
kharchenko|a|sasnouskaya|t,kharchenko|a,sasnouskaya|t,Alena Kharchenko,Tatsiana Sasnouskaya,ITF Women Monastir - R1,2026-09-23 10:30:00,0.04928159130588658,0.9507184086941136,0.08298755186721991,0.9711649365628604,50,2026-09-23 03:24:41,2026-09-23 03:14:28,2026-09-23 10:30:00,3739040428
kharlamov|r|tiukaev|r,kharlamov|r,tiukaev|r,Roman Kharlamov,Ruslan Tiukaev,ITF Men Tsaghkadzor - R16,2026-09-17 08:00:00,0.2870538722861712,0.7129461277138288,0.32573289902280134,0.7487437185929648,50,2026-09-16 23:44:59,2026-09-16 23:43:27,2026-09-17 08:00:00,3731495148
khazime|d|lagarrigue|f,khazime|d,lagarrigue|f,Daniel Khazime,Florent Lagarrigue,ITF Men Tsaghkadzor - R16,2026-09-17 10:46:32,0.40927758882339127,0.5907224111766091,0.4464285714285714,0.626865671641791,50,2026-09-16 23:44:59,2026-09-16 23:43:27,2026-09-17 10:46:32,3731495424
khoeblal|e|shvangiradze|a,khoeblal|e,shvangiradze|a,Elgin Khoeblal,Aleksandre Shvangiradze,ITF Men Telavi - R1,2026-09-23 07:08:00,0.940360630247499,0.05963936975250072,0.9630450849963046,0.09487666034155598,50,2026-09-23 05:31:11,2026-09-23 05:30:24,2026-09-23 07:08:00,3739090086
khomutsianskaya|d|shikhanova|m,khomutsianskaya|d,shikhanova|m,Daria Khomutsianskaya,Marianna Shikhanova,ITF Women Maanshan - R1,2026-09-23 01:30:00,0.9590849909522814,0.04091500904771875,0.971894322653176,0.05920663114268798,350,2026-09-23 00:58:42,2026-09-23 00:58:34,2026-09-23 01:30:00,3738971058
khomutsianskaya|d|suvirdjonkova|d,khomutsianskaya|d,suvirdjonkova|d,Daria Khomutsianskaya,Darja Suvirdjonkova,ITF Women Maanshan - R16,2026-09-24 02:08:06,0.9250126504282958,0.07498734957170426,0.9478623566214808,0.10672358591248667,100,2026-09-23 17:22:52,2026-09-23 17:22:52,2026-09-24 02:08:06,3739724899
khomutsianskaya|d|wang|y,khomutsianskaya|d,wang|y,Daria Khomutsianskaya,Yuhan Wang,ITF Women Maanshan - SF,2026-09-26 02:00:00,0.665919299156985,0.3340807008430151,0.6978851963746223,0.36764705882352944,250,2026-09-25 13:42:52,2026-09-25 13:42:52,2026-09-26 02:00:00,3741269154
khomutsianskaya|d|zhang|j,khomutsianskaya|d,zhang|j,Daria Khomutsianskaya,Junhan Zhang,ITF Women Shenyang - R16,2026-09-17 04:59:00,0.7507462716151299,0.24925372838487012,0.782608695652174,0.2840909090909091,225,2026-09-16 19:13:15,2026-09-16 19:05:52,2026-09-17 04:59:00,3731314892
khomutsianskaya|d|zhang|r,khomutsianskaya|d,zhang|r,Daria Khomutsianskaya,Ruien Zhang,ITF Women Maanshan - QF,2026-09-25 02:00:00,0.7097100211921613,0.2902899788078387,0.7455470737913487,0.32894736842105265,75,2026-09-24 23:25:39,2026-09-24 23:16:50,2026-09-25 02:00:00,3740849847
khotchenkov|e|malirz|k,khotchenkov|e,malirz|k,Egor Khotchenkov,Karol Malirz,ITF Men Telavi - R1,2026-09-29 09:23:54,0.39280371598315234,0.6071962840168477,0.425531914893617,0.6389891696750902,100,2026-09-28 23:32:12,2026-09-28 23:32:12,2026-09-29 09:23:54,3745744832
khromacheva|a|martins|s,khromacheva|a,martins|s,Anastasia Detiuc / Irina Khromacheva,Sofia Costoulas / Ingrid Gamarra Martins,WTA 125k Jingshan - Doubles,2026-09-29 06:00:00,0.6578270124214886,0.3421729875785112,0.6978851963746223,0.3846153846153846,100,2026-09-28 16:20:05,2026-09-28 16:19:59,2026-09-29 06:00:00,3745554830
khromacheva|a|tararudee|t,khromacheva|a,tararudee|t,Anastasia Detiuc / Irina Khromacheva,Taylah Preston / Lanlana Tararudee,WTA Seoul - Doubles,2026-09-22 07:00:00,0.7221762098017805,0.2778237901982197,0.7518610421836228,0.30959752321981426,150,2026-09-21 14:34:09,2026-09-21 14:30:12,2026-09-22 07:00:00,3737749840
khromacheva|a|ye|y,khromacheva|a,ye|y,Anastasia Detiuc / Irina Khromacheva,Ya-Hsin Lee / Qiu Yu Ye,WTA 125k Jingshan - Doubles,2026-09-30 07:30:00,0.7206794632403092,0.27932053675969093,0.7601918465227817,0.3225806451612903,50,2026-09-29 23:21:52,2026-09-29 23:17:23,2026-09-30 07:30:00,3746709794
khromacheva|a|yuan|e,khromacheva|a,yuan|e,Anastasia Detiuc / Irina Khromacheva,En Shuo Liang / Yue Yuan,WTA Seoul - Doubles,2026-09-23 09:46:00,0.5411595128607628,0.45884048713923714,0.5652173913043479,0.48309178743961345,500,2026-09-22 16:56:32,2026-09-22 16:55:27,2026-09-23 09:46:00,3738625488
khromacheva|c|melichar|c,khromacheva|c,melichar|c,Caroline Dolehide / Irina Khromacheva,Cristina Bucsa / Nicole Melichar,WTA Guadalajara - Doubles,2026-09-16 22:00:00,0.33913048328525747,0.6608695167147425,0.36363636363636365,0.6845425867507886,500,2026-09-16 19:13:15,2026-09-16 19:01:39,2026-09-16 22:00:00,3730905486
kichenok|a|paolini|s,kichenok|a,paolini|s,Anhelina Kalinina / Lyudmyla Kichenok,Sara Errani / Jasmine Paolini,Billie Jean King Cup - Doubles,2026-09-26 12:00:00,0.24971927619945536,0.7502807238005447,0.28169014084507044,0.7797356828193832,125,2026-09-26 09:39:04,2026-09-26 09:39:04,2026-09-26 12:00:00,3742231538
kichenok|a|salden|m,kichenok|a,salden|m,Anhelina Kalinina / Lyudmyla Kichenok,Magali Kempen / Lara Salden,Billie Jean King Cup - Doubles,2026-09-24 06:10:00,0.6126927108448337,0.3873072891551664,0.6363636363636364,0.41152263374485604,50,2026-09-24 03:47:25,2026-09-24 03:39:08,2026-09-24 06:10:00,3740099349
kichenok|a|siniakova|m,kichenok|a,siniakova|m,Anhelina Kalinina / Lyudmyla Kichenok,Marie Bouzkova / Katerina Siniakova,Billie Jean King Cup - Doubles,2026-09-27 12:00:00,0.22080303044173386,0.7791969695582661,0.2481389578163772,0.8043052837573386,250,2026-09-27 09:20:47,2026-09-27 09:19:29,2026-09-27 12:00:00,3743990289
kicker|n|martinez|t,kicker|n,martinez|t,Nicolas Kicker,Tomas Martinez,ATP Challenger Buenos Aires - R1,2026-09-22 15:00:00,0.8463706801544201,0.15362931984557976,0.8701298701298701,0.18083182640144665,75,2026-09-22 08:13:36,2026-09-22 08:07:02,2026-09-22 15:00:00,3738199670
kicker|n|mena|f,kicker|n,mena|f,Nicolas Kicker,Facundo Mena,ATP Challenger Buenos Aires - QF,2026-09-25 17:20:00,0.4031379545853521,0.5968620454146478,0.42194092827004215,0.6153846153846154,200,2026-09-24 17:30:02,2026-09-24 17:29:38,2026-09-25 17:20:00,3740612305
kikawada|r|sato|h,kikawada|r,sato|h,Riko Kikawada,Hikaru Sato,ITF Women Wagga Wagga - R16,2026-10-01 00:00:00,0.14450126338750455,0.8554987366124952,0.18450184501845018,0.8880179171332587,50,2026-09-30 11:55:07,2026-09-30 11:52:29,2026-10-01 00:00:00,3747117901
kim|a|kozlov|s,kim|a,kozlov|s,Aidan Kim,Stefan Kozlov,ATP Challenger Columbus - R1,2026-09-29 21:00:00,0.43120350787471884,0.5687964921252813,0.45454545454545453,0.5918367346938775,275,2026-09-29 09:49:52,2026-09-29 09:45:28,2026-09-29 21:00:00,3745962927
kim|d|ogura|k,kim|d,ogura|k,Dong Ju Kim,Kosuke Ogura,ITF Men Luan - R16,2026-10-01 03:00:00,0.5680114967091954,0.43198850329080457,0.6047430830039526,0.4694835680751174,50,2026-09-30 13:19:24,2026-09-30 13:08:00,2026-10-01 03:00:00,3747170983
king|d|legout|t,king|d,legout|t,Darian King,Timo Legout,ATP Challenger San Diego - Qualifiers,2026-09-21 00:00:00,0.10793070303336681,0.8920692969666336,0.14430014430014432,0.9201277955271565,50,2026-09-20 13:55:34,2026-09-20 13:52:41,2026-09-21 00:00:00,3736520903
kinoshita|h|lu|j,kinoshita|h,lu|j,Hayu Kinoshita,Jia-Jing Lu,WTA 125k Jingshan - R1,2026-09-28 05:10:00,0.5687964921252813,0.43120350787471884,0.5918367346938775,0.45454545454545453,200,2026-09-27 13:16:37,2026-09-27 13:09:54,2026-09-28 05:10:00,3744267105
kirci|k|singh|d,kirci|k,singh|d,Koray Kirci,Digvijay Pratap Singh,ITF Men Baku - QF,2026-09-25 06:00:00,0.3062833730220883,0.6937166269779118,0.3448275862068966,0.7297297297297298,75,2026-09-24 23:25:39,2026-09-24 23:25:39,2026-09-25 06:00:00,3740851244
kirci|k|walters|m,kirci|k,walters|m,Koray Kirci,Marcus Walters,ITF Men Baku - R16,2026-10-01 07:51:07,0.44164179535816955,0.5583582046418305,0.4739336492890995,0.5901639344262295,225,2026-10-01 01:24:54,2026-10-01 01:12:40,2026-10-01 07:51:07,3747786384
kirkin|e|liu|l,kirkin|e,liu|l,Ergi Kirkin,Lucca Liu,ITF Men Monastir - R16,2026-09-17 08:45:26,0.6266458214537232,0.37335417854627684,0.6632996632996633,0.41152263374485604,50,2026-09-16 23:50:28,2026-09-16 23:48:26,2026-09-17 08:45:26,3731499998
kirkin|e|lumsden|e,kirkin|e,lumsden|e,Ergi Kirkin,Ewen Lumsden,ITF Men Monastir - QF,2026-09-18 08:54:03,0.7276510239422493,0.27234897605775077,0.7635933806146572,0.3115264797507788,75,2026-09-17 19:56:25,2026-09-17 19:56:10,2026-09-18 08:54:03,3732304893
kitahara|y|mushika|m,kitahara|y,mushika|m,Yuno Kitahara,Mio Mushika,ITF Women Wagga Wagga - QF,2026-10-02 00:00:00,0.367215754804897,0.6327842451951032,0.40485829959514175,0.6688741721854304,75,2026-10-01 08:17:30,2026-10-01 08:15:29,2026-10-02 00:00:00,3747971819
kitahara|y|shibahara|e,kitahara|y,shibahara|e,Yuno Kitahara,Ena Shibahara,ITF Women Kyoto - R16,2026-09-17 05:15:00,0.15515555631417005,0.8448444436858299,0.19011406844106465,0.8743718592964823,225,2026-09-16 19:13:15,2026-09-16 19:01:39,2026-09-17 05:15:00,3731010390
kitahara|y|wan|i,kitahara|y,wan|i,Yuno Kitahara,I Wen Wan,ITF Women Wagga Wagga - R1,2026-09-29 04:15:00,0.5043106652040431,0.49568933479595695,0.5412844036697247,0.5327102803738317,50,2026-09-28 14:33:39,2026-09-28 14:32:14,2026-09-29 04:15:00,3745505162
kivanda|s|vasa|e,kivanda|s,vasa|e,Sizya Ernest Kivanda,Eero Vasa,ITF Men Falun - R1,2026-09-22 11:00:00,0.027800097675342035,0.9721999023246579,0.05656108597285068,0.9865446716899893,50,2026-09-21 20:50:48,2026-09-21 20:48:26,2026-09-22 11:00:00,3737955942
kivattsev|k|milev|y,kivattsev|k,milev|y,Kirill Kivattsev,Yanaki Milev,ATP Challenger Plovdiv - Qualifiers,2026-09-20 11:00:00,0.38629745801930504,0.6137025419806951,0.41493775933609955,0.6415770609318996,75,2026-09-20 01:31:56,2026-09-20 01:31:14,2026-09-20 11:00:00,3735710959
kjaer|n|te|r,kjaer|n,te|r,Nicolai Budkov Kjaer,Rigele Te,Davis Cup World - Group 1,2026-09-19 17:59:00,0.8697031206956084,0.13029687930439177,0.8867497168742923,0.14947683109118085,250,2026-09-19 08:27:06,2026-09-19 08:24:58,2026-09-19 17:54:00,3733830916
klok|d|melnic|v,klok|d,melnic|v,Denis Klok,Vladislav Melnic,ITF Men Zlatibor - R1,2026-09-17 07:00:00,0.6071962840168477,0.39280371598315234,0.6389891696750902,0.425531914893617,450,2026-09-16 23:25:56,2026-09-16 23:18:12,2026-09-17 07:00:00,3731473367
klok|d|paardekooper|s,klok|d,paardekooper|s,Denis Klok,Stijn Paardekooper,ITF Men Telavi - R16,2026-09-24 06:00:00,0.30045331460053815,0.6995466853994616,0.3389830508474576,0.7354497354497355,50,2026-09-23 23:41:22,2026-09-23 23:32:41,2026-09-24 06:00:00,3739974076
klok|d|villoslada|e,klok|d,villoslada|e,Denis Klok,Edouard Villoslada,ITF Men Telavi - R1,2026-09-28 10:27:29,0.8113418624432657,0.1886581375567346,0.8420221169036335,0.22371364653243844,225,2026-09-28 01:08:29,2026-09-28 00:59:11,2026-09-28 10:27:29,3745212783
knaff|a|marozsan|f,knaff|a,marozsan|f,Alex Knaff,Fabian Marozsan,Davis Cup World - Group 1,2026-09-19 13:47:00,0.06825735476239797,0.9317426452376021,0.08960573476702509,0.9482936918304034,250,2026-09-19 00:57:13,2026-09-19 00:52:01,2026-09-19 13:47:00,3733622123
knaff|a|piros|z,knaff|a,piros|z,Alex Knaff,Zsombor Piros,Davis Cup World - Group 1,2026-09-18 18:51:00,0.10051837294875586,0.8994816270512441,0.12135922330097088,0.9170812603648424,325,2026-09-18 09:00:14,2026-09-18 08:59:38,2026-09-18 18:51:00,3732597635
knezevic|m|petrovic|d,knezevic|m,petrovic|d,Marko Knezevic,Drazen Petrovic,ITF Men Zlatibor - R1,2026-09-17 10:00:00,0.14138754364359618,0.858612456356404,0.17605633802816903,0.8873873873873873,100,2026-09-16 23:25:56,2026-09-16 23:25:56,2026-09-17 10:00:00,3731481054
knutson|g|koevermans|a,knutson|g,koevermans|a,Gabriela Knutson,Anouk Koevermans,WTA 125k Caldas Da Rainha - R16,2026-09-17 17:02:47,0.5090939163387046,0.49090608366129546,0.5327102803738317,0.5145631067961165,200,2026-09-17 07:38:48,2026-09-17 07:36:31,2026-09-17 17:02:47,3731698886
knutson|g|pigato|l,knutson|g,pigato|l,Gabriela Knutson,Lisa Pigato,WTA 125k Caldas Da Rainha - Final,2026-09-20 14:30:00,0.5746356259265095,0.4253643740734904,0.5934959349593496,0.4444444444444444,200,2026-09-19 21:23:35,2026-09-19 21:14:42,2026-09-20 13:41:52,3735513674
knutson|g|pohankova|m,knutson|g,pohankova|m,Gabriela Knutson,Mia Pohankova,WTA 125k Caldas Da Rainha - SF,2026-09-19 10:05:00,0.4501846445519977,0.5498153554480024,0.4694835680751174,0.5689655172413793,200,2026-09-18 21:39:16,2026-09-18 21:38:33,2026-09-19 10:12:10,3733521692
knutson|g|rapolu|m,knutson|g,rapolu|m,Gabriela Knutson,Malaika Rapolu,WTA 125k Caldas Da Rainha - QF,2026-09-18 12:40:00,0.5544122104497016,0.44558778955029815,0.5780590717299579,0.4694835680751174,200,2026-09-18 01:38:45,2026-09-18 01:28:16,2026-09-18 12:40:00,3732434868
knutson|g|sebov|k,knutson|g,sebov|k,Gabriela Knutson,Katherine Sebov,WTA 125K Porto - R1,2026-09-22 11:30:00,0.726084027289395,0.2739159727106049,0.7493734335839599,0.29850746268656714,200,2026-09-21 15:45:42,2026-09-21 15:45:39,2026-09-22 11:30:00,3737785976
knutson|g|timofeeva|m,knutson|g,timofeeva|m,Gabriela Knutson,Maria Timofeeva,WTA 125K Porto - QF,2026-09-25 14:30:00,0.32757827101419984,0.6724217289858002,0.35211267605633806,0.6960486322188449,200,2026-09-24 17:08:43,2026-09-24 16:59:26,2026-09-25 13:43:04,3740586451
kobelt|a|renard|l,kobelt|a,renard|l,Alex Kobelt,Lucas Renard,ITF Men Falun - R1,2026-09-22 14:00:00,0.5300223829804921,0.4699776170195079,0.5670995670995671,0.5073891625615764,50,2026-09-21 20:56:11,2026-09-21 20:48:26,2026-09-22 14:00:00,3737955925
koike|e|zucchini|a,koike|e,zucchini|a,Ena Koike,Arianna Zucchini,ITF Women Templeton - R1,2026-09-30 18:00:00,0.6914005413240056,0.3085994586759944,0.7275204359673024,0.3472222222222222,50,2026-09-30 12:00:46,2026-09-30 11:52:30,2026-09-30 18:00:00,3747119403
kokkinis|t|sibai|j,kokkinis|t,sibai|j,Tahlia Kokkinis,Jizelle Sibai,ITF Women Wagga Wagga - R1,2026-09-30 01:08:00,0.8037040945193552,0.19629590548064485,0.8384491114701131,0.23640661938534277,50,2026-09-29 02:48:34,2026-09-29 02:48:34,2026-09-30 01:08:00,3745787046
kokkinis|t|uemura|m,kokkinis|t,uemura|m,Tahlia Kokkinis,Mutsumi Uemura,ITF Women Wagga Wagga - R16,2026-10-01 01:08:00,0.8185771235393647,0.18142287646063507,0.8529411764705881,0.22172949002217296,50,2026-09-30 11:55:07,2026-09-30 11:52:29,2026-10-01 01:08:00,3747118853
koleva|r|veleva|v,koleva|r,veleva|v,Rada Koleva,Victoria Veleva,ITF Women Varna - R1,2026-09-30 07:00:00,0.09150998594830138,0.9084900140516987,0.12453300124533,0.9334221038615179,225,2026-09-30 00:23:26,2026-09-30 00:17:47,2026-09-30 07:00:00,3746730058
kolninov|o|larue|l,kolninov|o,larue|l,Oleg Kolninov,Louis Larue,ITF Men Baku - R1,2026-09-30 08:00:00,0.1986704949377666,0.8013295050622334,0.23364485981308414,0.8322147651006712,225,2026-09-30 01:44:03,2026-09-30 01:33:18,2026-09-30 07:42:57,3746759733
komagata|r|matsuda|r,komagata|r,matsuda|r,Reiya Komagata,Ryuki Matsuda,ITF Men Luan - R16,2026-10-01 02:15:30,0.1754467829296001,0.8245532170704003,0.21052631578947367,0.8548621190130624,150,2026-09-30 11:38:32,2026-09-30 11:37:24,2026-10-01 02:15:30,3747108362
komagata|r|muto|s,komagata|r,muto|s,Reiya Komagata,Shu Muto,ITF Men Luan - R1,2026-09-30 04:00:00,0.597141604506075,0.402858395493925,0.6336996336996338,0.44052863436123346,50,2026-09-29 23:30:16,2026-09-29 23:25:55,2026-09-30 04:00:00,3746716063
komano|m|veldman|k,komano|m,veldman|k,Margaux Komano,Klara Veldman,ITF Women Reims - R1,2026-09-30 11:00:00,0.22578787972550496,0.7742121202744954,0.2604166666666667,0.8054474708171206,225,2026-09-30 00:23:26,2026-09-30 00:17:47,2026-09-30 11:00:00,3746734643
koning|l|mazzola|a,koning|l,mazzola|a,Loes Ebeling Koning,Alessandra Mazzola,ITF Women Plovdiv - QF,2026-09-25 09:30:00,0.7703039890237519,0.2296960109762482,0.8058252427184467,0.2695417789757412,75,2026-09-24 17:56:13,2026-09-24 17:56:13,2026-09-25 09:30:00,3740630086
koning|l|niemeier|j,koning|l,niemeier|j,Loes Ebeling Koning,Jule Niemeier,ITF Women Plovdiv - R16,2026-09-24 12:19:46,0.5787780146560659,0.4212219853439342,0.6153846153846154,0.4587155963302753,50,2026-09-23 23:47:04,2026-09-23 23:43:27,2026-09-24 12:19:46,3739978841
koning|l|olmo|a,koning|l,olmo|a,Loes Ebeling Koning,Ane Mintegi Del Olmo,ITF Women Plovdiv - SF,2026-09-26 09:33:14,0.5278640450004207,0.4721359549995793,0.5652173913043479,0.5098039215686274,75,2026-09-25 23:30:00,2026-09-25 23:25:56,2026-09-26 09:33:14,3741865999
koning|l|yaneva|e,koning|l,yaneva|e,Loes Ebeling Koning,Elizara Yaneva,ITF Women Pazardzhik - Final,2026-09-19 09:00:00,0.39663907883144106,0.603360921168559,0.4347826086956522,0.6402877697841727,75,2026-09-18 21:39:16,2026-09-18 21:38:33,2026-09-19 07:13:36,3733521477
kopriva|v|molcan|a,kopriva|v,molcan|a,Vit Kopriva,Alex Molcan,ATP Beijing - Qualifiers,2026-09-28 06:41:00,0.43479715083663617,0.5652028491633639,0.4566210045662101,0.5867768595041323,250,2026-09-27 23:29:27,2026-09-27 23:28:38,2026-09-28 06:41:00,3745154902
kopriva|v|shapovalov|d,kopriva|v,shapovalov|d,Vit Kopriva,Denis Shapovalov,ATP Chengdu Open - R16,2026-09-25 05:00:00,0.2102909567476758,0.7897090432523239,0.2277904328018223,0.8062015503875969,250,2026-09-24 12:41:18,2026-09-24 12:27:41,2026-09-25 05:00:00,3740398713
korneeva|a|preston|t,korneeva|a,preston|t,Alina Korneeva,Taylah Preston,WTA Seoul - QF,2026-09-26 05:45:00,0.7347213358685266,0.2652786641314734,0.7512437810945274,0.2824858757062147,325,2026-09-24 12:16:10,2026-09-24 12:12:34,2026-09-26 04:52:38,3740388501
korneeva|a|sawangkaew|m,korneeva|a,sawangkaew|m,Alina Korneeva,Mananchaya Sawangkaew,WTA Seoul - R1,2026-09-21 04:41:25,0.6783070206335841,0.321692979366416,0.6951219512195121,0.3389830508474576,250,2026-09-20 08:55:36,2026-09-20 08:52:30,2026-09-21 04:41:25,3735965231
korokozidi|e|zeltina|b,korokozidi|e,zeltina|b,Elena Korokozidi,Beatrise Zeltina,ITF Women Plovdiv - R1,2026-09-23 08:00:00,0.4999999999999999,0.4999999999999999,0.5370370370370371,0.5370370370370371,50,2026-09-22 14:00:18,2026-09-22 13:55:52,2026-09-23 08:00:00,3738492321
korpatsch|t|preston|t,korpatsch|t,preston|t,Tamara Korpatsch,Taylah Preston,WTA Beijing - R1,2026-09-30 09:30:00,0.3339603921134888,0.6660396078865112,0.3508771929824561,0.6825396825396826,250,2026-09-29 10:27:15,2026-09-29 10:27:09,2026-09-30 09:30:00,3746003347
kostovic|t|quevedo|k,kostovic|t,quevedo|k,Teodora Kostovic,Kaitlin Quevedo,WTA Sao Paulo - QF,2026-09-18 16:10:00,0.43817645028877095,0.561823549711229,0.45454545454545453,0.5780590717299579,325,2026-09-18 00:56:57,2026-09-18 00:42:58,2026-09-18 16:10:00,3732405805
kostovic|t|ruzic|a,kostovic|t,ruzic|a,Teodora Kostovic,Antonia Ruzic,WTA 125K Adana - QF,2026-10-02 09:00:00,0.5068194501336398,0.4931805498663601,0.5305164319248826,0.5169082125603864,200,2026-09-30 23:57:06,2026-09-30 23:57:06,2026-10-02 09:00:00,3747745477
kostovic|t|semenistaja|d,kostovic|t,semenistaja|d,Teodora Kostovic,Darja Semenistaja,WTA Sao Paulo - R16,2026-09-16 20:50:00,0.5511682782663384,0.4488317217336616,0.5652173913043479,0.4629629629629629,3000,2026-09-16 19:13:15,2026-09-16 19:01:39,2026-09-16 19:59:39,3731302508
kostovic|t|tian|f,kostovic|t,tian|f,Teodora Kostovic,Fangran Tian,WTA 125K Ankara - QF,2026-09-25 10:00:00,0.7364105679504622,0.2635894320495378,0.7596153846153847,0.2881844380403458,200,2026-09-24 17:08:43,2026-09-24 16:59:26,2026-09-25 09:00:00,3740584129
kostyuk|m|samsonova|l,kostyuk|m,samsonova|l,Marta Kostyuk,Liudmila Samsonova,WTA Guadalajara - QF,2026-09-18 00:00:00,0.7610403930327408,0.23895960696725926,0.7752808988764045,0.25380710659898476,475,2026-09-17 06:55:10,2026-09-17 06:51:12,2026-09-18 00:01:41,3731677537
kotov|p|mochizuki|s,kotov|p,mochizuki|s,Pavel Kotov,Shintaro Mochizuki,ATP Chengdu Open - Qualifiers,2026-09-23 06:30:00,0.5403894442052158,0.45961055579478427,0.5614035087719298,0.4807692307692307,250,2026-09-22 13:42:50,2026-09-22 13:39:13,2026-09-23 06:30:00,3738472397
kotov|p|noguchi|r,kotov|p,noguchi|r,Pavel Kotov,Rio Noguchi,ATP Challenger Guangzhou - QF,2026-09-18 11:30:00,0.6396716422205797,0.3603283577794201,0.6563573883161512,0.37735849056603776,250,2026-09-17 16:33:01,2026-09-17 16:33:01,2026-09-18 11:30:00,3732091708
kotov|p|sharipov|m,kotov|p,sharipov|m,Pavel Kotov,Marat Sharipov,ATP Challenger Guangzhou - Final,2026-09-20 05:00:00,0.4906509381324186,0.5093490618675814,0.5073891625615764,0.5260663507109005,250,2026-09-19 17:54:40,2026-09-19 17:53:52,2026-09-20 05:00:00,3735176306
kotov|p|tomic|b,kotov|p,tomic|b,Pavel Kotov,Bernard Tomic,ATP Challenger Guangzhou - SF,2026-09-19 11:00:00,0.5783640472339159,0.4216359527660841,0.5951417004048584,0.43859649122807015,250,2026-09-18 18:26:42,2026-09-18 18:19:39,2026-09-19 11:00:00,3733199949
kouame|m|mendez|r,kouame|m,mendez|r,Moise Kouame,Rodrigo Pacheco Mendez,ATP Challenger Phan Thiet - SF,2026-09-19 05:34:41,0.5405600038911991,0.45943999610880093,0.5594713656387665,0.47846889952153115,200,2026-09-18 18:26:42,2026-09-18 18:19:39,2026-09-19 04:30:00,3733197319
kouame|m|muller|a,kouame|m,muller|a,Moise Kouame,Alexandre Muller,ATP Chengdu Open - R1,2026-09-24 08:45:00,0.5656383177141788,0.43436168228582117,0.5815899581589958,0.4504504504504505,250,2026-09-23 11:39:30,2026-09-23 11:32:53,2026-09-24 08:45:00,3739391268
kouame|m|peliwo|f,kouame|m,peliwo|f,Moise Kouame,Filip Peliwo,ATP Challenger Phan Thiet - R16,2026-09-17 04:00:00,0.9291741499344852,0.07082585006551478,0.9501495513459622,0.09970089730807578,50,2026-09-16 19:13:15,2026-09-16 19:01:39,2026-09-17 04:00:00,3731282982
kouame|m|walton|a,kouame|m,walton|a,Moise Kouame,Adam Walton,ATP Challenger Jingshan - R1,2026-09-30 03:10:00,0.3403689121335249,0.6596310878664752,0.3597122302158273,0.6784565916398714,150,2026-09-29 15:21:32,2026-09-29 15:14:07,2026-09-30 03:10:00,3746259282
kouzmine|c|rossi|l,kouzmine|c,rossi|l,Constantin Bittoun Kouzmine,Leonardo Rossi,ATP Challenger Mouilleron-Le-Captif - Qualifiers,2026-09-27 18:00:00,0.45209170777186297,0.5479082922281371,0.4807692307692307,0.576271186440678,75,2026-09-26 23:38:08,2026-09-26 23:34:53,2026-09-27 16:16:00,3743615751
kovacevic|a|munar|j,kovacevic|a,munar|j,Aleksandar Kovacevic,Jaume Munar,ATP Tokyo - Qualifiers,2026-09-29 03:14:40,0.3946916871408766,0.6053083128591235,0.4166666666666667,0.626865671641791,250,2026-09-28 14:33:39,2026-09-28 14:32:14,2026-09-29 03:14:40,3745503821
kovacevic|a|svajda|z,kovacevic|a,svajda|z,Aleksandar Kovacevic,Zachary Svajda,ATP Tokyo - Qualifiers,2026-09-28 04:00:00,0.3833653862340274,0.6166346137659728,0.40485829959514175,0.6376811594202898,250,2026-09-27 23:29:27,2026-09-27 23:28:38,2026-09-28 03:39:40,3745161125
kovackova|a|oktiabreva|a,kovackova|a,oktiabreva|a,Alena Kovackova,Alisa Oktiabreva,ITF Women Santa Margherita di Pula - Final,2026-09-27 08:00:00,0.2907964363688455,0.7092035636311547,0.33003300330033003,0.7455470737913487,75,2026-09-26 12:29:41,2026-09-26 12:21:52,2026-09-27 08:00:00,3742428795
kovackova|a|paganetti|v,kovackova|a,paganetti|v,Alena Kovackova,Vittoria Paganetti,ITF Women Santa Margherita di Pula - SF,2026-09-26 10:00:00,0.7794912860781392,0.22050871392186083,0.8148148148148148,0.2604166666666667,75,2026-09-25 23:24:07,2026-09-25 23:21:03,2026-09-26 10:00:00,3741865633
kovackova|a|pistola|i,kovackova|a,pistola|i,Alena Kovackova,Ilary Pistola,ITF Women Santa Margherita di Pula - R16,2026-09-24 07:42:21,0.8175074693801851,0.1824925306198149,0.851851851851852,0.22271714922048996,50,2026-09-23 23:41:22,2026-09-23 23:37:29,2026-09-24 07:42:21,3739976105
kozlov|s|krueger|m,kozlov|s,krueger|m,Stefan Kozlov,Mitchell Krueger,ATP Challenger Columbus - R16,2026-10-01 19:00:00,0.5592495835328655,0.44075041646713453,0.5833333333333333,0.46511627906976744,150,2026-10-01 08:41:57,2026-10-01 08:30:36,2026-10-01 19:00:00,3747984299
kozlov|s|smith|c,kozlov|s,smith|c,Stefan Kozlov,Colton Smith,ATP Challenger San Diego - R1,2026-09-22 18:10:00,0.293793862469907,0.7062061375300932,0.3184713375796178,0.7297297297297298,150,2026-09-22 08:48:09,2026-09-22 08:47:18,2026-09-22 18:10:00,3738234635
kozlov|s|trotter|j,kozlov|s,trotter|j,Stefan Kozlov,James Trotter,ATP Challenger Columbus - R1,2026-09-29 21:00:00,0.49772722576815714,0.5022727742318428,0.5215311004784688,0.5260663507109005,150,2026-09-29 16:49:38,2026-09-29 16:44:43,2026-09-29 21:00:00,3746326059
krajci|m|strombachs|r,krajci|m,strombachs|r,Michal Krajci,Robert Strombachs,ITF Men Sharm El Sheikh - R16,2026-09-24 09:00:00,0.3109508586114787,0.689049141388521,0.34965034965034963,0.7252747252747253,50,2026-09-23 23:52:34,2026-09-23 23:52:34,2026-09-24 09:00:00,3739985566
krajicek|c|rikl|a,krajicek|c,rikl|a,Christian Harrison / Austin Krajicek,Adam Pavlasek / Patrik Rikl,Davis Cup - Doubles,2026-09-19 12:00:00,0.5286020615175412,0.47139793848245876,0.5594713656387665,0.5024875621890548,125,2026-09-19 08:08:36,2026-09-19 08:06:58,2026-09-19 12:00:00,3733824043
krastenova|g|sevcikova|l,krastenova|g,sevcikova|l,Galena Krastenova,Linda Sevcikova,ITF Women Varna - R1,2026-09-29 12:00:00,0.19628508375441184,0.8037149162455881,0.23148148148148145,0.8347107438016529,150,2026-09-28 18:43:05,2026-09-28 18:35:50,2026-09-29 12:00:00,3745634508
krastenova|g|simion|o,krastenova|g,simion|o,Galena Krastenova,Oana Georgeta Simion,ITF Women Varna - R16,2026-10-01 11:00:00,0.11703533019135365,0.8829646698086465,0.1564945226917058,0.9134948096885813,50,2026-09-30 19:21:36,2026-09-30 19:10:20,2026-10-01 11:00:00,3747604029
kraus|s|malygina|e,kraus|s,malygina|e,Sinja Kraus,Elena Malygina,WTA 125K Porto - QF,2026-09-25 12:00:00,0.8094892255391782,0.19051077446082185,0.8322147651006712,0.21551724137931033,200,2026-09-24 17:08:43,2026-09-24 16:59:26,2026-09-25 12:00:00,3740586651
kraus|s|potapova|a,kraus|s,potapova|a,Sinja Kraus,Anastasia Potapova,WTA Beijing - R2,2026-10-02 03:00:00,0.249222794585562,0.7507772054144379,0.26666666666666666,0.7674418604651163,275,2026-10-01 08:41:57,2026-10-01 08:30:36,2026-10-02 03:00:00,3747984490
kraus|v|kulambayeva|g,kraus|v,kulambayeva|g,Viktoria Hruncakova / Sinja Kraus,Gabriella Da Silva Fick / Zhibek Kulambayeva,WTA 125k Caldas Da Rainha - Doubles,2026-09-17 14:35:00,0.5857378989484678,0.41426210105153216,0.626865671641791,0.4566210045662101,100,2026-09-17 08:41:31,2026-09-17 08:36:54,2026-09-17 14:40:00,3731730669
kravchenko|g|marques|g,kravchenko|g,marques|g,Georgii Kravchenko,Goncalo Marques,ATP Challenger Porto - Qualifiers,2026-09-27 12:49:29,0.6111790468790559,0.3888209531209442,0.635036496350365,0.4132231404958678,100,2026-09-26 23:50:41,2026-09-26 23:49:58,2026-09-27 12:49:29,3743618159
kravchenko|g|tabacco|g,kravchenko|g,tabacco|g,Georgii Kravchenko,Giorgio Tabacco,ITF Men Setubal - R1,2026-09-23 11:00:00,0.6411419184625075,0.35885808153749255,0.6774193548387096,0.3968253968253968,50,2026-09-22 12:29:34,2026-09-22 12:23:45,2026-09-23 11:00:00,3738411368
krawczyk|s|radisic|m,krawczyk|s,radisic|m,Storm Hunter / Desirae Krawczyk,Makoto Ninomiya / Nika Radisic,WTA Singapore - Doubles,2026-09-22 08:10:00,0.7096082800507062,0.29039171994929397,0.7389033942558746,0.3215434083601286,150,2026-09-21 17:39:09,2026-09-21 17:31:18,2026-09-22 08:10:00,3737850544
krawczyk|s|xu|q,krawczyk|s,xu|q,Storm Hunter / Desirae Krawczyk,Qianhui Tang / Yi-Fan Xu,WTA Singapore - Doubles,2026-09-24 03:10:00,0.6111790468790559,0.3888209531209442,0.635036496350365,0.4132231404958678,100,2026-09-23 07:27:01,2026-09-23 07:16:09,2026-09-24 03:10:00,3739145873
krejcikova|b|mertens|e,krejcikova|b,mertens|e,Barbora Krejcikova,Elise Mertens,WTA Singapore - R16,2026-09-23 06:30:00,0.43050087404306037,0.5694991259569396,0.4444444444444444,0.5833333333333333,400,2026-09-22 16:10:22,2026-09-22 16:10:10,2026-09-23 06:30:00,3738595905
krejcikova|m|sutjiadi|e,krejcikova|m,sutjiadi|e,Maja Chwalinska / Barbora Krejcikova,Erin Routliffe / Aldila Sutjiadi,WTA Singapore - Doubles,2026-09-23 10:00:00,0.41631998080545846,0.5836800191945416,0.4424778761061947,0.609375,100,2026-09-21 22:18:19,2026-09-21 22:18:07,2026-09-23 10:00:00,3737979846
kretzer|a|rodriguez|j,kretzer|a,rodriguez|j,Alejandro Melero Kretzer,Johan Alexander Rodriguez,ITF Men Fayetteville - R16,2026-10-01 16:00:00,0.2132898808453539,0.7867101191546461,0.2481389578163772,0.8178506375227687,100,2026-10-01 01:24:54,2026-10-01 01:12:40,2026-10-01 16:00:00,3747781686
kroitor|k|mi|l,kroitor|k,mi|l,Kristina Kroitor,Lan Mi,ITF Women Monastir - QF,2026-09-25 08:44:04,0.5921637006982817,0.40783629930171833,0.6240601503759399,0.44052863436123346,375,2026-09-24 20:49:25,2026-09-24 20:49:25,2026-09-25 08:44:04,3740803682
kroitor|k|sanchez|m,kroitor|k,sanchez|m,Kristina Kroitor,Maria Oliver Sanchez,ITF Women Monastir - R1,2026-09-23 08:43:35,0.8930946734802613,0.10690532651973868,0.9226604795050272,0.14598540145985403,50,2026-09-22 23:16:19,2026-09-22 23:12:53,2026-09-23 08:43:35,3738918434
krolo|f|kupcic|j,krolo|f,kupcic|j,Filip Krolo,Jan Kupcic,ITF Men Sibenik - R16,2026-10-01 08:00:00,0.3557285512449972,0.6442714487550029,0.39370078740157477,0.6805111821086262,50,2026-09-30 16:04:23,2026-09-30 15:54:02,2026-10-01 08:00:00,3747313094
krom|m|rodenas|p,krom|m,rodenas|p,Michiel De Krom,Pedro Rodenas,ITF Men Sabadell - R1,2026-09-23 10:00:00,0.2755730397117435,0.7244269602882566,0.31446540880503143,0.7601918465227817,50,2026-09-23 02:47:33,2026-09-23 02:44:15,2026-09-23 10:00:00,3739026624
krom|m|serrano|m,krom|m,serrano|m,Michiel De Krom,Mario Martinez Serrano,ITF Men Zaragoza - R1,2026-09-30 10:30:00,0.6442714487550029,0.3557285512449972,0.6805111821086262,0.39370078740157477,50,2026-09-30 02:04:19,2026-09-30 02:03:30,2026-09-30 10:30:00,3746771130
krueger|m|seggerman|r,krueger|m,seggerman|r,Mitchell Krueger,Ryan Seggerman,ATP Challenger Tiburon - R16,2026-09-17 17:40:00,0.42902539000146533,0.5709746099985347,0.4484304932735426,0.5901639344262295,200,2026-09-17 08:27:18,2026-09-17 08:22:47,2026-09-17 17:40:00,3731724883
krueger|m|zheng|m,krueger|m,zheng|m,Mitchell Krueger,Michael Zheng,ATP Challenger Tiburon - QF,2026-09-18 20:40:00,0.10877209961677047,0.8912279003832295,0.12987012987012986,0.9092558983666061,100,2026-09-18 01:38:45,2026-09-18 01:38:45,2026-09-18 20:41:02,3732437699
krueger|m|zink|t,krueger|m,zink|t,Mitchell Krueger,Tyler Zink,ATP Challenger Columbus - R1,2026-09-28 20:30:00,0.5631190451520258,0.4368809548479741,0.5867768595041323,0.4608294930875576,150,2026-09-28 08:55:44,2026-09-28 08:47:10,2026-09-28 19:09:05,3745339827
kruger|i|ray|v,kruger|i,ray|v,Isabella Kruger,Valeria Ray,ITF Women Nashville - R1,2026-09-29 18:00:00,0.522974166194581,0.47702583380541896,0.5555555555555556,0.5098039215686274,225,2026-09-29 07:00:13,2026-09-29 06:58:36,2026-09-29 18:00:00,3745866972
krumich|m|morillo|i,krumich|m,morillo|i,Martin Krumich,Imanol Lopez Morillo,ATP Challenger Bari - R1,2026-09-29 11:30:00,0.7804615402421738,0.21953845975782618,0.8035363457760314,0.24449877750611249,150,2026-09-28 21:28:47,2026-09-28 21:21:54,2026-09-29 11:30:00,3745710132
krumich|m|recek|d,krumich|m,recek|d,Martin Krumich,Dominik Recek,ITF Men Pardubice - R1,2026-09-23 10:00:00,0.8584858713045641,0.14151412869543586,0.8908296943231441,0.18148820326678766,50,2026-09-23 02:54:28,2026-09-23 02:54:22,2026-09-23 10:00:00,3739028643
krutykh|o|tsitsipas|p,krutykh|o,tsitsipas|p,Oleksii Krutykh,Petros Tsitsipas,ITF Men Pardubice - R1,2026-09-23 07:54:36,0.9547261234017029,0.045273876598296806,0.9741935483870968,0.0782472613458529,50,2026-09-23 02:54:28,2026-09-23 02:54:22,2026-09-23 07:54:36,3739028947
ksandinov|s|olsen|a,ksandinov|s,olsen|a,Sophia Ksandinov,Astrid Olsen,ITF Women Varna - R1,2026-09-29 07:30:00,0.3975321659761032,0.6024678340238969,0.43103448275862066,0.635036496350365,150,2026-09-28 15:44:12,2026-09-28 15:43:46,2026-09-29 07:30:00,3745538240
kubareva|a|li|x,kubareva|a,li|x,Anna Kubareva,Xiaowei Li,ITF Women Maanshan - QF,2026-09-25 03:00:00,0.9233153988155609,0.0766846011844391,0.949005609382968,0.11376564277588169,75,2026-09-24 12:16:10,2026-09-24 12:12:34,2026-09-25 02:11:54,3740389276
kubareva|a|lu|j,kubareva|a,lu|j,Anna Kubareva,Jing-Jing Lu,ITF Women Maanshan - R16,2026-09-24 03:00:00,0.8176370505201097,0.18236294947989035,0.8520710059171597,0.22271714922048996,50,2026-09-23 14:55:45,2026-09-23 14:50:59,2026-09-24 03:00:00,3739586593
kubareva|a|wang|y,kubareva|a,wang|y,Anna Kubareva,Yuhan Wang,ITF Women Maanshan - Final,2026-09-27 02:30:00,0.45317598754357125,0.5468240124564288,0.49019607843137253,0.5833333333333333,75,2026-09-26 12:06:42,2026-09-26 12:00:38,2026-09-27 02:30:00,3742396458
kubareva|a|ye|s,kubareva|a,ye|s,Anna Kubareva,Sarah Ye,ITF Women Maanshan - R1,2026-09-23 03:00:00,0.9525800610867124,0.047419938913287524,0.9725726823916621,0.08077544426494346,50,2026-09-21 16:12:30,2026-09-21 16:12:09,2026-09-23 03:00:00,3737805081
kubka|i|mert|d,kubka|i,mert|d,Isabelle Haverlag / Martyna Kubka,Deniz Dilek / Aysegul Mert,WTA 125K Ankara - Doubles,2026-09-23 16:20:00,0.8646574951220883,0.1353425048779117,0.9006951340615691,0.18181818181818182,100,2026-09-23 08:27:26,2026-09-23 08:16:34,2026-09-23 16:20:00,3739191512
kubka|m|leonard|m,kubka|m,leonard|m,Martyna Kubka,Manon Leonard,ITF Women Le Neubourg - QF,2026-09-18 09:00:00,0.7367827238548477,0.2632172761451523,0.7685185185185185,0.2976190476190476,250,2026-09-17 20:23:35,2026-09-17 20:23:35,2026-09-18 09:00:00,3732328557
kubka|m|tanguilig|c,kubka|m,tanguilig|c,Martyna Kubka,Carson Tanguilig,ITF Women Le Neubourg - R16,2026-09-17 09:14:02,0.7481108312342568,0.251889168765743,0.7840172786177105,0.29154518950437314,50,2026-09-16 23:25:56,2026-09-16 23:25:56,2026-09-17 09:14:02,3731482444
kucmova|a|molle|s,kucmova|a,molle|s,Aneta Kucmova,Silvia Dalle Molle,WTA 125k Tolentino - Qualifiers,2026-09-20 12:50:00,0.9696391900838535,0.03036080991614659,0.9827912579590431,0.053022269353128315,200,2026-09-20 01:31:56,2026-09-20 01:31:14,2026-09-20 12:50:00,3735709240
kucmova|a|pieri|j,kucmova|a,pieri|j,Aneta Kucmova,Jessica Pieri,WTA 125k Tolentino - Qualifiers,2026-09-21 09:20:00,0.5204888922942454,0.4795111077057545,0.5433789954337899,0.5024875621890548,200,2026-09-21 00:25:23,2026-09-21 00:24:49,2026-09-21 09:20:00,3737456839
kucukhuseyin|c|plunger|m,kucukhuseyin|c,plunger|m,Cem Christopher Kucukhuseyin,Manuel Plunger,ITF Men Kigali - R1,2026-09-29 08:14:38,0.06576921362241588,0.9342307863775842,0.0966183574879227,0.9557130203720106,225,2026-09-29 01:19:24,2026-09-29 01:19:24,2026-09-29 08:14:38,3745769972
kudermetova|p|ma|y,kudermetova|p,ma|y,Polina Kudermetova,Yexin Ma,WTA Beijing - R1,2026-09-30 04:53:04,0.5853731853634238,0.4146268146365763,0.601593625498008,0.43103448275862066,250,2026-09-30 04:51:43,2026-09-30 04:46:33,2026-09-30 04:53:04,3746833137
kudermetova|p|rakhimova|k,kudermetova|p,rakhimova|k,Polina Kudermetova,Kamilla Rakhimova,WTA Seoul - R1,2026-09-21 03:10:00,0.3010017068028673,0.6989982931971327,0.3184713375796178,0.7159090909090909,250,2026-09-20 09:03:02,2026-09-20 09:03:02,2026-09-21 03:10:00,3735966864
kudermetova|p|sherif|m,kudermetova|p,sherif|m,Polina Kudermetova,Mayar Sherif,WTA Beijing - R1,2026-09-30 05:00:00,0.6370489272085312,0.36295107279146877,0.6539792387543253,0.3802281368821293,250,2026-09-29 09:23:41,2026-09-29 09:23:41,2026-09-30 05:00:00,3745944849
kudermetova|p|tauson|c,kudermetova|p,tauson|c,Polina Kudermetova,Clara Tauson,WTA Beijing - R2,2026-10-02 03:00:00,0.3533534790125199,0.6466465209874802,0.37037037037037035,0.6632996632996633,275,2026-10-01 08:41:57,2026-10-01 08:30:36,2026-10-02 03:00:00,3747985417
kuhar|m|tomizawa|n,kuhar|m,tomizawa|n,Matt Kuhar,Naoto Tomizawa,ITF Men Ann Arbor - R16,2026-10-01 14:00:00,0.5777402406892596,0.4222597593107403,0.609375,0.45454545454545453,100,2026-10-01 01:24:54,2026-10-01 01:17:22,2026-10-01 14:00:00,3747796670
kuhar|m|velcz|z,kuhar|m,velcz|z,Matt Kuhar,Zsombor Velcz,ITF Men Ann Arbor - R1,2026-09-29 18:00:51,0.30061242274169214,0.699387577258308,0.33444816053511706,0.7311827956989247,150,2026-09-29 02:02:52,2026-09-29 01:53:42,2026-09-29 18:00:51,3745778057
kuhl|c|penickova|k,kuhl|c,penickova|k,Carolina Kuhl,Kristina Penickova,ITF Women Templeton - R16,2026-10-01 18:30:00,0.3557285512449972,0.6442714487550029,0.39370078740157477,0.6805111821086262,50,2026-10-01 03:50:32,2026-10-01 03:48:21,2026-10-01 18:30:00,3747858485
kukasian|a|mecarelli|m,kukasian|a,mecarelli|m,Artur Kukasian,Michele Mecarelli,ITF Men Telavi - R1,2026-09-23 08:52:00,0.19629590548064485,0.8037040945193552,0.23640661938534277,0.8384491114701131,50,2026-09-23 05:31:11,2026-09-23 05:30:24,2026-09-23 08:52:00,3739089575
kukasian|a|pleshivtsev|e,kukasian|a,pleshivtsev|e,Artur Kukasian,Egor Pleshivtsev,ITF Men Tsaghkadzor - R16,2026-09-17 08:00:00,0.2695002355961033,0.7304997644038967,0.30864197530864196,0.7663551401869159,50,2026-09-16 23:44:59,2026-09-16 23:43:27,2026-09-17 08:00:00,3731498102
kulambayeva|g|micic|r,kulambayeva|g,micic|r,Gabriella Da Silva Fick / Zhibek Kulambayeva,Rutuja Bhosale / Elena Micic,WTA 125k Caldas Da Rainha - Doubles,2026-09-19 15:20:00,0.5588662050710864,0.4411337949289136,0.6000000000000001,0.48309178743961345,125,2026-09-19 08:45:49,2026-09-19 08:40:01,2026-09-19 15:20:00,3733853489
kulambayeva|g|werner|g,kulambayeva|g,werner|g,Gabriella Da Silva Fick / Zhibek Kulambayeva,Gabriela Knutson / Caroline Werner,WTA 125k Caldas Da Rainha - Doubles,2026-09-18 17:40:00,0.6489996156840007,0.3510003843159991,0.6894409937888198,0.39370078740157477,125,2026-09-18 09:21:31,2026-09-18 09:16:13,2026-09-18 17:40:00,3732605286
kulbiej|n|popescu|a,kulbiej|n,popescu|a,Nadia Kulbiej,Alessia Popescu,ITF Women Constanta - R1,2026-09-23 10:00:00,0.7437618506459537,0.2562381493540465,0.7797356828193832,0.2958579881656805,50,2026-09-23 05:31:11,2026-09-23 05:30:24,2026-09-23 10:00:00,3739089464
kulikova|a|wang|j,kulikova|a,wang|j,Anastasia Kulikova,Jiaqi Wang,WTA Singapore - Qualifiers,2026-09-19 03:10:00,0.6346607069544817,0.3653392930455182,0.6563573883161512,0.38759689922480617,250,2026-09-18 23:50:05,2026-09-18 23:45:51,2026-09-19 03:10:00,3733578067
kumar|m|minasyan|m,kumar|m,minasyan|m,Melvin Kumar,Michael Minasyan,ITF Men Falun - R1,2026-09-22 12:00:00,0.38666913239569134,0.6133308676043088,0.42372881355932196,0.6491228070175439,50,2026-09-21 20:56:11,2026-09-21 20:48:26,2026-09-22 12:00:00,3737956015
kumru|a|maloney|e,kumru|a,maloney|e,Ada Kumru,Eliz Maloney,ITF Women Monastir - R1,2026-09-22 11:00:00,0.18664905128205542,0.8133509487179444,0.22172949002217296,0.8439937597503899,150,2026-09-21 21:04:55,2026-09-21 21:02:38,2026-09-22 11:00:39,3737959479
kuramochi|m|yao|x,kuramochi|m,yao|x,Miho Kuramochi,Xinxin Yao,WTA Seoul - Qualifiers,2026-09-20 04:12:24,0.42917762477718957,0.5708223752228104,0.4504504504504505,0.5918367346938775,250,2026-09-19 13:50:39,2026-09-19 13:50:00,2026-09-20 05:05:00,3734415627
kurt|i|luciano|l,kurt|i,luciano|l,Irem Kurt,Lavinia Luciano,ITF Women Monastir - R16,2026-09-17 08:46:36,0.7136301038626828,0.28636989613731717,0.75,0.32573289902280134,50,2026-09-17 02:24:37,2026-09-17 02:24:37,2026-09-17 08:46:36,3731582090
kurt|i|masiianskaia|m,kurt|i,masiianskaia|m,Irem Kurt,Mariia Masiianskaia,ITF Women Monastir - R1,2026-09-23 08:42:20,0.7986421592923664,0.20135784070763357,0.8336106489184693,0.24154589371980673,50,2026-09-22 23:16:19,2026-09-22 23:12:53,2026-09-23 08:42:20,3738918484
kurt|i|ruchkina|k,kurt|i,ruchkina|k,Irem Kurt,Kseniia Ruchkina,ITF Women Monastir - QF,2026-09-25 08:30:00,0.4214805372645692,0.5785194627354309,0.45454545454545453,0.6108949416342413,375,2026-09-24 20:49:25,2026-09-24 20:49:25,2026-09-25 09:30:00,3740803495
kusy|j|recek|d,kusy|j,recek|d,Jakub Kusy,Dominik Recek,ITF Men Pardubice - R16,2026-09-24 10:00:00,0.21932391747267654,0.7806760825273235,0.2590673575129534,0.8158379373848987,50,2026-09-23 15:32:15,2026-09-23 15:27:23,2026-09-24 10:00:00,3739620363
kuwata|h|rajecki|a,kuwata|h,rajecki|a,Hiroko Kuwata,Amelia Rajecki,WTA 125k Jingshan - Qualifiers,2026-09-26 03:15:25,0.07665814405794152,0.9233418559420584,0.10604453870625663,0.9450851180669961,200,2026-09-25 16:35:06,2026-09-25 16:31:03,2026-09-26 03:00:00,3741424428
kuzmanov|d|sachko|v,kuzmanov|d,sachko|v,Dimitar Kuzmanov,Vitaliy Sachko,ATP Challenger Bari - R16,2026-09-30 10:30:00,0.36817492553884396,0.6318250744611561,0.3921568627450981,0.6551724137931035,150,2026-09-29 16:37:43,2026-09-29 16:29:37,2026-09-30 10:30:00,3746319908
kuzmova|k|lizunova|a,kuzmova|k,lizunova|a,Katarina Kuzmova,Anastasia Lizunova,ITF Women Hurghada - R16,2026-09-17 09:16:21,0.799789640984216,0.20021035901578388,0.8347107438016529,0.24038461538461536,50,2026-09-16 23:31:54,2026-09-16 23:28:09,2026-09-17 09:16:21,3731483439
kuzmova|k|tupitsyna|e,kuzmova|k,tupitsyna|e,Katarina Kuzmova,Ekaterina Tupitsyna,ITF Women Hurghada - SF,2026-09-19 06:00:00,0.5653046056702711,0.434695394329729,0.601593625498008,0.4716981132075471,75,2026-09-18 16:20:55,2026-09-18 16:18:52,2026-09-19 06:00:00,3732992982
kuzmova|v|smith|w,kuzmova|v,smith|w,Viktoria Hruncakova / Katarina Kuzmova,Weronika Falkowska / Alana Smith,WTA 125K Ankara - Doubles,2026-09-23 12:20:00,0.3941344506978634,0.6058655493021367,0.4184100418410042,0.6296296296296295,100,2026-09-22 17:20:30,2026-09-22 17:13:28,2026-09-23 12:20:00,3738642600
kuznetsova|e|xu|j,kuznetsova|e,xu|j,Ekaterina Kuznetsova,Jiayu Xu,ITF Women Maanshan - R1,2026-09-30 01:30:00,0.47742186603088377,0.5225781339691162,0.5145631067961165,0.5594713656387665,50,2026-09-29 12:20:30,2026-09-29 12:17:37,2026-09-30 01:30:00,3746118685
kuzuhara|b|staeheli|l,kuzuhara|b,staeheli|l,Bruno Kuzuhara,Luca Staeheli,ATP Challenger Columbus - Qualifiers,2026-09-27 15:05:00,0.46891922180912377,0.5310807781908763,0.49751243781094534,0.5594713656387665,75,2026-09-27 06:53:52,2026-09-27 06:52:35,2026-09-27 14:15:15,3743882489
ku|y|ruse|e,ku|y,ruse|e,Yeonwoo Ku,Elena-Gabriela Ruse,WTA Seoul - R16,2026-09-24 05:10:00,0.23093967495820314,0.7690603250417967,0.2481389578163772,0.7854077253218884,250,2026-09-22 17:06:22,2026-09-22 16:58:19,2026-09-24 05:10:00,3738632886
kwon|s|nagal|s,kwon|s,nagal|s,Soonwoo Kwon,Sumit Nagal,Davis Cup - Qualifiers,2026-09-19 05:32:25,0.7865304153851451,0.213469584614855,0.8073217726396916,0.23584905660377356,150,2026-09-18 18:26:42,2026-09-18 18:22:09,2026-09-19 05:32:25,3733223360
kwon|s|suresh|d,kwon|s,suresh|d,Soonwoo Kwon,Dhakshineswar Suresh,Davis Cup - Qualifiers,2026-09-18 05:00:00,0.6527040012937384,0.3472959987062616,0.6763754045307443,0.3717472118959108,100,2026-09-17 22:56:08,2026-09-17 22:56:08,2026-09-18 05:00:00,3732373789
kym|j|samuel|t,kym|j,samuel|t,Jerome Kym,Toby Samuel,ATP Challenger Porto - R16,2026-10-01 10:10:00,0.3386829854079659,0.6613170145920341,0.35842293906810035,0.6805111821086262,200,2026-09-30 16:40:42,2026-09-30 16:39:20,2026-10-01 10:10:00,3747363201
kym|j|torres|t,kym|j,torres|t,Jerome Kym,Tiago Torres,ATP Challenger Porto - R1,2026-09-28 15:00:00,0.7231898985770961,0.27681010142290396,0.7422680412371133,0.29673590504451036,500,2026-09-28 08:37:07,2026-09-28 08:32:04,2026-09-28 15:00:00,3745330911
kypriotis|e|walters|m,kypriotis|e,walters|m,Evangelos Kypriotis,Marcus Walters,ITF Men Baku - R1,2026-09-30 08:00:00,0.16541464982494852,0.8345853501750516,0.2004008016032064,0.8644986449864499,150,2026-09-30 01:44:03,2026-09-30 01:33:18,2026-09-30 08:00:00,3746757952
laborde|a|pleshivtsev|e,laborde|a,pleshivtsev|e,Arthur Laborde,Egor Pleshivtsev,ITF Men Tsaghkadzor - QF,2026-09-18 07:00:00,0.3713228647965151,0.6286771352034849,0.40485829959514175,0.6610169491525424,375,2026-09-17 20:23:35,2026-09-17 20:23:35,2026-09-18 07:00:00,3732325560
laborde|a|popko|d,laborde|a,popko|d,Arthur Laborde,Dmitry Popko,ITF Men Tsaghkadzor - SF,2026-09-19 08:00:00,0.16268974763070204,0.837310252369298,0.20283975659229211,0.8708010335917312,75,2026-09-19 01:37:13,2026-09-19 01:31:52,2026-09-19 07:13:34,3733647710
laborde|a|sarksian|d,laborde|a,sarksian|d,Arthur Laborde,Daniil Sarksian,ITF Men Tsaghkadzor - R16,2026-09-17 08:00:00,0.3860300916355148,0.6139699083644852,0.42372881355932196,0.6503496503496503,50,2026-09-16 23:44:59,2026-09-16 23:43:27,2026-09-17 08:00:00,3731495148
laboutkova|a|morderger|t,laboutkova|a,morderger|t,Aneta Kucmova / Aneta Laboutkova,Tayisiya Morderger / Yana Morderger,WTA 125k Tolentino - Doubles,2026-09-24 09:00:00,0.8528844659852632,0.1471155340147368,0.8861047835990888,0.18796992481203006,500,2026-09-23 17:45:06,2026-09-23 17:44:02,2026-09-24 09:00:00,3739746723
laboutkova|a|papamichail|e,laboutkova|a,papamichail|e,Aneta Kucmova / Aneta Laboutkova,Ekaterine Gorgodze / Despina Papamichail,WTA 125k Tolentino - Doubles,2026-09-27 12:30:00,0.6065204146512968,0.39347958534870314,0.6428571428571428,0.43103448275862066,250,2026-09-27 08:26:44,2026-09-27 08:23:09,2026-09-27 12:30:00,3743939591
laboutkova|a|senica|p,laboutkova|a,senica|p,Aneta Kucmova / Aneta Laboutkova,Pia Lovric / Alja Senica,WTA 125K Ljubljana - Doubles,2026-09-18 10:10:00,0.8254544895328655,0.17454551046713454,0.8630136986301371,0.21978021978021978,100,2026-09-18 07:30:05,2026-09-18 07:26:56,2026-09-18 10:10:00,3732554947
laboutkova|a|serban|i,laboutkova|a,serban|i,Aneta Laboutkova,Isabella Maria Serban,WTA 125k Tolentino - R1,2026-09-22 10:04:31,0.590705001295145,0.4092949987048551,0.613899613899614,0.4329004329004329,200,2026-09-22 01:34:39,2026-09-22 01:34:25,2026-09-22 11:00:00,3738039775
laboutkova|a|toma|m,laboutkova|a,toma|m,Aneta Laboutkova,Maria Toma,WTA 125k Tolentino - Qualifiers,2026-09-20 14:46:12,0.84276821805615,0.1572317819438498,0.8666666666666667,0.18450184501845018,200,2026-09-20 01:31:56,2026-09-20 01:31:14,2026-09-20 14:46:12,3735705530
laboutkova|a|tsygourova|k,laboutkova|a,tsygourova|k,Aneta Laboutkova,Katerina Tsygourova,WTA 125k Tolentino - Qualifiers,2026-09-21 11:20:00,0.5337402007076846,0.46625979929231565,0.5575221238938054,0.49019607843137253,200,2026-09-21 00:25:23,2026-09-21 00:24:49,2026-09-21 12:20:00,3737456839
laboutkova|a|tubello|e,laboutkova|a,tubello|e,Aneta Kucmova / Aneta Laboutkova,Enola Chiesa / Alice Tubello,WTA 125k Tolentino - Doubles,2026-09-25 09:00:00,0.7737152338253118,0.22628476617468857,0.8123827392120074,0.27027027027027023,100,2026-09-25 08:43:52,2026-09-25 08:35:26,2026-09-25 09:00:00,3741050834
laboutkova|a|urgesi|n,laboutkova|a,urgesi|n,Aneta Kucmova / Aneta Laboutkova,Noemi Basiletti / Federica Urgesi,WTA 125k Tolentino - Doubles,2026-09-22 16:10:00,0.7228901974047319,0.27710980259526813,0.7624703087885986,0.3205128205128205,150,2026-09-22 08:48:09,2026-09-22 08:37:15,2026-09-22 16:10:00,3738226607
lacasse|a|mcgiffin|g,lacasse|a,mcgiffin|g,Ariana Arseneault / Raphaelle Lacasse,Gabriella Da Silva Fick / Tenika McGiffin,WTA 125K Porto - Doubles,2026-09-24 13:00:00,0.5158386622291905,0.4841613377708094,0.5575221238938054,0.5260663507109005,100,2026-09-24 08:29:12,2026-09-24 08:26:05,2026-09-24 13:00:00,3740208545
lacasse|a|voloshchuk|a,lacasse|a,voloshchuk|a,Ariana Arseneault / Raphaelle Lacasse,Ayana Akli / Angelina Voloshchuk,WTA 125K Porto - Doubles,2026-09-23 14:30:00,0.5608310094680314,0.4391689905319685,0.601593625498008,0.4807692307692307,50,2026-09-23 08:27:26,2026-09-23 08:22:51,2026-09-23 14:30:00,3739197513
lacasse|a|yamalapalli|n,lacasse|a,yamalapalli|n,Ariana Arseneault / Raphaelle Lacasse,Naiktha Bains / Sahaja Yamalapalli,WTA 125K Porto - Doubles,2026-09-25 14:40:00,0.5956478749866465,0.4043521250133535,0.6363636363636364,0.4464285714285714,125,2026-09-25 08:43:52,2026-09-25 08:39:42,2026-09-25 14:30:00,3741053893
lacis|r|madaras|d,lacis|r,madaras|d,Richard Lacis,Dragos Nicolae Madaras,ITF Men Telavi - R1,2026-09-23 06:00:00,0.01722193064071413,0.9827780693592859,0.04196391103650861,0.9930381509328877,50,2026-09-23 00:13:47,2026-09-23 00:13:17,2026-09-23 06:00:00,3738951447
lagarrigue|f|meerschen|m,lagarrigue|f,meerschen|m,Florent Lagarrigue,Martin Van Der Meerschen,ITF Men Tsaghkadzor - QF,2026-09-18 08:00:00,0.2043030850631153,0.7956969149368849,0.23923444976076558,0.826689774696707,375,2026-09-17 20:23:35,2026-09-17 20:23:35,2026-09-18 08:00:00,3732325778
lage|e|schiessl|j,lage|e,schiessl|j,Eduardo Lage,Joao Eduardo Schiessl,ITF Men Curitiba - R1,2026-09-23 15:00:00,0.1809564850942712,0.8190435149057289,0.22123893805309736,0.8533724340175952,50,2026-09-23 05:48:17,2026-09-23 05:45:30,2026-09-23 15:00:00,3739098046
lagutin|p|pieleanu|r,lagutin|p,pieleanu|r,Pavel Lagutin,Rares Teodor Pieleanu,ATP Challenger Plovdiv - Qualifiers,2026-09-20 08:47:05,0.9266166754791568,0.07338332452084324,0.9505195447798119,0.1075268817204301,50,2026-09-20 01:31:56,2026-09-20 01:31:14,2026-09-20 08:47:05,3735710704
lagutin|p|radulov|i,lagutin|p,radulov|i,Pavel Lagutin,Iliyan Radulov,ATP Challenger Plovdiv - R1,2026-09-22 15:29:00,0.685661515294683,0.3143384847053171,0.7093023255813954,0.3389830508474576,150,2026-09-21 18:08:25,2026-09-21 18:01:30,2026-09-22 15:29:00,3737861225
lahey|a|tona|m,lahey|a,tona|m,Ashley Lahey,Miriana Tona,ITF Women Yecla - R1,2026-09-22 10:00:00,0.7387575201890316,0.26124247981096815,0.7706422018348623,0.2958579881656805,150,2026-09-21 21:19:37,2026-09-21 21:18:47,2026-09-22 10:00:00,3737965797
lajal|m|poullain|l,lajal|m,poullain|l,Mark Lajal,Lucas Poullain,ATP Challenger Mouilleron-Le-Captif - R1,2026-09-29 16:00:00,0.8121224229963132,0.18787757700368657,0.8347107438016529,0.2127659574468085,100,2026-09-27 15:59:19,2026-09-27 15:55:57,2026-09-29 15:55:33,3744641495
lamens|s|podoroska|n,lamens|s,podoroska|n,Suzan Lamens,Nadia Podoroska,WTA Sao Paulo - QF,2026-09-18 22:30:00,0.44114915636416874,0.5588508436358314,0.4587155963302753,0.576271186440678,325,2026-09-18 00:56:57,2026-09-18 00:42:58,2026-09-18 23:30:00,3732409965
lamens|s|sierra|s,lamens|s,sierra|s,Suzan Lamens,Solana Sierra,WTA Sao Paulo - R16,2026-09-17 15:30:00,0.45098386614658953,0.5490161338534105,0.4672897196261683,0.5652173913043479,250,2026-09-17 07:58:57,2026-09-17 07:58:57,2026-09-17 15:30:00,3731710780
landaluce|m|trungelliti|m,landaluce|m,trungelliti|m,Martin Landaluce,Marco Trungelliti,ATP Beijing - Qualifiers,2026-09-28 05:30:00,0.6611053006212773,0.33889469937872285,0.6825396825396826,0.36101083032490977,250,2026-09-27 23:29:27,2026-09-27 23:28:38,2026-09-28 05:30:00,3745154405
land|a|roberts|j,land|a,roberts|j,Augusto Land,Justin Roberts,ITF Men Curitiba - R1,2026-09-22 14:00:00,0.02993534005961651,0.9700646599403835,0.05470459518599562,0.9838109114456857,100,2026-09-22 12:47:51,2026-09-22 12:38:50,2026-09-22 13:17:18,3738424258
lane|l|poulsen|o,lane|l,poulsen|o,Lewie Lane,Oskar Brostrom Poulsen,ITF Men Falun - R16,2026-09-23 15:00:00,0.3320640598338377,0.6679359401661624,0.37037037037037035,0.7041420118343195,50,2026-09-23 02:59:58,2026-09-23 02:59:22,2026-09-23 15:00:00,3739031615
langmo|c|marques|g,langmo|c,marques|g,Christian Langmo,Goncalo Marques,ATP Challenger Porto - Qualifiers,2026-09-28 10:10:00,0.47392353200298415,0.5260764679970158,0.49751243781094534,0.5495495495495495,100,2026-09-27 23:09:35,2026-09-27 22:58:27,2026-09-28 10:10:00,3745143499
lansere|s|zavatska|k,lansere|s,zavatska|k,Sofya Lansere,Katarina Zavatska,WTA 125k Jingshan - R1,2026-09-29 09:30:00,0.48179407595123863,0.5182059240487615,0.504950495049505,0.5412844036697247,200,2026-09-27 13:16:37,2026-09-27 13:09:54,2026-09-29 09:30:00,3744274609
laron|m|spasova|b,laron|m,spasova|b,Maayan Laron,Beatris Spasova,ITF Women Varna - R1,2026-09-29 08:30:00,0.8955861367062234,0.1044138632937766,0.9218139171227521,0.13812154696132597,150,2026-09-28 15:44:12,2026-09-28 15:43:46,2026-09-29 08:30:00,3745536158
larsson|k|orderlain|d,larsson|k,orderlain|d,Kenzo Koistila Larsson,Drew Van Orderlain,ITF Men Falun - R1,2026-09-22 12:00:00,0.4357976747252957,0.5642023252747044,0.4739336492890995,0.601593625498008,50,2026-09-21 20:56:11,2026-09-21 20:48:26,2026-09-22 12:00:00,3737955964
larsson|k|vasa|e,larsson|k,vasa|e,Kenzo Koistila Larsson,Eero Vasa,ITF Men Falun - R16,2026-09-23 13:00:00,0.06823197560853658,0.9317680243914634,0.1044932079414838,0.9560632688927945,50,2026-09-23 02:59:58,2026-09-23 02:59:22,2026-09-23 13:00:00,3739031420
larue|l|morag|s,larue|l,morag|s,Louis Larue,Snir Morag,ITF Men Baku - R16,2026-10-01 06:00:00,0.7340617718791754,0.26593822812082457,0.765807962529274,0.3003003003003003,100,2026-09-30 23:45:54,2026-09-30 23:42:03,2026-10-01 06:00:00,3747741379
laskevich|e|rodriguez|v,laskevich|e,rodriguez|v,Evialina Laskevich,Victoria Rodriguez,ITF Women Berkeley - R1,2026-09-22 19:54:00,0.7546704726160881,0.2453295273839119,0.790356394129979,0.2849002849002849,50,2026-09-22 12:47:51,2026-09-22 12:38:50,2026-09-22 19:54:00,3738423935
latinovic|m|vaitiekunas|j,latinovic|m,vaitiekunas|j,Miomir Kecmanovic / Stefan Latinovic,Justas Trainauskas / Pijus Vaitiekunas,Davis Cup - Doubles,2026-09-20 11:00:00,0.8940658021857958,0.10593419781420431,0.9207606973058637,0.1402524544179523,125,2026-09-20 07:46:38,2026-09-20 07:46:38,2026-09-20 11:00:00,3735902546
lazarenko|m|mariani|m,lazarenko|m,mariani|m,Mariia Lazarenko,Matilde Mariani,ITF Women Monastir - R1,2026-09-30 08:30:00,0.5722741586398361,0.4277258413601639,0.6047430830039526,0.4608294930875576,225,2026-09-30 00:23:26,2026-09-30 00:17:47,2026-09-30 08:30:00,3746732622
lazarov|g|obradovic|d,lazarov|g,obradovic|d,George Lazarov,Dusan Obradovic,ITF Men Zlatibor - R16,2026-09-18 10:00:00,0.5021552124563856,0.49784478754361444,0.5391705069124424,0.5348837209302326,50,2026-09-18 01:38:45,2026-09-18 01:38:45,2026-09-18 07:17:15,3732437699
lazarov|g|oetzbach|a,lazarov|g,oetzbach|a,George Lazarov,Adrian Oetzbach,ATP Challenger Plovdiv - Qualifiers,2026-09-20 09:00:00,0.5428257917883873,0.4571742082116129,0.5708154506437768,0.4854368932038835,75,2026-09-20 01:31:56,2026-09-20 01:31:14,2026-09-20 09:00:00,3735707964
lazarov|g|valiente|i,lazarov|g,valiente|i,George Lazarov,Izan Almazan Valiente,ATP Challenger Plovdiv - Qualifiers,2026-09-21 08:05:00,0.41651176375292465,0.5834882362470754,0.4444444444444444,0.6108949416342413,75,2026-09-20 19:39:01,2026-09-20 19:38:03,2026-09-21 08:05:00,3737226188
lee|c|tan|h,lee|c,tan|h,Carol Young Suh Lee,Harmony Tan,WTA 125K Porto - R1,2026-09-22 13:00:00,0.7108603303017711,0.28913966969822874,0.7340425531914894,0.31347962382445144,200,2026-09-21 15:45:42,2026-09-21 15:45:39,2026-09-22 13:00:00,3737786886
lee|e|ma|y,lee|e,ma|y,Eunhye Lee,Yexin Ma,WTA Seoul - Qualifiers,2026-09-20 02:10:00,0.31952236915444965,0.6804776308455504,0.3412969283276451,0.7014925373134329,250,2026-09-19 13:50:39,2026-09-19 13:50:00,2026-09-20 02:10:00,3734408955
lee|g|schulenburg|j,lee|g,schulenburg|j,Gerard Campana Lee,Jeffrey Von Der Schulenburg,ITF Men Sabadell - R1,2026-09-22 14:48:18,0.6663438982579849,0.3336561017420152,0.7023809523809524,0.3717472118959108,50,2026-09-21 21:19:37,2026-09-21 21:17:44,2026-09-22 14:48:18,3737963854
lee|h|li|x,lee|h,li|x,Ha Eum Lee,Xiaowei Li,ITF Women Maanshan - R1,2026-09-29 05:27:11,0.9384848055991697,0.061515194400830045,0.9615384615384615,0.09699321047526673,50,2026-09-28 22:51:48,2026-09-28 22:50:09,2026-09-29 05:27:11,3745733336
lee|h|ren|k,lee|h,ren|k,Ha Eum Lee,Ke Ren,ITF Women Maanshan - QF,2026-10-02 02:00:00,0.8913733667974203,0.10862663320257965,0.9210734017363851,0.14771048744460857,75,2026-10-01 09:47:06,2026-10-01 09:46:05,2026-10-02 02:00:00,3748039218
lee|j|mayo|a,lee|j,mayo|a,Jordan Lee,Aidan Mayo,ATP Challenger San Diego - Qualifiers,2026-09-20 23:52:14,0.26425375723447525,0.7357462427655247,0.29411764705882354,0.7635933806146572,125,2026-09-20 14:56:42,2026-09-20 14:53:34,2026-09-20 23:52:14,3736691430
lee|j|montsi|k,lee|j,montsi|k,Jordan Lee,Khololwam Montsi,ITF Men Fayetteville - R1,2026-09-29 17:00:00,0.5777402406892596,0.4222597593107403,0.609375,0.45454545454545453,150,2026-09-29 02:48:34,2026-09-29 02:48:34,2026-09-29 17:00:00,3745787201
lefevre|r|loge|j,lefevre|r,loge|j,Renaud Lefevre,Jack Loge,ITF Men Monastir - R1,2026-09-30 09:30:00,0.04481989029739895,0.9551801097026009,0.07278020378457059,0.9727148703956343,225,2026-09-30 01:44:03,2026-09-30 01:33:18,2026-09-30 08:45:21,3746762758
legout|t|marcondes|i,legout|t,marcondes|i,Timo Legout,Igor Marcondes,ATP Challenger San Diego - SF,2026-09-26 21:00:00,0.6607898094671376,0.33921019053286244,0.6794871794871794,0.35842293906810035,200,2026-09-26 04:21:41,2026-09-26 04:12:41,2026-09-26 21:00:00,3742014681
legout|t|milavsky|d,legout|t,milavsky|d,Timo Legout,Daniel Milavsky,ATP Challenger San Diego - R1,2026-09-22 22:37:49,0.6035882093037451,0.39641179069625493,0.626865671641791,0.42016806722689076,150,2026-09-22 08:48:09,2026-09-22 08:47:18,2026-09-22 22:37:49,3738233479
legout|t|nakashima|b,legout|t,nakashima|b,Timo Legout,Bryce Nakashima,ATP Challenger Tiburon - R16,2026-09-17 20:30:00,0.6519534774255041,0.348046522574496,0.6710526315789473,0.36764705882352944,200,2026-09-17 08:27:18,2026-09-17 08:21:50,2026-09-17 20:30:00,3731718422
legout|t|ostapenkov|d,legout|t,ostapenkov|d,Timo Legout,Daniil Ostapenkov,ATP Challenger San Diego - Qualifiers,2026-09-21 20:30:00,0.7547389202865221,0.24526107971347783,0.7711670480549199,0.26246719160104987,75,2026-09-21 01:09:30,2026-09-21 00:55:01,2026-09-21 19:40:04,3737471916
legout|t|smith|c,legout|t,smith|c,Timo Legout,Colton Smith,ATP Challenger San Diego - R16,2026-09-24 19:00:00,0.43880708354287823,0.5611929164571219,0.4629629629629629,0.5850622406639003,150,2026-09-24 08:29:12,2026-09-24 08:26:05,2026-09-24 19:00:00,3740207872
lehecka|j|shelton|b,lehecka|j,shelton|b,Jiri Lehecka,Ben Shelton,Davis Cup - Qualifiers,2026-09-18 14:31:00,0.39257936512719893,0.6074206348728012,0.4166666666666667,0.6309963099630996,100,2026-09-18 08:00:01,2026-09-18 07:57:23,2026-09-18 14:31:00,3732566320
lehecka|j|tien|l,lehecka|j,tien|l,Jiri Lehecka,Learner Tien,Davis Cup - Qualifiers,2026-09-19 17:55:00,0.48392836622122726,0.5160716337787727,0.504950495049505,0.5370370370370371,250,2026-09-19 08:08:36,2026-09-19 08:06:58,2026-09-19 17:55:00,3733820900
leite|w|pagotto|v,leite|w,pagotto|v,Wilson Leite,Victor Hugo Remondy Pagotto,ITF Men Curitiba - R16,2026-09-24 15:00:00,0.432265591250165,0.5677344087498348,0.46511627906976744,0.6000000000000001,100,2026-09-24 00:37:45,2026-09-24 00:33:24,2026-09-24 15:00:00,3740010906
leite|w|pereira|j,leite|w,pereira|j,Wilson Leite,Jose Pereira,ITF Men Curitiba - QF,2026-09-25 19:28:04,0.41617172865703983,0.5838282713429602,0.4484304932735426,0.6153846153846154,250,2026-09-25 01:48:53,2026-09-25 01:47:48,2026-09-25 19:28:04,3740917571
leite|w|roberts|j,leite|w,roberts|j,Wilson Leite,Justin Roberts,ATP Challenger Curitiba - Qualifiers,2026-09-27 15:00:00,0.5918482235628587,0.40815177643714146,0.6197718631178707,0.4366812227074236,75,2026-09-27 02:46:52,2026-09-27 02:35:59,2026-09-27 15:03:21,3743763559
leite|w|rodriguez|l,leite|w,rodriguez|l,Wilson Leite,Lorenzo Joaquin Rodriguez,ATP Challenger Curitiba - Qualifiers,2026-09-28 13:00:00,0.17887588856777928,0.8211241114322207,0.20876826722338204,0.8475609756097561,200,2026-09-27 22:40:11,2026-09-27 22:37:00,2026-09-28 14:00:00,3745132134
leite|w|sidney|g,leite|w,sidney|g,Wilson Leite,Gabriel Roveri Sidney,ITF Men Curitiba - R1,2026-09-23 15:43:14,0.7844578712293452,0.21554212877065476,0.8158379373848987,0.2506265664160401,100,2026-09-23 05:48:17,2026-09-23 05:48:17,2026-09-23 15:43:14,3739100435
lenglet|a|theate|p,lenglet|a,theate|p,Arthur Lenglet,Paul Theate,ITF Men Forbach - R1,2026-09-22 09:44:46,0.44819367468895605,0.5518063253110439,0.4854368932038835,0.5884773662551441,50,2026-09-21 21:04:55,2026-09-21 21:02:38,2026-09-22 09:44:46,3737959681
leonard|m|tan|l,leonard|m,tan|l,Manon Leonard,Lucie Nguyen Tan,ITF Women Le Neubourg - R16,2026-09-17 10:00:00,0.6486023647226159,0.3513976352773842,0.6845425867507886,0.3891050583657587,50,2026-09-16 23:25:56,2026-09-16 23:18:12,2026-09-17 10:00:00,3731479269
leonard|m|vlasselaer|c,leonard|m,vlasselaer|c,Manon Leonard,Clara Vlasselaer,ITF Women Reims - R16,2026-10-01 11:15:00,0.7633203402896898,0.23667965971031033,0.7987927565392354,0.27624309392265195,50,2026-09-30 03:42:28,2026-09-30 03:34:08,2026-10-01 10:55:00,3746803688
leong|m|sharipov|m,leong|m,sharipov|m,Mitsuki Wei Kang Leong,Marat Sharipov,ATP Challenger Jingshan - Qualifiers,2026-09-29 03:10:00,0.21557596518805822,0.7844240348119418,0.24038461538461536,0.8073217726396916,100,2026-09-28 08:37:07,2026-09-28 08:32:04,2026-09-29 03:10:00,3745332037
leong|m|trotter|j,leong|m,trotter|j,Mitsuki Wei Kang Leong,James Trotter,ATP Challenger Guangzhou - R16,2026-09-17 08:30:00,0.32443996067313147,0.6755600393268684,0.3436426116838488,0.6941896024464832,200,2026-09-16 23:31:54,2026-09-16 23:28:09,2026-09-17 07:43:07,3731483701
leon|k|tubello|e,leon|k,tubello|e,Kolie Allen / Sabastiani Leon,Enola Chiesa / Alice Tubello,WTA 125k Tolentino - Doubles,2026-09-22 14:30:00,0.2322686526040177,0.7677313473959824,0.27624309392265195,0.8065764023210832,150,2026-09-22 08:48:09,2026-09-22 08:37:15,2026-09-22 14:30:00,3738226123
lepchenko|v|sasnovich|a,lepchenko|v,sasnovich|a,Varvara Lepchenko,Aliaksandra Sasnovich,WTA Beijing - Qualifiers,2026-09-29 05:00:00,0.21873393748136916,0.781266062518631,0.24096385542168672,0.801980198019802,250,2026-09-28 14:33:39,2026-09-28 14:19:14,2026-09-29 05:00:00,3745498243
leykina|p|tang|x,leykina|p,tang|x,Polina Leykina,Xiao Tang,ITF Women Maanshan - R1,2026-09-23 04:58:00,0.77688300299321,0.2231169970067901,0.8123827392120074,0.2631578947368421,50,2026-09-22 12:47:51,2026-09-22 12:38:50,2026-09-23 04:58:00,3738422134
leykina|p|zheng|w,leykina|p,zheng|w,Polina Leykina,Wushuang Zheng,WTA 125k Jingshan - Qualifiers,2026-09-26 07:45:00,0.2270982398388006,0.7729017601611996,0.2518891687657431,0.7959183673469388,200,2026-09-25 16:35:06,2026-09-25 16:31:03,2026-09-26 06:50:07,3741424428
liang|e|saito|s,liang|e,saito|s,En Shuo Liang,Sara Saito,WTA Seoul - Qualifiers,2026-09-19 10:11:17,0.6883834527223063,0.3116165472776938,0.7093023255813954,0.3333333333333333,250,2026-09-19 00:12:53,2026-09-19 00:06:45,2026-09-19 10:11:17,3733585229
ligniere|e|mecarelli|m,ligniere|e,mecarelli|m,Edoardo Cherie Ligniere,Michele Mecarelli,ITF Men Telavi - R16,2026-09-30 07:00:00,0.3890520323303466,0.6109479676696534,0.42194092827004215,0.6428571428571428,375,2026-09-24 23:50:52,2026-09-24 23:50:52,2026-09-30 07:00:00,3740867029
ligniere|e|tkemaladze|z,ligniere|e,tkemaladze|z,Edoardo Cherie Ligniere,Zura Tkemaladze,ITF Men Telavi - R1,2026-09-28 11:38:15,0.6713068914621725,0.3286931085378276,0.7032640949554896,0.3623188405797102,225,2026-09-28 01:08:29,2026-09-28 00:59:11,2026-09-28 11:38:15,3745212701
lim|a|sebov|k,lim|a,sebov|k,Alize Lim,Katherine Sebov,ITF Women Quinta Do Lago - R1,2026-09-29 13:40:00,0.1414397494991279,0.8585602505008721,0.18148820326678766,0.8909487459105779,50,2026-09-28 23:10:03,2026-09-28 23:07:33,2026-09-29 13:40:00,3745737063
linana|a|masarova|r,linana|a,masarova|r,Alicia Herrero Linana,Rebeka Masarova,WTA 125k Valencia - R16,2026-09-17 16:50:00,0.30439018026092085,0.6956098197390791,0.32894736842105265,0.7191011235955056,200,2026-09-17 08:27:18,2026-09-17 08:21:50,2026-09-17 16:50:00,3731717071
linana|a|palicova|b,linana|a,palicova|b,Alicia Herrero Linana,Barbora Palicova,WTA 125k Tolentino - R1,2026-09-22 12:30:00,0.4706694620874769,0.529330537912523,0.49504950495049505,0.5535714285714286,200,2026-09-21 17:44:31,2026-09-21 17:43:11,2026-09-22 11:41:19,3737851705
linana|n|papamichail|e,linana|n,papamichail|e,Nicole Fossa Huergo / Alicia Herrero Linana,Ekaterine Gorgodze / Despina Papamichail,WTA 125k Tolentino - Doubles,2026-09-24 16:00:00,0.5717533644960142,0.4282466355039858,0.607843137254902,0.46511627906976744,100,2026-09-24 09:22:55,2026-09-24 09:11:23,2026-09-24 16:00:00,3740240945
linana|n|struplova|i,linana|n,struplova|i,Nicole Fossa Huergo / Alicia Herrero Linana,Isabella Maria Serban / Julie Struplova,WTA 125k Tolentino - Doubles,2026-09-23 14:00:00,0.7882477124904476,0.21175228750955244,0.8230088495575221,0.25125628140703515,500,2026-09-23 09:31:00,2026-09-23 09:31:00,2026-09-23 14:00:00,3739250578
linette|m|siniakova|k,linette|m,siniakova|k,Magda Linette,Katerina Siniakova,WTA Beijing - R1,2026-10-01 07:00:00,0.3912184046324592,0.6087815953675407,0.4081632653061224,0.6254681647940076,250,2026-09-29 08:59:53,2026-09-29 08:56:32,2026-10-01 07:00:00,3745929914
lithen|j|swaine|c,lithen|j,swaine|c,John Hallquist Lithen,Charlie Swaine,ITF Men Columbia - R16,2026-09-24 20:50:05,0.9259917671045858,0.07400823289541435,0.9512670565302144,0.11086474501108648,50,2026-09-24 02:01:09,2026-09-24 01:53:26,2026-09-24 20:50:05,3740053682
liu|h|zhu|e,liu|h,zhu|e,Hanyi Liu,Evan Zhu,ATP Challenger Jingshan - R1,2026-09-30 03:00:00,0.20989123098298743,0.7901087690170127,0.2298850574712644,0.8087954110898662,100,2026-09-29 15:21:32,2026-09-29 15:19:39,2026-09-30 03:00:00,3746260709
liu|s|xia|y,liu|s,xia|y,Shaoyun Liu,Yue Xia,ITF Men Yinchuan - R1,2026-09-23 02:12:06,0.39594322428567674,0.6040567757143233,0.4291845493562232,0.6363636363636364,100,2026-09-22 12:47:51,2026-09-22 12:38:50,2026-09-23 02:12:06,3738423686
liu|y|muramatsu|c,liu|y,muramatsu|c,Yuhan Liu,Chihiro Muramatsu,ITF Women Wagga Wagga - R1,2026-09-30 01:08:00,0.4230247013836064,0.5769752986163937,0.4608294930875576,0.613899613899614,50,2026-09-29 12:20:30,2026-09-29 12:17:37,2026-09-30 01:08:00,3746121165
liu|y|simes|a,liu|y,simes|a,Yuhan Liu,Ashleigh Simes,ITF Women Wagga Wagga - R16,2026-10-01 00:00:00,0.6190643628767947,0.38093563712320555,0.6551724137931035,0.4184100418410042,50,2026-09-30 11:55:07,2026-09-30 11:52:29,2026-10-01 00:00:00,3747118399
lizarazo|y|pistola|i,lizarazo|y,pistola|i,Yuliana Lizarazo,Ilary Pistola,ITF Women Santa Margherita di Pula - R1,2026-09-23 09:00:00,0.3125355183354531,0.6874644816645469,0.34602076124567477,0.7191011235955056,150,2026-09-23 03:24:41,2026-09-23 03:15:47,2026-09-23 09:00:00,3739041756
lizunova|a|samir|s,lizunova|a,samir|s,Anastasia Lizunova,Sandra Samir,ITF Women Sharm El Sheikh - R16,2026-09-24 09:00:00,0.5538283063338905,0.4461716936661095,0.5901639344262295,0.48309178743961345,50,2026-09-23 23:34:21,2026-09-23 23:32:41,2026-09-24 09:00:00,3739972264
li|w|taka|y,li|w,taka|y,Wenze Li,Yua Taka,ITF Men Luan - R1,2026-09-30 05:00:00,0.2200119318311075,0.7799880681688924,0.2597402597402597,0.8151571164510166,50,2026-09-29 23:30:16,2026-09-29 23:28:51,2026-09-30 05:00:00,3746717375
llorca|l|pavlova|k,llorca|l,pavlova|k,Lucia Cortez Llorca,Kira Pavlova,ITF Women Yecla - R1,2026-09-23 10:00:00,0.367215754804897,0.6327842451951032,0.40485829959514175,0.6688741721854304,50,2026-09-23 02:59:58,2026-09-23 02:59:22,2026-09-23 10:00:00,3739034843
lock|b|sahtali|t,lock|b,sahtali|t,Benjamin Lock,Toufik Sahtali,ITF Men Kigali - R16,2026-10-01 08:00:00,0.5985504196445616,0.40144958035543854,0.6309963099630996,0.4347826086956522,225,2026-10-01 00:33:09,2026-10-01 00:27:21,2026-10-01 08:00:00,3747760604
lock|c|oliel|y,lock|c,oliel|y,Courtney John Lock,Yshai Oliel,ITF Men Kigali - R1,2026-09-29 08:00:00,0.05315367620661616,0.9468463237933836,0.08244023083264633,0.9661131819722129,225,2026-09-29 01:19:24,2026-09-29 01:19:24,2026-09-29 08:00:00,3745768938
lofman|a|zhu|e,lofman|a,zhu|e,Aleksi Lofman,Evan Zhu,ATP Challenger San Diego - Qualifiers,2026-09-20 22:00:00,0.11855480339937828,0.8814451966006217,0.15267175572519084,0.9087591240875913,50,2026-09-20 13:55:34,2026-09-20 13:52:41,2026-09-20 22:00:00,3736519291
loge|j|lumsden|e,loge|j,lumsden|e,Jack Loge,Ewen Lumsden,ITF Men Monastir - R16,2026-10-01 09:30:00,0.7792073304143506,0.2207926695856493,0.8106060606060607,0.2557544757033248,225,2026-10-01 01:24:54,2026-10-01 01:12:40,2026-10-01 09:30:00,3747781852
lokoli|l|marchi|a,lokoli|l,marchi|a,Laurent Lokoli,Andrea De Marchi,ITF Men Santa Margherita di Pula - QF,2026-09-24 08:30:00,0.7019671098674328,0.29803289013256723,0.7340425531914894,0.33222591362126247,375,2026-09-24 00:37:45,2026-09-24 00:22:48,2026-09-24 07:44:35,3740004364
lokoli|l|michalski|d,lokoli|l,michalski|d,Laurent Lokoli,Daniel Michalski,ITF Men Santa Margherita di Pula - Final,2026-09-26 09:00:00,0.41269529670075805,0.5873047032992419,0.4504504504504505,0.6240601503759399,75,2026-09-25 23:38:37,2026-09-25 23:36:25,2026-09-26 09:00:00,3741872980
lokoli|l|pieri|s,lokoli|l,pieri|s,Laurent Lokoli,Samuele Pieri,ATP Challenger Bari - R16,2026-10-01 10:30:00,0.5987933558778575,0.40120664412214246,0.6226415094339623,0.425531914893617,150,2026-09-30 16:40:42,2026-09-30 16:39:20,2026-10-01 10:30:00,3747357108
lokoli|l|tiffon|p,lokoli|l,tiffon|p,Laurent Lokoli,Pol Martin Tiffon,ATP Challenger Bari - R1,2026-09-29 13:00:00,0.40120664412214246,0.5987933558778575,0.425531914893617,0.6226415094339623,150,2026-09-28 17:42:14,2026-09-28 17:35:27,2026-09-29 13:00:00,3745601347
lollia|m|matoula|m,lollia|m,matoula|m,Mathilde Lollia,Martha Matoula,ITF Women Le Neubourg - R16,2026-09-17 10:00:00,0.36393905624242523,0.6360609437575747,0.4016064257028112,0.6721311475409836,50,2026-09-16 23:25:56,2026-09-16 23:25:56,2026-09-17 10:00:00,3731480455
lomakin|p|wallner|j,lomakin|p,wallner|j,Petr Bar Biryukov / Grigoriy Lomakin,Jakob Schnaitter / Mark Wallner,ATP Chengdu Open - Doubles,2026-09-25 07:00:00,0.09787639496282383,0.9021236050371761,0.12422360248447203,0.9233716475095786,50,2026-09-25 05:50:08,2026-09-25 05:49:22,2026-09-25 07:00:00,3740985112
lombardini|m|oktiabreva|a,lombardini|m,oktiabreva|a,Marta Lombardini,Alisa Oktiabreva,ITF Women Santa Margherita di Pula - Final,2026-09-20 08:00:00,0.13590121519701892,0.8640987848029811,0.17574692442882248,0.8960498960498962,75,2026-09-19 23:28:50,2026-09-19 23:25:50,2026-09-20 08:00:00,3735605359
lombardini|m|pistola|i,lombardini|m,pistola|i,Marta Lombardini,Ilary Pistola,ITF Women Santa Margherita di Pula - SF,2026-09-19 10:00:00,0.6430270670564717,0.35697293294352833,0.6753246753246753,0.390625,150,2026-09-18 21:39:16,2026-09-18 21:38:33,2026-09-19 08:09:53,3733521936
lombardini|m|reales|g,lombardini|m,reales|g,Marta Lombardini,Guiomar Maristany Zuleta De Reales,WTA 125k Tolentino - R16,2026-09-23 17:00:00,0.20276912950931023,0.7972308704906901,0.2277904328018223,0.8201438848920863,200,2026-09-23 07:27:01,2026-09-23 07:16:09,2026-09-23 17:00:00,3739140744
lombardini|m|steiner|v,lombardini|m,steiner|v,Marta Lombardini,Valentina Steiner,ITF Women Santa Margherita di Pula - R16,2026-09-17 09:29:32,0.4085603635777708,0.5914396364222292,0.4464285714285714,0.6282527881040892,50,2026-09-16 23:16:19,2026-09-16 23:13:04,2026-09-17 09:29:32,3731473913
lombardini|m|turini|v,lombardini|m,turini|v,Marta Lombardini,Viola Turini,ITF Women Santa Margherita di Pula - QF,2026-09-18 10:00:00,0.5343493853364778,0.46565061466352226,0.5708154506437768,0.5024875621890548,75,2026-09-17 20:32:37,2026-09-17 20:26:22,2026-09-18 10:00:00,3732329102
lombardini|m|zantedeschi|a,lombardini|m,zantedeschi|a,Marta Lombardini,Aurora Zantedeschi,WTA 125k Tolentino - R1,2026-09-22 11:30:00,0.33073041501932343,0.6692695849806766,0.35460992907801414,0.6923076923076923,200,2026-09-21 15:45:42,2026-09-21 15:45:39,2026-09-22 11:30:00,3737788499
longueville|r|paganetti|v,longueville|r,paganetti|v,Romane Longueville,Vittoria Paganetti,ITF Women Santa Margherita di Pula - R16,2026-09-24 07:44:01,0.18323523491717958,0.8167647650828204,0.2183406113537118,0.8473282442748092,100,2026-09-23 23:41:22,2026-09-23 23:41:22,2026-09-24 07:44:01,3739979204
longueville|r|szabo|b,longueville|r,szabo|b,Romane Longueville,Briana Szabo,ITF Women Santa Margherita di Pula - R1,2026-09-23 09:00:00,0.3544166573987041,0.645583342601296,0.38759689922480617,0.6774193548387096,150,2026-09-23 03:24:41,2026-09-23 03:19:13,2026-09-23 09:00:00,3739041861
lopatic|l|marcos|p,lopatic|l,marcos|p,Luka Talan Lopatic,Pedro Vives Marcos,ITF Men Sabadell - R16,2026-09-24 10:00:00,0.13156111352162722,0.868438886478373,0.16611295681063123,0.896694214876033,225,2026-09-24 00:37:45,2026-09-24 00:28:58,2026-09-24 10:00:00,3740007793
lopatic|l|marmousez|l,lopatic|l,marmousez|l,Luka Talan Lopatic,Lilian Marmousez,ITF Men Sabadell - QF,2026-09-25 10:43:32,0.1098491355527343,0.8901508644472658,0.14903129657228018,0.92,75,2026-09-24 23:50:52,2026-09-24 23:47:02,2026-09-25 10:43:32,3740863854
lopatic|l|socas|r,lopatic|l,socas|r,Luka Talan Lopatic,Roberto Perez Socas,ITF Men Sabadell - R1,2026-09-22 10:00:00,0.6026865924528046,0.3973134075471953,0.6389891696750902,0.4347826086956522,50,2026-09-21 21:19:37,2026-09-21 21:17:44,2026-09-22 10:00:00,3737963813
lopez|e|uemura|m,lopez|e,uemura|m,Eva Lopez,Mutsumi Uemura,ITF Women Wagga Wagga - R1,2026-09-29 04:15:00,0.035029710264528224,0.9649702897354718,0.06578947368421052,0.9816311535635562,50,2026-09-28 14:33:39,2026-09-28 14:32:14,2026-09-29 04:15:00,3745503735
lopez|n|rapagnetta|d,lopez|n,rapagnetta|d,Noah Lopez,Daniele Rapagnetta,ITF Men Sibenik - R16,2026-10-01 08:00:00,0.17116960815922086,0.8288303918407791,0.2061855670103093,0.8589562764456982,100,2026-09-30 23:57:06,2026-09-30 23:57:06,2026-10-01 08:00:00,3747750361
lopez|p|rodrigues|b,lopez|p,rodrigues|b,Paola Lopez,Beatriz Nahmias Melo Rodrigues,ITF Women Sao Luis - R16,2026-09-17 15:45:00,0.6211596153016073,0.37884038469839265,0.6527777777777778,0.41152263374485604,200,2026-09-16 19:13:15,2026-09-16 19:01:39,2026-09-17 15:40:00,3731276493
lopez|p|sartori|a,lopez|p,sartori|a,Paola Lopez,Ana Julia Sartori,ITF Women Belem - R1,2026-09-22 18:00:00,0.9438239065449552,0.056176093455044554,0.9636759898292773,0.0859106529209622,150,2026-09-22 02:35:05,2026-09-22 02:34:47,2026-09-22 18:08:38,3738067781
lopez|p|sharma|a,lopez|p,sharma|a,Paola Lopez,Astra Sharma,ITF Women Belem - SF,2026-09-26 15:00:00,0.02128459869617412,0.978715401303826,0.04338394793926247,0.9896790174424605,250,2026-09-26 02:26:25,2026-09-26 02:23:20,2026-09-26 13:42:10,3741964711
lopez|p|vidal|l,lopez|p,vidal|l,Paola Lopez,Leticia Garcia Vidal,ITF Women Belem - Final,2026-09-27 13:00:00,0.6065204146512968,0.39347958534870314,0.6428571428571428,0.43103448275862066,75,2026-09-26 16:48:02,2026-09-26 16:47:22,2026-09-27 14:00:00,3743098449
lorusso|l|waldner|n,lorusso|l,waldner|n,Lorenzo Lorusso,Niklas Waldner,ITF Men Sharm El Sheikh - R1,2026-09-23 11:22:42,0.5447378529287051,0.4552621470712949,0.5815899581589958,0.4926108374384236,50,2026-09-23 02:32:42,2026-09-23 02:29:09,2026-09-23 11:22:42,3739018899
losaberidze|v|monzon|i,losaberidze|v,monzon|i,Vano Losaberidze,Ignacio Monzon,ITF Men Telavi - R1,2026-09-23 07:30:00,0.047659655924457534,0.9523403440755426,0.076103500761035,0.9704927707288284,100,2026-09-23 05:41:44,2026-09-23 05:35:55,2026-09-23 07:30:00,3739094267
losciale|v|ruan|z,losciale|v,ruan|z,Valentina Losciale,Zi Ying Ruan,ITF Women Monastir - R16,2026-10-01 08:30:00,0.5543882716324436,0.44561172836755636,0.5867768595041323,0.47846889952153115,150,2026-10-01 00:33:09,2026-10-01 00:32:03,2026-10-01 08:30:00,3747772615
loureiro|j|pagotto|v,loureiro|j,pagotto|v,Joao Victor Couto Loureiro,Victor Hugo Remondy Pagotto,ATP Challenger Curitiba - Qualifiers,2026-09-27 14:05:00,0.5201218213325326,0.4798781786674674,0.5475113122171946,0.5073891625615764,75,2026-09-27 02:46:52,2026-09-27 02:35:59,2026-09-27 13:16:05,3743763111
loureiro|j|tosetto|r,loureiro|j,tosetto|r,Joao Victor Couto Loureiro,Rafael Tosetto,ITF Men Curitiba - R16,2026-09-24 15:00:00,0.5611628006113627,0.4388371993886373,0.5934959349593496,0.4716981132075471,100,2026-09-24 00:37:45,2026-09-24 00:33:24,2026-09-24 15:00:00,3740010638
lukas|t|meliss|v,lukas|t,meliss|v,Tena Lukas,Verena Meliss,ITF Women Santa Margherita di Pula - R1,2026-09-23 07:44:04,0.75225928527222,0.24774071472778,0.7840172786177105,0.2824858757062147,150,2026-09-23 03:24:41,2026-09-23 03:15:47,2026-09-23 07:44:04,3739041291
lukas|t|oktiabreva|a,lukas|t,oktiabreva|a,Tena Lukas,Alisa Oktiabreva,ITF Women Santa Margherita di Pula - QF,2026-09-25 08:00:00,0.133437392887429,0.8665626071125709,0.1680672268907563,0.8949579831932774,375,2026-09-24 18:07:31,2026-09-24 18:07:31,2026-09-25 08:00:00,3740641250
lumsden|e|malige|m,lumsden|e,malige|m,Ewen Lumsden,Mae Malige,ITF Men Monastir - R16,2026-09-24 11:00:00,0.36200977117951566,0.6379902288204844,0.39525691699604737,0.66996699669967,225,2026-09-24 00:37:45,2026-09-24 00:33:24,2026-09-24 11:00:00,3740011137
lumsden|e|martin|t,lumsden|e,martin|t,Ewen Lumsden,Toby Martin,ITF Men Monastir - QF,2026-09-25 08:45:35,0.5653046056702711,0.434695394329729,0.601593625498008,0.4716981132075471,75,2026-09-24 23:50:52,2026-09-24 23:47:02,2026-09-25 08:45:35,3740864566
lumsden|e|rahmani|k,lumsden|e,rahmani|k,Ewen Lumsden,Kasra Rahmani,ITF Men Monastir - SF,2026-09-19 11:00:00,0.27234897605775077,0.7276510239422493,0.3115264797507788,0.7635933806146572,75,2026-09-18 23:29:32,2026-09-18 23:24:16,2026-09-19 11:00:00,3733564105
luo|x|shikhanova|m,luo|x,shikhanova|m,Xi Luo,Marianna Shikhanova,ITF Women Maanshan - R1,2026-09-30 01:30:00,0.7472006482045749,0.25279935179542523,0.7830802603036876,0.29239766081871343,50,2026-09-29 12:20:30,2026-09-29 12:17:37,2026-09-30 01:30:00,3746119085
luo|x|soeda|k,luo|x,soeda|k,Xi Luo,Kanna Soeda,ITF Women Maanshan - R16,2026-10-01 03:32:00,0.959330324301914,0.040669675698085835,0.9775985663082438,0.07272727272727272,50,2026-09-30 13:19:24,2026-09-30 13:08:00,2026-10-01 03:36:29,3747169896
luo|x|son|h,luo|x,son|h,Xi Luo,Ha Yoon Son,ITF Women Maanshan - QF,2026-10-02 02:00:00,0.7392590951470485,0.2607409048529513,0.7752808988764045,0.3003003003003003,75,2026-10-01 09:47:06,2026-10-01 09:46:05,2026-10-02 02:00:00,3748038707
luo|x|zhang|j,luo|x,zhang|j,Xi Luo,Junhan Zhang,ITF Women Maanshan - R1,2026-09-23 03:00:00,0.37677756350854064,0.6232224364914594,0.4098360655737705,0.6551724137931035,150,2026-09-21 12:45:50,2026-09-21 12:44:33,2026-09-23 03:00:00,3737700827
lu|j|shek|c,lu|j,shek|c,Jia-Jing Lu,Cheuk Ying Shek,ITF Women Nanao - R1,2026-09-23 03:00:00,0.8318456785703418,0.16815432142965822,0.8655913978494624,0.20833333333333334,50,2026-09-22 12:47:51,2026-09-22 12:38:50,2026-09-23 03:00:00,3738425058
lu|j|shibahara|e,lu|j,shibahara|e,Jia-Jing Lu,Ena Shibahara,ITF Women Kyoto - SF,2026-09-19 02:09:00,0.4546746571374164,0.5453253428625837,0.48780487804878053,0.5780590717299579,250,2026-09-18 06:40:56,2026-09-18 06:30:11,2026-09-19 02:09:00,3732530889
lu|j|shimizu|e,lu|j,shimizu|e,Jia-Jing Lu,Eri Shimizu,ITF Women Kyoto - QF,2026-09-18 02:10:00,0.6603517231933963,0.33964827680660364,0.6923076923076923,0.373134328358209,250,2026-09-17 10:41:18,2026-09-17 10:41:18,2026-09-18 02:10:00,3731831301
lu|j|shubladze|a,lu|j,shubladze|a,Jia-Jing Lu,Alexandra Shubladze,WTA 125k Jingshan - R16,2026-09-30 03:08:42,0.18889988400419647,0.8111001159958033,0.2136752136752137,0.8336106489184693,200,2026-09-29 15:34:27,2026-09-29 15:29:15,2026-09-30 03:08:42,3746262876
lu|j|yi|q,lu|j,yi|q,Jing-Jing Lu,Qige Yi,ITF Women Maanshan - R1,2026-09-23 06:27:00,0.8820867176746966,0.11791328232530347,0.9024390243902439,0.14184397163120568,350,2026-09-23 00:58:42,2026-09-23 00:58:34,2026-09-23 06:27:00,3738968834
lu|j|yodpetch|k,lu|j,yodpetch|k,Jia-Jing Lu,Kamonwan Yodpetch,ITF Women Kyoto - R16,2026-09-17 01:00:00,0.7159186984101645,0.2840813015898354,0.7435897435897436,0.31347962382445144,350,2026-09-16 19:13:15,2026-09-16 19:05:52,2026-09-17 02:00:00,3731314068
lu|j|zhou|a,lu|j,zhou|a,Jia Hu / Hanlei Lu,Aoran Wang / Yi Zhou,ATP Chengdu Open - Doubles,2026-09-25 07:00:00,0.08019736819322874,0.9198026318067712,0.11001100110011001,0.9420625724217844,100,2026-09-24 16:21:32,2026-09-24 16:17:36,2026-09-25 07:00:00,3740552275
lys|e|podoroska|n,lys|e,podoroska|n,Eva Lys,Nadia Podoroska,WTA Sao Paulo - R16,2026-09-17 21:40:00,0.6557495911202422,0.34425040887975783,0.6721311475409836,0.36101083032490977,250,2026-09-17 08:27:18,2026-09-17 08:21:50,2026-09-17 20:55:54,3731711960
lys|e|ruse|e,lys|e,ruse|e,Eva Lys,Elena-Gabriela Ruse,WTA Seoul - R1,2026-09-22 03:00:00,0.41810189308062373,0.5818981069193763,0.4347826086956522,0.5983935742971888,250,2026-09-20 17:50:22,2026-09-20 17:48:33,2026-09-22 03:00:00,3737051789
lys|e|sun|x,lys|e,sun|x,Eva Lys,Xinran Sun,WTA Beijing - R1,2026-10-01 11:00:00,0.69674583357637,0.30325416642362996,0.7134670487106016,0.3205128205128205,250,2026-09-29 09:23:41,2026-09-29 09:11:38,2026-10-01 11:00:00,3745932038
macias|f|soares|g,macias|f,soares|g,Fernanda Regalado Macias,Gabriela Guapindaia Soares,ITF Women Belem - R1,2026-09-23 22:38:02,0.5830850429249297,0.4169149570750702,0.6197718631178707,0.45454545454545453,50,2026-09-23 03:48:03,2026-09-23 03:44:39,2026-09-23 22:38:02,3739052198
madaras|d|mecarelli|m,madaras|d,mecarelli|m,Dragos Nicolae Madaras,Michele Mecarelli,ITF Men Telavi - QF,2026-10-01 06:41:53,0.7613597244180913,0.2386402755819091,0.7971602434077079,0.2785515320334262,75,2026-09-25 23:38:37,2026-09-25 23:36:25,2026-10-01 06:41:53,3741870990
madaras|d|sabbatini|m,madaras|d,sabbatini|m,Dragos Nicolae Madaras,Matteo Sabbatini,ITF Men Telavi - R16,2026-09-24 08:00:00,0.9564256096083191,0.04357439039168082,0.9754601226993865,0.07621951219512195,50,2026-09-24 01:53:00,2026-09-24 01:45:00,2026-09-24 08:00:00,3740048348
maduzzi|g|serban|r,maduzzi|g,serban|r,Gaia Maduzzi,Raluca Georgiana Serban,ITF Women Plovdiv - R1,2026-09-23 06:30:00,0.5458413105948081,0.45415868940519166,0.574468085106383,0.48309178743961345,350,2026-09-23 00:58:42,2026-09-23 00:58:34,2026-09-23 06:30:00,3738973912
maestrelli|f|wayenburg|s,maestrelli|f,wayenburg|s,Francesco Maestrelli,Sascha Gueymard Wayenburg,ATP Challenger Rennes - QF,2026-09-18 19:31:44,0.4190415477641324,0.5809584522358677,0.4366812227074236,0.5983935742971888,250,2026-09-17 17:51:39,2026-09-17 17:51:39,2026-09-18 19:31:44,3732178660
magadan|l|phillips|r,magadan|l,phillips|r,Luis Carlos Alvarez / Alan Magadan,Richard Mallory / Daniel Phillips,Davis Cup - Doubles,2026-09-20 13:00:00,0.8876504359211939,0.11234956407880618,0.9111111111111111,0.14104372355430184,450,2026-09-20 10:01:15,2026-09-20 10:01:15,2026-09-20 13:00:00,3736045629
maguire|c|parisca|i,maguire|c,parisca|i,Cian Maguire,Ignacio Parisca,ITF Men Sabadell - R1,2026-09-23 10:00:00,0.037500352785075464,0.9624996472149246,0.06406149903907751,0.9783033195921024,100,2026-09-23 02:47:33,2026-09-23 02:47:33,2026-09-23 10:00:00,3739028345
mair|l|toneva|e,mair|l,toneva|e,Laura Mair,Eleonora Toneva,ITF Women Plovdiv - R1,2026-09-22 09:30:00,0.9844743873113667,0.015525612688633244,0.9932487172562787,0.03529827038475115,150,2026-09-21 21:19:37,2026-09-21 21:18:47,2026-09-22 09:30:00,3737965727
mair|l|yaneva|e,mair|l,yaneva|e,Laura Mair,Elizara Yaneva,ITF Women Plovdiv - R16,2026-09-24 09:00:00,0.06143810339165132,0.9385618966083488,0.09689922480620154,0.9615975422427036,50,2026-09-23 23:47:04,2026-09-23 23:37:30,2026-09-24 08:50:17,3739977495
majchrzak|k|minaur|a,majchrzak|k,minaur|a,Kamil Majchrzak,Alex De Minaur,Davis Cup World - Group 1,2026-09-20 05:12:44,0.22455243946779407,0.7754475605322059,0.24213075060532688,0.7920997920997921,250,2026-09-19 14:27:29,2026-09-19 14:27:09,2026-09-20 05:59:00,3734519374
majchrzak|k|sonego|l,majchrzak|k,sonego|l,Kamil Majchrzak,Lorenzo Sonego,ATP Tokyo - Qualifiers,2026-09-28 08:59:00,0.5771195288166748,0.4228804711833253,0.5983935742971888,0.4444444444444444,250,2026-09-27 23:29:27,2026-09-27 23:28:38,2026-09-28 08:59:00,3745162094
makhlouf|m|martin|t,makhlouf|m,martin|t,Mohamed Nazim Makhlouf,Toby Martin,ITF Men Monastir - R16,2026-09-24 11:00:00,0.27337292201160796,0.726627077988392,0.3076923076923077,0.7584541062801933,225,2026-09-24 00:37:45,2026-09-24 00:33:24,2026-09-24 11:00:00,3740011137
makhlouf|m|rahmani|k,makhlouf|m,rahmani|k,Mohamed Nazim Makhlouf,Kasra Rahmani,ITF Men Monastir - QF,2026-09-18 11:00:00,0.11369120342466969,0.8863087965753305,0.1529051987767584,0.9164578111946533,75,2026-09-18 01:38:45,2026-09-18 01:38:45,2026-09-18 11:00:00,3732438341
makhlouf|m|robert|n,makhlouf|m,robert|n,Mohamed Nazim Makhlouf,Nicolas Robert,ITF Men Monastir - R1,2026-09-23 10:28:32,0.3454459705315601,0.65455402946844,0.38314176245210724,0.6904024767801857,50,2026-09-23 05:41:44,2026-09-23 05:35:55,2026-09-23 10:28:32,3739092508
makhlouf|m|turker|m,makhlouf|m,turker|m,Mohamed Nazim Makhlouf,Mert Naci Turker,ITF Men Monastir - R1,2026-09-30 09:30:00,0.35938201928706714,0.640617980712933,0.3921568627450981,0.6721311475409836,225,2026-09-30 01:44:03,2026-09-30 01:33:18,2026-09-30 09:30:00,3746762444
makk|p|tessa|l,makk|p,tessa|l,Peter Makk,Louis Tessa,ITF Men Monastir - R1,2026-09-23 08:46:11,0.9120357104918392,0.08796428950816056,0.9393571861734386,0.12594458438287154,50,2026-09-23 05:41:44,2026-09-23 05:35:55,2026-09-23 08:46:11,3739092395
malaszszak|m|zhao|z,malaszszak|m,zhao|z,Markus Malaszszak,Zhao Zhao,ITF Men Luan - R1,2026-09-29 06:15:00,0.5870650840150483,0.4129349159849518,0.6197718631178707,0.4464285714285714,100,2026-09-28 14:49:04,2026-09-28 14:43:46,2026-09-29 06:15:00,3745509591
malmkjaer|e|paskauskas|k,malmkjaer|e,paskauskas|k,Emma Kamper Malmkjaer,Kristina Paskauskas,ITF Women Nashville - R16,2026-10-01 15:00:00,0.5921637006982817,0.40783629930171833,0.6240601503759399,0.44052863436123346,150,2026-10-01 00:33:09,2026-10-01 00:27:21,2026-10-01 15:00:00,3747760527
maloney|e|mdlulwa|w,maloney|e,mdlulwa|w,Eliz Maloney,Wozuko Mdlulwa,ITF Women Monastir - R16,2026-09-24 11:00:00,0.7187304324744086,0.28126956752559146,0.7549019607843137,0.3205128205128205,50,2026-09-23 23:47:04,2026-09-23 23:43:27,2026-09-24 08:46:41,3739980595
maloney|p|marcondes|i,maloney|p,marcondes|i,Patrick Maloney,Igor Marcondes,ATP Challenger San Diego - R16,2026-09-23 19:00:00,0.418681155258392,0.581318844741608,0.4424778761061947,0.6047430830039526,150,2026-09-23 07:39:59,2026-09-23 07:37:21,2026-09-23 18:10:59,3739159911
maloney|p|mmoh|m,maloney|p,mmoh|m,Patrick Maloney,Michael Mmoh,ATP Challenger Tiburon - R16,2026-09-16 20:00:00,0.23444912171054422,0.7655508782894558,0.2518891687657431,0.7821350762527233,2525,2026-09-16 19:13:15,2026-09-16 19:01:39,2026-09-16 21:00:00,3731300155
maloney|p|shick|b,maloney|p,shick|b,Patrick Maloney,Braden Shick,ATP Challenger San Diego - R1,2026-09-21 21:52:16,0.3239006172634166,0.6760993827365833,0.3484320557491289,0.6996996996996997,150,2026-09-21 12:29:34,2026-09-21 12:29:28,2026-09-21 21:52:16,3737691119
malygina|e|swan|k,malygina|e,swan|k,Elena Malygina,Katie Swan,ITF Women Quinta Do Lago - R16,2026-10-01 10:00:00,0.1921318470219262,0.8078681529780739,0.22727272727272727,0.8387096774193549,225,2026-10-01 00:33:09,2026-10-01 00:27:21,2026-10-01 09:12:19,3747760192
malygina|e|vandromme|j,malygina|e,vandromme|j,Elena Malygina,Jeline Vandromme,WTA 125k Caldas Da Rainha - R16,2026-09-17 12:00:00,0.10536191710542037,0.8946380828945792,0.1364256480218281,0.9192897497982244,200,2026-09-16 23:39:23,2026-09-16 23:39:23,2026-09-17 11:13:03,3731491871
maneiro|j|muchova|k,maneiro|j,muchova|k,Jessica Bouzas Maneiro,Karolina Muchova,Billie Jean King Cup - Finals,2026-09-25 09:05:00,0.14289389251420792,0.8571061074857922,0.1597444089456869,0.8724489795918368,400,2026-09-25 08:59:29,2026-09-25 08:54:51,2026-09-25 09:05:00,3741064415
maneiro|j|tian|f,maneiro|j,tian|f,Jessica Bouzas Maneiro,Fangran Tian,WTA 125k Jingshan - R1,2026-09-29 12:30:00,0.8288470290054424,0.17115297099455765,0.8511904761904762,0.19607843137254904,200,2026-09-27 13:16:37,2026-09-27 13:09:54,2026-09-29 11:16:09,3744276595
maneiro|j|wang|y,maneiro|j,wang|y,Jessica Bouzas Maneiro,Yuhan Wang,WTA 125k Jingshan - R16,2026-10-01 07:30:00,0.9348259712259653,0.06517402877403482,0.954975236380009,0.09345794392523366,200,2026-09-30 15:21:36,2026-09-30 15:21:36,2026-10-01 06:43:56,3747282170
manescu|t|tran|l,manescu|t,tran|l,Tina Manescu,Lian Tran,ITF Women Reims - R1,2026-09-30 08:00:00,0.3483574232451934,0.6516425767548066,0.38167938931297707,0.6835443037974683,225,2026-09-30 00:23:26,2026-09-30 00:17:47,2026-09-30 08:00:00,3746734573
mannarino|a|shang|j,mannarino|a,shang|j,Adrian Mannarino,Juncheng Shang,ATP Chengdu Open - R1,2026-09-24 09:45:00,0.31860888423375516,0.6813911157662449,0.33557046979865773,0.6978851963746223,250,2026-09-22 09:22:06,2026-09-22 09:18:23,2026-09-24 09:04:11,3738252659
mannarino|a|shapovalov|d,mannarino|a,shapovalov|d,Adrian Mannarino,Denis Shapovalov,ATP Chengdu Open - QF,2026-09-27 09:00:00,0.28624493638481135,0.7137550636151887,0.30120481927710846,0.7282608695652174,400,2026-09-25 15:26:18,2026-09-25 15:22:58,2026-09-27 08:44:34,3741348660
mannarino|a|tabilo|a,mannarino|a,tabilo|a,Adrian Mannarino,Alejandro Tabilo,ATP Chengdu Open - R16,2026-09-25 07:30:00,0.3437013653626503,0.6562986346373498,0.36101083032490977,0.673202614379085,325,2026-09-24 14:34:50,2026-09-24 14:28:28,2026-09-25 06:30:00,3740479595
mano|a|nijboer|r,mano|a,nijboer|r,Alejandro Juan Mano,Ryan Nijboer,ATP Challenger Genoa - Qualifiers,2026-09-21 11:00:00,0.2986592658012612,0.7013407341987388,0.3278688524590164,0.7289972899728998,75,2026-09-21 00:25:23,2026-09-21 00:24:49,2026-09-21 10:14:41,3737462091
mano|a|passaro|f,mano|a,passaro|f,Alejandro Juan Mano,Francesco Passaro,ATP Challenger Genoa - R1,2026-09-22 16:30:00,0.13965783849809404,0.8603421615019059,0.16666666666666666,0.8835855646100117,75,2026-09-22 07:57:02,2026-09-22 07:52:01,2026-09-22 15:45:27,3738194378
manukyan|v|monzon|i,manukyan|v,monzon|i,Vardan Manukyan,Ignacio Monzon,ITF Men Tsaghkadzor - R16,2026-09-17 09:49:29,0.2007870051570561,0.799212994842944,0.23584905660377356,0.830220713073005,225,2026-09-17 00:58:06,2026-09-17 00:48:49,2026-09-17 09:49:29,3731529692
manzano|j|neumayer|l,manzano|j,neumayer|l,Juan Cruz Martin Manzano,Lukas Neumayer,ATP Challenger Genoa - R16,2026-09-23 19:00:00,0.24338422982882818,0.7566157701711719,0.2680965147453083,0.7797356828193832,150,2026-09-22 16:56:32,2026-09-22 16:55:27,2026-09-23 19:00:00,3738628765
manzano|j|pieri|s,manzano|j,pieri|s,Juan Cruz Martin Manzano,Samuele Pieri,ATP Challenger Genoa - R1,2026-09-21 18:42:25,0.5494663621811026,0.4505336378188974,0.5726495726495727,0.4739336492890995,150,2026-09-21 08:26:52,2026-09-21 08:26:52,2026-09-21 19:30:00,3737581627
manzano|j|sciahbasi|m,manzano|j,sciahbasi|m,Juan Cruz Martin Manzano,Matteo Sciahbasi,ATP Challenger Bari - R1,2026-09-28 11:51:27,0.7631133493994046,0.23688665060059524,0.7863247863247863,0.2617801047120419,150,2026-09-27 23:43:39,2026-09-27 23:38:58,2026-09-28 11:51:27,3745172049
maquet|m|yaneva|e,maquet|m,yaneva|e,Margaux Maquet,Elizara Yaneva,ITF Women Plovdiv - R1,2026-09-23 08:00:00,0.15162843040830687,0.8483715695916932,0.18656716417910446,0.8777506112469436,150,2026-09-22 14:20:58,2026-09-22 14:09:26,2026-09-23 08:00:00,3738501920
marcu|t|popa|g,marcu|t,popa|g,Thea Marcu,Giulia Safina Popa,ITF Women Constanta - R16,2026-09-24 08:48:13,0.07213825518501898,0.927861744814981,0.1088139281828074,0.9528301886792453,50,2026-09-23 22:52:47,2026-09-23 22:52:12,2026-09-24 08:48:13,3739953686
marcu|t|traysta|a,marcu|t,traysta|a,Thea Marcu,Alla Traysta,ITF Women Constanta - R1,2026-09-22 12:00:00,0.8928809356327024,0.10711906436729716,0.9192897497982244,0.14084507042253522,100,2026-09-21 21:04:55,2026-09-21 21:02:38,2026-09-22 12:00:00,3737959829
marek|w|vasa|e,marek|w,vasa|e,Wojciech Marek,Eero Vasa,ITF Men Falun - QF,2026-09-24 12:00:00,0.3209304922471921,0.679069507752808,0.35460992907801414,0.7109826589595376,150,2026-09-24 00:37:45,2026-09-24 00:33:24,2026-09-24 12:00:00,3740010638
marek|w|vasa|i,marek|w,vasa|i,Wojciech Marek,Iiro Vasa,ITF Men Falun - R16,2026-09-23 13:47:55,0.5064665987129028,0.49353340128709705,0.5433789954337899,0.5305164319248826,50,2026-09-23 02:59:58,2026-09-23 02:59:22,2026-09-23 13:47:55,3739031717
mariani|m|medvedeva|m,mariani|m,medvedeva|m,Matilde Mariani,Miroslava Medvedeva,ITF Women Monastir - QF,2026-09-18 11:00:00,0.8816882796136232,0.1183117203863768,0.9122807017543859,0.15772870662460567,75,2026-09-17 20:23:35,2026-09-17 20:23:35,2026-09-18 08:45:41,3732326585
mariani|m|mi|l,mariani|m,mi|l,Matilde Mariani,Lan Mi,ITF Women Monastir - SF,2026-09-19 14:09:38,0.24447266481758653,0.7555273351824134,0.2840909090909091,0.791231732776618,75,2026-09-18 21:39:16,2026-09-18 21:35:50,2026-09-19 14:09:38,3733519511
mariani|m|sanchez|m,mariani|m,sanchez|m,Matilde Mariani,Maria Oliver Sanchez,ITF Women Monastir - R16,2026-09-17 08:30:00,0.44361774451841496,0.556382255481585,0.47619047619047616,0.5884773662551441,225,2026-09-17 02:38:53,2026-09-17 02:38:53,2026-09-17 08:30:00,3731589370
maria|t|ma|l,maria|t,ma|l,Tatjana Maria,Lea Ma,ITF Women Templeton - R16,2026-10-01 17:00:00,0.8429652283820022,0.15703477161799817,0.8762376237623763,0.1972386587771203,50,2026-10-01 08:17:30,2026-10-01 08:15:29,2026-10-01 17:00:00,3747970621
maric|d|mazzola|a,maric|d,mazzola|a,Dunja Maric,Alessandra Mazzola,ITF Women Plovdiv - R16,2026-09-24 07:11:18,0.4913767461894386,0.5086232538105614,0.5283018867924528,0.5454545454545454,50,2026-09-23 23:47:04,2026-09-23 23:37:30,2026-09-24 07:11:18,3739977742
maric|d|simionescu|d,maric|d,simionescu|d,Dunja Maric,Diana-Ioana Simionescu,ITF Women Plovdiv - R1,2026-09-23 06:30:00,0.6827269905380758,0.31727300946192416,0.7101449275362319,0.34602076124567477,350,2026-09-23 00:58:42,2026-09-23 00:58:34,2026-09-23 06:30:00,3738973912
marino|p|mikovic|m,marino|p,mikovic|m,Pietro Marino,Mak Mikovic,ITF Men Sibenik - R1,2026-09-30 09:30:00,0.7575360185737416,0.2424639814262583,0.7890295358649789,0.2770083102493075,150,2026-09-30 01:44:03,2026-09-30 01:42:20,2026-09-30 09:30:00,3746766056
marino|p|navarro|p,marino|p,navarro|p,Pietro Marino,Pablo Perez Navarro,ITF Men Melilla - R16,2026-09-17 08:00:00,0.5321840788372567,0.46781592116274323,0.5689655172413793,0.504950495049505,50,2026-09-16 23:39:23,2026-09-16 23:39:23,2026-09-17 08:00:00,3731493494
marino|p|primucci|l,marino|p,primucci|l,Pietro Marino,Leonardo Primucci,ITF Men Santa Margherita di Pula - R1,2026-09-22 09:36:30,0.6842371152383656,0.31576288476163444,0.7206703910614525,0.35460992907801414,50,2026-09-21 21:37:05,2026-09-21 21:32:52,2026-09-22 09:30:00,3737968375
marino|p|rapagnetta|d,marino|p,rapagnetta|d,Pietro Marino,Daniele Rapagnetta,ITF Men Melilla - Final,2026-09-20 08:00:00,0.22873435296570901,0.7712656470342911,0.26881720430107525,0.806949806949807,75,2026-09-19 11:18:12,2026-09-19 11:10:58,2026-09-20 08:00:00,3734047843
marino|p|sheyngezikht|l,marino|p,sheyngezikht|l,Pietro Marino,Leonid Sheyngezikht,ITF Men Melilla - QF,2026-09-18 08:41:46,0.6266458214537232,0.37335417854627684,0.6632996632996633,0.41152263374485604,75,2026-09-17 19:56:25,2026-09-17 19:56:10,2026-09-18 10:00:00,3732310485
marino|p|vanshelboim|e,marino|p,vanshelboim|e,Pietro Marino,Eric Vanshelboim,ITF Men Santa Margherita di Pula - R16,2026-09-23 09:00:00,0.29078083476967814,0.7092191652303219,0.3246753246753247,0.7409326424870467,150,2026-09-23 02:47:33,2026-09-23 02:47:33,2026-09-23 09:00:00,3739028345
markovina|d|niedner|n,markovina|d,niedner|n,Duje Markovina,Neo Niedner,ITF Men Fayetteville - R1,2026-09-30 19:51:20,0.48921912813801266,0.5107808718619873,0.5260663507109005,0.5475113122171946,50,2026-09-30 15:21:36,2026-09-30 15:21:36,2026-09-30 19:51:20,3747280235
marmousez|l|navarro|b,marmousez|l,navarro|b,Lilian Marmousez,Bruno Pujol Navarro,ITF Men Sabadell - R16,2026-09-24 10:00:00,0.9432233895139018,0.056776610486098195,0.9631811487481591,0.08658008658008658,225,2026-09-24 00:37:45,2026-09-24 00:28:58,2026-09-24 10:00:00,3740007429
marmousez|l|reyniak|m,marmousez|l,reyniak|m,Lilian Marmousez,Matias Reyniak,ITF Men Sabadell - R1,2026-09-23 10:00:00,0.9329370945938174,0.0670629054061827,0.9570262140094542,0.10319917440660475,50,2026-09-23 02:47:33,2026-09-23 02:44:15,2026-09-23 10:00:00,3739025143
marques|d|murgett|f,marques|d,murgett|f,Diogo Marques,Finn Murgett,ITF Men Setubal - R1,2026-09-23 11:00:00,0.2411050040040597,0.7588949959959405,0.2808988764044944,0.7946611909650925,50,2026-09-22 12:29:34,2026-09-22 12:23:45,2026-09-23 11:00:00,3738411126
marques|g|nesterov|p,marques|g,nesterov|p,Goncalo Marques,Petr Nesterov,ATP Challenger Porto - R1,2026-09-29 10:10:00,0.3303097366932832,0.6696902633067168,0.34965034965034963,0.6884735202492213,150,2026-09-29 02:02:52,2026-09-29 01:53:42,2026-09-29 10:10:00,3745776928
marques|g|sanchis|d,marques|g,sanchis|d,Goncalo Marques,David Jorda Sanchis,ATP Challenger Porto - R16,2026-10-01 10:08:40,0.4235573183121927,0.5764426816878074,0.4424778761061947,0.5951417004048584,200,2026-09-29 16:49:38,2026-09-29 16:44:43,2026-10-01 10:08:40,3746331701
martineau|m|masur|d,martineau|m,masur|d,Matteo Martineau,Daniel Masur,ATP Challenger St Tropez - R16,2026-09-24 10:00:00,0.5,0.5,0.5192307692307692,0.5192307692307692,200,2026-09-23 15:54:35,2026-09-23 15:49:29,2026-09-24 10:00:00,3739638036
martineau|m|schoolkate|t,martineau|m,schoolkate|t,Matteo Martineau,Tristan Schoolkate,ATP Challenger St Tropez - R1,2026-09-22 14:28:11,0.3081035087240121,0.6918964912759878,0.3278688524590164,0.7109826589595376,150,2026-09-22 03:24:37,2026-09-22 03:20:06,2026-09-22 12:30:00,3738082594
martineau|m|tabur|c,martineau|m,tabur|c,Matteo Martineau,Clement Tabur,ATP Challenger Mouilleron-Le-Captif - R1,2026-09-28 19:30:00,0.3577184822796116,0.6422815177203883,0.38167938931297707,0.6655518394648829,150,2026-09-27 16:15:28,2026-09-27 16:14:17,2026-09-28 20:30:00,3744671695
martinez|p|ribeiro|e,martinez|p,ribeiro|e,Pedro Martinez,Eduardo Ribeiro,ATP Challenger Buenos Aires - R1,2026-09-22 18:00:00,0.8434725244444514,0.15652747555554858,0.8673740053050397,0.1838235294117647,75,2026-09-22 08:13:36,2026-09-22 08:07:02,2026-09-22 19:00:00,3738202238
martinez|t|ross|j,martinez|t,ross|j,Tomas Martinez,Jackson Ross,ATP Challenger Buenos Aires - Qualifiers,2026-09-20 14:50:00,0.9284893370233293,0.07151066297667089,0.9521072796934866,0.10548523206751054,50,2026-09-20 07:57:32,2026-09-20 07:48:36,2026-09-20 14:50:00,3735903559
martinez|z|rocca|m,martinez|z,rocca|m,Zaira Abigail Martinez,Maria Sofia Madrid Rocca,ITF Women Trelew - R1,2026-09-29 15:26:02,0.03045929663086178,0.9695407033691383,0.05537098560354375,0.9834409670475244,100,2026-09-29 05:35:35,2026-09-29 05:35:35,2026-09-29 15:26:02,3745836846
martin|a|okonkwo|o,martin|a,okonkwo|o,Andres Martin,Oliver Okonkwo,ATP Challenger Columbus - Qualifiers,2026-09-27 15:56:49,0.7806916219353265,0.21930837806467354,0.8080614203454896,0.24937655860349128,75,2026-09-27 09:20:47,2026-09-27 09:19:29,2026-09-27 15:56:49,3743980403
martin|a|pieri|s,martin|a,pieri|s,Andrej Martin,Samuele Pieri,ATP Challenger Bari - R1,2026-09-29 14:30:00,0.44961353216888644,0.5503864678311137,0.4739336492890995,0.574468085106383,150,2026-09-28 17:42:14,2026-09-28 17:35:27,2026-09-29 14:30:00,3745600804
marton|i|webster|s,marton|i,webster|s,Isabella Marton,Sophia Webster,ITF Women Nashville - R1,2026-09-29 18:19:00,0.5514959142282191,0.44850408577178086,0.5833333333333333,0.4807692307692307,225,2026-09-29 07:00:13,2026-09-29 06:58:36,2026-09-29 18:24:00,3745867528
martynov|d|ramirez|e,martynov|d,ramirez|e,Diana Martynov,Evita Ramirez,ITF Women Reims - R1,2026-09-30 08:00:00,0.9341693989380508,0.06583060106194923,0.9556737588652482,0.09671179883945842,150,2026-09-30 00:23:26,2026-09-30 00:17:47,2026-09-30 09:00:00,3746734413
martynov|d|siskova|a,martynov|d,siskova|a,Diana Martynov,Anna Siskova,ITF Women Le Neubourg - QF,2026-09-18 10:00:00,0.11981496111561175,0.8801850388843883,0.15408320493066255,0.9076638965835642,250,2026-09-17 20:23:35,2026-09-17 20:23:35,2026-09-18 10:00:00,3732328557
martynov|d|tran|l,martynov|d,tran|l,Diana Martynov,Lian Tran,ITF Women Reims - R16,2026-10-01 10:00:00,0.6211596153016073,0.37884038469839265,0.6527777777777778,0.41152263374485604,225,2026-10-01 00:33:09,2026-10-01 00:27:21,2026-10-01 09:12:22,3747760527
martynov|d|vlasselaer|c,martynov|d,vlasselaer|c,Diana Martynov,Clara Vlasselaer,ITF Women Le Neubourg - R16,2026-09-17 09:15:05,0.5696111488487808,0.4303888511512188,0.601593625498008,0.4629629629629629,300,2026-09-16 19:13:15,2026-09-16 19:01:39,2026-09-17 09:15:05,3731276131
maruca|m|moyano|l,maruca|m,moyano|l,Melina Maria Maruca,Luciana Moyano,ITF Women Trelew - R1,2026-09-30 14:00:00,0.02541861489880513,0.9745813851011949,0.05341880341880342,0.9880895664602191,50,2026-09-29 23:44:51,2026-09-29 23:43:52,2026-09-30 14:00:00,3746722525
masarova|r|reales|g,masarova|r,reales|g,Rebeka Masarova,Guiomar Maristany Zuleta De Reales,WTA 125k Tolentino - QF,2026-09-25 10:30:00,0.5423142091883913,0.4576857908116087,0.5652173913043479,0.4807692307692307,200,2026-09-24 17:08:43,2026-09-24 16:59:26,2026-09-25 11:30:00,3740587309
masarova|r|serban|i,masarova|r,serban|i,Rebeka Masarova,Isabella Maria Serban,WTA 125k Tolentino - R16,2026-09-23 10:00:00,0.8838441031417992,0.11615589685820073,0.9076638965835642,0.14513788098693758,200,2026-09-22 16:25:59,2026-09-22 16:25:16,2026-09-23 10:00:00,3738599556
masarova|r|zaar|l,masarova|r,zaar|l,Rebeka Masarova,Lisa Zaar,WTA 125k Tolentino - R1,2026-09-22 09:30:00,0.7475608727578338,0.25243912724216644,0.7706422018348623,0.2770083102493075,200,2026-09-22 01:34:39,2026-09-22 01:34:25,2026-09-22 09:30:00,3738039640
mashtakov|n|mrva|m,mashtakov|n,mrva|m,Nikita Mashtakov,Maxim Mrva,ATP Challenger Plovdiv - R1,2026-09-22 10:23:00,0.27283209274014997,0.72716790725985,0.2976190476190476,0.7506234413965087,150,2026-09-21 17:56:24,2026-09-21 17:46:24,2026-09-22 10:25:52,3737859995
mashtakov|n|tsitsipas|p,mashtakov|n,tsitsipas|p,Nikita Mashtakov,Pavlos Tsitsipas,ATP Challenger Plovdiv - Qualifiers,2026-09-21 10:00:00,0.873881103188468,0.12611889681153207,0.9017681728880158,0.16051364365971107,50,2026-09-20 19:39:01,2026-09-20 19:38:03,2026-09-21 11:00:00,3737228712
mashtakov|n|ujvary|m,mashtakov|n,ujvary|m,Nikita Mashtakov,Matthias Ujvary,ITF Men Sibenik - R16,2026-10-01 08:00:00,0.8241136101821397,0.17588638981786064,0.8544395924308589,0.21097046413502107,150,2026-09-30 23:57:06,2026-09-30 23:57:06,2026-10-01 08:00:00,3747750948
mashtakov|n|weis|a,mashtakov|n,weis|a,Nikita Mashtakov,Alexander Weis,ATP Challenger Plovdiv - Qualifiers,2026-09-20 13:30:00,0.48435971133565614,0.5156402886643439,0.5121951219512195,0.5433789954337899,75,2026-09-20 01:31:56,2026-09-20 01:31:14,2026-09-20 12:41:34,3735715978
massard|l|raynel|a,massard|l,raynel|a,Loann Massard,Amaury Raynel,ITF Men Nevers - R16,2026-09-17 10:42:42,0.6318250744611561,0.36817492553884396,0.6551724137931035,0.3921568627450981,350,2026-09-16 19:13:15,2026-09-16 19:01:39,2026-09-17 10:42:42,3731272272
masur|d|rossi|l,masur|d,rossi|l,Daniel Masur,Leonardo Rossi,ATP Challenger St Tropez - Qualifiers,2026-09-20 11:20:00,0.7157295480414679,0.2842704519585321,0.7389033942558746,0.30864197530864196,100,2026-09-20 02:27:54,2026-09-20 02:16:32,2026-09-20 11:22:05,3735747519
matias|m|podrez|v,matias|m,podrez|v,Madalena Matias,Veronika Podrez,WTA 125K Porto - R1,2026-09-22 17:00:00,0.017097572952123143,0.9829024270478769,0.04640371229698376,0.9938202941539983,200,2026-09-22 15:31:18,2026-09-22 15:24:53,2026-09-22 15:34:22,3738562672
matos|o|stricker|j,matos|o,stricker|j,Orlando Luz / Rafael Matos,Jakub Paul / Dominic Stephan Stricker,Davis Cup - Doubles,2026-09-19 19:00:00,0.6768278107819636,0.3231721892180365,0.7067448680351905,0.35460992907801414,125,2026-09-19 09:50:18,2026-09-19 09:47:16,2026-09-19 19:00:00,3733936815
matoula|m|podrez|v,matoula|m,podrez|v,Martha Matoula,Veronika Podrez,ITF Women Le Neubourg - QF,2026-09-18 16:30:00,0.24386406944159753,0.7561359305584024,0.28328611898017,0.7916666666666667,75,2026-09-18 13:44:09,2026-09-18 13:40:52,2026-09-18 16:30:00,3732810060
matsuda|k|saitoh|k,matsuda|k,saitoh|k,Koki Matsuda,Keisuke Saitoh,ATP Challenger Jingshan - Qualifiers,2026-09-28 06:30:00,0.4886304879179552,0.5113695120820447,0.5121951219512195,0.5348837209302326,100,2026-09-27 23:55:53,2026-09-27 23:53:03,2026-09-28 06:30:00,3745178507
matsuda|r|ogura|k,matsuda|r,ogura|k,Ryuki Matsuda,Kosuke Ogura,ITF Men Luan - QF,2026-10-02 04:00:00,0.6405926181859136,0.3594073818140865,0.6763754045307443,0.3968253968253968,75,2026-10-01 09:47:06,2026-10-01 09:46:05,2026-10-02 04:00:00,3748040092
matsuda|r|shao|z,matsuda|r,shao|z,Ryuki Matsuda,Zichen Shao,ITF Men Luan - R1,2026-09-29 07:15:00,0.8355742195292415,0.16442578047075848,0.8655913978494624,0.1996007984031936,150,2026-09-28 14:49:04,2026-09-28 14:47:23,2026-09-29 07:15:00,3745511949
matsuda|r|yamazaki|i,matsuda|r,yamazaki|i,Rinko Matsuda,Ikumi Yamazaki,ITF Women Nanao - R1,2026-09-22 08:26:00,0.6314412628922,0.3685587371078,0.6632996632996633,0.4016064257028112,100,2026-09-21 16:28:27,2026-09-21 16:28:19,2026-09-22 07:38:38,3737815361
matsuoka|h|weber|a,matsuoka|h,weber|a,Hayato Matsuoka,Arthur Weber,ATP Hangzhou - Qualifiers,2026-09-22 06:00:00,0.6594216350243918,0.3405783649756082,0.6805111821086262,0.3623188405797102,250,2026-09-21 23:58:53,2026-09-21 23:52:10,2026-09-22 05:52:34,3738007370
mattel|m|siskova|v,mattel|m,siskova|v,Mariana Drazic / Marie Mattel,Viktoria Hruncakova / Anna Siskova,WTA 125K Adana - Doubles,2026-09-29 13:10:00,0.17072221626378906,0.8292777837362107,0.2159827213822894,0.8666666666666667,100,2026-09-28 17:19:44,2026-09-28 17:19:43,2026-09-29 13:10:00,3745591999
mattioli|f|nijkamp|r,mattioli|f,nijkamp|r,Francesca Mattioli,Rose Marie Nijkamp,ITF Women Nashville - R16,2026-10-01 15:00:00,0.3097459348896925,0.6902540651103076,0.3436426116838488,0.7222222222222222,150,2026-10-01 00:33:09,2026-10-01 00:27:21,2026-10-01 15:00:00,3747760773
matusevich|a|schoolkate|t,matusevich|a,schoolkate|t,Anton Matusevich,Tristan Schoolkate,ATP Challenger Rennes - R16,2026-09-17 09:17:00,0.4552448263735769,0.5447551736264232,0.4739336492890995,0.5633187772925764,200,2026-09-16 23:39:23,2026-09-16 23:39:23,2026-09-17 09:17:00,3731493494
mavracic|m|ujvary|m,mavracic|m,ujvary|m,Mauro Mavracic,Matthias Ujvary,ITF Men Sibenik - R1,2026-09-29 10:02:26,0.11167010503412328,0.8883298949658767,0.15082956259426847,0.9183006535947712,50,2026-09-29 01:45:04,2026-09-29 01:38:35,2026-09-29 10:02:26,3745773591
maxted|l|penzlin|j,maxted|l,penzlin|j,Lui Maxted,Julien Penzlin,ITF Men Sintra - R16,2026-09-17 11:01:40,0.8420738300573981,0.15792616994260164,0.8753117206982542,0.19801980198019803,50,2026-09-16 23:16:19,2026-09-16 23:13:04,2026-09-17 11:01:40,3731474280
maxted|l|potenza|l,maxted|l,potenza|l,Lui Maxted,Luca Potenza,ATP Challenger Porto - Qualifiers,2026-09-28 12:00:00,0.5947899023670464,0.40521009763295357,0.6183206106870228,0.4291845493562232,100,2026-09-28 01:43:49,2026-09-28 01:38:52,2026-09-28 11:39:47,3745226196
maxted|l|rocha|f,maxted|l,rocha|f,Lui Maxted,Francisco Rocha,ATP Challenger Porto - Qualifiers,2026-09-27 17:42:07,0.725326168526109,0.27467383147389113,0.7487437185929648,0.29940119760479045,100,2026-09-26 23:50:41,2026-09-26 23:49:58,2026-09-27 17:42:07,3743621626
maxted|l|stice|t,maxted|l,stice|t,Lui Maxted,Tyler Stice,ITF Men Setubal - R16,2026-09-24 12:00:00,0.8860644109265395,0.11393558907346062,0.9130434782608695,0.14792899408284024,225,2026-09-24 00:37:45,2026-09-24 00:22:48,2026-09-24 11:00:03,3740004364
maxted|l|tabacco|f,maxted|l,tabacco|f,Lui Maxted,Fausto Tabacco,ITF Men Sintra - QF,2026-09-18 11:00:00,0.6196831303580358,0.38031686964196426,0.6563573883161512,0.4184100418410042,75,2026-09-17 20:06:51,2026-09-17 20:02:52,2026-09-18 11:00:00,3732313514
maxted|l|torre|i,maxted|l,torre|i,Lui Maxted,Inaki Montes-De La Torre,ITF Men Setubal - QF,2026-09-25 12:21:48,0.27261732690359525,0.7273826730964047,0.3067484662576687,0.7590361445783133,150,2026-09-24 23:50:52,2026-09-24 23:50:52,2026-09-25 12:21:48,3740866913
mayot|h|schoolkate|t,mayot|h,schoolkate|t,Harold Mayot,Tristan Schoolkate,ATP Challenger Mouilleron-Le-Captif - R16,2026-10-01 17:00:00,0.5519856631256465,0.4480143368743536,0.5689655172413793,0.46511627906976744,250,2026-09-19 01:51:39,2026-09-19 01:42:00,2026-10-01 17:00:00,3733655479
mayot|h|visker|n,mayot|h,visker|n,Harold Mayot,Niels Visker,ATP Challenger Mouilleron-Le-Captif - R1,2026-09-30 11:00:00,0.8161551569073374,0.1838448430926627,0.8387096774193549,0.20876826722338204,150,2026-09-29 16:56:59,2026-09-29 16:56:59,2026-09-30 11:00:00,3746343693
mayot|h|wayenburg|s,mayot|h,wayenburg|s,Harold Mayot,Sascha Gueymard Wayenburg,ATP Challenger Rennes - Final,2026-09-20 13:19:38,0.5878836492837484,0.41211635071625174,0.6047430830039526,0.4291845493562232,250,2026-09-19 21:23:35,2026-09-19 21:23:10,2026-09-20 14:10:00,3735519082
mayo|a|smith|c,mayo|a,smith|c,Aidan Mayo,Colton Smith,ATP Challenger Columbus - R16,2026-10-01 17:00:00,0.37154298161369825,0.6284570183863017,0.39525691699604737,0.6515679442508712,150,2026-10-01 08:41:57,2026-10-01 08:30:36,2026-10-01 17:00:00,3747980375
ma|c|preston|j,ma|c,preston|j,Connie Ma,Janae Preston,ITF Women Berkeley - R16,2026-09-24 17:12:59,0.4978069753565168,0.5021930246434833,0.5305164319248826,0.5348837209302326,225,2026-09-24 11:45:59,2026-09-24 11:45:59,2026-09-24 19:00:00,3740370908
ma|y|ren|y,ma|y,ren|y,Yexin Ma,Yufei Ren,WTA Beijing - Qualifiers,2026-09-28 03:15:53,0.6077091102902644,0.39229088970973564,0.6282527881040892,0.4132231404958678,250,2026-09-27 23:29:27,2026-09-27 23:28:38,2026-09-28 03:15:53,3745162094
ma|y|zhao|c,ma|y,zhao|c,Yexin Ma,Carol Zhao,WTA Seoul - Qualifiers,2026-09-19 03:20:00,0.7202656656509347,0.2797343343490653,0.7416020671834626,0.3021148036253776,250,2026-09-19 00:12:53,2026-09-19 00:06:45,2026-09-19 03:20:00,3733586830
mcdonald|e|osuigwe|w,mcdonald|e,osuigwe|w,Ella McDonald,Whitney Osuigwe,ITF Women Templeton - R16,2026-10-01 17:00:00,0.45317598754357125,0.5468240124564288,0.49019607843137253,0.5833333333333333,50,2026-10-01 03:50:32,2026-10-01 03:43:42,2026-10-01 17:00:00,3747856770
mcdonald|m|samuel|t,mcdonald|m,samuel|t,Mackenzie McDonald,Toby Samuel,ATP Challenger Porto - R1,2026-09-29 12:00:00,0.28538838806637246,0.7146116119336277,0.3048780487804878,0.7333333333333333,150,2026-09-28 17:48:53,2026-09-28 17:48:53,2026-09-29 12:00:00,3745609494
mcdonald|n|visker|n,mcdonald|n,visker|n,Niels Mcdonald,Niels Visker,ATP Challenger Mouilleron-Le-Captif - Qualifiers,2026-09-28 10:05:00,0.4550804057008891,0.5449195942991111,0.48309178743961345,0.5726495726495727,75,2026-09-27 17:23:11,2026-09-27 17:15:10,2026-09-28 10:05:00,3744778104
mchugh|a|reco|a,mchugh|a,reco|a,Aidan Mchugh,Alexandre Reco,ITF Men Nevers - SF,2026-09-19 10:00:00,0.6695125122628558,0.3304874877371443,0.7058823529411764,0.36900369003690037,75,2026-09-18 21:39:16,2026-09-18 21:35:50,2026-09-19 10:00:00,3733518439
mchugh|a|riu|m,mchugh|a,riu|m,Aidan Mchugh,Martin Riu,ITF Men Forbach - R1,2026-09-23 16:00:00,0.9725208917528819,0.027479108247118137,0.9855303139921865,0.05157297576070139,150,2026-09-23 05:48:17,2026-09-23 05:48:17,2026-09-23 16:00:00,3739100209
mchugh|a|rossi|l,mchugh|a,rossi|l,Aidan Mchugh,Leonardo Rossi,ITF Men Nevers - QF,2026-09-18 11:00:00,0.5312373276762673,0.46876267232373264,0.5670995670995671,0.504950495049505,75,2026-09-17 19:56:25,2026-09-17 19:56:10,2026-09-18 11:00:00,3732306460
mchugh|a|vinciguerra|w,mchugh|a,vinciguerra|w,Aidan Mchugh,Willian Rejchtman Vinciguerra,ITF Men Nevers - R16,2026-09-17 12:00:00,0.8242586731385133,0.17574132686148666,0.8583569405099151,0.2159827213822894,50,2026-09-16 23:16:19,2026-09-16 23:13:04,2026-09-17 12:00:00,3731472106
mcnally|c|yastremska|d,mcnally|c,yastremska|d,Caty Mcnally,Dayana Yastremska,WTA Beijing - R1,2026-09-30 04:00:00,0.6337655370854085,0.3662344629145917,0.6503496503496503,0.38314176245210724,250,2026-09-29 09:49:52,2026-09-29 09:41:50,2026-09-30 04:00:00,3745960311
meabe|s|moyano|l,meabe|s,moyano|l,Sofia Meabe,Luciana Moyano,ITF Women Trelew - R16,2026-10-01 16:00:00,0.31901561201856393,0.6809843879814362,0.35335689045936397,0.7134670487106016,150,2026-10-01 00:33:09,2026-10-01 00:27:21,2026-10-01 16:00:00,3747761762
meabe|s|tarantola|a,meabe|s,tarantola|a,Sofia Meabe,Agustina Tarantola,ITF Women Trelew - R1,2026-09-29 16:30:00,0.8329023901488837,0.16709760985111638,0.8628257887517148,0.20202020202020202,150,2026-09-29 01:45:04,2026-09-29 01:38:35,2026-09-29 16:30:00,3745774487
mecarelli|m|popko|d,mecarelli|m,popko|d,Michele Mecarelli,Dmitry Popko,ITF Men Telavi - Final,2026-09-27 07:00:00,0.23832235380167008,0.7616776461983297,0.27322404371584696,0.793388429752066,150,2026-09-26 12:45:25,2026-09-26 12:45:25,2026-09-27 07:00:00,3742451631
mecarelli|m|tiukaev|r,mecarelli|m,tiukaev|r,Michele Mecarelli,Ruslan Tiukaev,ITF Men Telavi - R16,2026-09-24 06:00:00,0.5985504196445616,0.40144958035543854,0.6309963099630996,0.4347826086956522,100,2026-09-23 23:41:22,2026-09-23 23:41:22,2026-09-24 07:00:00,3739979204
medvedev|d|royer|v,medvedev|d,royer|v,Daniil Medvedev,Valentin Royer,ATP Hangzhou - R16,2026-09-26 12:30:00,0.7960868736646093,0.20391312633539083,0.8123827392120074,0.22123893805309736,325,2026-09-23 17:39:33,2026-09-23 17:35:10,2026-09-26 11:37:24,3739738937
medvedev|d|rublev|a,medvedev|d,rublev|a,Daniil Medvedev,Andrey Rublev,ATP Hangzhou - Final,2026-09-29 11:46:29,0.6417455776576212,0.3582544223423788,0.6563573883161512,0.373134328358209,800,2026-09-28 17:30:45,2026-09-28 17:30:45,2026-09-29 11:46:29,3745597373
medvedev|d|safiullin|r,medvedev|d,safiullin|r,Daniil Medvedev,Roman Safiullin,ATP Hangzhou - SF,2026-09-28 12:30:00,0.7031990531251702,0.2968009468748296,0.7175141242937854,0.3115264797507788,475,2026-09-27 16:29:37,2026-09-27 16:26:05,2026-09-28 12:30:00,3744696858
medvedev|d|wong|c,medvedev|d,wong|c,Daniil Medvedev,Chak Lam Coleman Wong,ATP Hangzhou - QF,2026-09-27 12:35:00,0.7833968890663977,0.21660311093360235,0.7975708502024291,0.23148148148148145,400,2026-09-26 17:51:19,2026-09-26 17:47:47,2026-09-27 12:35:00,3743217698
meerschen|m|pennaforti|g,meerschen|m,pennaforti|g,Martin Van Der Meerschen,Gabriele Pennaforti,ITF Men Sibenik - R1,2026-09-29 09:57:41,0.518264683163382,0.481735316836618,0.5555555555555556,0.5192307692307692,50,2026-09-28 18:26:59,2026-09-28 18:20:44,2026-09-29 09:57:41,3745628034
meerschen|m|vavassori|m,meerschen|m,vavassori|m,Martin Van Der Meerschen,Matteo Vavassori,ITF Men Tsaghkadzor - R16,2026-09-17 08:00:00,0.8452165966418923,0.1547834033581079,0.878345498783455,0.19493177387914232,50,2026-09-16 23:44:59,2026-09-16 23:43:27,2026-09-17 08:00:00,3731495299
mektic|a|venus|p,mektic|a,venus|p,Austin Krajicek / Nikola Mektic,Petr Nouza / Michael Venus,ATP Tokyo - Doubles,2026-10-01 03:30:00,0.6370226550584498,0.3629773449415502,0.6666666666666666,0.39370078740157477,150,2026-09-30 15:48:08,2026-09-30 15:36:23,2026-10-01 03:30:00,3747297992
melichar|c|plipuech|m,melichar|c,plipuech|m,Cristina Bucsa / Nicole Melichar,Momoko Kobori / Peangtarn Plipuech,WTA Guadalajara - Doubles,2026-09-19 20:40:00,0.8366680114918272,0.16333198850817282,0.8648648648648649,0.19607843137254904,125,2026-09-19 08:51:31,2026-09-19 08:51:31,2026-09-19 20:40:00,3733863680
melleiro|c|silva|i,melleiro|c,silva|i,Catarina Melleiro,Isabela De Mattos Silva,ITF Women Sao Luis - R16,2026-09-17 15:30:00,0.7819623115612583,0.21803768843874155,0.8134328358208955,0.2531645569620253,150,2026-09-16 23:16:19,2026-09-16 23:13:04,2026-09-17 15:30:00,3731473681
melnic|v|nita|l,melnic|v,nita|l,Vladislav Melnic,Luca Stefan Prunescu Nita,ITF Men Slobozia - R1,2026-09-29 08:00:00,0.8735105018580465,0.12648949814195365,0.9047619047619049,0.16611295681063123,50,2026-09-28 23:48:02,2026-09-28 23:48:02,2026-09-29 08:00:00,3745748789
melnic|v|papoe|r,melnic|v,papoe|r,Vladislav Melnic,Radu Mihai Papoe,ITF Men Slobozia - R16,2026-10-01 08:30:00,0.04157788531329327,0.9584221146867067,0.06896551724137931,0.9752229930624381,225,2026-10-01 00:33:09,2026-10-01 00:27:21,2026-10-01 08:30:00,3747770442
mendez|r|sekulic|p,mendez|r,sekulic|p,Rodrigo Pacheco Mendez,Philip Sekulic,ATP Challenger Phan Thiet - QF,2026-09-18 05:00:00,0.7655752825153982,0.23442471748460184,0.7844827586206897,0.2544529262086514,200,2026-09-17 11:17:53,2026-09-17 11:07:55,2026-09-18 05:00:00,3731848399
mendez|r|simakin|i,mendez|r,simakin|i,Rodrigo Pacheco Mendez,Ilia Simakin,ATP Challenger Phan Thiet - Final,2026-09-20 03:12:19,0.4563672176719073,0.5436327823280928,0.47619047619047616,0.5633187772925764,200,2026-09-19 13:45:09,2026-09-19 13:44:28,2026-09-20 04:00:00,3734404293
meneo|t|rodriguez|l,meneo|t,rodriguez|l,Tadeo Meneo,Lorenzo Joaquin Rodriguez,ATP Challenger Buenos Aires - Qualifiers,2026-09-20 17:25:00,0.06490583274026233,0.9350941672597377,0.09823182711198429,0.9576450656501483,50,2026-09-20 07:57:32,2026-09-20 07:48:36,2026-09-20 17:20:00,3735903554
mensik|f|minaur|t,mensik|f,minaur|t,Flavio Cobolli / Jakub Mensik,Taylor Fritz / Alex De Minaur,ATP Laver Cup - Doubles,2026-09-27 11:00:00,0.4493908048677738,0.5506091951322263,0.4807692307692307,0.5815899581589958,125,2026-09-27 07:23:04,2026-09-27 07:22:46,2026-09-27 11:00:00,3743908441
mensik|j|nakashima|b,mensik|j,nakashima|b,Jakub Mensik,Brandon Nakashima,ATP Laver Cup,2026-09-25 14:55:08,0.5225781339691162,0.47742186603088377,0.5594713656387665,0.5145631067961165,75,2026-09-24 20:42:48,2026-09-24 20:42:48,2026-09-25 15:00:00,3740796031
mensik|j|shelton|b,mensik|j,shelton|b,Jakub Mensik,Ben Shelton,Davis Cup - Qualifiers,2026-09-19 15:16:00,0.3833653862340274,0.6166346137659728,0.40485829959514175,0.6376811594202898,250,2026-09-19 02:46:12,2026-09-19 02:37:40,2026-09-19 15:16:00,3733687410
mensik|j|tien|l,mensik|j,tien|l,Jakub Mensik,Learner Tien,Davis Cup - Qualifiers,2026-09-18 13:00:00,0.5159252299148626,0.4840747700851375,0.5391705069124424,0.5073891625615764,100,2026-09-18 08:00:01,2026-09-18 07:57:23,2026-09-18 13:00:00,3732565809
meri|e|sharma|a,meri|e,sharma|a,Eszter Meri,Astra Sharma,ITF Women Nashville - R16,2026-10-01 15:00:00,0.2801044126063572,0.7198955873936428,0.31446540880503143,0.7518610421836228,150,2026-10-01 00:33:09,2026-10-01 00:27:21,2026-10-01 15:00:00,3747760192
mert|a|shinikova|i,mert|a,shinikova|i,Aysegul Mert,Isabella Shinikova,WTA 125K Ankara - R1,2026-09-21 16:00:00,0.4525817907919766,0.5474182092080234,0.47619047619047616,0.5708154506437768,200,2026-09-21 00:25:23,2026-09-21 00:24:49,2026-09-21 16:00:00,3737455579
mert|a|tikhonova|e,mert|a,tikhonova|e,Ayla Aksu / Aysegul Mert,Elena Pridankina / Anastasia Tikhonova,WTA 125K Adana - Doubles,2026-10-01 11:20:00,0.15587774625774198,0.844122253742258,0.19646365422396858,0.8776009791921665,500,2026-09-30 18:56:03,2026-09-30 18:55:12,2026-10-01 11:20:00,3747582095
mettraux|m|oktiabreva|a,mettraux|m,oktiabreva|a,Marie Mettraux,Alisa Oktiabreva,ITF Women Santa Margherita di Pula - SF,2026-09-26 10:00:00,0.0385340236864271,0.9614659763135729,0.07012622720897616,0.9791449426485924,75,2026-09-25 23:24:07,2026-09-25 23:21:03,2026-09-26 10:00:00,3741865459
mettraux|m|steur|j,mettraux|m,steur|j,Marie Mettraux,Joelle Lilly Sophie Steur,ITF Women Santa Margherita di Pula - R16,2026-09-24 07:42:07,0.074635849868145,0.925364150131855,0.10638297872340426,0.9481865284974093,100,2026-09-23 23:41:22,2026-09-23 23:41:22,2026-09-24 07:42:07,3739979343
mettraux|m|valente|d,mettraux|m,valente|d,Marie Mettraux,Denise Valente,ITF Women Santa Margherita di Pula - QF,2026-09-25 08:00:00,0.7792073304143506,0.2207926695856493,0.8106060606060607,0.2557544757033248,375,2026-09-24 18:07:31,2026-09-24 18:07:31,2026-09-25 08:00:00,3740641205
meza|a|samuel|t,meza|a,samuel|t,Alvaro Guillen Meza,Toby Samuel,Davis Cup - Qualifiers,2026-09-20 14:52:00,0.05469579968016348,0.9453042003198363,0.07936507936507936,0.9626168224299065,250,2026-09-19 23:43:37,2026-09-19 23:41:09,2026-09-20 14:52:00,3735615025
meza|m|mi|l,meza|m,mi|l,Midori Castillo Meza,Lan Mi,ITF Women Monastir - R1,2026-09-23 09:30:00,0.2411050040040597,0.7588949959959405,0.2808988764044944,0.7946611909650925,50,2026-09-22 23:16:19,2026-09-22 23:12:53,2026-09-23 09:30:00,3738918519
meza|m|ruan|z,meza|m,ruan|z,Midori Castillo Meza,Zi Ying Ruan,ITF Women Monastir - R1,2026-09-30 10:30:00,0.6545949571821046,0.3454050428178952,0.6865203761755486,0.37878787878787884,150,2026-09-29 19:13:01,2026-09-29 19:07:23,2026-09-30 10:30:00,3746512413
michalski|d|vanshelboim|e,michalski|d,vanshelboim|e,Daniel Michalski,Eric Vanshelboim,ITF Men Santa Margherita di Pula - SF,2026-09-25 09:00:00,0.7462837692696709,0.2537162307303292,0.7821350762527233,0.29325513196480935,75,2026-09-25 08:53:54,2026-09-25 08:50:31,2026-09-25 10:00:00,3741059651
michelsen|a|oberleitner|l,michelsen|a,oberleitner|l,Alexander Blockx / Alex Michelsen,Lucas Miedler / Neil Oberleitner,ATP Tokyo - Doubles,2026-10-02 01:00:00,0.21866833323099277,0.7813316667690073,0.2506265664160401,0.810246679316888,50,2026-09-29 23:44:51,2026-09-29 23:41:29,2026-10-02 01:00:00,3746719419
micic|e|riera|j,micic|e,riera|j,Elena Micic,Julia Riera,WTA 125K Ankara - R1,2026-09-22 09:30:00,0.20938590052953507,0.790614099470465,0.234192037470726,0.8134328358208955,200,2026-09-21 15:39:59,2026-09-21 15:30:33,2026-09-22 09:30:00,3737782550
micic|e|shinikova|i,micic|e,shinikova|i,Elena Micic,Isabella Shinikova,WTA 125K Adana - Qualifiers,2026-09-26 11:30:00,0.6126927108448337,0.3873072891551664,0.6363636363636364,0.41152263374485604,200,2026-09-26 10:49:25,2026-09-26 10:45:09,2026-09-26 11:30:00,3742310522
micic|e|tian|f,micic|e,tian|f,Elena Micic,Fangran Tian,WTA 125K Ankara - R16,2026-09-24 09:00:00,0.3864807806833911,0.613519219316609,0.4098360655737705,0.6363636363636364,200,2026-09-23 15:21:24,2026-09-23 15:19:18,2026-09-24 10:00:00,3739601365
micic|r|voloshchuk|k,micic|r,voloshchuk|k,Rutuja Bhosale / Elena Micic,Kylie Collins / Angelina Voloshchuk,WTA 125k Caldas Da Rainha - Doubles,2026-09-17 16:10:00,0.6095216188835244,0.39047838111647565,0.6503496503496503,0.4329004329004329,100,2026-09-17 08:41:31,2026-09-17 08:36:54,2026-09-17 16:10:00,3731730117
micic|t|smith|w,micic|t,smith|w,Teodora Kostovic / Elena Micic,Weronika Falkowska / Alana Smith,WTA 125K Ankara - Doubles,2026-09-25 12:20:00,0.3689559243764018,0.6310440756235982,0.40485829959514175,0.6655518394648829,100,2026-09-25 08:27:51,2026-09-25 08:24:13,2026-09-25 12:20:00,3741046871
micic|t|tikhonova|e,micic|t,tikhonova|e,Teodora Kostovic / Elena Micic,Elena Pridankina / Anastasia Tikhonova,WTA 125K Ankara - Doubles,2026-09-24 12:10:00,0.2744698083636344,0.7255301916363657,0.31746031746031744,0.7647058823529411,100,2026-09-24 09:22:55,2026-09-24 09:11:23,2026-09-24 12:20:00,3740239216
midon|l|soto|m,midon|l,soto|m,Lautaro Midon,Matias Soto,ATP Challenger Curitiba - R1,2026-09-29 14:00:00,0.585592156287665,0.414407843712335,0.609375,0.43859649122807015,150,2026-09-29 02:02:52,2026-09-29 01:53:42,2026-09-29 14:00:00,3745777917
miedler|q|rikl|f,miedler|q,rikl|f,Quentin Halys / Lucas Miedler,Fabian Marozsan / Patrik Rikl,ATP Hangzhou - Doubles,2026-09-25 12:40:00,0.6651095778927677,0.33489042210723236,0.6951219512195121,0.3663003663003663,150,2026-09-24 16:34:18,2026-09-24 16:29:15,2026-09-25 12:40:00,3740553382
miedler|q|winegar|j,miedler|q,winegar|j,Quentin Halys / Lucas Miedler,Jean-Julien Rojer / Theo Winegar,ATP Hangzhou - Doubles,2026-09-27 11:30:00,0.5339868343434586,0.46601316565654133,0.5652173913043479,0.49751243781094534,125,2026-09-25 17:41:17,2026-09-25 17:38:48,2026-09-27 11:30:00,3741521927
miguel|l|schiessl|j,miguel|l,schiessl|j,Luis Guto Miguel,Joao Eduardo Schiessl,ATP Challenger Curitiba - R16,2026-10-01 16:00:00,0.8088083739211009,0.19119162607889917,0.8313659359190556,0.2159827213822894,500,2026-10-01 08:41:57,2026-10-01 08:30:36,2026-10-01 16:00:00,3747977089
mihalikova|t|shi|h,mihalikova|t,shi|h,Tereza Mihalikova,Han Shi,WTA Beijing - Qualifiers,2026-09-28 08:45:00,0.053843274878095364,0.9461567251219047,0.0784313725490196,0.9633431085043987,250,2026-09-28 03:53:47,2026-09-28 03:45:15,2026-09-28 08:45:00,3745253612
mikovic|n|schulenburg|j,mikovic|n,schulenburg|j,Nik Mikovic,Jeffrey Von Der Schulenburg,ITF Men Sibenik - R1,2026-09-29 08:12:17,0.15738514667598963,0.8426148533240103,0.19762845849802374,0.8759305210918114,50,2026-09-28 18:26:59,2026-09-28 18:20:44,2026-09-29 08:12:17,3745627646
mikrut|l|moeller|m,mikrut|l,moeller|m,Luka Mikrut,Marvin Moeller,ATP Challenger Genoa - SF,2026-09-26 10:00:00,0.6905034285042502,0.3094965714957499,0.7093023255813954,0.32894736842105265,200,2026-09-25 23:56:02,2026-09-25 23:51:34,2026-09-26 10:00:00,3741881819
mikrut|l|neumayer|l,mikrut|l,neumayer|l,Luka Mikrut,Lukas Neumayer,ATP Challenger Genoa - QF,2026-09-25 12:30:00,0.6100769494139257,0.38992305058607446,0.6296296296296295,0.4098360655737705,200,2026-09-24 17:08:43,2026-09-24 17:08:43,2026-09-25 11:43:36,3740589477
miletich|i|nijboer|r,miletich|i,nijboer|r,Iannis Miletich,Ryan Nijboer,ATP Challenger Genoa - Qualifiers,2026-09-20 08:44:00,0.11138375792563902,0.8886162420743611,0.14792899408284024,0.9170124481327802,50,2026-09-20 01:51:49,2026-09-20 01:46:20,2026-09-20 08:44:00,3735733307
miletich|i|ritschard|a,miletich|i,ritschard|a,Iannis Miletich,Alexander Ritschard,ITF Men Zaragoza - R1,2026-09-29 12:15:00,0.11875952330463928,0.8812404766953608,0.1582278481012658,0.9118942731277533,50,2026-09-29 00:52:22,2026-09-29 00:51:24,2026-09-29 12:15:00,3745765318
milev|y|wiedenmann|l,milev|y,wiedenmann|l,Yanaki Milev,Luca Wiedenmann,ATP Challenger Plovdiv - Qualifiers,2026-09-21 10:00:00,0.6053489362026014,0.39465106379739856,0.6336996336996338,0.42372881355932196,75,2026-09-20 19:39:01,2026-09-20 19:38:03,2026-09-21 09:50:35,3737227434
milovanova|v|sacco|f,milovanova|v,sacco|f,Victoria Milovanova,Federica Sacco,ITF Women Sharm El Sheikh - R16,2026-09-24 09:00:00,0.5107808718619873,0.48921912813801266,0.5475113122171946,0.5260663507109005,50,2026-09-23 23:34:21,2026-09-23 23:28:18,2026-09-24 08:34:29,3739971661
milovanova|v|samir|s,milovanova|v,samir|s,Victoria Milovanova,Sandra Samir,ITF Women Sharm El Sheikh - QF,2026-09-25 07:30:00,0.6762926839181838,0.32370731608181635,0.7126436781609194,0.3623188405797102,75,2026-09-24 23:44:45,2026-09-24 23:35:30,2026-09-25 07:30:00,3740858438
milovanova|v|vaissaud|d,milovanova|v,vaissaud|d,Victoria Milovanova,Dune Vaissaud,ITF Women Sharm El Sheikh - R1,2026-09-23 14:32:34,0.5523759983316987,0.44762400166830135,0.5850622406639003,0.4807692307692307,225,2026-09-23 03:24:41,2026-09-23 03:15:47,2026-09-23 14:32:34,3739041756
milovanovic|e|tupitsyna|e,milovanovic|e,tupitsyna|e,Elena Milovanovic,Ekaterina Tupitsyna,ITF Women Hurghada - QF,2026-09-18 06:00:00,0.45317598754357125,0.5468240124564288,0.49019607843137253,0.5833333333333333,75,2026-09-18 00:10:21,2026-09-18 00:10:21,2026-09-18 06:00:00,3732391846
milovanovic|e|vaissaud|d,milovanovic|e,vaissaud|d,Elena Milovanovic,Dune Vaissaud,ITF Women Hurghada - R16,2026-09-17 09:00:00,0.5743808662603666,0.4256191337396337,0.6108949416342413,0.4629629629629629,50,2026-09-16 23:39:23,2026-09-16 23:33:19,2026-09-17 09:00:00,3731490074
minaur|a|navone|m,minaur|a,navone|m,Alex De Minaur,Mariano Navone,ATP Beijing - R1,2026-10-01 03:05:00,0.7952473342429752,0.20475266575702455,0.8116760828625235,0.2222222222222222,250,2026-09-29 04:47:31,2026-09-29 04:39:49,2026-10-01 03:05:00,3745818919
minaur|a|zverev|a,minaur|a,zverev|a,Alex De Minaur,Alexander Zverev,ATP Laver Cup,2026-09-26 14:30:00,0.2417114529476849,0.7582885470523152,0.2617801047120419,0.7772828507795101,200,2026-09-26 06:45:01,2026-09-26 06:43:38,2026-09-26 15:30:00,3742087270
minnen|g|svitolina|e,minnen|g,svitolina|e,Greet Minnen,Elina Svitolina,Billie Jean King Cup - Finals,2026-09-24 04:30:00,0.10037439160346245,0.8996256083965378,0.12121212121212122,0.9172185430463576,250,2026-09-24 02:29:17,2026-09-24 02:23:38,2026-09-24 04:30:00,3740064455
misasi|g|paardekooper|s,misasi|g,paardekooper|s,Giannicola Misasi,Stijn Paardekooper,ITF Men Telavi - R16,2026-09-30 07:00:00,0.3466148737082362,0.6533851262917639,0.3802281368821293,0.6855345911949686,100,2026-09-30 01:44:03,2026-09-30 01:42:20,2026-09-30 07:00:00,3746766364
misolic|f|morillo|i,misolic|f,morillo|i,Filip Misolic,Imanol Lopez Morillo,ATP Challenger Plovdiv - Qualifiers,2026-09-20 09:50:00,0.8176585567713874,0.1823414432286124,0.8442367601246107,0.21231422505307856,50,2026-09-20 01:31:56,2026-09-20 01:31:14,2026-09-20 08:53:33,3735710704
misolic|f|ovcharenko|o,misolic|f,ovcharenko|o,Filip Misolic,Oleksandr Ovcharenko,ATP Challenger Bari - Qualifiers,2026-09-27 08:00:00,0.7243951774326144,0.2756048225673857,0.7518610421836228,0.3048780487804878,75,2026-09-27 07:55:21,2026-09-27 07:52:58,2026-09-27 08:00:00,3743922505
mitsui|s|okonkwo|o,mitsui|s,okonkwo|o,Shunsuke Mitsui,Oliver Okonkwo,ATP Challenger Columbus - Qualifiers,2026-09-28 15:00:00,0.7462914285313141,0.25370857146868603,0.7737556561085973,0.28328611898017,250,2026-09-27 22:40:11,2026-09-27 22:37:00,2026-09-28 15:00:00,3745130346
mi|l|quadre|b,mi|l,quadre|b,Lan Mi,Barakat Oyinlomo Quadre,ITF Women Monastir - R1,2026-09-30 11:30:00,0.7210189511488946,0.2789810488511057,0.7530864197530864,0.31347962382445144,225,2026-09-30 00:23:26,2026-09-30 00:17:47,2026-09-30 11:30:00,3746732541
mi|l|semenistaja|m,mi|l,semenistaja|m,Lan Mi,Marija Semenistaja,ITF Women Monastir - R16,2026-09-24 11:00:00,0.9530912830610409,0.04690871693895893,0.971089910378722,0.07524454477050414,225,2026-09-24 01:33:28,2026-09-24 01:29:40,2026-09-24 08:45:08,3740041498
mmoh|m|shelbayh|a,mmoh|m,shelbayh|a,Michael Mmoh,Abdullah Shelbayh,ATP Challenger Tiburon - QF,2026-09-18 22:20:00,0.5953477888166628,0.4046522111833371,0.6124031007751938,0.42194092827004215,250,2026-09-17 16:42:47,2026-09-17 16:39:57,2026-09-18 22:23:54,3732098693
mmoh|m|wolf|j,mmoh|m,wolf|j,Michael Mmoh,Jeffrey John Wolf,ATP Challenger Tiburon - SF,2026-09-19 23:46:45,0.367584210922717,0.6324157890772831,0.3846153846153846,0.6491228070175439,250,2026-09-19 02:46:12,2026-09-19 02:37:40,2026-09-19 23:46:45,3733686535
moccia|c|zelnickova|r,moccia|c,zelnickova|r,Carlotta Moccia,Radka Zelnickova,ITF Women Baza - R1,2026-09-30 12:36:00,0.21803768843874155,0.7819623115612583,0.2531645569620253,0.8134328358208955,150,2026-09-30 00:23:26,2026-09-30 00:17:47,2026-09-30 11:43:57,3746734413
mochizuki|s|xiao|l,mochizuki|s,xiao|l,Shintaro Mochizuki,Linang Xiao,ATP Chengdu Open - Qualifiers,2026-09-22 07:45:00,0.9023991257410212,0.0976008742589786,0.924812030075188,0.12578616352201258,250,2026-09-21 19:22:29,2026-09-21 19:16:57,2026-09-22 07:45:00,3737917306
moeller|m|travaglia|s,moeller|m,travaglia|s,Marvin Moeller,Stefano Travaglia,ATP Challenger Genoa - R1,2026-09-22 11:30:00,0.4266710061808168,0.5733289938191831,0.4504504504504505,0.5967741935483871,150,2026-09-21 15:51:38,2026-09-21 15:45:39,2026-09-22 11:30:00,3737791251
molcan|a|rinderknech|a,molcan|a,rinderknech|a,Alex Molcan,Arthur Rinderknech,ATP Beijing - R1,2026-10-01 03:05:00,0.4046522111833371,0.5953477888166628,0.42194092827004215,0.6124031007751938,250,2026-09-29 17:33:37,2026-09-29 17:30:01,2026-10-01 03:05:00,3746365837
molcan|a|sakellaridis|s,molcan|a,sakellaridis|s,Alex Molcan,Stefanos Sakellaridis,Davis Cup World - Group 1,2026-09-19 11:00:00,0.683877509435219,0.31612249056478087,0.7005988023952096,0.3333333333333333,250,2026-09-19 01:57:53,2026-09-19 01:57:09,2026-09-19 11:00:00,3733664042
molcan|a|trungelliti|m,molcan|a,trungelliti|m,Alex Molcan,Marco Trungelliti,ATP Beijing - Qualifiers,2026-09-29 05:00:00,0.49770637375484983,0.50229362624515,0.5192307692307692,0.5238095238095238,250,2026-09-28 14:33:39,2026-09-28 14:32:14,2026-09-29 04:16:44,3745504442
molcan|a|tsitsipas|s,molcan|a,tsitsipas|s,Alex Molcan,Stefanos Tsitsipas,Davis Cup World - Group 1,2026-09-20 11:30:00,0.3074255139508724,0.6925744860491276,0.3246753246753247,0.7093023255813954,250,2026-09-20 07:46:38,2026-09-20 07:46:38,2026-09-20 10:25:57,3735900837
molleker|r|shylov|h,molleker|r,shylov|h,Rudolf Molleker,Heorhii Shylov,ITF Men Pardubice - R16,2026-09-24 10:00:00,0.828412159942414,0.17158784005758607,0.8585572842998586,0.2066115702479339,150,2026-09-23 15:42:30,2026-09-23 15:37:54,2026-09-24 10:00:00,3739629568
molleker|r|szerencsits|b,molleker|r,szerencsits|b,Rudolf Molleker,Benedikt Szerencsits,ITF Men Pardubice - R1,2026-09-23 10:55:56,0.9640577920318769,0.035942207968123106,0.9809922068047899,0.06693440428380187,50,2026-09-23 02:54:28,2026-09-23 02:54:22,2026-09-23 10:55:56,3739029203
moller|e|taberner|c,moller|e,taberner|c,Elmer Moller,Carlos Taberner,ATP Challenger Bari - R1,2026-09-29 15:00:00,0.49772722576815714,0.5022727742318428,0.5215311004784688,0.5260663507109005,150,2026-09-28 17:42:14,2026-09-28 17:35:27,2026-09-29 14:23:53,3745602487
molteni|m|reboul|s,molteni|m,reboul|s,Maximo Gonzalez / Andres Molteni,Sadio Doumbia / Fabien Reboul,ATP Beijing - Doubles,2026-10-01 10:00:00,0.3689678637136141,0.631032136286386,0.4,0.6610169491525424,150,2026-09-30 17:43:05,2026-09-30 17:39:43,2026-10-01 10:00:00,3747456870
monllau|a|zornada|e,monllau|a,zornada|e,Ana Victoria Gobbi Monllau,Emily Zornada,ITF Women Trelew - R16,2026-10-01 16:00:00,0.5371109227805342,0.46288907721946587,0.5689655172413793,0.49504950495049505,150,2026-10-01 00:33:09,2026-10-01 00:27:21,2026-10-01 16:00:00,3747760604
monteiro|s|schoen|p,monteiro|s,schoen|p,Salvador Monteiro,Patrick Schoen,ITF Men Sintra - R16,2026-09-17 11:00:00,0.028368947061069,0.971631052938931,0.05730659025787966,0.9861706541280597,50,2026-09-16 23:16:19,2026-09-16 23:13:04,2026-09-17 11:00:00,3731474949
monteiro|t|petkovic|m,monteiro|t,petkovic|m,Thiago Monteiro,Mika Petkovic,ATP Challenger Genoa - R1,2026-09-22 12:30:00,0.7515504994001839,0.24844950059981605,0.7747747747747747,0.27322404371584696,150,2026-09-21 15:51:38,2026-09-21 15:45:39,2026-09-22 13:30:00,3737792006
monteiro|t|trungelliti|m,monteiro|t,trungelliti|m,Thiago Monteiro,Marco Trungelliti,ATP Challenger Szczecin - SF,2026-09-19 13:00:00,0.4392067541526692,0.5607932458473308,0.4566210045662101,0.5780590717299579,250,2026-09-18 21:39:16,2026-09-18 21:35:50,2026-09-19 13:00:00,3733518966
montgomery|r|park|s,montgomery|r,park|s,Robin Montgomery,Sohyun Park,WTA Seoul - R1,2026-09-22 03:30:00,0.8976137050317246,0.10238629496827548,0.9153259949195597,0.12330456226880396,250,2026-09-20 17:44:18,2026-09-20 17:40:23,2026-09-22 03:30:00,3737047218
montgomery|r|volynets|k,montgomery|r,volynets|k,Robin Montgomery,Katie Volynets,WTA Beijing - R1,2026-10-01 03:05:00,0.4420590861344987,0.5579409138655012,0.4587155963302753,0.574468085106383,250,2026-09-30 08:19:27,2026-09-30 08:17:21,2026-10-01 03:05:00,3746934386
morais|d|perego|g,morais|d,perego|g,Diogo Morais,Giulio Perego,ITF Men Setubal - R16,2026-09-24 09:00:00,0.5938349590367747,0.40616504096322537,0.6254681647940076,0.43859649122807015,225,2026-09-24 00:37:45,2026-09-24 00:28:58,2026-09-24 09:00:00,3740007005
morais|d|poullain|l,morais|d,poullain|l,Diogo Morais,Lucas Poullain,ITF Men Setubal - R1,2026-09-23 09:15:40,0.12969303759341919,0.8703069624065806,0.1694915254237288,0.9018645731108931,50,2026-09-22 12:29:34,2026-09-22 12:23:45,2026-09-23 09:15:40,3738410945
moratelli|l|nagy|d,moratelli|l,nagy|d,Lucija Ciric Bagaric / Angelica Moratelli,Deborah Chiesa / Adrienn Nagy,WTA 125K Ljubljana - Doubles,2026-09-18 10:45:00,0.6307212265104083,0.3692787734895918,0.6710526315789473,0.41152263374485604,100,2026-09-18 07:30:05,2026-09-18 07:26:56,2026-09-18 10:45:00,3732555248
morderger|t|toma|a,morderger|t,toma|a,Tayisiya Morderger / Yana Morderger,Alja Senica / Maria Toma,WTA 125k Tolentino - Doubles,2026-09-22 08:35:00,0.6307212265104083,0.3692787734895918,0.6710526315789473,0.41152263374485604,50,2026-09-22 07:01:11,2026-09-22 06:59:29,2026-09-22 08:35:00,3738163444
morderger|t|tsygourova|k,morderger|t,tsygourova|k,Tayisiya Morderger,Katerina Tsygourova,WTA 125k Tolentino - Qualifiers,2026-09-20 11:20:00,0.07182789862619729,0.9281721013738025,0.10080645161290323,0.9492900608519269,200,2026-09-20 01:31:56,2026-09-20 01:31:14,2026-09-20 10:36:01,3735703682
morderger|y|pieri|j,morderger|y,pieri|j,Yana Morderger,Jessica Pieri,WTA 125k Tolentino - Qualifiers,2026-09-20 08:10:00,0.0734432125917801,0.9265567874082199,0.10256410256410256,0.9478895257946848,200,2026-09-20 01:31:56,2026-09-20 01:31:14,2026-09-20 08:10:00,3735702672
moreno|c|sholokhova|m,moreno|c,sholokhova|m,Carlota Moreno,Maria Sholokhova,ITF Women Nashville - R1,2026-09-30 14:00:00,0.3165391878354969,0.6834608121645032,0.3508771929824561,0.7159090909090909,225,2026-09-30 04:25:30,2026-09-30 04:19:27,2026-09-30 15:00:00,3746822032
morillo|i|oetzbach|a,morillo|i,oetzbach|a,Imanol Lopez Morillo,Adrian Oetzbach,ATP Challenger Bari - Qualifiers,2026-09-28 09:00:00,0.45928759642724093,0.5407124035727591,0.48780487804878053,0.5689655172413793,75,2026-09-27 17:23:11,2026-09-27 17:23:11,2026-09-28 09:00:00,3744786041
moron|f|reichel|a,moron|f,reichel|a,Florencia Belen Moron,Alicia Reichel,ITF Women Belem - R1,2026-09-22 21:42:02,0.05746894842031664,0.9425310515796834,0.08733624454148473,0.9626028421839941,150,2026-09-22 02:35:05,2026-09-22 02:34:47,2026-09-22 21:42:02,3738067784
mortensen|r|rojas|s,mortensen|r,rojas|s,Rebecca Munk Mortensen,Sofia Camila Rojas,ITF Women Yecla - R1,2026-09-23 10:00:00,0.5873047032992419,0.41269529670075805,0.6240601503759399,0.4504504504504505,50,2026-09-23 02:59:58,2026-09-23 02:59:22,2026-09-23 10:00:00,3739033193
morvayova|v|radisic|n,morvayova|v,radisic|n,Viktoria Morvayova,Nika Radisic,WTA Singapore - Qualifiers,2026-09-19 05:30:00,0.7889414107428284,0.21105858925717147,0.8098859315589353,0.23364485981308414,250,2026-09-18 23:56:03,2026-09-18 23:51:40,2026-09-19 05:30:00,3733582225
morvayova|v|tormo|s,morvayova|v,tormo|s,Viktoria Morvayova,Sara Sorribes Tormo,WTA 125k Jingshan - R1,2026-09-29 04:49:25,0.17002152165431794,0.8299784783456822,0.19493177387914232,0.8522895125553913,200,2026-09-27 13:16:37,2026-09-27 13:09:54,2026-09-29 04:49:25,3744275592
mosejczuk|d|vasa|i,mosejczuk|d,vasa|i,Dominick Mosejczuk,Iiro Vasa,ITF Men Fayetteville - R1,2026-09-30 15:00:00,0.5327485830028734,0.4672514169971265,0.5652173913043479,0.5,150,2026-09-30 01:44:03,2026-09-30 01:33:18,2026-09-30 15:00:00,3746759733
mrva|m|valiente|i,mrva|m,valiente|i,Maxim Mrva,Izan Almazan Valiente,ATP Challenger Plovdiv - R16,2026-09-24 10:00:00,0.6441351105848953,0.35586488941510486,0.6677740863787376,0.3802281368821293,275,2026-09-23 17:10:11,2026-09-23 17:08:36,2026-09-24 09:48:18,3739710692
mueller|c|sambeek|f,mueller|c,sambeek|f,Calvin Mueller,Fons Van Sambeek,ITF Men Forbach - R1,2026-09-23 08:00:00,0.6636471911696588,0.3363528088303413,0.6960486322188449,0.37037037037037035,150,2026-09-23 05:48:17,2026-09-23 05:48:17,2026-09-23 08:00:00,3739100274
muller|a|pavlovic|l,muller|a,pavlovic|l,Alexandre Muller,Luka Pavlovic,ATP Chengdu Open - Qualifiers,2026-09-22 05:05:00,0.6181045687238731,0.381895431276127,0.6389891696750902,0.40322580645161293,250,2026-09-21 19:22:29,2026-09-21 19:16:57,2026-09-22 05:05:00,3737917205
munar|p|vera|a,munar|p,vera|a,Pedro Martinez Portero / Jaume Munar,Alejandro Tabilo / Tomas Barrios Vera,Davis Cup - Doubles,2026-09-20 15:00:00,0.5594637250146811,0.440536274985319,0.5901639344262295,0.4716981132075471,150,2026-09-20 08:32:21,2026-09-20 08:18:49,2026-09-20 15:00:00,3735928432
muramatsu|c|uemura|m,muramatsu|c,uemura|m,Chihiro Muramatsu,Mutsumi Uemura,ITF Women Nanao - R1,2026-09-22 03:00:00,0.3727207808955,0.6272792191045001,0.4065040650406504,0.6598639455782314,100,2026-09-21 16:28:27,2026-09-21 16:28:19,2026-09-22 03:00:00,3737813114
murgett|f|tabacco|g,murgett|f,tabacco|g,Finn Murgett,Giorgio Tabacco,ITF Men Setubal - R16,2026-09-24 08:30:00,0.3562399009941043,0.6437600990058957,0.3891050583657587,0.6753246753246753,225,2026-09-24 00:37:45,2026-09-24 00:22:48,2026-09-24 08:30:00,3740000365
nagel|a|theate|p,nagel|a,theate|p,Arthur Nagel,Paul Theate,ITF Men Forbach - R16,2026-09-24 09:36:07,0.972676197903774,0.027323802096226018,0.9856342479528802,0.05136106831022086,100,2026-09-23 17:10:11,2026-09-23 17:08:36,2026-09-24 09:36:07,3739710936
nagel|a|thomas|f,nagel|a,thomas|f,Arthur Nagel,Flynn Thomas,ITF Men Forbach - SF,2026-09-26 13:45:26,0.7808690552761973,0.21913094472380268,0.8161764705882354,0.2590673575129534,75,2026-09-25 23:50:22,2026-09-25 23:46:51,2026-09-26 13:45:26,3741879075
nagel|a|trufelli|t,nagel|a,trufelli|t,Arthur Nagel,Timeo Trufelli,ITF Men Forbach - QF,2026-09-25 11:00:00,0.8238190071096643,0.17618099289033576,0.8579545454545455,0.21645021645021645,75,2026-09-24 23:56:10,2026-09-24 23:47:02,2026-09-25 11:00:00,3740865657
nagy|a|pigato|l,nagy|a,pigato|l,Adrienn Nagy,Lisa Pigato,ITF Women Quinta Do Lago - R16,2026-10-01 10:30:00,0.1039531752955514,0.8960468247044487,0.13755158184319122,0.9221789883268482,225,2026-10-01 00:33:09,2026-10-01 00:27:21,2026-10-01 10:30:00,3747761864
nagy|a|voloshchuk|a,nagy|a,voloshchuk|a,Adrienn Nagy,Angelina Voloshchuk,ITF Women Quinta Do Lago - R1,2026-09-30 09:11:06,0.21823350074959585,0.781766499250404,0.2531645569620253,0.8130841121495328,100,2026-09-29 02:57:29,2026-09-29 02:54:06,2026-09-30 09:11:06,3745789414
nahimana|s|nesmianovych|a,nahimana|s,nesmianovych|a,Sada Nahimana,Alina Nesmianovych,ITF Women Reims - R16,2026-10-01 10:00:00,0.8664946935719948,0.13350530642800512,0.8948475289169295,0.1680672268907563,225,2026-10-01 00:33:09,2026-10-01 00:32:03,2026-10-01 09:10:46,3747771068
naito|m|riera|c,naito|m,riera|c,Melisa Ercan / Yuki Naito,Carole Monnet / Julia Riera,WTA 125K Ankara - Doubles,2026-09-24 09:00:00,0.22199684870073227,0.7780031512992677,0.26595744680851063,0.8165137614678898,100,2026-09-23 17:56:10,2026-09-23 17:50:17,2026-09-24 09:00:00,3739753774
nakashima|a|zverev|c,nakashima|a,zverev|c,Alexander Bublik / Brandon Nakashima,Casper Ruud / Alexander Zverev,ATP Laver Cup - Doubles,2026-09-26 19:30:00,0.46430074924056935,0.5356992507594307,0.49019607843137253,0.5614035087719298,250,2026-09-26 08:25:18,2026-09-26 08:25:18,2026-09-26 19:30:00,3742144602
nakashima|b|smith|k,nakashima|b,smith|k,Bryce Nakashima,Keegan Smith,ATP Challenger Columbus - R16,2026-10-01 15:00:00,0.42044986134335793,0.579550138656642,0.4444444444444444,0.6031746031746031,150,2026-10-01 08:41:57,2026-10-01 08:30:36,2026-10-01 15:00:00,3747981590
nakashima|e|olivetti|t,nakashima|e,olivetti|t,Evan King / Brandon Nakashima,Theo Arribage / Albano Olivetti,ATP Tokyo - Doubles,2026-10-01 05:00:00,0.3294739552923788,0.6705260447076212,0.36101083032490977,0.7005988023952096,150,2026-09-30 16:04:23,2026-09-30 15:54:02,2026-10-01 05:00:00,3747312556
nanobashvili|s|vasa|i,nanobashvili|s,vasa|i,Saba George Nanobashvili,Iiro Vasa,ITF Men Falun - R1,2026-09-21 12:00:00,0.09870793198566803,0.9012920680143319,0.1321003963011889,0.9269539810080349,225,2026-09-21 00:25:23,2026-09-21 00:24:49,2026-09-21 12:00:00,3737465913
navarro|b|petrov|a,navarro|b,petrov|a,Bruno Pujol Navarro,Alexander Petrov,ITF Men Zaragoza - R1,2026-09-30 09:00:00,0.7833852130932509,0.21661478690674907,0.8185117967332124,0.25641025641025644,50,2026-09-30 02:04:19,2026-09-30 02:03:30,2026-09-30 09:00:00,3746770948
nesterov|a|overbeck|a,nesterov|a,overbeck|a,Alexander Donski / Petr Nesterov,August Holmgren / Carl Emil Overbeck,Davis Cup - Doubles,2026-09-19 14:00:00,0.4844983884981054,0.5155016115018946,0.5145631067961165,0.5454545454545454,125,2026-09-19 09:09:38,2026-09-19 08:55:05,2026-09-19 14:00:00,3733869513
nesterov|p|tabacco|g,nesterov|p,tabacco|g,Petr Nesterov,Giorgio Tabacco,ATP Challenger Porto - Qualifiers,2026-09-27 11:30:00,0.6409904369851078,0.3590095630148923,0.6644295302013422,0.38314176245210724,100,2026-09-27 10:44:15,2026-09-27 10:38:59,2026-09-27 11:30:00,3744078716
nesterov|p|taberner|c,nesterov|p,taberner|c,Petr Nesterov,Carlos Taberner,ATP Challenger Plovdiv - R1,2026-09-22 08:00:00,0.36221074548893245,0.6377892545110674,0.3861003861003861,0.6610169491525424,150,2026-09-21 15:57:22,2026-09-21 15:56:56,2026-09-22 08:00:00,3737792801
nesterov|p|topo|m,nesterov|p,topo|m,Petr Nesterov,Marko Topo,ATP Challenger Porto - Qualifiers,2026-09-28 10:10:00,0.4931805498663601,0.5068194501336398,0.5169082125603864,0.5305164319248826,100,2026-09-27 23:09:35,2026-09-27 22:58:27,2026-09-28 10:10:00,3745143543
neumayer|l|onclin|g,neumayer|l,onclin|g,Lukas Neumayer,Gauthier Onclin,Davis Cup - Qualifiers,2026-09-19 13:22:00,0.6710764976093861,0.32892350239061385,0.6923076923076923,0.3508771929824561,250,2026-09-19 02:35:48,2026-09-19 02:31:52,2026-09-19 13:13:00,3733683735
newberry|e|schnyder|s,newberry|e,schnyder|s,Eloise Newberry,Sarina Schnyder,ITF Women Monastir - R1,2026-09-30 10:30:00,0.045173305456572554,0.9548266945434275,0.07320644216691069,0.9724441995039955,225,2026-09-30 00:23:26,2026-09-30 00:17:47,2026-09-30 10:30:00,3746732622
nicholls|o|ribera|m,nicholls|o,ribera|m,Olivia Nicholls,Marina Bassols Ribera,WTA Beijing - Qualifiers,2026-09-28 07:00:00,0.03462786661444634,0.9653721333855536,0.05608524957936063,0.9788045782111063,250,2026-09-28 03:53:47,2026-09-28 03:45:15,2026-09-28 07:00:00,3745256788
nicod|j|seghetti|s,nicod|j,seghetti|s,Jakub Nicod,Samuele Seghetti,ITF Men Sibenik - R16,2026-10-01 09:00:00,0.8804854774642404,0.1195145225357596,0.9111900532859679,0.1589825119236884,50,2026-09-30 16:04:23,2026-09-30 15:55:15,2026-10-01 09:00:00,3747313250
niedner|n|tudorica|a,niedner|n,tudorica|a,Neo Niedner,Alvin Nicholas Tudorica,ITF Men Fayetteville - R16,2026-10-01 15:00:00,0.36660718101617107,0.6333928189838288,0.4,0.6655518394648829,100,2026-10-01 01:24:54,2026-10-01 01:12:40,2026-10-01 15:00:00,3747781327
nijboer|r|stanke|c,nijboer|r,stanke|c,Ryan Nijboer,Cedric Stanke,ITF Men Zaragoza - R1,2026-09-30 12:00:00,0.9795517765818093,0.02044822341819052,0.991162955107812,0.046598322460391424,50,2026-09-30 02:04:19,2026-09-30 02:03:30,2026-09-30 12:00:00,3746771894
nijkamp|r|xu|a,nijkamp|r,xu|a,Rose Marie Nijkamp,Annabelle Xu,ITF Women Nashville - R1,2026-09-30 15:30:00,0.522974166194581,0.47702583380541896,0.5555555555555556,0.5098039215686274,100,2026-09-29 23:30:16,2026-09-29 23:28:51,2026-09-30 15:30:00,3746716654
nilsson|l|sedlackova|p,nilsson|l,sedlackova|p,Lea Nilsson,Petra Sedlackova,ITF Women Quinta Do Lago - R1,2026-09-29 13:15:00,0.7700904865768681,0.2299095134231319,0.8054474708171206,0.2695417789757412,50,2026-09-28 23:10:03,2026-09-28 23:07:33,2026-09-29 13:15:00,3745737153
nishikori|k|tiafoe|f,nishikori|k,tiafoe|f,Kei Nishikori,Frances Tiafoe,ATP Tokyo - R1,2026-10-01 05:35:11,0.1825948454369684,0.8174051545630316,0.2,0.8336106489184693,250,2026-09-29 07:56:31,2026-09-29 07:56:07,2026-10-01 05:35:11,3745892213
nishioka|y|tsitsipas|s,nishioka|y,tsitsipas|s,Yoshihito Nishioka,Stefanos Tsitsipas,ATP Tokyo - Qualifiers,2026-09-28 02:00:00,0.06977161815069406,0.930228381849306,0.09606147934678194,0.9497234791352438,250,2026-09-27 23:43:39,2026-09-27 23:37:56,2026-09-28 02:00:00,3745167895
noce|g|rottoli|l,noce|g,rottoli|l,Gabriele Maria Noce,Lorenzo Rottoli,ATP Challenger Genoa - Qualifiers,2026-09-20 13:00:00,0.3699998590477153,0.6300001409522845,0.39840637450199207,0.6575342465753424,75,2026-09-20 07:46:38,2026-09-20 07:46:38,2026-09-20 12:41:33,3735899998
noguchi|r|svrcina|d,noguchi|r,svrcina|d,Rio Noguchi,Dalibor Svrcina,ATP Hangzhou - Qualifiers,2026-09-23 06:00:00,0.17977494885378514,0.8202250511462148,0.20202020202020202,0.8405103668261563,250,2026-09-22 13:33:29,2026-09-22 13:24:08,2026-09-23 06:00:00,3738466115
noguchi|s|onozawa|n,noguchi|s,onozawa|n,Sae Noguchi,Nana Onozawa,ITF Women Nanao - R1,2026-09-22 03:00:00,0.9557172369067248,0.04428276309327531,0.9731327243417518,0.07215007215007216,100,2026-09-21 16:28:27,2026-09-21 16:28:19,2026-09-22 03:00:00,3737813114
nogueira|h|osorio|j,nogueira|h,osorio|j,Henrique Ortenblad Nogueira,Juan Sebastian Osorio,ITF Men Curitiba - R1,2026-09-22 13:00:00,0.06338527257557511,0.9366147274244249,0.09398496240601503,0.9577167019027484,225,2026-09-22 10:20:42,2026-09-22 10:19:43,2026-09-22 13:00:00,3738307254
nordquist|a|savelov|p,nordquist|a,savelov|p,Arvid Nordquist,Pavel Savelov,ITF Men Baku - R1,2026-09-23 08:00:00,0.9664330915547944,0.033566908445205705,0.9826569545612209,0.06397952655150352,50,2026-09-22 12:29:34,2026-09-22 12:23:45,2026-09-23 08:00:00,3738410543
nordquist|a|singh|d,nordquist|a,singh|d,Arvid Nordquist,Digvijay Pratap Singh,ITF Men Baku - Final,2026-09-27 08:00:00,0.528351736281323,0.47164826371867696,0.5614035087719298,0.504950495049505,150,2026-09-26 12:45:25,2026-09-26 12:45:25,2026-09-27 08:00:00,3742452318
norrie|c|zverev|a,norrie|c,zverev|a,Cameron Norrie,Alexander Zverev,ATP Beijing - R1,2026-10-01 08:30:00,0.07897251928202903,0.9210274807179707,0.10111223458038422,0.9386503067484663,250,2026-09-29 04:31:16,2026-09-29 04:26:41,2026-10-01 08:30:00,3745816673
noskova|l|ruse|e,noskova|l,ruse|e,Linda Noskova,Elena-Gabriela Ruse,WTA Beijing - R2,2026-10-02 03:00:00,0.7786692243825135,0.22133077561748657,0.7950819672131147,0.23866348448687355,275,2026-10-01 08:41:57,2026-10-01 08:30:36,2026-10-02 03:00:00,3747983318
noskova|l|svitolina|e,noskova|l,svitolina|e,Linda Noskova,Elina Svitolina,Billie Jean King Cup - Finals,2026-09-27 11:00:22,0.5070768891233867,0.4929231108766134,0.5215311004784688,0.5073891625615764,800,2026-09-27 09:20:47,2026-09-27 09:08:27,2026-09-27 11:00:22,3743972669
nourescu|a|planinsek|f,nourescu|a,planinsek|f,Alejandro Mateo Berge Nourescu,Filip Jeff Planinsek,ITF Men Slobozia - R1,2026-09-30 08:08:00,0.06151236695553741,0.9384876330444627,0.09191176470588235,0.9592833876221498,100,2026-09-29 00:52:22,2026-09-29 00:38:12,2026-09-30 08:08:00,3745753895
nugroho|p|ren|y,nugroho|p,ren|y,Priska Madelyn Nugroho,Yufei Ren,ITF Women Shenyang - R16,2026-09-17 02:00:00,0.44164179535816955,0.5583582046418305,0.4739336492890995,0.5901639344262295,225,2026-09-16 19:13:15,2026-09-16 19:01:39,2026-09-17 03:00:00,3731306546
nys|r|salminen|h,nys|r,salminen|h,Romain Arneodo / Hugo Nys,Harri Heliovaara / Patrik Niklas-Salminen,Davis Cup - Doubles,2026-09-19 11:00:00,0.40871036514962544,0.5912896348503746,0.4347826086956522,0.6168582375478928,250,2026-09-19 09:09:38,2026-09-19 09:07:39,2026-09-19 11:00:00,3733885072
oberleitner|l|vliegen|s,oberleitner|l,vliegen|s,Lucas Miedler / Neil Oberleitner,Sander Gille / Joran Vliegen,Davis Cup - Doubles,2026-09-19 09:00:00,0.5743473027379783,0.4256526972620217,0.6047430830039526,0.4566210045662101,125,2026-09-18 08:39:36,2026-09-18 08:39:36,2026-09-19 09:00:00,3732583901
oberleitner|p|pel|s,oberleitner|p,pel|s,Petr Nouza / Neil Oberleitner,Sander Arends / David Pel,ATP Hangzhou - Doubles,2026-09-27 07:30:00,0.6218749311204232,0.3781250688795766,0.647887323943662,0.40485829959514175,500,2026-09-25 16:22:45,2026-09-25 16:08:14,2026-09-27 07:30:00,3741389111
oberleitner|p|safiullin|i,oberleitner|p,safiullin|i,Petr Nouza / Neil Oberleitner,Ivan Liutarevich / Roman Safiullin,ATP Hangzhou - Doubles,2026-09-25 10:42:00,0.7882477124904474,0.21175228750955227,0.8171846435100548,0.24390243902439027,150,2026-09-24 16:21:32,2026-09-24 16:14:10,2026-09-25 10:42:00,3740548886
obradovic|d|oparnica|a,obradovic|d,oparnica|a,Dusan Obradovic,Aleksa Oparnica,ITF Men Zlatibor - R1,2026-09-17 09:00:00,0.9402272618023646,0.059772738197635476,0.9607072691552063,0.08992805755395684,450,2026-09-16 19:13:15,2026-09-16 19:01:39,2026-09-17 09:00:00,3730140649
oetzbach|a|trione|r,oetzbach|a,trione|r,Adrian Oetzbach,Riccardo Trione,ATP Challenger Bari - Qualifiers,2026-09-27 08:05:00,0.8610693997616267,0.13893060023837348,0.8897464167585446,0.1736111111111111,50,2026-09-27 05:31:57,2026-09-27 05:30:14,2026-09-27 08:05:00,3743845643
ogunsakin|o|rathi|a,ogunsakin|o,rathi|a,Oluwaseun Peter Ogunsakin,Arjun Rathi,ITF Men Monastir - R1,2026-09-23 08:44:34,0.35885808153749255,0.6411419184625075,0.3968253968253968,0.6774193548387096,50,2026-09-23 05:41:44,2026-09-23 05:35:55,2026-09-23 08:44:34,3739094044
ogunsakin|o|wyk|k,ogunsakin|o,wyk|k,Oluwaseun Peter Ogunsakin,Kris Van Wyk,ITF Men Monastir - R1,2026-09-29 10:30:00,0.4461716936661095,0.5538283063338905,0.48309178743961345,0.5901639344262295,50,2026-09-29 01:45:04,2026-09-29 01:38:35,2026-09-29 10:30:00,3745773996
ogura|k|zhang|m,ogura|k,zhang|m,Kosuke Ogura,Minghui Zhang,ITF Men Luan - R1,2026-09-30 03:11:00,0.7552308473833642,0.24476915261663573,0.7867803837953092,0.27932960893854747,150,2026-09-28 14:49:04,2026-09-28 14:47:23,2026-09-30 03:11:00,3745511539
oh|c|sasikumar|m,oh|c,sasikumar|m,Chan-Yeong Oh,Mukund Sasikumar,ITF Men Luan - R1,2026-09-30 02:00:00,0.37335417854627684,0.6266458214537232,0.41152263374485604,0.6632996632996633,75,2026-09-24 11:40:21,2026-09-24 11:37:39,2026-09-30 02:00:00,3740358025
oh|c|wang|k,oh|c,wang|k,Chan-Yeong Oh,Kai I Wang,ITF Men Luan - R16,2026-10-01 02:14:12,0.662007723960259,0.337992276039741,0.6941896024464832,0.3717472118959108,225,2026-09-30 11:38:32,2026-09-30 11:37:24,2026-10-01 02:14:12,3747110041
oh|c|yang|z,oh|c,yang|z,Chan-Yeong Oh,Zijiang Yang,ITF Men Yinchuan - R16,2026-09-24 04:00:00,0.8831284357021295,0.11687156429787025,0.9103942652329748,0.1510574018126888,100,2026-09-23 15:32:15,2026-09-23 15:27:23,2026-09-24 04:00:00,3739617484
okamura|k|wu|r,okamura|k,wu|r,Kyoka Okamura,Ru Xi Wu,WTA 125k Jingshan - R1,2026-09-29 04:30:00,0.8323692023500696,0.16763079764993044,0.8565279770444764,0.19493177387914232,200,2026-09-27 13:16:37,2026-09-27 13:09:54,2026-09-29 04:30:00,3744273628
okamura|k|yamaguchi|m,okamura|k,yamaguchi|m,Kyoka Okamura,Mei Yamaguchi,WTA Singapore - Qualifiers,2026-09-20 05:30:00,0.3659480827398019,0.6340519172601982,0.38759689922480617,0.6551724137931035,250,2026-09-19 21:15:21,2026-09-19 21:14:43,2026-09-20 05:30:00,3735505275
okonkwo|a|trotter|j,okonkwo|a,trotter|j,Alexander Okonkwo,James Trotter,ATP Challenger Columbus - Qualifiers,2026-09-27 20:00:00,0.17693391786803067,0.8230660821319693,0.20703933747412007,0.849624060150376,50,2026-09-27 06:53:52,2026-09-27 06:52:35,2026-09-27 20:00:00,3743893680
okonkwo|o|staeheli|l,okonkwo|o,staeheli|l,Oliver Okonkwo,Luca Staeheli,ATP Challenger Columbus - R1,2026-09-29 16:30:00,0.39641179069625493,0.6035882093037451,0.42016806722689076,0.626865671641791,150,2026-09-29 08:35:41,2026-09-29 08:29:42,2026-09-29 16:30:00,3745915550
oktiabreva|a|paoletti|m,oktiabreva|a,paoletti|m,Alisa Oktiabreva,Matilde Paoletti,ITF Women Santa Margherita di Pula - QF,2026-09-18 10:00:00,0.7021140612443009,0.2978859387556992,0.7382198952879581,0.3367003367003367,75,2026-09-17 20:23:35,2026-09-17 20:23:35,2026-09-18 10:00:00,3732328796
oktiabreva|a|sziedat|f,oktiabreva|a,sziedat|f,Alisa Oktiabreva,Franziska Sziedat,ITF Women Santa Margherita di Pula - SF,2026-09-19 10:00:00,0.9545640380031366,0.04543596199686345,0.9722453510963085,0.07352941176470588,150,2026-09-18 21:39:16,2026-09-18 21:38:33,2026-09-19 08:10:49,3733521936
oktiabreva|a|yesypchuk|d,oktiabreva|a,yesypchuk|d,Alisa Oktiabreva,Daria Yesypchuk,ITF Women Santa Margherita di Pula - R16,2026-09-24 07:42:01,0.9252897228801709,0.07471027711982896,0.9506660088801184,0.11160714285714285,50,2026-09-23 23:41:22,2026-09-23 23:37:29,2026-09-24 07:42:01,3739975812
okutoyi|a|petkovic|a,okutoyi|a,petkovic|a,Angella Okutoyi,Anna Petkovic,ITF Women Santa Margherita di Pula - R1,2026-09-23 08:30:00,0.6809200030237906,0.31907999697620965,0.71671388101983,0.35714285714285715,50,2026-09-22 14:57:03,2026-09-22 14:54:43,2026-09-23 07:40:30,3738538737
oliveira|n|tu|l,oliveira|n,tu|l,Nicolas Oliveira,Li Tu,ATP Challenger Columbus - Qualifiers,2026-09-27 20:30:00,0.29347129227036406,0.706528707729636,0.3225806451612903,0.7340425531914894,75,2026-09-27 06:53:52,2026-09-27 06:52:35,2026-09-27 20:30:00,3743891766
olivetti|t|poonacha|g,olivetti|t,poonacha|g,Theo Arribage / Albano Olivetti,Gonzalo Escobar / Niki Kaliyanda Poonacha,ATP Chengdu Open - Doubles,2026-09-25 08:00:00,0.6407085091684859,0.35929149083151407,0.6666666666666666,0.3861003861003861,500,2026-09-24 16:51:25,2026-09-24 16:47:51,2026-09-25 08:00:00,3740580371
olivetti|t|zhou|a,olivetti|t,zhou|a,Theo Arribage / Albano Olivetti,Aoran Wang / Yi Zhou,ATP Chengdu Open - Doubles,2026-09-26 07:30:00,0.8940658021857958,0.10593419781420431,0.9207606973058637,0.1402524544179523,125,2026-09-25 15:26:18,2026-09-25 15:22:58,2026-09-26 07:30:00,3741353045
olivieri|g|silva|l,olivieri|g,silva|l,Genaro Alberto Olivieri,Lucas Andrade Da Silva,ATP Challenger Curitiba - R1,2026-09-29 18:15:00,0.5483459559871412,0.45165404401285875,0.5726495726495727,0.47619047619047616,150,2026-09-29 08:35:41,2026-09-29 08:29:42,2026-09-29 17:22:35,3745915854
oliynykova|o|wolff|v,oliynykova|o,wolff|v,Oleksandra Oliynykova,Vivian Wolff,WTA Singapore - R1,2026-09-22 04:00:00,0.7596884929998359,0.24031150700016432,0.7762863534675616,0.2577319587628866,250,2026-09-20 17:44:18,2026-09-20 17:40:23,2026-09-22 04:00:00,3737044652
oliynykova|o|yuan|y,oliynykova|o,yuan|y,Oleksandra Oliynykova,Yue Yuan,WTA Beijing - R1,2026-09-30 08:00:00,0.3502965979914512,0.6497034020085489,0.36764705882352944,0.6666666666666666,250,2026-09-29 09:49:52,2026-09-29 09:45:28,2026-09-30 08:00:00,3745962881
olmos|i|panova|k,olmos|i,panova|k,Ingrid Neel / Giuliana Olmos,Kristina Mladenovic / Alexandra Panova,WTA Singapore - Doubles,2026-09-22 04:10:00,0.45742090461104884,0.5425790953889512,0.48780487804878053,0.5726495726495727,150,2026-09-21 14:34:09,2026-09-21 14:30:12,2026-09-22 04:10:00,3737749623
olmo|a|wuerth|t,olmo|a,wuerth|t,Ane Mintegi Del Olmo,Tara Wuerth,ITF Women Plovdiv - R1,2026-09-22 08:00:00,0.692993023517561,0.30700697648243913,0.7252747252747253,0.3412969283276451,225,2026-09-21 21:19:37,2026-09-21 21:18:47,2026-09-22 08:00:00,3737965727
olmo|a|yaneva|e,olmo|a,yaneva|e,Ane Mintegi Del Olmo,Elizara Yaneva,ITF Women Plovdiv - Final,2026-09-27 09:00:00,0.3652855241273167,0.6347144758726834,0.40322580645161293,0.6710526315789473,75,2026-09-26 14:04:57,2026-09-26 14:01:21,2026-09-27 09:00:00,3742591437
olmo|a|zeltina|b,olmo|a,zeltina|b,Ane Mintegi Del Olmo,Beatrise Zeltina,ITF Women Plovdiv - R16,2026-09-24 07:11:56,0.8026015043312295,0.1973984956687706,0.83739837398374,0.23752969121140144,50,2026-09-23 23:47:04,2026-09-23 23:43:27,2026-09-24 07:11:56,3739978117
onclin|g|rodionov|j,onclin|g,rodionov|j,Gauthier Onclin,Jurij Rodionov,Davis Cup - Qualifiers,2026-09-18 11:00:00,0.30998088312028815,0.6900191168797116,0.33444816053511706,0.7134670487106016,100,2026-09-18 07:48:26,2026-09-18 07:45:39,2026-09-18 10:50:00,3732562602
onclin|g|wayenburg|s,onclin|g,wayenburg|s,Gauthier Onclin,Sascha Gueymard Wayenburg,ATP Challenger Mouilleron-Le-Captif - R16,2026-09-30 13:00:00,0.36221074548893245,0.6377892545110674,0.3861003861003861,0.6610169491525424,150,2026-09-29 16:49:38,2026-09-29 16:44:43,2026-09-30 13:00:00,3746327997
onozawa|n|shimizu|e,onozawa|n,shimizu|e,Nana Onozawa,Eri Shimizu,ITF Women Nanao - R16,2026-09-24 02:00:00,0.10180420112722731,0.8981957988727727,0.14064697609001406,0.9272197962154294,50,2026-09-23 11:39:30,2026-09-23 11:32:53,2026-09-24 02:00:00,3739397329
onozawa|n|subasic|a,onozawa|n,subasic|a,Nana Onozawa,Alana Subasic,ITF Women Wagga Wagga - R1,2026-09-30 03:08:00,0.2720427852927295,0.7279572147072705,0.3115264797507788,0.7641509433962264,50,2026-09-29 12:20:30,2026-09-29 12:17:37,2026-09-30 03:08:00,3746122234
opitz|j|tabata|r,opitz|j,tabata|r,Jannik Opitz,Ryo Tabata,ITF Men Slobozia - R16,2026-10-01 07:00:00,0.44164179535816955,0.5583582046418305,0.4739336492890995,0.5901639344262295,100,2026-09-30 04:25:30,2026-09-30 04:19:27,2026-10-01 07:00:00,3746822383
oradini|g|pearson|k,oradini|g,pearson|k,Giovanni Oradini,Kody Pearson,ATP Challenger Genoa - Qualifiers,2026-09-20 12:00:00,0.9624016252759184,0.037598374724081694,0.979035639412998,0.06653359946773121,50,2026-09-20 04:57:19,2026-09-20 04:47:29,2026-09-20 13:00:00,3735821544
oradini|g|vela|g,oradini|g,vela|g,Giovanni Oradini,Giuseppe La Vela,ATP Challenger Genoa - R1,2026-09-22 14:00:00,0.639689924863489,0.360310075136511,0.6632996632996633,0.3846153846153846,150,2026-09-22 07:57:02,2026-09-22 07:52:01,2026-09-22 14:00:00,3738194210
ortenzi|i|rodriguez|m,ortenzi|i,rodriguez|m,Ingrid Gamarra Martins / Jasmin Ortenzi,Maria Fernanda Navarro Oliva / Victoria Rodriguez,WTA Sao Paulo - Doubles,2026-09-16 22:00:00,0.673018390975299,0.3269816090247011,0.6960486322188449,0.3508771929824561,500,2026-09-16 19:13:15,2026-09-16 19:01:39,2026-09-16 22:00:00,3731215326
ortenzi|i|zamarripa|a,ortenzi|i,zamarripa|a,Ingrid Gamarra Martins / Jasmin Ortenzi,Anna Rogers / Allura Zamarripa,WTA Sao Paulo - Doubles,2026-09-17 20:45:00,0.40194250637923024,0.5980574936207699,0.4329004329004329,0.6282527881040892,150,2026-09-17 08:41:31,2026-09-17 08:36:54,2026-09-17 20:45:00,3731732702
osaka|n|timofeeva|m,osaka|n,timofeeva|m,Naomi Osaka,Maria Timofeeva,WTA Beijing - R2,2026-10-02 03:00:00,0.7793811544833503,0.22061884551664973,0.7959183673469388,0.23809523809523808,275,2026-10-01 08:41:57,2026-10-01 08:35:37,2026-10-02 03:00:00,3747987189
osborne|p|zarazua|i,osborne|p,zarazua|i,Priscilla Hon / Alexandra Osborne,Ingrid Gamarra Martins / Renata Zarazua,WTA Seoul - Doubles,2026-09-22 08:15:00,0.5,0.5,0.5305164319248826,0.5305164319248826,150,2026-09-21 09:52:51,2026-09-21 09:50:33,2026-09-22 08:15:00,3737615093
osborne|r|silva|v,osborne|r,silva|v,Rasheeda McAdoo / Alexandra Osborne,Victoria Luiza Barros / Nauhany Vitoria Leme Da Silva,WTA Sao Paulo - Doubles,2026-09-17 19:20:00,0.6276582317243493,0.3723417682756507,0.6575342465753424,0.40322580645161293,150,2026-09-17 09:26:23,2026-09-17 09:22:12,2026-09-17 19:20:00,3731762420
osorio|c|tararudee|l,osorio|c,tararudee|l,Camila Osorio,Lanlana Tararudee,WTA Beijing - R1,2026-10-01 11:30:00,0.48253686317573885,0.5174631368242611,0.5,0.5348837209302326,250,2026-09-29 09:23:41,2026-09-29 09:11:38,2026-10-01 10:58:11,3745930653
osorio|j|sakamoto|p,osorio|j,sakamoto|p,Juan Sebastian Osorio,Pedro Sakamoto,ITF Men Curitiba - QF,2026-09-25 15:00:00,0.27234897605775077,0.7276510239422493,0.3115264797507788,0.7635933806146572,75,2026-09-18 02:28:52,2026-09-18 02:28:40,2026-09-25 15:00:00,3732461281
osorio|j|zanellato|n,osorio|j,zanellato|n,Juan Sebastian Osorio,Nicolas Zanellato,ITF Men Belem - SF,2026-09-19 17:30:00,0.49122536862611416,0.5087746313738858,0.5238095238095238,0.5412844036697247,150,2026-09-19 00:57:13,2026-09-19 00:52:01,2026-09-19 17:30:00,3733621780
ostapenkov|d|palavestra|i,ostapenkov|d,palavestra|i,Daniil Ostapenkov,Ilija Palavestra,ATP Challenger Columbus - Qualifiers,2026-09-27 22:00:00,0.7618826142186488,0.23811738578135117,0.7894736842105263,0.2680965147453083,75,2026-09-27 06:53:52,2026-09-27 06:52:35,2026-09-27 22:00:00,3743883848
ostapenkov|d|perot|r,ostapenkov|d,perot|r,Daniil Ostapenkov,Raphael Perot,ATP Challenger Columbus - R1,2026-09-29 15:10:00,0.3228486100123041,0.6771513899876959,0.3472222222222222,0.7005988023952096,150,2026-09-29 08:35:41,2026-09-29 08:29:42,2026-09-29 15:10:00,3745914221
ostapenkov|d|shelbayh|a,ostapenkov|d,shelbayh|a,Daniil Ostapenkov,Abdullah Shelbayh,ATP Challenger Columbus - R16,2026-10-01 17:00:00,0.2543811424951677,0.7456188575048323,0.27932960893854747,0.76905311778291,150,2026-10-01 08:41:57,2026-10-01 08:30:36,2026-10-01 17:00:00,3747980625
ostapenkov|d|vandecasteele|q,ostapenkov|d,vandecasteele|q,Daniil Ostapenkov,Quinn Vandecasteele,ATP Challenger Columbus - Qualifiers,2026-09-28 18:00:00,0.3776566591333419,0.6223433408666582,0.4065040650406504,0.6503496503496503,75,2026-09-20 10:17:53,2026-09-20 10:04:29,2026-09-28 17:08:26,3736050547
ostapenko|j|preston|t,ostapenko|j,preston|t,Jelena Ostapenko,Taylah Preston,WTA Seoul - R16,2026-09-24 07:45:00,0.7275287776839071,0.272471222316093,0.7442455242966751,0.2898550724637681,250,2026-09-22 17:06:22,2026-09-22 16:58:19,2026-09-24 07:44:37,3738633604
ostapenko|j|zakharova|a,ostapenko|j,zakharova|a,Jelena Ostapenko,Anastasia Zakharova,WTA Seoul - R1,2026-09-22 07:00:00,0.5739235520154482,0.42607644798455174,0.5901639344262295,0.4424778761061947,250,2026-09-21 09:03:17,2026-09-21 08:58:06,2026-09-22 07:00:00,3737596029
otzipka|j|voloshchuk|a,otzipka|j,voloshchuk|a,Jana Otzipka,Angelina Voloshchuk,WTA 125K Porto - Qualifiers,2026-09-20 10:00:00,0.23019256352123274,0.7698074364787674,0.25510204081632654,0.7929606625258799,200,2026-09-20 02:42:42,2026-09-20 02:31:36,2026-09-20 10:00:00,3735762701
ouakaa|a|ryden|v,ouakaa|a,ryden|v,Aziz Ouakaa,Victor Ryden,ITF Men Monastir - R1,2026-09-30 08:30:00,0.7799026781111296,0.22009732188887052,0.8113207547169812,0.25510204081632654,225,2026-09-30 01:44:03,2026-09-30 01:33:18,2026-09-30 08:30:00,3746762154
ovarelli|g|walker|j,ovarelli|g,walker|j,Ginevra De Angelis / Arianna Ovarelli,Jamilah Snells / Brandy Walker,WTA 125k Tolentino - Doubles,2026-09-23 10:00:00,0.14396237639999096,0.856037623600009,0.19011406844106465,0.89247311827957,100,2026-09-23 08:42:17,2026-09-23 08:31:40,2026-09-23 10:00:00,3739202245
overbeck|c|tabacco|f,overbeck|c,tabacco|f,Carl Emil Overbeck,Fausto Tabacco,ATP Challenger Porto - Qualifiers,2026-09-27 10:05:00,0.6111790468790559,0.3888209531209442,0.635036496350365,0.4132231404958678,100,2026-09-26 23:50:41,2026-09-26 23:49:58,2026-09-27 10:05:00,3743619006
ozeki|m|tamura|k,ozeki|m,tamura|k,Michika Ozeki,Kurumi Tamura,ITF Women Nanao - R16,2026-09-24 03:24:28,0.4999999999999999,0.4999999999999999,0.5370370370370371,0.5370370370370371,50,2026-09-23 11:39:30,2026-09-23 11:39:30,2026-09-24 03:24:28,3739397720
ozeki|m|yang|y,ozeki|m,yang|y,Michika Ozeki,Yidi Yang,ITF Women Nanao - R1,2026-09-23 05:15:00,0.08049594777464304,0.919504052225357,0.11273957158962794,0.9431171786120592,100,2026-09-21 21:19:37,2026-09-21 21:17:44,2026-09-23 04:37:01,3737964869
oz|i|yaneva|e,oz|i,yaneva|e,Ipek Oz,Elizara Yaneva,ITF Women Pazardzhik - SF,2026-09-18 09:00:00,0.3557285512449972,0.6442714487550029,0.39370078740157477,0.6805111821086262,75,2026-09-17 20:23:35,2026-09-17 20:23:35,2026-09-18 07:13:00,3732326234
paardekooper|s|ricci|p,paardekooper|s,ricci|p,Stijn Paardekooper,Pietro Ricci,ITF Men Telavi - R1,2026-09-23 06:00:00,0.8956142154313554,0.1043857845686446,0.9248685199098422,0.14326647564469913,50,2026-09-23 00:13:47,2026-09-23 00:13:17,2026-09-23 06:00:00,3738951524
paardekooper|s|tiukaev|r,paardekooper|s,tiukaev|r,Stijn Paardekooper,Ruslan Tiukaev,ITF Men Telavi - R1,2026-09-28 08:00:00,0.6306573339531637,0.36934266604683624,0.6632996632996633,0.40322580645161293,225,2026-09-28 01:08:29,2026-09-28 00:59:11,2026-09-28 08:00:00,3745212701
pace|f|rogers|a,pace|f,rogers|a,Francesca Pace,Anna Rogers,ITF Women Templeton - R1,2026-09-29 21:02:00,0.5305483900687048,0.46945160993129514,0.5633187772925764,0.5024875621890548,150,2026-09-29 03:35:05,2026-09-29 03:35:05,2026-09-29 21:02:00,3745797461
paganetti|v|pistola|i,paganetti|v,pistola|i,Vittoria Paganetti,Ilary Pistola,ITF Women Santa Margherita di Pula - R16,2026-09-17 11:01:36,0.6196831303580358,0.38031686964196426,0.6563573883161512,0.4184100418410042,50,2026-09-16 23:16:19,2026-09-16 23:13:04,2026-09-17 11:01:36,3731473571
palomar|x|torres|d,palomar|x,torres|d,Xavi Palomar,Diego Esteban Torres,ITF Men Zaragoza - R1,2026-09-30 16:00:00,0.9331209495046558,0.06687905049534411,0.9571734475374732,0.10298661174047373,50,2026-09-30 02:04:19,2026-09-30 02:03:30,2026-09-30 16:00:00,3746771930
palovic|l|tudorica|a,palovic|l,tudorica|a,Lukas Palovic,Alvin Nicholas Tudorica,ITF Men Fayetteville - R1,2026-09-29 18:00:00,0.3313649584893959,0.668635041510604,0.36496350364963503,0.7005988023952096,150,2026-09-29 02:48:34,2026-09-29 02:48:34,2026-09-29 18:00:00,3745787297
pankin|s|tang|s,pankin|s,tang|s,Semen Pankin,Sheng Tang,ITF Men Yinchuan - R16,2026-09-24 02:00:00,0.9005813672876636,0.0994186327123364,0.9293286219081273,0.13812154696132597,50,2026-09-23 15:21:24,2026-09-23 15:19:18,2026-09-24 02:00:00,3739610326
pankin|s|zeng|y,pankin|s,zeng|y,Semen Pankin,Yaojie Zeng,ITF Men Yinchuan - R1,2026-09-22 05:00:00,0.6935425015599519,0.3064574984400478,0.7252747252747253,0.3401360544217687,150,2026-09-21 13:59:48,2026-09-21 13:59:05,2026-09-22 05:00:00,3737736640
paoletti|m|yesypchuk|d,paoletti|m,yesypchuk|d,Matilde Paoletti,Daria Yesypchuk,ITF Women Santa Margherita di Pula - R16,2026-09-17 07:44:15,0.7555273351824134,0.24447266481758653,0.791231732776618,0.2840909090909091,50,2026-09-16 23:16:19,2026-09-16 23:13:04,2026-09-17 07:44:15,3731471851
paolini|j|snigur|d,paolini|j,snigur|d,Jasmine Paolini,Daria Snigur,WTA Beijing - R2,2026-10-02 03:00:00,0.6184554126420599,0.3815445873579401,0.635036496350365,0.39840637450199207,275,2026-10-01 09:31:10,2026-10-01 09:31:00,2026-10-02 03:00:00,3748018725
paolini|j|svitolina|e,paolini|j,svitolina|e,Jasmine Paolini,Elina Svitolina,Billie Jean King Cup - Finals,2026-09-26 10:30:00,0.3241169876004715,0.6758830123995286,0.3389830508474576,0.6904024767801857,800,2026-09-26 09:39:04,2026-09-26 09:37:31,2026-09-26 10:30:00,3742236688
paolini|j|zheng|q,paolini|j,zheng|q,Jasmine Paolini,Qinwen Zheng,Billie Jean King Cup - Finals,2026-09-24 12:15:00,0.34472125440772394,0.6552787455922762,0.3597122302158273,0.66996699669967,800,2026-09-24 09:22:55,2026-09-24 09:21:09,2026-09-24 12:15:00,3740243027
paolini|s|zhang|h,paolini|s,zhang|h,Sara Errani / Jasmine Paolini,Hanyu Guo / Shuai Zhang,Billie Jean King Cup - Doubles,2026-09-24 12:45:00,0.5,0.5,0.5305164319248826,0.5305164319248826,100,2026-09-24 09:22:55,2026-09-24 09:21:09,2026-09-24 12:45:00,3740244192
papamalamis|t|weintraub|b,papamalamis|t,weintraub|b,Theo Papamalamis,Ben Weintraub,ITF Men Fayetteville - R1,2026-09-30 16:07:00,0.8360734774250731,0.1639265225749269,0.8696219035202086,0.2040816326530612,50,2026-09-30 15:21:36,2026-09-30 15:21:36,2026-09-30 16:07:00,3747279315
papamichail|d|reales|g,papamichail|d,reales|g,Despina Papamichail,Guiomar Maristany Zuleta De Reales,WTA 125k Tolentino - R1,2026-09-21 11:00:00,0.16739957005358574,0.8326004299464143,0.1923076923076923,0.8548621190130624,200,2026-09-21 00:25:23,2026-09-21 00:24:49,2026-09-21 11:00:00,3737458271
papamichail|e|ruggeri|a,papamichail|e,ruggeri|a,Ekaterine Gorgodze / Despina Papamichail,Angelica Moratelli / Jennifer Ruggeri,WTA 125k Tolentino - Doubles,2026-09-26 09:00:00,0.5814891550466101,0.4185108449533899,0.6226415094339623,0.4608294930875576,125,2026-09-26 07:13:48,2026-09-26 07:13:48,2026-09-26 09:00:00,3742102722
papamichail|e|stefano|j,papamichail|e,stefano|j,Ekaterine Gorgodze / Despina Papamichail,Jessica Pieri / Samira De Stefano,WTA 125k Tolentino - Doubles,2026-09-23 15:30:00,0.6436195466947783,0.3563804533052217,0.6835443037974683,0.39840637450199207,100,2026-09-23 08:42:17,2026-09-23 08:31:40,2026-09-23 15:30:00,3739205041
pareja|j|stoiana|m,pareja|j,stoiana|m,Julieta Pareja,Mary Stoiana,ITF Women Templeton - R16,2026-10-01 18:00:00,0.4393806251893734,0.5606193748106267,0.47619047619047616,0.5967741935483871,50,2026-10-01 08:17:30,2026-10-01 08:15:29,2026-10-01 18:00:00,3747970960
parisca|i|pujolras|a,parisca|i,pujolras|a,Ignacio Parisca,Alex Marti Pujolras,ITF Men Sabadell - R16,2026-09-24 10:00:00,0.38029467943679335,0.6197053205632067,0.4132231404958678,0.6515679442508712,225,2026-09-24 00:37:45,2026-09-24 00:28:58,2026-09-24 10:00:00,3740007793
paris|t|visker|n,paris|t,visker|n,Tom Paris,Niels Visker,ATP Challenger Mouilleron-Le-Captif - Qualifiers,2026-09-27 10:15:00,0.44801433687435377,0.5519856631256463,0.47619047619047616,0.5798319327731092,75,2026-09-26 23:38:08,2026-09-26 23:34:53,2026-09-27 10:15:00,3743612185
parks|a|yamaguchi|m,parks|a,yamaguchi|m,Alycia Parks,Mei Yamaguchi,WTA Singapore - R1,2026-09-22 04:30:00,0.8093476894231278,0.19065231057687235,0.8254799301919721,0.20790020790020788,250,2026-09-21 12:29:34,2026-09-21 12:29:28,2026-09-22 04:30:00,3737689441
parks|a|zhu|l,parks|a,zhu|l,Alycia Parks,Lin Zhu,WTA Beijing - R1,2026-10-01 09:50:52,0.5140297289698113,0.4859702710301888,0.5305164319248826,0.5024875621890548,250,2026-09-29 09:23:41,2026-09-29 09:11:38,2026-10-01 09:50:52,3745935379
park|e|ye|y,park|e,ye|y,Eunhye Lee / Sohyun Park,Ya-Hsin Lee / Qiu Yu Ye,WTA Seoul - Doubles,2026-09-21 09:30:00,0.24251480360403022,0.7574851963959698,0.2695417789757412,0.782608695652174,525,2026-09-20 17:17:40,2026-09-20 17:10:00,2026-09-21 09:30:00,3736989090
park|j|poonacha|n,park|j,poonacha|n,Ji Sung Nam / Uisung Park,N.Sriram Balaji / Niki Kaliyanda Poonacha,Davis Cup - Doubles,2026-09-19 03:00:00,0.3294739552923788,0.6705260447076212,0.36101083032490977,0.7005988023952096,125,2026-09-18 08:26:12,2026-09-18 08:26:12,2026-09-19 03:00:00,3732576634
park|s|tararudee|l,park|s,tararudee|l,Sohyun Park,Lanlana Tararudee,WTA Seoul - R16,2026-09-23 03:00:00,0.12483638623919441,0.8751636137608056,0.14641288433382138,0.8939554612937434,250,2026-09-22 09:42:31,2026-09-22 09:37:38,2026-09-23 04:00:00,3738262784
parry|d|preston|t,parry|d,preston|t,Diane Parry,Taylah Preston,WTA Beijing - R2,2026-10-02 03:00:00,0.563739304730098,0.436260695269902,0.5798319327731092,0.45248868778280543,275,2026-10-01 08:41:57,2026-10-01 08:35:37,2026-10-02 03:00:00,3747987588
paterno|g|yesypchuk|d,paterno|g,yesypchuk|d,Giulia Paterno,Daria Yesypchuk,ITF Women Santa Margherita di Pula - R1,2026-09-23 07:42:12,0.05319396917986184,0.9468060308201383,0.08250825082508251,0.9660902000678196,225,2026-09-23 03:24:41,2026-09-23 03:15:47,2026-09-23 07:42:12,3739041756
paul|t|tabilo|a,paul|t,tabilo|a,Tommy Paul,Alejandro Tabilo,ATP Tokyo - R1,2026-09-30 04:39:57,0.7428196077895906,0.25718039221040945,0.7596153846153847,0.2747252747252747,250,2026-09-29 07:56:31,2026-09-29 07:56:07,2026-09-30 04:39:57,3745892901
pavic|n|puetz|k,pavic|n,puetz|k,Nikola Mektic / Mate Pavic,Kevin Krawietz / Tim Puetz,Davis Cup - Doubles,2026-09-20 10:00:00,0.4394411631507619,0.560558836849238,0.4694835680751174,0.5901639344262295,125,2026-09-19 12:05:37,2026-09-19 11:56:58,2026-09-20 10:00:00,3734144925
pavlova|k|tomase|e,pavlova|k,tomase|e,Kira Pavlova,Elza Tomase,ITF Women Yecla - R16,2026-09-24 10:30:00,0.6024678340238969,0.3975321659761032,0.635036496350365,0.43103448275862066,100,2026-09-23 23:34:21,2026-09-23 23:32:41,2026-09-24 10:30:00,3739972714
pawlikowska|z|perelygina|e,pawlikowska|z,perelygina|e,Zuzanna Pawlikowska,Ekaterina Perelygina,ITF Women Hurghada - SF,2026-09-19 06:00:00,0.5300223829804921,0.4699776170195079,0.5670995670995671,0.5073891625615764,75,2026-09-18 16:20:55,2026-09-18 16:18:52,2026-09-19 06:00:00,3732994468
pawlikowska|z|smirnova|k,pawlikowska|z,smirnova|k,Zuzanna Pawlikowska,Ksenia Smirnova,ITF Women Sharm El Sheikh - R16,2026-09-24 06:30:00,0.8317014411260383,0.1682985588739617,0.8616874135546335,0.2032520325203252,100,2026-09-23 23:41:22,2026-09-23 23:41:22,2026-09-24 06:30:00,3739978731
pel|j|tobon|n,pel|j,tobon|n,Jesper De Jong / David Pel,Nicolas Barrientos / Miguel Tobon,Davis Cup - Doubles,2026-09-19 12:00:00,0.6549280384061983,0.3450719615938017,0.6845425867507886,0.37593984962406013,125,2026-09-19 10:18:51,2026-09-19 10:17:41,2026-09-19 12:00:00,3733974584
pel|s|stalder|m,pel|s,stalder|m,Sander Arends / David Pel,Miguel Reyes-Varela / Reese Stalder,ATP Hangzhou - Doubles,2026-09-24 08:00:00,0.585786437626905,0.41421356237309503,0.6153846153846154,0.4444444444444444,150,2026-09-23 16:35:02,2026-09-23 16:34:46,2026-09-24 08:00:00,3739666979
pel|s|stevens|e,pel|s,stevens|e,Sander Arends / David Pel,Evan King / Bart Stevens,ATP Hangzhou - Doubles,2026-09-28 05:50:00,0.5,0.5,0.5305164319248826,0.5305164319248826,150,2026-09-27 15:33:45,2026-09-27 15:33:45,2026-09-28 05:50:00,3744589846
pel|s|tracy|f,pel|s,tracy|f,Sander Arends / David Pel,Francisco Cabral / James Tracy,ATP Hangzhou - Doubles,2026-09-29 08:50:00,0.4238344781100404,0.5761655218899596,0.45454545454545453,0.6062992125984252,150,2026-09-28 15:29:47,2026-09-28 15:19:37,2026-09-29 08:45:00,3745526327
penickova|a|urhobo|a,penickova|a,urhobo|a,Annika Penickova,Akasha Urhobo,ITF Women Templeton - R1,2026-09-29 22:53:33,0.388393810790289,0.611606189209711,0.42194092827004215,0.6441281138790036,150,2026-09-29 07:00:13,2026-09-29 06:55:44,2026-09-29 22:53:33,3745863756
penickova|k|shymanovich|i,penickova|k,shymanovich|i,Kristina Penickova,Iryna Shymanovich,ITF Women Templeton - R1,2026-09-30 18:46:10,0.3796664238380499,0.6203335761619502,0.4132231404958678,0.6527777777777778,150,2026-09-30 02:04:19,2026-09-30 02:03:30,2026-09-30 18:46:10,3746769146
peniston|r|romano|f,peniston|r,romano|f,Ryan Peniston,Filippo Romano,ATP Challenger Mouilleron-Le-Captif - Qualifiers,2026-09-28 11:00:00,0.40815177643714146,0.5918482235628587,0.4366812227074236,0.6197718631178707,125,2026-09-27 18:48:51,2026-09-27 18:41:54,2026-09-28 10:57:46,3744895166
peniston|r|sels|j,peniston|r,sels|j,Ryan Peniston,Jelle Sels,ATP Challenger Mouilleron-Le-Captif - Qualifiers,2026-09-27 12:00:00,0.6703418443632548,0.3296581556367453,0.6978851963746223,0.35842293906810035,75,2026-09-26 23:38:08,2026-09-26 23:34:53,2026-09-27 12:00:00,3743613740
pereira|j|roberts|j,pereira|j,roberts|j,Jose Pereira,Justin Roberts,ITF Men Curitiba - R16,2026-09-24 13:00:00,0.6146284149328104,0.3853715850671897,0.646643109540636,0.4184100418410042,100,2026-09-24 00:37:45,2026-09-24 00:33:24,2026-09-24 13:00:00,3740011273
pereira|j|tosetto|r,pereira|j,tosetto|r,Jose Pereira,Rafael Tosetto,ATP Challenger Curitiba - Qualifiers,2026-09-27 17:00:00,0.5842595566610055,0.41574044333899446,0.6124031007751938,0.4444444444444444,75,2026-09-27 02:46:52,2026-09-27 02:35:59,2026-09-27 17:00:00,3743764714
pereira|t|tsitsipas|p,pereira|t,tsitsipas|p,Tiago Pereira,Pavlos Tsitsipas,ATP Challenger Plovdiv - Qualifiers,2026-09-20 13:30:00,0.9412530908553238,0.05874690914467623,0.962686567164179,0.09132420091324202,50,2026-09-20 01:31:56,2026-09-20 01:31:14,2026-09-20 14:30:00,3735711541
pereira|t|virtanen|o,pereira|t,virtanen|o,Tiago Pereira,Otto Virtanen,ATP Challenger Porto - R1,2026-09-29 14:20:00,0.2584060758670876,0.7415939241329124,0.2785515320334262,0.7607655502392345,150,2026-09-27 23:50:36,2026-09-27 23:43:44,2026-09-29 14:20:00,3745174766
perelygina|e|petretic|l,perelygina|e,petretic|l,Ekaterina Perelygina,Laia Petretic,ITF Women Hurghada - QF,2026-09-18 07:00:00,0.6473467990827976,0.3526532009172022,0.6835443037974683,0.390625,75,2026-09-18 00:10:21,2026-09-18 00:10:21,2026-09-18 06:14:34,3732391890
perelygina|e|tupitsyna|e,perelygina|e,tupitsyna|e,Ekaterina Perelygina,Ekaterina Tupitsyna,ITF Women Hurghada - Final,2026-09-20 09:00:00,0.3425024112038377,0.6574975887961624,0.37593984962406013,0.6894409937888198,150,2026-09-19 11:18:12,2026-09-19 11:10:58,2026-09-20 09:00:00,3734057994
perez|g|ryser|v,perez|g,ryser|v,Georgina Garcia Perez,Valentina Ryser,ITF Women Yecla - R1,2026-09-22 10:30:00,0.19810845609354738,0.8018915439064526,0.2331002331002331,0.8327759197324415,150,2026-09-21 21:19:37,2026-09-21 21:18:47,2026-09-22 10:30:00,3737965811
perez|m|prozorova|s,perez|m,prozorova|s,Miyu Kato / Ellen Perez,Sofya Lansere / Tatiana Prozorova,WTA Singapore - Doubles,2026-09-25 09:40:00,0.7822136975450762,0.21778630245492372,0.8113207547169812,0.25,150,2026-09-24 14:34:50,2026-09-24 14:28:28,2026-09-25 09:30:00,3740481647
perez|m|vekic|m,perez|m,vekic|m,Miyu Kato / Ellen Perez,Maria Sakkari / Donna Vekic,WTA Singapore - Doubles,2026-09-21 07:30:00,0.7171899024660221,0.28281009753397784,0.7468354430379747,0.31446540880503143,150,2026-09-20 16:39:43,2026-09-20 16:36:54,2026-09-21 07:30:00,3736916691
perez|m|xu|q,perez|m,xu|q,Miyu Kato / Ellen Perez,Qianhui Tang / Yi-Fan Xu,WTA Singapore - Doubles,2026-09-26 06:40:00,0.5574988136276551,0.44250118637234503,0.5884773662551441,0.4739336492890995,125,2026-09-25 17:41:17,2026-09-25 17:38:48,2026-09-26 06:40:00,3741513569
persson|k|timofeeva|m,persson|k,timofeeva|m,Kajsa Rinaldo Persson,Maria Timofeeva,WTA 125K Porto - R16,2026-09-23 14:34:22,0.1727274539100316,0.8272725460899685,0.19762845849802374,0.849624060150376,200,2026-09-22 17:43:26,2026-09-22 17:43:26,2026-09-23 14:34:22,3738665804
pertusa|a|rapagnetta|d,pertusa|a,rapagnetta|d,Alejandro Manzanera Pertusa,Daniele Rapagnetta,ITF Men Melilla - R16,2026-09-17 12:01:28,0.45827062280722264,0.5417293771927775,0.49504950495049505,0.5780590717299579,50,2026-09-16 23:44:59,2026-09-16 23:43:27,2026-09-17 12:01:28,3731496299
petkovic|a|valente|d,petkovic|a,valente|d,Anna Petkovic,Denise Valente,ITF Women Santa Margherita di Pula - R16,2026-09-24 08:30:00,0.7772991936131994,0.2227008063868004,0.8087954110898662,0.2577319587628866,100,2026-09-23 23:41:22,2026-09-23 23:41:22,2026-09-24 07:37:32,3739978920
petkovic|m|sachko|v,petkovic|m,sachko|v,Mika Petkovic,Vitaliy Sachko,ATP Challenger Bari - R1,2026-09-28 15:25:00,0.3228486100123041,0.6771513899876959,0.3472222222222222,0.7005988023952096,150,2026-09-27 23:43:39,2026-09-27 23:37:56,2026-09-28 13:55:20,3745170973
petre|s|zgola|b,petre|s,zgola|b,Stefan Ilie Bogdan Petre,Borys Zgola,ITF Men Slobozia - R1,2026-09-29 07:00:00,0.5064665987129028,0.49353340128709705,0.5433789954337899,0.5305164319248826,50,2026-09-28 23:48:02,2026-09-28 23:48:02,2026-09-29 07:00:00,3745748042
petrofsky|d|zgola|b,petrofsky|d,zgola|b,David Petrofsky,Borys Zgola,ITF Men Pardubice - R1,2026-09-23 07:47:26,0.33920428403499664,0.6607957159650033,0.37735849056603776,0.696969696969697,50,2026-09-23 02:47:33,2026-09-23 02:47:33,2026-09-23 10:00:00,3739028105
petrovic|a|renard|l,petrovic|a,renard|l,Andreja Petrovic,Lucas Renard,ITF Men Falun - QF,2026-09-24 10:00:00,0.8455257985717678,0.15447420142823215,0.875,0.1893939393939394,250,2026-09-24 00:37:45,2026-09-24 00:33:24,2026-09-24 10:00:00,3740010568
petrovic|a|wistrand|j,petrovic|a,wistrand|j,Andreja Petrovic,Jack Karlsson Wistrand,ITF Men Falun - R16,2026-09-23 11:00:00,0.8598302588077812,0.14016974119221867,0.8921251348435815,0.1801801801801802,50,2026-09-23 02:54:28,2026-09-23 02:54:22,2026-09-23 11:00:00,3739031035
petrovic|d|prihodko|o,petrovic|d,prihodko|o,Drazen Petrovic,Oleg Prihodko,ITF Men Zlatibor - R16,2026-09-18 10:00:00,0.08809998986265682,0.9119000101373435,0.12610340479192939,0.9392466585662211,50,2026-09-18 01:38:45,2026-09-18 01:38:45,2026-09-18 07:17:36,3732437657
piccioli|t|sakamoto|p,piccioli|t,sakamoto|p,Thomas Enrique Menzel Piccioli,Pedro Sakamoto,ITF Men Belem - R1,2026-09-16 21:11:55,0.07774714341314903,0.9222528565868511,0.0998003992015968,0.9397590361445783,450,2026-09-16 19:13:15,2026-09-16 19:05:52,2026-09-16 21:11:55,3731313478
pieczkowski|o|sheldon|m,pieczkowski|o,sheldon|m,Olaf Pieczkowski,Max Sheldon,ITF Men Ann Arbor - R16,2026-10-01 16:00:00,0.6697413721872049,0.33025862781279514,0.7014925373134329,0.36363636363636365,100,2026-10-01 01:24:54,2026-10-01 01:17:22,2026-10-01 16:00:00,3747796966
pieczkowski|o|solheim|f,pieczkowski|o,solheim|f,Olaf Pieczkowski,Fredrik Krogh Solheim,ITF Men Ann Arbor - R1,2026-09-30 15:30:00,0.9418534217154051,0.05814657828459486,0.9620493358633776,0.0881057268722467,150,2026-09-30 01:44:03,2026-09-30 01:33:18,2026-09-30 15:30:00,3746757952
pieczonka|f|trungelliti|m,pieczonka|f,trungelliti|m,Filip Pieczonka,Marco Trungelliti,ATP Challenger Szczecin - R16,2026-09-17 14:20:14,0.19626344610712224,0.8037365538928776,0.2159827213822894,0.8220640569395018,150,2026-09-16 23:39:23,2026-09-16 23:39:23,2026-09-17 14:45:00,3731494133
pieleanu|r|popovic|s,pieleanu|r,popovic|s,Rares Teodor Pieleanu,Stefan Popovic,ITF Men Zlatibor - R1,2026-09-17 08:11:00,0.4388371993886373,0.5611628006113627,0.4716981132075471,0.5934959349593496,100,2026-09-16 23:25:56,2026-09-16 23:25:56,2026-09-17 08:11:00,3731481054
piening|c|siniakov|d,piening|c,siniakov|d,Claus Piening,Daniel Siniakov,ITF Men Pardubice - R1,2026-09-23 08:56:00,0.0644765667348868,0.9355234332651132,0.10030090270812436,0.9591336330200245,50,2026-09-23 02:47:33,2026-09-23 02:47:33,2026-09-23 08:56:00,3739027772
pieri|j|reales|g,pieri|j,reales|g,Jessica Pieri,Guiomar Maristany Zuleta De Reales,WTA 125k Tolentino - SF,2026-09-26 14:34:02,0.15599409527535263,0.8440059047246473,0.17825311942959002,0.8639455782312926,200,2026-09-25 14:44:43,2026-09-25 14:44:20,2026-09-26 14:34:02,3741319579
pieri|j|ristic|m,pieri|j,ristic|m,Jessica Pieri,Mia Ristic,WTA 125k Tolentino - QF,2026-09-25 12:00:00,0.17056105344794767,0.8294389465520523,0.1953125,0.8516320474777449,200,2026-09-24 17:08:43,2026-09-24 16:59:26,2026-09-25 12:15:00,3740587626
pigato|l|vandromme|j,pigato|l,vandromme|j,Lisa Pigato,Jeline Vandromme,WTA 125k Caldas Da Rainha - SF,2026-09-19 13:03:56,0.24054204853279162,0.7594579514672084,0.2604166666666667,0.7782705099778271,200,2026-09-19 02:46:12,2026-09-19 02:37:40,2026-09-19 13:03:56,3733689774
pigossi|e|valdmannova|m,pigossi|e,valdmannova|m,Ekaterina Ovcharenko / Laura Pigossi,Mary Stoiana / Vendula Valdmannova,WTA Sao Paulo - Doubles,2026-09-17 22:00:00,0.3180363412612485,0.6819636587387514,0.3448275862068966,0.7076023391812866,175,2026-09-16 19:13:15,2026-09-16 19:01:39,2026-09-17 22:00:00,3730815074
pigossi|l|tubello|e,pigossi|l,tubello|e,Lucija Ciric Bagaric / Laura Pigossi,Enola Chiesa / Alice Tubello,WTA 125k Tolentino - Doubles,2026-09-24 13:30:00,0.8130961583264106,0.18690384167358937,0.8473282442748092,0.22675736961451246,500,2026-09-24 09:22:55,2026-09-24 09:21:09,2026-09-24 13:30:00,3740247010
pigossi|l|valdmannova|v,pigossi|l,valdmannova|v,Laura Pigossi,Vendula Valdmannova,WTA Sao Paulo - R1,2026-09-16 21:00:00,0.2441812197366819,0.7558187802633181,0.2590673575129534,0.7701149425287357,2500,2026-09-16 19:13:15,2026-09-16 19:01:39,2026-09-16 21:00:00,3731307346
pinto|l|sverzut|c,pinto|l,sverzut|c,Lucca Pinto,Corsini Lorenzo Sverzut,ITF Men Belem - R16,2026-09-17 18:19:25,0.7992175524907057,0.2007824475092943,0.8341625207296849,0.24096385542168672,50,2026-09-16 23:39:23,2026-09-16 23:39:23,2026-09-17 18:19:25,3731493952
piros|m|rodesch|a,piros|m,rodesch|a,Matyas Fuele / Zsombor Piros,Alex Knaff / Chris Rodesch,Davis Cup - Doubles,2026-09-19 12:00:00,0.44139521536653914,0.558604784633461,0.4716981132075471,0.5884773662551441,125,2026-09-19 09:09:38,2026-09-19 09:07:39,2026-09-19 12:00:00,3733873573
piros|z|valle|e,piros|z,valle|e,Zsombor Piros,Enrico Dalla Valle,ATP Challenger Bari - R16,2026-09-30 13:30:00,0.6771513899876959,0.3228486100123041,0.7005988023952096,0.3472222222222222,150,2026-09-29 16:37:43,2026-09-29 16:35:26,2026-09-30 13:30:00,3746323119
piter|q|plipuech|m,piter|q,plipuech|m,Quinn Gleason / Katarzyna Piter,Momoko Kobori / Peangtarn Plipuech,WTA Guadalajara - Doubles,2026-09-18 16:00:00,0.7375315826059518,0.26246841739404825,0.7668997668997669,0.29411764705882354,125,2026-09-18 09:00:14,2026-09-18 08:59:38,2026-09-18 16:00:00,3732598576
planinsek|f|zgola|b,planinsek|f,zgola|b,Filip Jeff Planinsek,Borys Zgola,ITF Men Slobozia - R16,2026-10-01 08:30:00,0.8968484042034169,0.10315159579658303,0.9229583975346686,0.13679890560875513,225,2026-10-01 00:33:09,2026-10-01 00:27:21,2026-10-01 08:30:00,3747770069
podoroska|n|quevedo|k,podoroska|n,quevedo|k,Nadia Podoroska,Kaitlin Quevedo,WTA Sao Paulo - Final,2026-09-21 14:00:00,0.43614292689511114,0.5638570731048889,0.4504504504504505,0.5780590717299579,650,2026-09-19 21:23:35,2026-09-19 21:14:42,2026-09-21 15:00:00,3735512676
podrez|v|pohankova|m,podrez|v,pohankova|m,Veronika Podrez,Mia Pohankova,WTA 125K Porto - R16,2026-09-24 10:11:37,0.3076355210128226,0.6923644789871776,0.33222591362126247,0.7159090909090909,200,2026-09-23 15:21:24,2026-09-23 15:19:18,2026-09-24 11:00:00,3739607826
podrez|v|siskova|a,podrez|v,siskova|a,Veronika Podrez,Anna Siskova,ITF Women Le Neubourg - SF,2026-09-19 13:00:00,0.5,0.5,0.5327102803738317,0.5327102803738317,150,2026-09-18 21:39:16,2026-09-18 21:38:33,2026-09-19 12:12:14,3733521790
pohankova|m|swan|k,pohankova|m,swan|k,Mia Pohankova,Katie Swan,WTA 125K Porto - QF,2026-09-25 15:15:00,0.5238095238095238,0.47619047619047616,0.5475113122171946,0.5,200,2026-09-24 23:39:29,2026-09-24 23:31:56,2026-09-25 15:15:00,3740854968
pohankova|m|timofeeva|m,pohankova|m,timofeeva|m,Mia Pohankova,Maria Timofeeva,WTA 125K Porto - SF,2026-09-26 11:30:00,0.41917461527728456,0.5808253847227155,0.43859649122807015,0.6000000000000001,200,2026-09-25 23:24:07,2026-09-25 23:21:03,2026-09-26 11:27:35,3741862952
pokorny|l|recek|d,pokorny|l,recek|d,Lukas Pokorny,Dominik Recek,ITF Men Pardubice - QF,2026-09-26 07:30:00,0.6360609437575747,0.36393905624242523,0.6721311475409836,0.4016064257028112,75,2026-09-25 23:44:01,2026-09-25 23:41:00,2026-09-26 07:30:00,3741875297
pokorny|l|turcanu|r,pokorny|l,turcanu|r,Lukas Pokorny,Radu David Turcanu,ITF Men Slobozia - R16,2026-10-01 07:00:00,0.5630968313923191,0.43690316860768086,0.5951417004048584,0.4694835680751174,225,2026-10-01 00:33:09,2026-10-01 00:27:21,2026-10-01 07:00:00,3747770306
pokorny|l|vanta|v,pokorny|l,vanta|v,Lukas Pokorny,Valentin Vanta,ITF Men Slobozia - R1,2026-09-30 08:08:00,0.8608693208066385,0.13913067919336178,0.8896247240618101,0.17391304347826086,100,2026-09-29 00:52:22,2026-09-29 00:38:12,2026-09-30 08:08:00,3745753843
pokorny|l|zielinski|m,pokorny|l,zielinski|m,Lukas Pokorny,Marcel Zielinski,ITF Men Pardubice - R1,2026-09-23 07:42:50,0.4999999999999999,0.4999999999999999,0.5370370370370371,0.5370370370370371,50,2026-09-23 02:47:33,2026-09-23 02:47:33,2026-09-23 07:42:50,3739028186
pokorny|m|tsitsipas|s,pokorny|m,tsitsipas|s,Milos Karol / Lukas Pokorny,Stefanos Sakellaridis / Stefanos Tsitsipas,Davis Cup - Doubles,2026-09-20 10:00:00,0.40357791904805185,0.5964220809519482,0.4347826086956522,0.626865671641791,125,2026-09-19 12:05:37,2026-09-19 12:03:57,2026-09-20 10:00:00,3734146750
poling|k|zahraj|p,poling|k,zahraj|p,Karl Poling,Patrick Zahraj,ATP Challenger Mouilleron-Le-Captif - Qualifiers,2026-09-27 08:05:00,0.4262382926565359,0.5737617073434641,0.45454545454545453,0.601593625498008,75,2026-09-26 23:38:08,2026-09-26 23:34:53,2026-09-27 08:05:00,3743611671
poljicak|m|rocha|h,poljicak|m,rocha|h,Mili Poljicak,Henrique Rocha,ATP Challenger Porto - R16,2026-10-01 12:00:00,0.23145243610740263,0.7685475638925972,0.25125628140703515,0.7872340425531915,200,2026-09-30 16:40:42,2026-09-30 16:39:20,2026-10-01 12:00:00,3747365340
popa|g|schaefer|a,popa|g,schaefer|a,Giulia Safina Popa,Anne Schaefer,ITF Women Constanta - SF,2026-09-26 09:00:00,0.47742186603088377,0.5225781339691162,0.5145631067961165,0.5594713656387665,75,2026-09-25 14:51:40,2026-09-25 14:44:20,2026-09-26 08:40:44,3741319802
popa|g|spasova|b,popa|g,spasova|b,Giulia Safina Popa,Beatris Spasova,ITF Women Varna - R16,2026-10-01 09:51:00,0.9430904232528593,0.0569095767471408,0.9630723781388477,0.08673026886383348,225,2026-10-01 00:33:09,2026-10-01 00:27:21,2026-10-01 09:51:00,3747765250
popescu|a|prisacariu|a,popescu|a,prisacariu|a,Alessia Popescu,Andreea Prisacariu,ITF Women Constanta - R16,2026-09-24 07:09:40,0.0668014331096502,0.9331985668903497,0.10288065843621398,0.9572284003421727,50,2026-09-23 22:52:47,2026-09-23 22:52:12,2026-09-24 07:09:40,3739953716
popovic|s|topo|m,popovic|s,topo|m,Stefan Popovic,Marko Topo,ITF Men Zlatibor - QF,2026-09-18 14:30:00,0.2219041006299976,0.7780958993700025,0.2617801047120419,0.8134328358208955,75,2026-09-18 13:37:56,2026-09-18 13:32:47,2026-09-18 14:30:00,3732807466
poritskyy|a|zakaria|f,poritskyy|a,zakaria|f,Andriy Poritskyy,Fares Zakaria,ITF Men Sharm El Sheikh - R1,2026-09-23 09:00:00,0.0575573277522934,0.9424426722477066,0.09250693802035152,0.9647017296152488,50,2026-09-23 02:32:42,2026-09-23 02:29:09,2026-09-23 09:00:00,3739017030
potenza|l|torre|i,potenza|l,torre|i,Luca Potenza,Inaki Montes-De La Torre,ATP Challenger Porto - R1,2026-09-30 14:10:00,0.29942993344492813,0.7005700665550721,0.3194888178913738,0.7198879551820728,150,2026-09-29 08:52:42,2026-09-29 08:41:25,2026-09-30 14:20:00,3745917231
prata|v|stice|t,prata|v,stice|t,Vasco Leote Prata,Tyler Stice,ITF Men Setubal - R1,2026-09-23 11:00:00,0.5962069571154384,0.4037930428845616,0.6282527881040892,0.4366812227074236,150,2026-09-22 12:47:51,2026-09-22 12:38:50,2026-09-23 11:00:00,3738420114
pree|b|renard|e,pree|b,renard|e,Britt Du Pree,Elise Renard,ITF Women Reims - R1,2026-09-29 14:49:20,0.8784687028537601,0.12153129714624,0.9060150375939849,0.1557632398753894,225,2026-09-29 07:00:13,2026-09-29 06:55:44,2026-09-29 14:49:20,3745865911
pree|b|veldman|k,pree|b,veldman|k,Britt Du Pree,Klara Veldman,ITF Women Reims - R16,2026-10-01 11:41:00,0.89519684767052,0.10480315232947998,0.9214454045561665,0.13850415512465375,150,2026-10-01 00:33:09,2026-10-01 00:27:21,2026-10-01 11:41:00,3747769216
preston|j|pushkareva|a,preston|j,pushkareva|a,Janae Preston,Anna Pushkareva,ITF Women Berkeley - R1,2026-09-23 17:00:00,0.5830850429249297,0.4169149570750702,0.6197718631178707,0.45454545454545453,50,2026-09-23 03:37:04,2026-09-23 03:34:33,2026-09-23 17:00:00,3739048744
preston|t|sakatsume|h,preston|t,sakatsume|h,Taylah Preston,Himeno Sakatsume,WTA Seoul - R1,2026-09-22 04:00:00,0.4756351578732676,0.5243648421267324,0.4926108374384236,0.5412844036697247,250,2026-09-20 17:50:22,2026-09-20 17:48:33,2026-09-22 04:00:00,3737064015
pridankina|e|zaytseva|k,pridankina|e,zaytseva|k,Elena Pridankina,Ksenia Zaytseva,WTA 125K Ankara - R16,2026-09-23 12:16:34,0.6466635764698324,0.35333642353016753,0.66996699669967,0.37735849056603776,200,2026-09-22 16:25:59,2026-09-22 16:25:16,2026-09-23 12:16:34,3738603111
primorac|i|snells|j,primorac|i,snells|j,Iva Primorac,Jamilah Snells,WTA 125k Tolentino - Qualifiers,2026-09-20 08:00:00,0.9127962518595032,0.08720374814049682,0.9357739242132306,0.11737089201877934,200,2026-09-20 01:31:56,2026-09-20 01:31:14,2026-09-20 08:00:00,3735701463
primorac|i|spiteri|d,primorac|i,spiteri|d,Iva Primorac,Dalila Spiteri,WTA 125k Tolentino - Qualifiers,2026-09-21 08:00:00,0.5524084678071083,0.44759153219289183,0.576271186440678,0.4716981132075471,200,2026-09-20 16:56:39,2026-09-20 16:54:52,2026-09-21 09:00:00,3736963178
prisacariu|a|pushkar|s,prisacariu|a,pushkar|s,Andreea Prisacariu,Stefaniya Pushkar,ITF Women Constanta - R1,2026-09-22 10:00:00,0.9097744316050175,0.09022556839498273,0.9345549738219896,0.1231527093596059,100,2026-09-21 21:04:55,2026-09-21 21:02:38,2026-09-22 10:00:00,3737959775
prisacariu|a|todoni|c,prisacariu|a,todoni|c,Andreea Prisacariu,Cristiana Nicoleta Todoni,ITF Women Constanta - QF,2026-09-25 07:00:00,0.49353340128709705,0.5064665987129028,0.5305164319248826,0.5433789954337899,75,2026-09-24 19:53:50,2026-09-24 19:45:31,2026-09-25 07:00:00,3740756037
prizmic|d|rincon|d,prizmic|d,rincon|d,Dino Prizmic,Daniel Rincon,ATP Challenger Porto - R1,2026-09-28 09:00:00,0.7856845711808222,0.2143154288191777,0.8043052837573386,0.234192037470726,100,2026-09-21 15:57:22,2026-09-21 15:56:56,2026-09-28 09:00:00,3737795545
prizmic|d|sanchis|d,prizmic|d,sanchis|d,Dino Prizmic,David Jorda Sanchis,ATP Challenger St Tropez - R16,2026-09-23 09:30:00,0.9247763841054147,0.07522361589458526,0.943502824858757,0.09950248756218905,100,2026-09-22 16:56:32,2026-09-22 16:55:27,2026-09-23 08:41:58,3738631284
prizmic|d|zverev|a,prizmic|d,zverev|a,Dino Prizmic,Alexander Zverev,Davis Cup - Qualifiers,2026-09-20 11:59:39,0.11823938074570685,0.8817606192542932,0.1447178002894356,0.9039385206532181,250,2026-09-20 03:29:15,2026-09-20 03:16:55,2026-09-20 11:59:39,3735789442
prozorova|t|wang|x,prozorova|t,wang|x,Tatiana Prozorova,Xinyu Wang,WTA Singapore - QF,2026-09-25 06:40:00,0.3304874877371444,0.6695125122628557,0.3448275862068966,0.6835443037974683,475,2026-09-24 23:15:37,2026-09-24 23:01:45,2026-09-25 06:40:00,3740841923
purcell|m|yamanaka|t,purcell|m,yamanaka|t,Max Purcell,Taiyo Yamanaka,ITF Men Luan - QF,2026-10-02 04:00:00,0.9373242844325387,0.06267571556746131,0.9606144151240646,0.09832841691248771,75,2026-10-01 09:47:06,2026-10-01 09:46:05,2026-10-02 04:00:00,3748040597
purcell|m|yamasaki|j,purcell|m,yamasaki|j,Max Purcell,Jumpei Yamasaki,ITF Men Luan - R1,2026-09-29 05:02:00,0.9384753779032942,0.06152462209670621,0.9592668024439919,0.09191176470588235,150,2026-09-28 14:49:04,2026-09-28 14:47:23,2026-09-29 05:02:00,3745511653
purcell|m|zhao|z,purcell|m,zhao|z,Max Purcell,Zhao Zhao,ITF Men Luan - R16,2026-10-01 03:00:00,0.9765971426640213,0.02340285733597872,0.9882917691136869,0.04623208506703653,150,2026-09-30 11:38:32,2026-09-30 11:37:24,2026-10-01 03:00:00,3747108212
purcell|r|zielinski|k,purcell|r,zielinski|k,Rinky Hijikata / Max Purcell,Karol Drzewiecki / Jan Zielinski,Davis Cup - Doubles,2026-09-20 03:00:00,0.5822993191770652,0.4177006808229349,0.6124031007751938,0.4484304932735426,125,2026-09-19 12:05:37,2026-09-19 12:03:57,2026-09-20 03:00:00,3734146750
quevedo|k|silva|n,quevedo|k,silva|n,Kaitlin Quevedo,Nauhany Vitoria Leme Da Silva,WTA Sao Paulo - R16,2026-09-17 16:10:00,0.8157502098994956,0.18424979010050435,0.8319327731092437,0.20161290322580647,250,2026-09-17 07:58:57,2026-09-17 07:58:57,2026-09-17 16:10:00,3731711286
quilez|a|tabacco|f,quilez|a,tabacco|f,Alejo Sanchez Quilez,Fausto Tabacco,ATP Challenger Porto - Qualifiers,2026-09-28 10:10:00,0.689049141388521,0.3109508586114788,0.7126436781609194,0.33557046979865773,100,2026-09-27 23:09:35,2026-09-27 22:58:27,2026-09-28 10:10:00,3745143377
rabl|l|samir|s,rabl|l,samir|s,Leonie Rabl,Sandra Samir,ITF Women Sharm El Sheikh - R1,2026-09-23 09:00:00,0.19659828321543374,0.8034017167845661,0.23148148148148145,0.8341625207296849,225,2026-09-23 03:24:41,2026-09-23 03:15:47,2026-09-23 08:25:52,3739041366
radisic|m|rajecki|m,radisic|m,rajecki|m,Makoto Ninomiya / Nika Radisic,Madeleine Brooks / Amelia Rajecki,WTA 125k Jingshan - Doubles,2026-09-28 06:00:00,0.5608310094680314,0.4391689905319685,0.601593625498008,0.4807692307692307,150,2026-09-27 15:41:27,2026-09-27 15:40:50,2026-09-28 06:00:00,3744599845
radisic|n|yuan|c,radisic|n,yuan|c,Nika Radisic,Chengyiyi Yuan,WTA 125k Jingshan - Qualifiers,2026-09-26 03:11:45,0.38431532860939915,0.6156846713906008,0.4081632653061224,0.6389891696750902,200,2026-09-25 16:35:06,2026-09-25 16:31:03,2026-09-26 03:11:45,3741418618
radulov|i|rune|h,radulov|i,rune|h,Iliyan Radulov,Holger Rune,Davis Cup World - Group 1,2026-09-18 17:59:00,0.25829215128670124,0.7417078487132988,0.27322404371584696,0.7560975609756098,1000,2026-09-18 09:21:31,2026-09-18 09:16:13,2026-09-18 17:04:56,3732606628
radwanska|u|ryser|v,radwanska|u,ryser|v,Urszula Radwanska,Valentina Ryser,ITF Women Baza - R1,2026-09-29 13:45:16,0.16306603866841898,0.836933961331581,0.2032520325203252,0.8704663212435234,50,2026-09-29 01:19:24,2026-09-29 01:19:24,2026-09-29 13:45:16,3745768898
rahmani|k|willwerth|b,rahmani|k,willwerth|b,Kasra Rahmani,Benjamin Willwerth,ITF Men Monastir - Final,2026-09-20 10:00:00,0.5312373276762673,0.46876267232373264,0.5670995670995671,0.504950495049505,75,2026-09-19 23:23:33,2026-09-19 23:15:24,2026-09-20 10:00:00,3735594907
rajecki|a|wang|y,rajecki|a,wang|y,Amelia Rajecki,Yuhan Wang,WTA 125k Jingshan - R1,2026-09-29 09:30:00,0.49090608366129546,0.5090939163387046,0.5145631067961165,0.5327102803738317,200,2026-09-28 16:35:34,2026-09-28 16:35:06,2026-09-29 09:30:00,3745571386
rajecki|a|yuan|c,rajecki|a,yuan|c,Amelia Rajecki,Chengyiyi Yuan,WTA 125k Jingshan - Qualifiers,2026-09-27 04:00:00,0.639689924863489,0.360310075136511,0.6632996632996633,0.3846153846153846,200,2026-09-26 05:52:36,2026-09-26 05:52:36,2026-09-27 04:00:00,3742059015
rakhimova|a|wu|h,rakhimova|a,wu|h,Alina Charaeva / Kamilla Rakhimova,Hao Ching Chan / Fang-Hsien Wu,WTA Seoul - Doubles,2026-09-23 06:00:00,0.4324221925323526,0.5675778074676475,0.4587155963302753,0.5934959349593496,100,2026-09-21 22:18:19,2026-09-21 22:18:07,2026-09-23 06:00:00,3737979846
rakhimova|k|ribera|m,rakhimova|k,ribera|m,Kamilla Rakhimova,Marina Bassols Ribera,WTA Beijing - R1,2026-10-01 07:30:00,0.7115242171775944,0.28847578282240566,0.7282608695652174,0.3058103975535168,250,2026-09-30 08:19:27,2026-09-30 08:06:00,2026-10-01 07:30:00,3746924253
rakhimova|k|volynets|k,rakhimova|k,volynets|k,Kamilla Rakhimova,Katie Volynets,WTA Seoul - R16,2026-09-23 03:00:00,0.34963720478610866,0.6503627952138913,0.3663003663003663,0.6666666666666666,250,2026-09-22 09:42:31,2026-09-22 09:37:38,2026-09-23 04:00:00,3738272152
rame|a|stankovic|a,rame|a,stankovic|a,Alice Rame,Anja Stankovic,ITF Women Plovdiv - R1,2026-09-23 09:30:00,0.613123295281422,0.38687670471857805,0.6453900709219857,0.42016806722689076,150,2026-09-22 14:20:58,2026-09-22 14:09:26,2026-09-23 09:30:00,3738501762
rapagnetta|d|savano|m,rapagnetta|d,savano|m,Daniele Rapagnetta,Michael Savano,ITF Men Sibenik - R1,2026-09-29 09:00:00,0.7328574033042631,0.26714259669573687,0.76905311778291,0.3067484662576687,50,2026-09-28 18:26:59,2026-09-28 18:20:44,2026-09-29 08:18:48,3745628102
rapagnetta|d|sciahbasi|m,rapagnetta|d,sciahbasi|m,Daniele Rapagnetta,Matteo Sciahbasi,ITF Men Santa Margherita di Pula - QF,2026-09-24 09:24:00,0.691629782894951,0.3083702171050491,0.7237569060773481,0.3424657534246575,375,2026-09-24 00:37:45,2026-09-24 00:28:58,2026-09-24 09:24:00,3740007793
rapolu|m|urhobo|a,rapolu|m,urhobo|a,Malaika Rapolu,Akasha Urhobo,ITF Women Templeton - R16,2026-10-01 17:00:00,0.5518063253110439,0.44819367468895605,0.5884773662551441,0.4854368932038835,50,2026-10-01 03:50:32,2026-10-01 03:48:21,2026-10-01 17:00:00,3747857251
rathi|a|verwerft|l,rathi|a,verwerft|l,Arjun Rathi,Lars Goran Verwerft,ITF Men Monastir - R16,2026-10-01 10:38:14,0.3601274303057643,0.6398725696942359,0.39370078740157477,0.6721311475409836,225,2026-10-01 01:24:54,2026-10-01 01:12:40,2026-10-01 10:38:14,3747781377
ravel|c|sheldon|m,ravel|c,sheldon|m,Cosme Rolland De Ravel,Max Sheldon,ITF Men Columbia - R1,2026-09-23 15:00:00,0.6065204146512968,0.39347958534870314,0.6428571428571428,0.43103448275862066,50,2026-09-23 11:18:42,2026-09-23 11:17:47,2026-09-23 15:00:00,3739373967
ravel|c|witz|a,ravel|c,witz|a,Cosme Rolland De Ravel,Antonin Witz,ITF Men Columbia - R16,2026-09-25 00:30:00,0.898920467041835,0.10107953295816503,0.924812030075188,0.13458950201884254,225,2026-09-24 01:10:36,2026-09-24 01:08:07,2026-09-24 23:54:28,3740029486
reboul|s|zielinski|l,reboul|s,zielinski|l,Sadio Doumbia / Fabien Reboul,Luke Johnson / Jan Zielinski,ATP Chengdu Open - Doubles,2026-09-25 02:55:00,0.6104843065935147,0.38951569340648523,0.6402877697841727,0.42016806722689076,150,2026-09-24 15:41:45,2026-09-24 15:28:51,2026-09-25 02:55:00,3740523138
reco|a|zahraj|p,reco|a,zahraj|p,Alexandre Reco,Patrick Zahraj,ATP Challenger Mouilleron-Le-Captif - Qualifiers,2026-09-28 09:20:00,0.30496982384821864,0.6950301761517813,0.33444816053511706,0.7229916897506925,75,2026-09-27 17:23:11,2026-09-27 17:15:10,2026-09-28 09:20:00,3744775996
refaat|m|soulie|a,refaat|m,soulie|a,Merna Refaat,Alice Soulie,ITF Women Nashville - R1,2026-09-30 15:30:00,0.7413830692749971,0.25861693072500297,0.7732426303854876,0.29325513196480935,100,2026-09-30 05:34:12,2026-09-30 05:30:30,2026-09-30 15:30:00,3746848531
refaat|m|webster|s,refaat|m,webster|s,Merna Refaat,Sophia Webster,ITF Women Nashville - R16,2026-10-01 14:00:00,0.7116321147641232,0.2883678852358769,0.7435897435897436,0.3225806451612903,150,2026-10-01 00:33:09,2026-10-01 00:27:21,2026-10-01 14:00:00,3747760773
reguig|s|torcq|b,reguig|s,torcq|b,Samir Hamza Reguig,Benoit Torcq,ITF Men Monastir - R1,2026-09-30 10:30:00,0.6504120728898913,0.34958792711010866,0.6825396825396826,0.38314176245210724,225,2026-09-30 01:44:03,2026-09-30 01:42:20,2026-09-30 10:30:00,3746766246
rehberg|m|vanshelboim|e,rehberg|m,vanshelboim|e,Max Hans Rehberg,Eric Vanshelboim,ITF Men Santa Margherita di Pula - SF,2026-09-18 09:55:00,0.8360734774250731,0.1639265225749269,0.8696219035202086,0.2040816326530612,75,2026-09-17 20:06:51,2026-09-17 20:02:52,2026-09-18 09:46:00,3732312827
rehberg|m|weis|a,rehberg|m,weis|a,Max Hans Rehberg,Alexander Weis,ITF Men Santa Margherita di Pula - QF,2026-09-17 10:46:00,0.7794912860781392,0.22050871392186083,0.8148148148148148,0.2604166666666667,75,2026-09-16 23:16:19,2026-09-16 23:13:04,2026-09-17 10:48:00,3731471414
reichel|a|vidal|l,reichel|a,vidal|l,Alicia Reichel,Leticia Garcia Vidal,ITF Women Belem - R16,2026-09-24 17:00:00,0.21356736345578192,0.786432636544218,0.24875621890547267,0.8178506375227687,150,2026-09-24 01:33:28,2026-09-24 01:29:40,2026-09-24 17:00:00,3740041435
ren|y|sidorova|k,ren|y,sidorova|k,Yufei Ren,Kristiana Sidorova,ITF Women Shenyang - QF,2026-09-18 04:30:00,0.5109701905737379,0.489029809426262,0.5433789954337899,0.5215311004784688,375,2026-09-17 15:12:18,2026-09-17 15:09:24,2026-09-18 03:44:04,3732018121
republic|c|spain|,republic|c,spain|,Czech Republic,Spain,Billie Jean King Cup - Tie,2026-09-25 09:00:00,0.7921219100109813,0.2078780899890185,0.8148148148148148,0.23255813953488372,50,2026-09-24 00:37:45,2026-09-24 00:28:58,2026-09-25 09:00:00,3740008948
republic|c|ukraine|,republic|c,ukraine|,Czech Republic,Ukraine,Billie Jean King Cup - Tie,2026-09-27 09:00:00,0.7813316667690073,0.21866833323099277,0.810246679316888,0.2506265664160401,50,2026-09-26 23:29:52,2026-09-26 23:25:55,2026-09-27 09:00:00,3743604500
republic|c|usa|,republic|c,usa|,Czech Republic,USA,Davis Cup - Tie Winner,2026-09-18 13:00:00,0.44250118637234503,0.5574988136276551,0.4739336492890995,0.5884773662551441,50,2026-09-17 23:55:51,2026-09-17 23:55:51,2026-09-18 13:00:00,3732387252
reyniak|m|rojas|c,reyniak|m,rojas|c,Matias Reyniak,Carles Rojas,ITF Men Melilla - R16,2026-09-17 10:00:00,0.7046370964760227,0.29536290352397715,0.7409326424870467,0.33444816053511706,50,2026-09-16 23:39:23,2026-09-16 23:39:23,2026-09-17 10:00:00,3731493206
reynolds|a|yuzuki|y,reynolds|a,yuzuki|y,Ajeet Rai / Finn Reynolds,Yosuke Watanuki / Takeru Yuzuki,Davis Cup - Doubles,2026-09-20 00:00:00,0.4867162943272709,0.5132837056727291,0.5169082125603864,0.5433789954337899,125,2026-09-19 12:05:37,2026-09-19 12:03:57,2026-09-20 00:00:00,3734146750
ribeiro|e|sakamoto|p,ribeiro|e,sakamoto|p,Eduardo Ribeiro,Pedro Sakamoto,ATP Challenger Curitiba - R1,2026-09-30 14:00:00,0.6377892545110674,0.36221074548893245,0.6610169491525424,0.3861003861003861,150,2026-09-29 08:35:41,2026-09-29 08:29:42,2026-09-30 14:00:00,3745916147
ribera|m|you|x,ribera|m,you|x,Marina Bassols Ribera,Xiaodi You,WTA Beijing - Qualifiers,2026-09-29 05:00:00,0.6045949223588999,0.3954050776411001,0.6254681647940076,0.4166666666666667,250,2026-09-28 13:49:10,2026-09-28 13:49:02,2026-09-29 05:00:00,3745481405
riera|c|silva|f,riera|c,silva|f,Carole Monnet / Julia Riera,Freya Christie / Eden Silva,WTA 125K Adana - Doubles,2026-09-30 12:50:00,0.3706693585375284,0.6293306414624718,0.4132231404958678,0.66996699669967,100,2026-09-29 16:23:56,2026-09-29 16:23:56,2026-09-30 12:50:00,3746298873
riera|c|smith|w,riera|c,smith|w,Carole Monnet / Julia Riera,Weronika Falkowska / Alana Smith,WTA 125K Adana - Doubles,2026-10-01 09:05:00,0.25139941245234815,0.748600587547652,0.2949852507374631,0.7876857749469214,100,2026-09-30 23:57:06,2026-09-30 23:57:06,2026-10-01 09:05:00,3747747922
riera|j|ruzic|a,riera|j,ruzic|a,Julia Riera,Antonia Ruzic,WTA 125K Adana - R16,2026-09-30 10:00:00,0.38580546100794577,0.6141945389920542,0.4098360655737705,0.6376811594202898,200,2026-09-29 16:23:56,2026-09-29 16:14:31,2026-09-30 10:00:00,3746303621
riera|j|siskova|a,riera|j,siskova|a,Julia Riera,Anna Siskova,WTA 125K Adana - R1,2026-09-28 08:30:00,0.43120350787471884,0.5687964921252813,0.45454545454545453,0.5918367346938775,200,2026-09-28 01:43:49,2026-09-28 01:29:23,2026-09-28 08:30:00,3745221413
rincon|d|tabacco|f,rincon|d,tabacco|f,Daniel Rincon,Fausto Tabacco,ATP Challenger Porto - R1,2026-09-29 10:13:32,0.7157953182739318,0.2842046817260682,0.7347480106100795,0.303951367781155,150,2026-09-29 02:02:52,2026-09-29 01:53:42,2026-09-29 10:13:32,3745776702
rinderknech|f|shang|a,rinderknech|f,shang|a,Francisco Cerundolo / Arthur Rinderknech,Alexander Bublik / Juncheng Shang,ATP Beijing - Doubles,2026-09-30 06:00:00,0.6402295989277561,0.35977040107224395,0.66996699669967,0.390625,150,2026-09-29 15:21:32,2026-09-29 15:14:07,2026-09-30 06:00:00,3746257599
rispoli|n|valle|f,rispoli|n,valle|f,Nicola Rispoli,Federico Valle,ITF Men Telavi - R1,2026-09-29 06:00:00,0.942415855352162,0.057584144647838086,0.9625187406296852,0.08748906386701663,150,2026-09-28 14:49:04,2026-09-28 14:47:23,2026-09-29 06:00:00,3745512058
risso|l|rocca|m,risso|l,rocca|m,Leyla Fiorella Britez Risso,Maria Sofia Madrid Rocca,ITF Women Trelew - R16,2026-10-01 14:00:00,0.963092366759182,0.036907633240818014,0.9787414965986395,0.06333122229259025,150,2026-10-01 00:33:09,2026-10-01 00:27:21,2026-10-01 14:00:00,3747763565
risso|l|rodrigues|b,risso|l,rodrigues|b,Leyla Fiorella Britez Risso,Beatriz Nahmias Melo Rodrigues,ITF Women Sao Luis - QF,2026-09-18 13:43:00,0.9743221596956826,0.025677840304317388,0.9867654843832716,0.049236829148202856,250,2026-09-18 01:53:53,2026-09-18 01:47:58,2026-09-18 13:43:00,3732443967
risso|l|silva|j,risso|l,silva|j,Leyla Fiorella Britez Risso,Julia Konishi Camargo Silva,ITF Women Sao Luis - SF,2026-09-19 15:00:00,0.9493286434042335,0.050671356595766485,0.9700956937799042,0.08460236886632826,75,2026-09-18 21:39:16,2026-09-18 21:35:50,2026-09-19 13:44:13,3733519811
ristic|m|rus|a,ristic|m,rus|a,Mia Ristic,Arantxa Rus,WTA 125k Tolentino - R1,2026-09-21 11:30:00,0.5650282003368161,0.4349717996631839,0.5884773662551441,0.4587155963302753,200,2026-09-21 00:25:23,2026-09-21 00:24:49,2026-09-21 11:30:00,3737456063
rivet|m|wyk|k,rivet|m,wyk|k,Maxence Rivet,Kris Van Wyk,ITF Men Monastir - R1,2026-09-22 10:30:00,0.67988367253864,0.32011632746136015,0.7159090909090909,0.35842293906810035,50,2026-09-21 21:04:55,2026-09-21 21:02:38,2026-09-22 10:30:00,3737958813
robertson|c|roh|h,robertson|c,roh|h,Charlie Robertson,Hoyoung Roh,ITF Men Fayetteville - R16,2026-10-01 17:00:00,0.5204202693588545,0.4795797306411455,0.5575221238938054,0.5169082125603864,50,2026-10-01 01:24:54,2026-10-01 01:12:40,2026-10-01 17:00:00,3747777110
rocha|f|schoen|p,rocha|f,schoen|p,Francisco Rocha,Patrick Schoen,ITF Men Setubal - R1,2026-09-23 11:00:00,0.1547834033581079,0.8452165966418923,0.19493177387914232,0.878345498783455,50,2026-09-22 12:29:34,2026-09-22 12:23:45,2026-09-23 11:00:00,3738411204
roddick|j|rodriguez|j,roddick|j,rodriguez|j,Jerry Roddick,Johan Alexander Rodriguez,ITF Men Fayetteville - R1,2026-09-30 15:00:00,0.5266239470324517,0.4733760529675483,0.5555555555555556,0.5024875621890548,350,2026-09-30 09:51:45,2026-09-30 09:51:45,2026-09-30 15:00:00,3747010048
rodenas|p|xilas|i,rodenas|p,xilas|i,Pedro Rodenas,Ioannis Xilas,ITF Men Sabadell - R16,2026-09-24 12:18:08,0.5938349590367747,0.40616504096322537,0.6254681647940076,0.43859649122807015,225,2026-09-24 00:37:45,2026-09-24 00:28:58,2026-09-24 12:18:08,3740007793
rodriguez|j|zandschulp|b,rodriguez|j,zandschulp|b,Johan Alexander Rodriguez,Botic Van de Zandschulp,Davis Cup World - Group 1,2026-09-18 12:00:00,0.030494003496057367,0.9695059965039424,0.04504504504504505,0.9794576828266228,250,2026-09-18 09:00:14,2026-09-18 08:59:38,2026-09-18 12:00:00,3732598733
rodriguez|l|vera|t,rodriguez|l,vera|t,Lorenzo Joaquin Rodriguez,Tomas Barrios Vera,ATP Challenger Curitiba - R1,2026-09-29 15:02:13,0.2635894320495378,0.7364105679504622,0.2881844380403458,0.7596153846153847,150,2026-09-29 08:35:41,2026-09-29 08:29:42,2026-09-29 15:02:13,3745914805
rogers|a|sholokhova|m,rogers|a,sholokhova|m,Anna Rogers,Maria Sholokhova,ITF Women Berkeley - R1,2026-09-23 17:00:00,0.5161111310220693,0.48388886897793065,0.5535714285714286,0.5215311004784688,50,2026-09-23 06:55:26,2026-09-23 06:51:45,2026-09-23 17:00:00,3739131989
romano|f|schepper|k,romano|f,schepper|k,Filippo Romano,Kenny De Schepper,ATP Challenger Mouilleron-Le-Captif - Qualifiers,2026-09-27 12:00:00,0.650375938330114,0.349624061669886,0.6784565916398714,0.37878787878787884,75,2026-09-26 23:38:08,2026-09-26 23:34:53,2026-09-27 12:00:00,3743613206
romano|f|wendelken|h,romano|f,wendelken|h,Filippo Romano,Harry Wendelken,ATP Challenger Mouilleron-Le-Captif - R1,2026-09-29 11:00:00,0.4266710061808168,0.5733289938191831,0.4504504504504505,0.5967741935483871,150,2026-09-29 02:02:52,2026-09-29 01:53:42,2026-09-29 11:00:00,3745778279
rosca|m|sakellaridi|s,rosca|m,sakellaridi|s,Maria Malina Rosca,Sapfo Sakellaridi,ITF Women Varna - R1,2026-09-29 06:30:00,0.045364509009034354,0.9546354909909657,0.07342143906020558,0.972291493488501,150,2026-09-28 15:44:12,2026-09-28 15:43:46,2026-09-29 06:30:00,3745538240
rosca|m|todoni|c,rosca|m,todoni|c,Maria Malina Rosca,Cristiana Nicoleta Todoni,ITF Women Constanta - R1,2026-09-23 08:00:00,0.043311882727354284,0.9566881172726458,0.07593014426727411,0.9756631783889025,50,2026-09-23 05:31:11,2026-09-23 05:30:24,2026-09-23 08:00:00,3739090386
rottgering|m|shick|b,rottgering|m,shick|b,Mees Rottgering,Braden Shick,ATP Challenger Columbus - R16,2026-09-30 16:58:42,0.6058655493021367,0.3941344506978634,0.6296296296296295,0.4184100418410042,150,2026-09-30 09:05:29,2026-09-30 09:03:10,2026-09-30 16:58:42,3746975856
rottgering|m|winter|e,rottgering|m,winter|e,Mees Rottgering,Edward Winter,ATP Challenger Columbus - R1,2026-09-28 22:00:00,0.7234592790094206,0.27654072099057914,0.7468354430379747,0.30120481927710846,150,2026-09-28 08:55:44,2026-09-28 08:47:10,2026-09-28 22:00:00,3745341035
rouvroy|m|sebov|k,rouvroy|m,sebov|k,Margaux Rouvroy,Katherine Sebov,ITF Women Quinta Do Lago - R16,2026-10-01 09:00:00,0.38687670471857805,0.613123295281422,0.42016806722689076,0.6453900709219857,100,2026-09-30 06:35:59,2026-09-30 06:35:22,2026-10-01 09:00:00,3746872783
royer|v|walton|a,royer|v,walton|a,Valentin Royer,Adam Walton,ATP Hangzhou - R1,2026-09-23 12:00:00,0.47114313858531703,0.528856861414683,0.48780487804878053,0.5454545454545454,250,2026-09-22 10:53:34,2026-09-22 10:53:09,2026-09-23 11:43:43,3738337269
royer|v|zandschulp|b,royer|v,zandschulp|b,Valentin Royer,Botic Van de Zandschulp,ATP Beijing - Qualifiers,2026-09-28 11:00:00,0.3900543164676246,0.6099456835323753,0.41152263374485604,0.6309963099630996,250,2026-09-27 23:29:27,2026-09-27 23:28:38,2026-09-28 10:46:45,3745156220
ruchkina|k|sasnouskaya|t,ruchkina|k,sasnouskaya|t,Kseniia Ruchkina,Tatsiana Sasnouskaya,ITF Women Monastir - R16,2026-09-24 11:00:00,0.32521918067311434,0.6747808193268857,0.36363636363636365,0.7109826589595376,50,2026-09-23 23:47:04,2026-09-23 23:43:27,2026-09-24 08:46:31,3739981468
ruggeri|a|walker|j,ruggeri|a,walker|j,Angelica Moratelli / Jennifer Ruggeri,Jamilah Snells / Brandy Walker,WTA 125k Tolentino - Doubles,2026-09-24 11:00:00,0.8814943160425445,0.1185056839574556,0.9166666666666667,0.16583747927031509,100,2026-09-24 08:55:03,2026-09-24 08:50:55,2026-09-24 11:00:00,3740226687
ruggeri|a|zantedeschi|l,ruggeri|a,zantedeschi|l,Angelica Moratelli / Jennifer Ruggeri,Lisa Zaar / Aurora Zantedeschi,WTA 125k Tolentino - Doubles,2026-09-23 12:00:00,0.4872799084374903,0.51272009156251,0.5283018867924528,0.5535714285714286,100,2026-09-23 08:42:17,2026-09-23 08:31:40,2026-09-23 12:00:00,3739205255
ruggeri|s|wyk|k,ruggeri|s,wyk|k,Samuel Vincent Ruggeri,Kris Van Wyk,ITF Men Monastir - R16,2026-09-24 11:00:00,0.8539763308051384,0.14602366919486176,0.8830409356725146,0.18083182640144665,225,2026-09-24 00:37:45,2026-09-24 00:33:24,2026-09-24 11:00:00,3740010568
ruiz|c|sanchez|m,ruiz|c,sanchez|m,Celia Cervino Ruiz,Maria Oliver Sanchez,ITF Women Baza - R1,2026-09-29 11:00:00,0.7736920176940536,0.2263079823059464,0.8050682261208576,0.2610966057441253,150,2026-09-29 02:48:34,2026-09-29 02:48:34,2026-09-29 10:12:27,3745788682
ruse|e|tagger|l,ruse|e,tagger|l,Elena-Gabriela Ruse,Lilli Tagger,WTA Beijing - R1,2026-09-30 04:00:00,0.4929892761612501,0.5070107238387499,0.5098039215686274,0.5238095238095238,250,2026-09-29 09:57:00,2026-09-29 09:56:57,2026-09-30 04:00:00,3745968065
ruse|m|stollar|a,ruse|m,stollar|a,Maya Joint / Elena-Gabriela Ruse,Anna Bondar / Fanny Stollar,WTA Seoul - Doubles,2026-09-21 08:00:00,0.6343452053263757,0.3656547946736243,0.6644295302013422,0.3968253968253968,150,2026-09-20 16:12:08,2026-09-20 16:06:42,2026-09-21 08:00:00,3736845263
ruud|c|te|r,ruud|c,te|r,Casper Ruud,Rigele Te,Davis Cup World - Group 1,2026-09-18 16:00:00,0.9814970678124995,0.018502932187500522,0.9887867234806009,0.03038590094196293,250,2026-09-18 09:21:31,2026-09-18 09:16:13,2026-09-18 16:00:00,3732606278
ruud|v|zhang|f,ruud|v,zhang|f,Viktor Durasovic / Casper Ruud,Fnu Nidunjianzan / Zhizhen Zhang,Davis Cup - Doubles,2026-09-19 13:30:00,0.7014754726565988,0.2985245273434012,0.7311827956989247,0.33003300330033003,125,2026-09-19 09:09:38,2026-09-19 09:07:39,2026-09-19 13:30:00,3733872410
ruzic|a|valdmannova|v,ruzic|a,valdmannova|v,Antonia Ruzic,Vendula Valdmannova,WTA 125K Adana - R1,2026-09-28 08:30:00,0.5327485830028734,0.4672514169971266,0.5555555555555556,0.49019607843137253,200,2026-09-28 01:43:49,2026-09-28 01:29:23,2026-09-28 08:30:00,3745220682
ruzic|e|smith|w,ruzic|e,smith|w,Emiliana Arango / Antonia Ruzic,Weronika Falkowska / Alana Smith,WTA 125K Adana - Doubles,2026-09-30 12:40:00,0.25666004502914463,0.7433399549708551,0.3003003003003003,0.782608695652174,100,2026-09-29 16:23:56,2026-09-29 16:14:31,2026-09-30 12:40:00,3746298031
rybakov|a|sell|k,rybakov|a,sell|k,Alex Rybakov,Karue Sell,ATP Challenger San Diego - Qualifiers,2026-09-20 18:10:00,0.6209010785046539,0.37909892149534613,0.6491228070175439,0.4081632653061224,75,2026-09-20 10:17:53,2026-09-20 10:17:53,2026-09-20 18:12:17,3736072801
rybakov|a|staeheli|l,rybakov|a,staeheli|l,Alex Rybakov,Luca Staeheli,ATP Challenger Columbus - Qualifiers,2026-09-28 15:00:00,0.6950301761517813,0.30496982384821864,0.7229916897506925,0.33444816053511706,250,2026-09-27 22:40:11,2026-09-27 22:37:00,2026-09-28 15:00:00,3745129013
rybas|f|velikova|d,rybas|f,velikova|d,Felitsata Dorofeeva-Rybas,Darya Velikova,ITF Women Varna - R16,2026-10-01 08:04:00,0.9502483026444323,0.04975169735556767,0.9688473520249222,0.07855459544383346,225,2026-10-01 00:33:09,2026-10-01 00:27:21,2026-10-01 08:04:00,3747765250
ryden|v|sigsgaard|c,ryden|v,sigsgaard|c,Victor Ryden,Christian Sigsgaard,ITF Men Falun - R1,2026-09-21 12:47:15,0.08293857779895572,0.9170614222010443,0.11534025374855825,0.9409681227863046,225,2026-09-21 02:23:41,2026-09-21 02:10:30,2026-09-21 12:47:15,3737513085
ryser|v|vismane|d,ryser|v,vismane|d,Valentina Ryser,Daniela Vismane,ITF Women Baza - R16,2026-10-01 08:00:00,0.8577560125883233,0.14224398741167668,0.8866213151927438,0.17699115044247787,100,2026-09-30 06:35:59,2026-09-30 06:35:22,2026-10-01 08:00:00,3746872280
sabbatini|m|valle|f,sabbatini|m,valle|f,Matteo Sabbatini,Federico Valle,ITF Men Telavi - R1,2026-09-23 09:01:00,0.5321840788372567,0.46781592116274323,0.5689655172413793,0.504950495049505,50,2026-09-23 05:41:44,2026-09-23 05:30:25,2026-09-23 09:01:00,3739090823
sacco|f|snigireva|a,sacco|f,snigireva|a,Federica Sacco,Anna Snigireva,ITF Women Sharm El Sheikh - R1,2026-09-23 14:50:44,0.7447027013945864,0.25529729860541367,0.7722095671981777,0.2849002849002849,350,2026-09-23 03:24:41,2026-09-23 03:15:47,2026-09-23 14:50:44,3739041647
safiullin|r|sun|f,safiullin|r,sun|f,Roman Safiullin,Fajing Sun,ATP Hangzhou - R1,2026-09-24 10:30:00,0.829676503622756,0.17032349637724395,0.8456790123456789,0.18761726078799248,250,2026-09-23 11:50:58,2026-09-23 11:50:58,2026-09-24 10:30:00,3739416586
sagandikova|a|sidorova|k,sagandikova|a,sidorova|k,Aruzhan Sagandikova,Kristiana Sidorova,WTA 125k Jingshan - Qualifiers,2026-09-26 04:00:00,0.09733142710531334,0.9026685728946867,0.12804097311139565,0.9266324284666178,200,2026-09-25 16:35:06,2026-09-25 16:31:03,2026-09-26 03:10:30,3741419609
sagandikova|a|son|h,sagandikova|a,son|h,Aruzhan Sagandikova,Ha Yoon Son,ITF Women Maanshan - R1,2026-09-23 01:30:00,0.6765231159004136,0.3234768840995865,0.7084548104956269,0.35714285714285715,150,2026-09-22 19:16:11,2026-09-22 19:14:46,2026-09-23 01:30:00,3738785399
sagandikova|a|sun|y,sagandikova|a,sun|y,Aruzhan Sagandikova,Yingqun Sun,ITF Women Maanshan - R16,2026-09-24 04:24:00,0.48819084112202815,0.511809158877972,0.5260663507109005,0.5495495495495495,50,2026-09-23 14:55:45,2026-09-23 14:50:59,2026-09-24 04:24:00,3739586457
sagandikova|a|zheng|w,sagandikova|a,zheng|w,Aruzhan Sagandikova,Wushuang Zheng,ITF Women Shenyang - R16,2026-09-17 02:00:00,0.2770862569340872,0.7229137430659127,0.3115264797507788,0.7549019607843137,225,2026-09-16 19:13:15,2026-09-16 19:01:39,2026-09-17 02:00:00,3730892634
sahnoun|n|santiago|m,sahnoun|n,santiago|m,Nour Sahnoun,Marta Soriano Santiago,ITF Women Monastir - R16,2026-10-01 09:30:00,0.032321491110238555,0.9676785088897615,0.05770340450086556,0.9821077115763106,100,2026-10-01 01:24:54,2026-10-01 01:17:22,2026-10-01 09:30:00,3747796864
sahnoun|n|yanez|c,sahnoun|n,yanez|c,Nour Sahnoun,Camila Zouein Yanez,ITF Women Monastir - R1,2026-09-30 09:30:00,0.11692239250158439,0.8830776074984156,0.1510574018126888,0.9103139013452914,225,2026-09-30 00:23:26,2026-09-30 00:17:47,2026-09-30 09:30:00,3746732467
sahtali|t|sharma|m,sahtali|t,sharma|m,Toufik Sahtali,Mayank Sharma,ITF Men Kigali - R1,2026-09-29 08:16:16,0.9473659585805341,0.05263404141946624,0.9619916381603953,0.07246376811594203,350,2026-09-29 07:00:13,2026-09-29 06:58:36,2026-09-29 08:16:16,3745867512
saigo|r|shubladze|a,saigo|r,shubladze|a,Rina Saigo,Alexandra Shubladze,WTA 125k Jingshan - R1,2026-09-29 03:00:00,0.07850626902489502,0.921493730975105,0.1079913606911447,0.9434389140271493,200,2026-09-27 13:16:37,2026-09-27 13:09:54,2026-09-29 03:00:00,3744276940
saito|s|zhu|c,saito|s,zhu|c,Sara Saito,Chenting Zhu,WTA 125k Jingshan - R1,2026-09-28 04:00:00,0.7010020210417162,0.2989979789582838,0.7245179063360881,0.3236245954692557,200,2026-09-27 13:16:37,2026-09-27 13:09:54,2026-09-28 04:00:00,3744264902
sakamoto|p|zanellato|n,sakamoto|p,zanellato|n,Pedro Sakamoto,Nicolas Zanellato,ITF Men Curitiba - SF,2026-09-26 15:00:00,0.6175896903100532,0.38241030968994677,0.6539792387543253,0.42016806722689076,75,2026-09-25 23:50:22,2026-09-25 23:47:16,2026-09-26 15:00:00,3741879494
sakamoto|r|shepp|a,sakamoto|r,shepp|a,Rei Sakamoto,Anton Shepp,Davis Cup World - Group 1,2026-09-19 00:17:00,0.8544426604130904,0.14555733958690972,0.8719590268886044,0.16501650165016502,250,2026-09-18 13:37:56,2026-09-18 13:32:47,2026-09-19 00:17:00,3732745373
sakamoto|r|watt|j,sakamoto|r,watt|j,Rei Sakamoto,James Watt,Davis Cup World - Group 1,2026-09-20 04:41:00,0.8751636137608056,0.12483638623919441,0.8939554612937434,0.14641288433382138,250,2026-09-19 09:50:18,2026-09-19 09:47:16,2026-09-20 04:33:00,3733936628
sakellaridis|s|shimizu|y,sakellaridis|s,shimizu|y,Stefanos Sakellaridis,Yuta Shimizu,ATP Challenger Jingshan - R1,2026-09-29 06:40:00,0.6624644922666427,0.33753550773335733,0.6815286624203821,0.35714285714285715,150,2026-09-28 16:20:05,2026-09-28 16:19:59,2026-09-29 06:34:38,3745557278
sakellaridi|s|wallberg|n,sakellaridi|s,wallberg|n,Sapfo Sakellaridi,Nellie Taraba Wallberg,ITF Women Plovdiv - R1,2026-09-22 08:00:00,0.32822874086633386,0.6717712591336662,0.3623188405797102,0.7041420118343195,150,2026-09-21 21:19:37,2026-09-21 21:18:47,2026-09-22 08:00:00,3737965727
salazar|n|zornada|e,salazar|n,zornada|e,Natalia Sousa Salazar,Emily Zornada,ITF Women Trelew - R1,2026-09-29 15:00:00,0.3368414298928909,0.6631585701071092,0.37037037037037035,0.6951219512195121,150,2026-09-28 23:23:02,2026-09-28 23:22:39,2026-09-29 14:18:45,3745742249
salden|d|wagner|n,salden|d,wagner|n,Dalila Jakupovic / Lara Salden,Noma Noha Akugue / Anita Wagner,WTA 125K Adana - Doubles,2026-09-29 13:00:00,0.7920129476305564,0.20798705236944343,0.826689774696707,0.24752475247524752,100,2026-09-29 08:52:42,2026-09-29 08:52:42,2026-09-29 13:00:00,3745926930
salkova|d|stoiana|m,salkova|d,stoiana|m,Dominika Salkova,Mary Stoiana,WTA Sao Paulo - R16,2026-09-17 18:30:00,0.3274633338543842,0.6725366661456158,0.3448275862068966,0.6894409937888198,250,2026-09-17 07:58:57,2026-09-17 07:58:57,2026-09-17 17:43:08,3731710347
salkova|k|sierra|j,salkova|k,sierra|j,Kaitlin Quevedo / Dominika Salkova,Julia Riera / Solana Sierra,WTA Sao Paulo - Doubles,2026-09-17 20:45:00,0.5725132013323381,0.427486798667662,0.6031746031746031,0.4587155963302753,150,2026-09-17 09:26:23,2026-09-17 09:22:12,2026-09-17 20:45:00,3731766255
salkova|k|stefani|g,salkova|k,stefani|g,Kaitlin Quevedo / Dominika Salkova,Gabriela Dabrowski / Luisa Stefani,WTA Sao Paulo - Doubles,2026-09-18 14:00:00,0.0809389560425303,0.9190610439574698,0.11655011655011654,0.9444752915047196,125,2026-09-18 08:48:38,2026-09-18 08:46:02,2026-09-18 14:00:00,3732589409
salvestre|d|willwerth|b,salvestre|d,willwerth|b,Damien Salvestre,Benjamin Willwerth,ITF Men Monastir - QF,2026-09-18 11:00:00,0.4194348677038577,0.5805651322961424,0.4566210045662101,0.6168582375478928,75,2026-09-17 19:56:25,2026-09-17 19:56:10,2026-09-18 11:00:00,3732305393
sambeek|f|thomas|f,sambeek|f,thomas|f,Fons Van Sambeek,Flynn Thomas,ITF Men Forbach - R16,2026-09-24 09:00:00,0.5762051576302626,0.42379484236973747,0.6124031007751938,0.4608294930875576,50,2026-09-23 17:10:11,2026-09-23 17:05:00,2026-09-24 09:00:00,3739702816
samsonova|l|stearns|p,samsonova|l,stearns|p,Liudmila Samsonova,Peyton Stearns,WTA Guadalajara - SF,2026-09-19 01:02:48,0.5794218174347864,0.42057818256521373,0.5934959349593496,0.4347826086956522,650,2026-09-18 06:40:56,2026-09-18 06:30:11,2026-09-19 01:02:48,3732530697
samson|l|sobolieva|a,samson|l,sobolieva|a,Laura Samson,Anastasiya Sobolieva,WTA 125K Ljubljana - QF,2026-09-18 08:00:00,0.529330537912523,0.4706694620874769,0.5535714285714286,0.49504950495049505,200,2026-09-16 23:31:54,2026-09-16 23:28:09,2026-09-18 09:00:00,3731484823
samson|l|stefano|s,samson|l,stefano|s,Laura Samson,Samira De Stefano,WTA 125K Ljubljana - SF,2026-09-19 10:10:00,0.616084960593321,0.3839150394066791,0.635036496350365,0.40322580645161293,200,2026-09-18 21:39:16,2026-09-18 21:35:50,2026-09-19 10:10:54,3733520533
sanchez|a|sharma|a,sanchez|a,sharma|a,Ana Sofia Sanchez,Astra Sharma,ITF Women Belem - QF,2026-09-25 19:56:08,0.4421830153125605,0.5578169846874396,0.47846889952153115,0.5934959349593496,75,2026-09-25 01:57:15,2026-09-25 01:51:26,2026-09-25 19:56:08,3740923869
sanchis|d|wendelken|h,sanchis|d,wendelken|h,David Jorda Sanchis,Harry Wendelken,ATP Challenger St Tropez - R1,2026-09-22 08:10:00,0.31046130902528707,0.689538690974713,0.33003300330033003,0.7084548104956269,150,2026-09-21 15:57:22,2026-09-21 15:56:56,2026-09-22 08:10:00,3737796035
santos|p|schenekenberg|g,santos|p,schenekenberg|g,Paulo Andre Saraiva Dos Santos,Gabriel Schenekenberg,ATP Challenger Curitiba - Qualifiers,2026-09-28 17:00:00,0.9436140441118088,0.056385955888191355,0.9656239257476796,0.09115770282588878,75,2026-09-18 02:28:52,2026-09-18 02:28:40,2026-09-28 17:00:00,3732461129
santos|p|zanellato|n,santos|p,zanellato|n,Paulo Andre Saraiva Dos Santos,Nicolas Zanellato,ITF Men Belem - Final,2026-09-20 15:00:00,0.7335824766927894,0.2664175233072105,0.7695852534562212,0.3058103975535168,75,2026-09-19 23:23:33,2026-09-19 23:15:24,2026-09-20 13:41:37,3735594365
santos|r|zanellato|n,santos|r,zanellato|n,Ryan Augusto Dos Santos,Nicolas Zanellato,ITF Men Curitiba - R16,2026-09-24 11:00:00,0.21459919510192849,0.7854008048980715,0.24937655860349128,0.8165137614678898,100,2026-09-24 00:37:45,2026-09-24 00:33:24,2026-09-24 11:00:00,3740010906
sarr|j|zhalgasbay|d,sarr|j,zhalgasbay|d,Jelani Sarr,Damir Zhalgasbay,ITF Men Ann Arbor - R1,2026-09-30 17:30:00,0.4598083509103355,0.5401916490896644,0.4926108374384236,0.5726495726495727,150,2026-09-30 01:44:03,2026-09-30 01:33:18,2026-09-30 17:30:00,3746757900
sasikumar|m|tang|s,sasikumar|m,tang|s,Mukund Sasikumar,Sheng Tang,ITF Men Guiyang - R16,2026-09-17 02:00:00,0.8200547853417635,0.17994521465823654,0.8505231689088191,0.2150537634408602,225,2026-09-16 19:13:15,2026-09-16 19:01:39,2026-09-17 03:00:00,3730893511
sasnovich|a|zhang|j,sasnovich|a,zhang|j,Aliaksandra Sasnovich,Junhan Zhang,WTA Beijing - Qualifiers,2026-09-28 07:30:00,0.9410236153622715,0.058976384637728696,0.9590163934426229,0.08417508417508417,250,2026-09-27 23:38:13,2026-09-27 23:28:38,2026-09-28 07:30:00,3745162996
sato|h|sato|n,sato|h,sato|n,Hikaru Sato,Naho Sato,ITF Women Wagga Wagga - QF,2026-10-02 00:00:00,0.434695394329729,0.5653046056702711,0.4716981132075471,0.601593625498008,75,2026-10-01 10:24:47,2026-10-01 10:21:16,2026-10-02 00:00:00,3748071468
sato|h|stevens|a,sato|h,stevens|a,Hikaru Sato,Amy Stevens,ITF Women Wagga Wagga - R1,2026-09-30 00:00:00,0.9054329509232423,0.09456704907675768,0.9335989375830014,0.13297872340425532,50,2026-09-29 02:48:34,2026-09-29 02:48:34,2026-09-30 00:00:00,3745787297
sato|h|uemura|m,sato|h,uemura|m,Hikaru Sato,Mutsumi Uemura,ITF Women Nanao - R16,2026-09-24 01:14:43,0.6294479156870915,0.3705520843129087,0.6655518394648829,0.4081632653061224,50,2026-09-23 11:39:30,2026-09-23 11:32:53,2026-09-24 01:14:43,3739396635
sato|h|yoshioka|k,sato|h,yoshioka|k,Hikaru Sato,Kisa Yoshioka,ITF Women Nanao - R1,2026-09-23 01:00:00,0.5759340370565069,0.4240659629434931,0.607843137254902,0.4566210045662101,150,2026-09-22 02:13:41,2026-09-22 02:09:42,2026-09-23 01:00:00,3738057536
sato|n|uchijima|m,sato|n,uchijima|m,Naho Sato,Maiko Uchijima,ITF Women Wagga Wagga - R1,2026-09-30 00:00:00,0.9473314932325191,0.05266850676748096,0.9665103817816476,0.0819000819000819,100,2026-09-29 23:30:16,2026-09-29 23:28:51,2026-09-30 00:00:00,3746716630
sawashiro|k|yodpetch|k,sawashiro|k,yodpetch|k,Kanon Sawashiro,Kamonwan Yodpetch,ITF Women Nanao - R1,2026-09-23 02:00:00,0.6392795995188446,0.36072040048115545,0.6753246753246753,0.39840637450199207,50,2026-09-22 12:47:51,2026-09-22 12:38:50,2026-09-23 02:00:00,3738424578
schaefer|a|varsa|a,schaefer|a,varsa|a,Anne Schaefer,Ana Ioana Varsa,ITF Women Constanta - R1,2026-09-22 10:00:00,0.9349225878079432,0.06507741219205644,0.9586606035551881,0.10101010101010101,50,2026-09-21 21:04:55,2026-09-21 21:02:38,2026-09-22 10:00:00,3737956991
schenekenberg|g|silva|a,schenekenberg|g,silva|a,Gabriel Schenekenberg,Andre Souza Pinto De Camargo E Silva,ITF Men Belem - R16,2026-09-17 19:16:57,0.7028637798292512,0.2971362201707488,0.7347480106100795,0.33112582781456956,100,2026-09-17 03:06:14,2026-09-17 03:04:42,2026-09-17 19:16:57,3731605863
schenekenberg|g|zanellato|n,schenekenberg|g,zanellato|n,Gabriel Schenekenberg,Nicolas Zanellato,ATP Challenger Curitiba - Qualifiers,2026-09-27 17:00:00,0.07654584440750775,0.923454155592492,0.11098779134295228,0.9478351591027648,50,2026-09-27 02:46:52,2026-09-27 02:35:59,2026-09-27 17:00:00,3743765155
schiessl|j|zanellato|n,schiessl|j,zanellato|n,Joao Eduardo Schiessl,Nicolas Zanellato,ITF Men Curitiba - QF,2026-09-25 16:30:00,0.5777402406892596,0.4222597593107403,0.609375,0.45454545454545453,250,2026-09-25 01:48:53,2026-09-25 01:47:48,2026-09-25 16:30:00,3740917796
schinteie|g|todoran|m,schinteie|g,todoran|m,Gheorghe Claudiu Schinteie,Matei Todoran,ITF Men Slobozia - R1,2026-09-29 08:11:00,0.40927758882339127,0.5907224111766091,0.4464285714285714,0.626865671641791,50,2026-09-28 23:48:02,2026-09-28 23:48:02,2026-09-29 08:11:00,3745748569
schoen|p|tabacco|f,schoen|p,tabacco|f,Patrick Schoen,Fausto Tabacco,ITF Men Sintra - Final,2026-09-20 10:00:00,0.7578233445749237,0.24217665542507644,0.793388429752066,0.28169014084507044,75,2026-09-19 23:23:33,2026-09-19 23:15:24,2026-09-20 10:00:00,3735595852
schwaerzler|j|wendelken|h,schwaerzler|j,wendelken|h,Joel Josef Schwaerzler,Harry Wendelken,ATP Challenger Mouilleron-Le-Captif - R16,2026-10-01 09:10:00,0.45673494719368496,0.543265052806315,0.4807692307692307,0.5670995670995671,150,2026-09-30 16:40:42,2026-09-30 16:39:20,2026-10-01 09:10:00,3747363201
sciahbasi|m|trivunac|n,sciahbasi|m,trivunac|n,Matteo Sciahbasi,Nikodije Trivunac,ITF Men Santa Margherita di Pula - R1,2026-09-22 10:30:00,0.9702190040914287,0.0297809959085715,0.9852311327721164,0.05913660555884092,50,2026-09-21 21:37:05,2026-09-21 21:32:52,2026-09-22 10:30:00,3737968599
searle|h|zhu|e,searle|h,zhu|e,Henry Searle,Evan Zhu,ATP Challenger San Diego - R1,2026-09-22 18:00:00,0.6900191168797116,0.30998088312028815,0.7134670487106016,0.33444816053511706,150,2026-09-22 08:48:09,2026-09-22 08:47:18,2026-09-22 19:00:00,3738228127
seggerman|m|wallner|j,seggerman|m,wallner|j,Marcelo Melo / Ryan Seggerman,Jakob Schnaitter / Mark Wallner,ATP Chengdu Open - Doubles,2026-09-26 06:00:00,0.4134578725048007,0.5865421274951994,0.4444444444444444,0.6168582375478928,125,2026-09-25 15:26:18,2026-09-25 15:22:58,2026-09-26 06:00:00,3741353045
seggerman|r|vukic|a,seggerman|r,vukic|a,Ryan Seggerman,Aleksandar Vukic,ATP Challenger Jingshan - Qualifiers,2026-09-28 09:00:00,0.24606295260445682,0.7539370473955433,0.2710027100271003,0.7772828507795101,100,2026-09-28 01:43:49,2026-09-28 01:38:52,2026-09-28 09:00:00,3745225176
seifert|s|thomas|f,seifert|s,thomas|f,Stefan Seifert,Flynn Thomas,ITF Men Forbach - Final,2026-09-27 10:00:00,0.5845850002370497,0.41541499976295027,0.6168582375478928,0.4484304932735426,250,2026-09-26 18:59:29,2026-09-26 18:56:26,2026-09-27 10:00:00,3743348454
sekulic|p|storch|s,sekulic|p,storch|s,Philip Sekulic,Stefan Storch,ITF Men Darwin - R1,2026-09-30 06:30:00,0.9639959003699388,0.03600409963006107,0.9809523809523809,0.06702412868632708,50,2026-09-29 23:39:15,2026-09-29 23:32:28,2026-09-30 06:30:00,3746719134
sekulic|p|svrcina|d,sekulic|p,svrcina|d,Philip Sekulic,Dalibor Svrcina,ATP Hangzhou - Qualifiers,2026-09-22 06:00:00,0.1614835494630887,0.8385164505369113,0.186219739292365,0.8605299860529986,250,2026-09-21 23:58:53,2026-09-21 23:52:10,2026-09-22 06:00:00,3738006697
sekulic|p|talic|z,sekulic|p,talic|z,Philip Sekulic,Zaharije-Zak Talic,ITF Men Darwin - R16,2026-10-01 05:30:00,0.9823392652640514,0.017660734735948678,0.9927896748143341,0.0426075841499787,50,2026-09-30 23:38:49,2026-09-30 23:31:36,2026-10-01 05:30:00,3747735444
selekhmeteva|l|silva|f,selekhmeteva|l,silva|f,Leyre Romero Gormaz / Oksana Selekhmeteva,Freya Christie / Eden Silva,WTA 125k Valencia - Doubles,2026-09-17 17:30:00,0.49353340128709705,0.5064665987129028,0.5305164319248826,0.5433789954337899,500,2026-09-17 10:29:56,2026-09-17 10:22:37,2026-09-17 17:30:00,3731811066
selekhmeteva|o|stefano|s,selekhmeteva|o,stefano|s,Oksana Selekhmeteva,Samira De Stefano,WTA 125k Tolentino - R16,2026-09-24 16:30:00,0.44759153219289183,0.5524084678071083,0.4716981132075471,0.576271186440678,200,2026-09-23 15:21:24,2026-09-23 15:19:18,2026-09-24 15:55:29,3739613556
selekhmeteva|o|urgesi|f,selekhmeteva|o,urgesi|f,Oksana Selekhmeteva,Federica Urgesi,WTA 125k Tolentino - R1,2026-09-21 16:30:00,0.6377892545110674,0.36221074548893245,0.6610169491525424,0.3861003861003861,200,2026-09-21 08:44:47,2026-09-21 08:43:00,2026-09-21 16:30:00,3737587652
serban|i|weckerle|m,serban|i,weckerle|m,Isabella Maria Serban,Marie Weckerle,ITF Women Reims - R16,2026-10-01 11:22:00,0.7330418893655661,0.2669581106344337,0.7647058823529411,0.30120481927710846,225,2026-10-01 00:33:09,2026-10-01 00:27:21,2026-10-01 11:22:00,3747760527
shah|k|warik|c,shah|k,warik|c,Kael Shalin Shah,Caheer Warik,ITF Men Kigali - R1,2026-09-30 07:00:00,0.4830120867060124,0.5169879132939876,0.5073891625615764,0.5412844036697247,350,2026-09-30 04:25:30,2026-09-30 04:19:27,2026-09-30 07:00:00,3746816500
shan|y|yang|a,shan|y,yang|a,Yu Shan,Anna Yang,ITF Women Maanshan - R1,2026-09-30 04:49:00,0.12915787521102795,0.8708421247889722,0.16891891891891891,0.90234375,50,2026-09-29 12:20:30,2026-09-29 12:17:37,2026-09-30 05:06:00,3746119546
shao|y|zakharova|a,shao|y,zakharova|a,Yushan Shao,Anastasia Zakharova,WTA Beijing - R1,2026-10-01 09:00:00,0.06758370117136481,0.9324162988286353,0.08888888888888889,0.9489013796627491,250,2026-09-29 08:52:42,2026-09-29 08:44:49,2026-10-01 09:00:00,3745923840
shapovalov|d|shimabukuro|s,shapovalov|d,shimabukuro|s,Denis Shapovalov,Sho Shimabukuro,ATP Tokyo - R1,2026-10-01 07:25:00,0.7769573062641579,0.22304269373584204,0.793388429752066,0.24038461538461536,250,2026-09-29 07:56:31,2026-09-29 07:56:07,2026-10-01 07:25:00,3745894807
sharipov|m|svrcina|d,sharipov|m,svrcina|d,Marat Sharipov,Dalibor Svrcina,ATP Challenger Jingshan - R1,2026-09-30 05:00:00,0.49768513556854327,0.5023148644314568,0.5169082125603864,0.5215311004784688,150,2026-09-29 15:21:32,2026-09-29 15:19:39,2026-09-30 05:00:00,3746261415
sharipov|m|ymer|e,sharipov|m,ymer|e,Marat Sharipov,Elias Ymer,ATP Challenger Guangzhou - QF,2026-09-18 09:53:35,0.6466465209874802,0.3533534790125199,0.6632996632996633,0.37037037037037035,250,2026-09-17 16:33:01,2026-09-17 16:33:01,2026-09-18 09:53:35,3732091852
shcherbinina|a|strakhova|v,shcherbinina|a,strakhova|v,Alina Shcherbinina,Valeriya Strakhova,ITF Women Berkeley - R1,2026-09-23 19:30:00,0.6898419610762313,0.31015803892376886,0.7214484679665738,0.3436426116838488,150,2026-09-23 03:48:03,2026-09-23 03:48:03,2026-09-23 19:30:00,3739053147
shelbayh|a|tu|l,shelbayh|a,tu|l,Abdullah Shelbayh,Li Tu,ATP Challenger Columbus - R1,2026-09-29 15:10:00,0.5714920741902716,0.4285079258097285,0.5951417004048584,0.45248868778280543,150,2026-09-29 08:35:41,2026-09-29 08:26:19,2026-09-29 15:10:00,3745907603
shepp|a|shimabukuro|s,shepp|a,shimabukuro|s,Anton Shepp,Sho Shimabukuro,Davis Cup World - Group 1,2026-09-20 03:28:00,0.2674149110614965,0.7325850889385036,0.2849002849002849,0.7493734335839599,250,2026-09-19 14:19:28,2026-09-19 14:12:04,2026-09-20 03:28:00,3734480869
shibahara|e|yoshimoto|n,shibahara|e,yoshimoto|n,Ena Shibahara,Natsuki Yoshimoto,ITF Women Kyoto - QF,2026-09-18 03:23:33,0.7350737301607428,0.2649262698392571,0.7668997668997669,0.29940119760479045,250,2026-09-17 10:41:18,2026-09-17 10:41:18,2026-09-18 03:23:33,3731831301
shimabukuro|s|watt|j,shimabukuro|s,watt|j,Sho Shimabukuro,James Watt,Davis Cup World - Group 1,2026-09-19 02:01:00,0.8058711057306543,0.19412889426934546,0.8220640569395018,0.2114164904862579,450,2026-09-18 13:37:56,2026-09-18 13:32:47,2026-09-19 02:01:00,3732792698
shimizu|e|tsao|c,shimizu|e,tsao|c,Eri Shimizu,Chia Yi Tsao,ITF Women Nanao - R1,2026-09-23 03:00:00,0.5606193748106267,0.4393806251893734,0.5967741935483871,0.47619047619047616,50,2026-09-22 12:47:51,2026-09-22 12:39:36,2026-09-23 03:00:00,3738425363
shimizu|y|tomic|b,shimizu|y,tomic|b,Yuta Shimizu,Bernard Tomic,ATP Challenger Jingshan - R16,2026-10-01 05:30:00,0.3906249999999999,0.6093750000000001,0.4098360655737705,0.6282527881040892,200,2026-09-30 15:35:35,2026-09-30 15:23:50,2026-10-01 05:30:00,3747286408
shiraishi|h|walton|a,shiraishi|h,walton|a,Hikaru Shiraishi,Adam Walton,ATP Challenger Jingshan - Qualifiers,2026-09-28 05:10:00,0.06693176902287987,0.9330682309771203,0.09541984732824427,0.9534883720930232,100,2026-09-27 23:43:39,2026-09-27 23:37:56,2026-09-28 05:10:00,3745167372
shi|h|zheng|q,shi|h,zheng|q,Han Shi,Qinwen Zheng,WTA Beijing - R1,2026-10-01 03:05:00,0.09167475868896599,0.9083252413110341,0.1145475372279496,0.927007299270073,250,2026-09-30 08:19:27,2026-09-30 08:17:21,2026-10-01 03:05:00,3746940542
shnaider|d|tjen|j,shnaider|d,tjen|j,Diana Shnaider,Janice Tjen,WTA Beijing - R2,2026-10-02 03:00:00,0.7234007934718486,0.2765992065281514,0.7402597402597403,0.29411764705882354,275,2026-10-01 08:17:30,2026-10-01 08:15:29,2026-10-02 03:00:00,3747974509
shubladze|a|sidorova|k,shubladze|a,sidorova|k,Alexandra Shubladze,Kristiana Sidorova,ITF Women Shenyang - R16,2026-09-17 03:42:00,0.8542785065374223,0.14572149346257765,0.8833138856476079,0.18050541516245489,225,2026-09-16 19:13:15,2026-09-16 19:01:39,2026-09-17 03:42:00,3731307011
shubladze|a|wei|s,shubladze|a,wei|s,Alexandra Shubladze,Sijia Wei,WTA 125k Jingshan - QF,2026-10-02 03:00:00,0.767175859006347,0.23282414099365323,0.790356394129979,0.2577319587628866,200,2026-09-30 23:57:06,2026-09-30 23:57:06,2026-10-02 03:00:00,3747748612
shubladze|s|tian|s,shubladze|s,tian|s,Sofya Lansere / Alexandra Shubladze,Shuo Feng / Fangran Tian,WTA 125k Jingshan - Doubles,2026-09-30 06:00:00,0.6441491025307752,0.35585089746922477,0.6845425867507886,0.39840637450199207,100,2026-09-29 16:37:43,2026-09-29 16:29:37,2026-09-30 06:00:00,3746318319
sibanda|m|verwerft|l,sibanda|m,verwerft|l,Mehluli Don Ayanda Sibanda,Lars Goran Verwerft,ITF Men Monastir - R1,2026-09-23 10:30:00,0.29236940221007063,0.7076305977899292,0.33112582781456956,0.7435897435897436,50,2026-09-23 05:41:44,2026-09-23 05:35:55,2026-09-23 10:30:00,3739094009
sidorova|k|wei|s,sidorova|k,wei|s,Kristiana Sidorova,Sijia Wei,ITF Women Shenyang - Final,2026-09-20 02:00:00,0.47840808527746675,0.5215919147225333,0.5145631067961165,0.5575221238938054,75,2026-09-19 04:42:52,2026-09-19 04:38:27,2026-09-20 02:00:00,3733743092
silva|f|smith|m,silva|f,smith|m,Freya Christie / Eden Silva,Mana Ayukawa / Emily Webley-Smith,WTA 125K Porto - Doubles,2026-09-21 13:00:00,0.7538915836839329,0.24610841631606717,0.7929606625258799,0.2898550724637681,150,2026-09-21 08:44:47,2026-09-21 08:43:00,2026-09-21 13:00:00,3737589551
silva|j|vidal|l,silva|j,vidal|l,Julia Konishi Camargo Silva,Leticia Garcia Vidal,ITF Women Belem - QF,2026-09-25 19:57:06,0.5907224111766091,0.40927758882339127,0.626865671641791,0.4464285714285714,75,2026-09-25 01:48:53,2026-09-25 01:47:48,2026-09-25 19:57:06,3740922620
silva|v|tikhonova|v,silva|v,tikhonova|v,Victoria Luiza Barros / Nauhany Vitoria Leme Da Silva,Valeriya Strakhova / Anastasia Tikhonova,WTA Sao Paulo - Doubles,2026-09-18 14:00:00,0.3382346309134709,0.661765369086529,0.36496350364963503,0.6875,500,2026-09-18 09:21:31,2026-09-18 09:16:13,2026-09-18 14:00:00,3732605082
simes|a|thompson|b,simes|a,thompson|b,Ashleigh Simes,Belle Thompson,ITF Women Wagga Wagga - R1,2026-09-30 03:57:12,0.42588791952803395,0.5741120804719662,0.4587155963302753,0.6062992125984252,150,2026-09-29 03:35:05,2026-09-29 03:24:18,2026-09-30 03:57:12,3745794337
simes|a|uemura|m,simes|a,uemura|m,Ashleigh Simes,Mutsumi Uemura,ITF Women Wagga Wagga - QF,2026-10-02 00:00:00,0.25214917651170193,0.747850823488298,0.29154518950437314,0.7835497835497836,75,2026-10-01 10:24:47,2026-10-01 10:21:16,2026-10-02 00:00:00,3748075142
simion|o|stamatova|j,simion|o,stamatova|j,Oana Georgeta Simion,Julia Stamatova,ITF Women Varna - R1,2026-09-30 08:24:00,0.8167647650828204,0.18323523491717958,0.8473282442748092,0.2183406113537118,225,2026-09-30 00:23:26,2026-09-30 00:17:47,2026-09-30 08:24:00,3746730345
simonsson|j|vinciguerra|w,simonsson|j,vinciguerra|w,Jan Simonsson,Willian Rejchtman Vinciguerra,ITF Men Falun - R1,2026-09-21 14:45:47,0.2189170331677981,0.7810829668322021,0.25380710659898476,0.8123827392120074,150,2026-09-21 00:25:23,2026-09-21 00:24:49,2026-09-21 14:45:47,3737465465
sinclair|c|vujic|s,sinclair|c,vujic|s,Colin Sinclair,Stefan Vujic,ITF Men Darwin - R1,2026-09-30 09:09:00,0.6805471163303197,0.31945288366968044,0.7126436781609194,0.35335689045936397,150,2026-09-29 02:48:34,2026-09-29 02:48:34,2026-09-30 09:09:00,3745788627
sinclair|c|yang|z,sinclair|c,yang|z,Colin Sinclair,Zijiang Yang,ITF Men Yinchuan - R1,2026-09-23 04:00:00,0.9481441890316504,0.051855810968349764,0.9691833590138674,0.08598452278589853,50,2026-09-22 12:47:51,2026-09-22 12:38:50,2026-09-23 04:00:00,3738419611
singh|d|skvortcov|p,singh|d,skvortcov|p,Digvijay Pratap Singh,Pavel Skvortcov,ITF Men Baku - R1,2026-09-23 07:30:00,0.8421684586279821,0.15783154137201788,0.87546699875467,0.19801980198019803,50,2026-09-23 05:48:17,2026-09-23 05:48:17,2026-09-23 07:30:00,3739099779
singh|d|walters|m,singh|d,walters|m,Digvijay Pratap Singh,Marcus Walters,ITF Men Baku - R16,2026-09-24 07:30:00,0.6392795995188446,0.36072040048115545,0.6753246753246753,0.39840637450199207,50,2026-09-24 00:37:45,2026-09-24 00:28:58,2026-09-24 07:30:00,3740007665
singh|k|strombachs|r,singh|k,strombachs|r,Karan Singh,Robert Strombachs,ITF Men Sharm El Sheikh - Final,2026-09-27 07:05:00,0.38241030968994677,0.6175896903100532,0.42016806722689076,0.6539792387543253,75,2026-09-26 15:28:54,2026-09-26 15:24:47,2026-09-27 07:05:00,3742887482
singh|k|waldner|n,singh|k,waldner|n,Karan Singh,Niklas Waldner,ITF Men Sharm El Sheikh - R16,2026-09-24 09:00:00,0.8671197488451898,0.13288025115481022,0.8988877654196158,0.17271157167530224,50,2026-09-23 23:52:34,2026-09-23 23:52:34,2026-09-24 09:00:00,3739985467
siniakova|m|tormo|c,siniakova|m,tormo|c,Marie Bouzkova / Katerina Siniakova,Cristina Bucsa / Sara Sorribes Tormo,Billie Jean King Cup - Doubles,2026-09-25 12:05:00,0.7237292316441883,0.27627076835581194,0.7530864197530864,0.3076923076923077,50,2026-09-25 08:59:29,2026-09-25 08:54:51,2026-09-25 12:05:00,3741064964
siskova|a|tran|d,siskova|a,tran|d,Anna Siskova,Demi Tran,ITF Women Le Neubourg - R16,2026-09-17 11:00:00,0.9702210225248263,0.02977897747517372,0.9808905025797823,0.046125461254612546,350,2026-09-16 19:13:15,2026-09-16 19:01:39,2026-09-17 10:12:23,3731221677
siskova|v|valdmannova|a,siskova|v,valdmannova|a,Viktoria Hruncakova / Anna Siskova,Angelica Moratelli / Vendula Valdmannova,WTA 125K Adana - Doubles,2026-10-01 13:00:00,0.6655490289820135,0.33445097101798654,0.7058823529411764,0.37735849056603776,100,2026-10-01 09:47:06,2026-10-01 09:46:05,2026-10-01 13:00:00,3748031655
smith|j|tikhonova|v,smith|j,tikhonova|v,Justina Mikulskyte / Alana Smith,Valeriya Strakhova / Anastasia Tikhonova,WTA Sao Paulo - Doubles,2026-09-17 19:00:00,0.39259928850825,0.60740071149175,0.42372881355932196,0.6376811594202898,150,2026-09-17 09:08:45,2026-09-17 09:08:45,2026-09-17 19:00:00,3731745457
smith|j|vickery|l,smith|j,vickery|l,Jack Bruce Smith,Lachlan Vickery,ITF Men Darwin - R1,2026-09-30 06:30:00,0.45827062280722264,0.5417293771927775,0.49504950495049505,0.5780590717299579,50,2026-09-29 23:39:15,2026-09-29 23:32:28,2026-09-30 06:30:00,3746717603
smith|k|winter|e,smith|k,winter|e,Keegan Smith,Edward Winter,ATP Challenger San Diego - R1,2026-09-21 23:20:00,0.6004045819979041,0.3995954180020959,0.6240601503759399,0.42372881355932196,150,2026-09-21 12:29:34,2026-09-21 12:29:28,2026-09-21 23:20:00,3737688654
smith|m|yamalapalli|n,smith|m,yamalapalli|n,Mana Ayukawa / Emily Webley-Smith,Naiktha Bains / Sahaja Yamalapalli,WTA 125K Porto - Doubles,2026-09-24 15:10:00,0.33920428403499664,0.6607957159650033,0.37735849056603776,0.696969696969697,500,2026-09-24 08:55:03,2026-09-24 08:50:55,2026-09-24 15:10:00,3740224234
souza|r|stefani|g,souza|r,stefani|g,Rebeca Pereira / Marjorie Souza,Gabriela Dabrowski / Luisa Stefani,WTA Sao Paulo - Doubles,2026-09-17 14:00:00,0.040201533871048856,0.9597984661289513,0.08064516129032258,0.9803921568627451,150,2026-09-17 09:26:23,2026-09-17 09:22:12,2026-09-17 14:00:00,3731762146
sperle|j|vela|g,sperle|j,vela|g,John Sperle,Giuseppe La Vela,ATP Challenger Bari - Qualifiers,2026-09-27 12:00:00,0.5288568614146831,0.471143138585317,0.5575221238938054,0.5,75,2026-09-27 05:42:09,2026-09-27 05:37:05,2026-09-27 13:00:00,3743845569
spiteri|d|tubello|a,spiteri|d,tubello|a,Dalila Spiteri,Alice Tubello,WTA 125k Tolentino - R1,2026-09-22 09:30:00,0.189989480571628,0.810010519428372,0.2150537634408602,0.8327759197324415,200,2026-09-22 01:34:39,2026-09-22 01:34:25,2026-09-22 08:41:33,3738039455
stearns|p|stephens|s,stearns|p,stephens|s,Peyton Stearns,Sloane Stephens,WTA Guadalajara - QF,2026-09-18 04:00:00,0.6178700232206276,0.38212997677937255,0.6323529411764706,0.3968253968253968,3600,2026-09-16 19:13:15,2026-09-16 19:01:39,2026-09-18 02:48:50,3730908039
stearns|p|vandecasteele|q,stearns|p,vandecasteele|q,Preston Stearns,Quinn Vandecasteele,ATP Challenger Columbus - Qualifiers,2026-09-27 22:00:00,0.33622102038945706,0.663778979610543,0.36496350364963503,0.691358024691358,75,2026-09-27 06:53:52,2026-09-27 06:52:35,2026-09-27 22:00:00,3743894418
stefani|g|you|y,stefani|g,you|y,Gabriela Dabrowski / Luisa Stefani,Yiming Dang / Xiaodi You,WTA Sao Paulo - Doubles,2026-09-19 19:55:00,0.9221732382002947,0.07782676179970524,0.9473684210526315,0.11363636363636363,125,2026-09-19 11:50:12,2026-09-19 11:48:47,2026-09-19 19:55:00,3734129766
stefani|g|zamarripa|a,stefani|g,zamarripa|a,Gabriela Dabrowski / Luisa Stefani,Anna Rogers / Allura Zamarripa,WTA Sao Paulo - Doubles,2026-09-20 16:00:00,0.8485299209619698,0.15147007903803017,0.8765432098765432,0.18450184501845018,150,2026-09-20 11:19:35,2026-09-20 11:19:35,2026-09-20 16:00:00,3736164780
stefano|s|struplova|j,stefano|s,struplova|j,Samira De Stefano,Julie Struplova,WTA 125k Tolentino - R1,2026-09-22 15:00:00,0.7177024109895731,0.282297589010427,0.7409326424870467,0.3067484662576687,200,2026-09-21 15:45:42,2026-09-21 15:45:39,2026-09-22 14:45:00,3737790285
stefano|s|tubello|a,stefano|s,tubello|a,Samira De Stefano,Alice Tubello,WTA 125K Ljubljana - QF,2026-09-18 10:00:00,0.5159252299148626,0.4840747700851375,0.5391705069124424,0.5073891625615764,200,2026-09-16 23:31:54,2026-09-16 23:28:09,2026-09-18 09:38:51,3731486203
steiner|v|swan|k,steiner|v,swan|k,Valentina Steiner,Katie Swan,WTA 125K Porto - R16,2026-09-24 13:59:18,0.16803442544422048,0.8319655745557797,0.1953125,0.856115107913669,275,2026-09-23 16:22:52,2026-09-23 16:22:52,2026-09-24 14:45:00,3739666668
steiner|v|werner|c,steiner|v,werner|c,Valentina Steiner,Caroline Werner,WTA 125K Porto - R1,2026-09-22 15:00:56,0.33183409893416543,0.6681659010658343,0.35587188612099646,0.691358024691358,200,2026-09-22 01:34:39,2026-09-22 01:34:25,2026-09-22 15:00:56,3738042350
stevens|e|te|j,stevens|e,te|j,Evan King / Bart Stevens,Jie Cui / Rigele Te,ATP Hangzhou - Doubles,2026-09-25 10:44:00,0.7398967112804413,0.26010328871955896,0.76905311778291,0.29154518950437314,150,2026-09-24 16:21:32,2026-09-24 16:14:10,2026-09-25 10:44:00,3740549126
stevens|e|watt|f,stevens|e,watt|f,Evan King / Bart Stevens,Finn Reynolds / James Watt,ATP Hangzhou - Doubles,2026-09-26 08:10:00,0.37864799134054894,0.6213520086594514,0.4098360655737705,0.6515679442508712,125,2026-09-25 17:41:17,2026-09-25 17:38:48,2026-09-26 08:10:00,3741524442
strombachs|r|zakaria|f,strombachs|r,zakaria|f,Robert Strombachs,Fares Zakaria,ITF Men Sharm El Sheikh - QF,2026-09-25 07:00:00,0.714004427836382,0.2859955721636181,0.7461928934010152,0.3205128205128205,250,2026-09-24 23:50:52,2026-09-24 23:50:52,2026-09-25 07:00:00,3740866778
struff|j|tirante|t,struff|j,tirante|t,Jan-Lennard Struff,Thiago Agustin Tirante,ATP Beijing - R1,2026-09-30 06:00:00,0.38448602564175977,0.6155139743582401,0.4016064257028112,0.6323529411764706,250,2026-09-29 05:24:04,2026-09-29 05:24:04,2026-09-30 05:58:36,3745833029
sun|f|tomic|b,sun|f,tomic|b,Fajing Sun,Bernard Tomic,ATP Challenger Jingshan - R1,2026-09-29 08:56:00,0.3646081617649165,0.6353918382350836,0.3861003861003861,0.6563573883161512,250,2026-09-22 13:33:29,2026-09-22 13:25:36,2026-09-29 08:36:03,3738466626
sun|j|sun|y,sun|j,sun|y,Junlu Sun,Yingqun Sun,ITF Women Maanshan - R1,2026-09-29 05:56:00,0.24476915261663573,0.7552308473833642,0.27932960893854747,0.7867803837953092,150,2026-09-28 14:49:04,2026-09-28 14:47:23,2026-09-29 06:00:00,3745511855
sun|y|wang|y,sun|y,wang|y,Yingqun Sun,Yuhan Wang,ITF Women Maanshan - QF,2026-09-25 02:00:00,0.230666347918308,0.7693336520816921,0.27027027027027023,0.8046875000000001,75,2026-09-24 11:30:34,2026-09-24 11:27:18,2026-09-25 02:00:00,3740354652
sun|y|xu|j,sun|y,xu|j,Yingqun Sun,Jiayu Xu,ITF Women Maanshan - QF,2026-10-02 02:00:00,0.7276510239422493,0.27234897605775077,0.7635933806146572,0.3115264797507788,75,2026-10-01 09:47:06,2026-10-01 09:46:05,2026-10-02 02:00:00,3748039399
supova|k|zhenikhova|s,supova|k,zhenikhova|s,Kali Supova,Sonja Zhenikhova,ITF Women Varna - R1,2026-09-30 08:22:00,0.6286771352034849,0.3713228647965151,0.6610169491525424,0.40485829959514175,225,2026-09-30 00:23:26,2026-09-30 00:17:47,2026-09-30 08:27:32,3746730345
sutjiadi|e|xu|q,sutjiadi|e,xu|q,Erin Routliffe / Aldila Sutjiadi,Qianhui Tang / Yi-Fan Xu,WTA Singapore - Doubles,2026-09-27 07:00:00,0.6132082601230353,0.3867917398769647,0.6389891696750902,0.4132231404958678,500,2026-09-26 17:56:54,2026-09-26 17:56:54,2026-09-27 06:50:00,3743227832
suvirdjonkova|d|yang|a,suvirdjonkova|d,yang|a,Darja Suvirdjonkova,Anna Yang,ITF Women Maanshan - R1,2026-09-23 02:38:00,0.33797769580909726,0.6620223041909029,0.3623188405797102,0.6855345911949686,450,2026-09-23 00:58:42,2026-09-23 00:58:34,2026-09-23 01:44:15,3738976274
svajda|t|zheng|m,svajda|t,zheng|m,Trevor Svajda,Michael Zheng,ATP Challenger Tiburon - R16,2026-09-17 23:10:00,0.261049646656494,0.7389503533435061,0.2808988764044944,0.7578692493946732,200,2026-09-17 08:27:18,2026-09-17 08:21:50,2026-09-17 23:13:24,3731718668
sverzut|c|zanellato|n,sverzut|c,zanellato|n,Corsini Lorenzo Sverzut,Nicolas Zanellato,ITF Men Belem - QF,2026-09-18 22:00:00,0.047150332890135704,0.9528496671098641,0.08045052292839903,0.9727742989381978,75,2026-09-18 06:13:29,2026-09-18 06:09:25,2026-09-18 22:00:00,3732527056
swan|k|yamalapalli|s,swan|k,yamalapalli|s,Katie Swan,Sahaja Yamalapalli,WTA 125K Porto - R1,2026-09-22 11:00:00,0.8946380828945792,0.10536191710542037,0.9192897497982244,0.1364256480218281,200,2026-09-21 17:44:31,2026-09-21 17:43:11,2026-09-22 11:00:00,3737856738
swenson|b|tomizawa|n,swenson|b,tomizawa|n,Bjorn Swenson,Naoto Tomizawa,ITF Men Ann Arbor - R1,2026-09-30 17:30:00,0.6197053205632067,0.38029467943679335,0.6515679442508712,0.4132231404958678,150,2026-09-30 07:28:25,2026-09-30 07:20:43,2026-09-30 17:30:00,3746900537
szabo|b|vismane|d,szabo|b,vismane|d,Briana Szabo,Daniela Vismane,ITF Women Baza - R1,2026-09-29 12:49:00,0.5139593700951712,0.4860406299048289,0.5515695067264574,0.5238095238095238,50,2026-09-29 03:14:34,2026-09-29 03:09:13,2026-09-29 11:56:03,3745791347
sziedat|f|valente|d,sziedat|f,valente|d,Franziska Sziedat,Denise Valente,ITF Women Santa Margherita di Pula - R1,2026-09-23 08:30:00,0.8445014936379786,0.1554985063620217,0.8740554156171284,0.19047619047619047,225,2026-09-23 03:24:41,2026-09-23 03:15:47,2026-09-23 07:41:47,3739041756
tabacco|f|tabacco|g,tabacco|f,tabacco|g,Fausto Tabacco,Giorgio Tabacco,ITF Men Sintra - SF,2026-09-19 11:00:00,0.5453253428625837,0.4546746571374164,0.5780590717299579,0.48780487804878053,150,2026-09-18 21:39:16,2026-09-18 21:38:33,2026-09-19 09:15:56,3733521790
tabacco|f|torre|i,tabacco|f,torre|i,Fausto Tabacco,Inaki Montes-De La Torre,ITF Men Setubal - R16,2026-09-24 12:00:00,0.2224009413351388,0.7775990586648612,0.2570694087403599,0.8087954110898662,225,2026-09-24 00:37:45,2026-09-24 00:22:48,2026-09-24 12:00:00,3740004026
taberner|c|wiskandt|m,taberner|c,wiskandt|m,Carlos Taberner,Max Wiskandt,ATP Challenger Plovdiv - R16,2026-09-23 13:01:00,0.7108603303017711,0.28913966969822874,0.7340425531914894,0.31347962382445144,150,2026-09-22 16:56:32,2026-09-22 16:55:27,2026-09-23 12:56:38,3738630418
tanguilig|c|tan|h,tanguilig|c,tan|h,Carson Tanguilig,Harmony Tan,ITF Women Quinta Do Lago - R1,2026-09-29 10:18:08,0.23805981598623552,0.7619401840137645,0.2777777777777778,0.7975708502024291,50,2026-09-28 23:10:03,2026-09-28 23:07:33,2026-09-29 10:00:00,3745736854
tang|x|wang|y,tang|x,wang|y,Xiao Tang,Yuhan Wang,ITF Women Maanshan - R16,2026-09-24 03:04:00,0.15062171662171014,0.8493782833782898,0.19083969465648853,0.8823529411764706,50,2026-09-23 14:55:45,2026-09-23 14:50:59,2026-09-24 03:04:00,3739586538
tan|h|vedder|e,tan|h,vedder|e,Harmony Tan,Eva Vedder,ITF Women Quinta Do Lago - R16,2026-10-01 12:00:00,0.6197053205632067,0.38029467943679335,0.6515679442508712,0.4132231404958678,225,2026-10-01 00:33:09,2026-10-01 00:27:21,2026-10-01 12:00:00,3747760192
tan|h|voloshchuk|a,tan|h,voloshchuk|a,Harmony Tan,Angelina Voloshchuk,WTA 125K Porto - R16,2026-09-24 13:00:00,0.6670547634878301,0.3329452365121699,0.6904024767801857,0.35714285714285715,200,2026-09-23 15:21:24,2026-09-23 15:21:24,2026-09-24 13:00:00,3739614333
tararudee|l|uchijima|m,tararudee|l,uchijima|m,Lanlana Tararudee,Moyuka Uchijima,WTA Seoul - R1,2026-09-21 03:10:00,0.6687709852274712,0.33122901477252875,0.6855345911949686,0.3484320557491289,250,2026-09-20 09:03:02,2026-09-20 09:03:02,2026-09-21 03:10:00,3735968028
te|r|tomic|b,te|r,tomic|b,Rigele Te,Bernard Tomic,ATP Hangzhou - Qualifiers,2026-09-22 05:30:00,0.16189045269965086,0.8381095473003493,0.1841620626151013,0.8581560283687945,250,2026-09-21 23:58:53,2026-09-21 23:52:10,2026-09-22 05:30:00,3738007237
tien|l|zverev|a,tien|l,zverev|a,Learner Tien,Alexander Zverev,ATP Laver Cup,2026-09-27 14:15:00,0.29587086146897323,0.704129138531027,0.31545741324921134,0.7229916897506925,200,2026-09-27 07:23:04,2026-09-27 07:22:46,2026-09-27 13:32:06,3743903630
tikhonova|a|waltert|s,tikhonova|a,waltert|s,Anastasia Tikhonova,Simona Waltert,WTA 125K Adana - R1,2026-09-29 09:00:00,0.24632921327147278,0.7536707867285272,0.2710027100271003,0.7767857142857143,200,2026-09-28 17:01:01,2026-09-28 17:01:01,2026-09-29 09:00:00,3745583360
tikhonova|e|zaytseva|m,tikhonova|e,zaytseva|m,Elena Pridankina / Anastasia Tikhonova,Mariana Drazic / Ksenia Zaytseva,WTA 125K Ankara - Doubles,2026-09-22 12:10:00,0.813848861282947,0.1861511387170531,0.8516320474777449,0.23094688221709006,100,2026-09-22 08:34:45,2026-09-22 08:32:10,2026-09-22 12:10:00,3738223601
tikhonova|v|zamarripa|a,tikhonova|v,zamarripa|a,Valeriya Strakhova / Anastasia Tikhonova,Anna Rogers / Allura Zamarripa,WTA Sao Paulo - Doubles,2026-09-19 16:10:00,0.47414630713452915,0.5258536928654708,0.5,0.5515695067264574,500,2026-09-19 12:42:25,2026-09-19 12:41:31,2026-09-19 16:10:00,3734216693
timofeeva|m|vidmanova|d,timofeeva|m,vidmanova|d,Maria Timofeeva,Darja Vidmanova,WTA Beijing - R1,2026-09-30 04:00:00,0.5836429255050585,0.4163570744949415,0.6000000000000001,0.4329004329004329,250,2026-09-29 09:23:41,2026-09-29 09:11:38,2026-09-30 04:00:00,3745933690
tiukaev|r|tkemaladze|z,tiukaev|r,tkemaladze|z,Ruslan Tiukaev,Zura Tkemaladze,ITF Men Telavi - R1,2026-09-23 10:48:27,0.7024841059854312,0.29751589401456885,0.7389033942558746,0.3367003367003367,50,2026-09-23 05:41:44,2026-09-23 05:30:25,2026-09-23 10:48:27,3739090972
tobon|m|torres|j,tobon|m,torres|j,Miguel Tobon,Juan Bautista Torres,ATP Challenger Curitiba - R1,2026-09-29 14:00:00,0.3723088760619887,0.6276911239380114,0.3968253968253968,0.6515679442508712,150,2026-09-29 02:02:52,2026-09-29 01:55:32,2026-09-29 14:00:00,3745778564
tomida|y|yamanaka|t,tomida|y,yamanaka|t,Yuta Tomida,Taiyo Yamanaka,ITF Men Luan - R16,2026-10-01 02:00:00,0.4795111077057545,0.5204888922942454,0.5024875621890548,0.5433789954337899,350,2026-09-30 13:19:24,2026-09-30 13:08:00,2026-10-01 02:00:00,3747170387
tormo|s|zheng|w,tormo|s,zheng|w,Sara Sorribes Tormo,Wushuang Zheng,WTA 125k Jingshan - R16,2026-09-30 07:00:00,0.8215919287703598,0.17840807122964034,0.8439937597503899,0.2032520325203252,200,2026-09-29 15:34:27,2026-09-29 15:29:15,2026-09-30 07:00:00,3746263854
torres|j|vera|t,torres|j,vera|t,Juan Bautista Torres,Tomas Barrios Vera,ATP Challenger Curitiba - R16,2026-09-30 16:00:00,0.3396482768066036,0.6603517231933964,0.36363636363636365,0.6835443037974683,150,2026-09-30 09:26:40,2026-09-30 09:21:30,2026-09-30 16:00:00,3746993909
tracy|f|winegar|j,tracy|f,winegar|j,Francisco Cabral / James Tracy,Jean-Julien Rojer / Theo Winegar,ATP Hangzhou - Doubles,2026-09-28 07:40:00,0.5725132013323381,0.427486798667662,0.6031746031746031,0.4587155963302753,150,2026-09-27 15:41:27,2026-09-27 15:40:50,2026-09-28 07:40:00,3744591574
tracy|f|zhang|f,tracy|f,zhang|f,Francisco Cabral / James Tracy,Fajing Sun / Zhizhen Zhang,ATP Hangzhou - Doubles,2026-09-25 12:01:00,0.6651095778927677,0.33489042210723236,0.6951219512195121,0.3663003663003663,150,2026-09-24 16:34:18,2026-09-24 16:29:15,2026-09-25 12:01:00,3740552389
trotter|j|tu|l,trotter|j,tu|l,James Trotter,Li Tu,ATP Challenger Columbus - Qualifiers,2026-09-28 16:00:00,0.5134024799894573,0.4865975200105428,0.5412844036697247,0.5145631067961165,250,2026-09-28 01:43:49,2026-09-28 01:29:23,2026-09-28 15:36:54,3745223884
trufelli|t|varga|a,trufelli|t,varga|a,Timeo Trufelli,Attila Hueller Varga,ITF Men Forbach - R1,2026-09-22 11:15:00,0.8976089815275995,0.10239101847240045,0.9266862170087977,0.14124293785310735,50,2026-09-21 21:04:55,2026-09-21 21:02:38,2026-09-22 11:15:00,3737959220
tseng|c|wallin|o,tseng|c,wallin|o,Chun Hsin Tseng,Olle Wallin,Davis Cup World - Group 1,2026-09-20 06:13:00,0.6521472931876019,0.34785270681239805,0.6688741721854304,0.36496350364963503,250,2026-09-19 14:27:29,2026-09-19 14:27:09,2026-09-20 05:20:29,3734517634
tsitsipas|p|wessels|l,tsitsipas|p,wessels|l,Petros Tsitsipas,Louis Wessels,ITF Men Slobozia - R1,2026-09-30 07:00:00,0.18953406714753024,0.8104659328524697,0.2247191011235955,0.8412698412698413,100,2026-09-29 00:52:22,2026-09-29 00:38:12,2026-09-30 07:00:00,3745753842
tsitsipas|s|vacherot|v,tsitsipas|s,vacherot|v,Stefanos Tsitsipas,Valentin Vacherot,ATP Tokyo - R16,2026-10-02 04:00:00,0.5946891817518234,0.40531081824817666,0.609375,0.42016806722689076,400,2026-10-01 08:56:46,2026-10-01 08:51:08,2026-10-02 04:00:00,3747996407
vacherot|v|vasa|e,vacherot|v,vasa|e,Valentin Vacherot,Eero Vasa,Davis Cup World - Group 1,2026-09-18 17:00:02,0.9645972696137823,0.03540273038621776,0.9754420432220039,0.05078720162519045,250,2026-09-18 09:00:14,2026-09-18 08:59:38,2026-09-18 17:00:02,3732598294
vacherot|v|virtanen|o,vacherot|v,virtanen|o,Valentin Vacherot,Otto Virtanen,Davis Cup World - Group 1,2026-09-19 14:28:00,0.6574792547248876,0.3425207452751124,0.6742671009771988,0.3597122302158273,250,2026-09-19 00:57:13,2026-09-19 00:57:13,2026-09-19 13:43:58,3733626801
valdmannova|a|waltert|d,valdmannova|a,waltert|d,Angelica Moratelli / Vendula Valdmannova,Dalma Galfi / Simona Waltert,WTA 125K Adana - Doubles,2026-09-30 15:40:00,0.4851564209926761,0.514843579007324,0.5260663507109005,0.5555555555555556,100,2026-09-29 16:23:56,2026-09-29 16:14:31,2026-09-30 15:40:00,3746298463
valdmannova|m|you|y,valdmannova|m,you|y,Mary Stoiana / Vendula Valdmannova,Yiming Dang / Xiaodi You,WTA Sao Paulo - Doubles,2026-09-18 21:00:00,0.7113959100409257,0.2886040899590744,0.7368421052631579,0.31545741324921134,250,2026-09-18 09:21:31,2026-09-18 09:16:13,2026-09-18 21:00:00,3732608075
vallejo|a|varillas|j,vallejo|a,varillas|j,Adolfo Daniel Vallejo,Juan Pablo Varillas,Davis Cup World - Group 1,2026-09-18 23:30:00,0.6552787455922762,0.34472125440772394,0.66996699669967,0.3597122302158273,1000,2026-09-18 09:21:31,2026-09-18 09:16:13,2026-09-18 23:30:00,3732610547
vallejo|a|wong|c,vallejo|a,wong|c,Adolfo Daniel Vallejo,Chak Lam Coleman Wong,ATP Hangzhou - R16,2026-09-26 13:48:48,0.3502965979914512,0.6497034020085489,0.36764705882352944,0.6666666666666666,1000,2026-09-25 08:43:52,2026-09-25 08:35:26,2026-09-26 13:48:48,3741049947
vaquero|c|yamalapalli|n,vaquero|c,yamalapalli|n,Celia Cervino Ruiz / Maria Martinez Vaquero,Naiktha Bains / Sahaja Yamalapalli,WTA 125K Porto - Doubles,2026-09-21 15:37:00,0.568202936074797,0.431797063925203,0.609375,0.4739336492890995,150,2026-09-21 08:44:47,2026-09-21 08:43:00,2026-09-21 15:37:00,3737590182
vaquero|m|yamalapalli|s,vaquero|m,yamalapalli|s,Maria Martinez Vaquero,Sahaja Yamalapalli,WTA 125K Porto - Qualifiers,2026-09-20 14:30:00,0.47392353200298415,0.5260764679970158,0.49751243781094534,0.5495495495495495,200,2026-09-19 23:38:04,2026-09-19 23:30:28,2026-09-20 14:30:00,3735606940
vavassori|s|watanabe|s,vavassori|s,watanabe|s,Simone Bolelli / Andrea Vavassori,Shintaro Mochizuki / Seita Watanabe,ATP Tokyo - Doubles,2026-10-01 05:00:00,0.8844668029293331,0.11553319707066698,0.9115044247787611,0.14947683109118085,50,2026-09-29 23:44:51,2026-09-29 23:41:29,2026-10-01 05:00:00,3746719396
vedder|e|werner|c,vedder|e,werner|c,Eva Vedder,Caroline Werner,ITF Women Quinta Do Lago - R1,2026-09-30 11:56:00,0.5043106652040431,0.49568933479595695,0.5412844036697247,0.5327102803738317,50,2026-09-29 02:57:29,2026-09-29 02:54:06,2026-09-30 11:56:00,3745788277
vekic|d|wang|x,vekic|d,wang|x,Donna Vekic,Xinyu Wang,WTA Singapore - R1,2026-09-22 07:00:00,0.5046733054165143,0.4953266945834858,0.5215311004784688,0.5121951219512195,250,2026-09-20 17:44:18,2026-09-20 17:40:23,2026-09-22 07:00:00,3737043121
veleva|v|zhenikhova|s,veleva|v,zhenikhova|s,Victoria Veleva,Sonja Zhenikhova,ITF Women Varna - R16,2026-10-01 07:00:00,0.13857885513198784,0.8614211448680121,0.17857142857142858,0.8936170212765957,50,2026-09-30 19:21:36,2026-09-30 19:10:20,2026-10-01 07:00:00,3747601219
venus|j|willis|d,venus|j,willis|d,John Peers / Michael Venus,David Stevenson / Marcus Willis,ATP Chengdu Open - Doubles,2026-09-25 02:55:00,0.5190860660295076,0.48091393397049237,0.5454545454545454,0.5073891625615764,500,2026-09-24 16:51:25,2026-09-24 16:47:51,2026-09-25 02:55:00,3740579652
venus|j|zielinski|l,venus|j,zielinski|l,John Peers / Michael Venus,Luke Johnson / Jan Zielinski,ATP Chengdu Open - Doubles,2026-09-26 05:00:00,0.46918160678027165,0.5308183932197285,0.5,0.5614035087719298,125,2026-09-25 08:53:54,2026-09-25 08:50:31,2026-09-26 05:00:00,3741059997
verbeek|s|watt|f,verbeek|s,watt|f,Sander Gille / Sem Verbeek,Finn Reynolds / James Watt,ATP Hangzhou - Doubles,2026-09-25 13:47:00,0.5209618881689717,0.4790381118310284,0.5515695067264574,0.5098039215686274,150,2026-09-24 16:34:18,2026-09-24 16:29:15,2026-09-25 14:30:00,3740559657
vogt|m|yashina|e,vogt|m,yashina|e,Marie Vogt,Ekaterina Yashina,WTA 125K Ankara - Qualifiers,2026-09-21 07:10:00,0.7652827210490023,0.23471727895099775,0.7885835095137421,0.2597402597402597,200,2026-09-20 16:39:43,2026-09-20 16:36:54,2026-09-21 07:10:00,3736918959
vukic|a|zhu|e,vukic|a,zhu|e,Aleksandar Vukic,Evan Zhu,ATP Challenger Jingshan - Qualifiers,2026-09-29 05:00:00,0.7756254681450337,0.22437453185496625,0.7987927565392354,0.24937655860349128,100,2026-09-28 10:35:50,2026-09-28 10:32:49,2026-09-29 05:00:00,3745392904
wagenaar|l|zeuch|t,wagenaar|l,zeuch|t,Lars Wagenaar,Tom Zeuch,ITF Men Forbach - R1,2026-09-22 07:00:00,0.1361631457955927,0.8638368542044074,0.17605633802816903,0.8958333333333334,50,2026-09-21 21:04:55,2026-09-21 21:02:38,2026-09-22 07:00:00,3737959435
wallner|j|zhou|z,wallner|j,zhou|z,Jakob Schnaitter / Mark Wallner,Zhizhen Zhang / Yi Zhou,ATP Beijing - Doubles,2026-10-01 07:10:00,0.6888219584313164,0.31117804156868356,0.7142857142857143,0.33783783783783783,500,2026-09-30 16:40:42,2026-09-30 16:39:20,2026-10-01 07:10:00,3747376422
wallner|j|zielinski|l,wallner|j,zielinski|l,Jakob Schnaitter / Mark Wallner,Luke Johnson / Jan Zielinski,ATP Chengdu Open - Doubles,2026-09-27 05:05:00,0.46697408643368327,0.5330259135663167,0.49751243781094534,0.5633187772925764,125,2026-09-26 14:20:21,2026-09-26 14:16:27,2026-09-27 05:00:00,3742653101
wang|j|yastremska|d,wang|j,yastremska|d,JiaYi Wang,Dayana Yastremska,WTA Beijing - Qualifiers,2026-09-28 03:00:00,0.11609043637164994,0.8839095636283502,0.14245014245014245,0.9059266227657572,250,2026-09-27 23:29:27,2026-09-27 23:28:38,2026-09-28 03:00:00,3745161392
wang|j|zhang|r,wang|j,zhang|r,JiaYi Wang,Ruien Zhang,ITF Women Shenyang - R16,2026-09-17 02:00:00,0.5870650840150483,0.4129349159849518,0.6197718631178707,0.4464285714285714,225,2026-09-16 19:13:15,2026-09-16 19:01:39,2026-09-17 02:00:00,3731306259
wang|j|zhang|y,wang|j,zhang|y,Jiaqi Wang,Ying Zhang,WTA 125k Jingshan - Qualifiers,2026-09-26 04:48:22,0.678196526293181,0.32180347370681905,0.7014925373134329,0.34602076124567477,200,2026-09-25 16:35:06,2026-09-25 16:31:03,2026-09-26 04:48:22,3741420270
wang|j|zheng|w,wang|j,zheng|w,Jiaqi Wang,Wushuang Zheng,WTA 125k Jingshan - Qualifiers,2026-09-27 06:00:00,0.5423142091883913,0.4576857908116087,0.5652173913043479,0.4807692307692307,200,2026-09-26 14:04:57,2026-09-26 14:02:52,2026-09-27 06:00:00,3742600308
wang|y|zharkikh|m,wang|y,zharkikh|m,Yuhan Wang,Mariya Zharkikh,ITF Women Maanshan - R1,2026-09-23 06:04:00,0.9727105204649624,0.027289479535037586,0.9828267216211576,0.04310344827586207,350,2026-09-23 00:58:42,2026-09-23 00:58:34,2026-09-23 06:04:00,3738968834
wehnelt|k|wiedenmann|l,wehnelt|k,wiedenmann|l,Kai Wehnelt,Luca Wiedenmann,ATP Challenger Plovdiv - Qualifiers,2026-09-20 10:58:31,0.606223699013506,0.3937763009864939,0.6336996336996338,0.42194092827004215,75,2026-09-20 01:31:56,2026-09-20 01:31:14,2026-09-20 10:58:31,3735709288
wei|s|yang|y,wei|s,yang|y,Sijia Wei,Yidi Yang,ITF Women Shenyang - QF,2026-09-18 02:30:00,0.5928887444637034,0.4071112555362966,0.6254681647940076,0.44052863436123346,250,2026-09-17 12:34:04,2026-09-17 12:23:21,2026-09-18 02:30:00,3731907355
wei|s|zhang|r,wei|s,zhang|r,Sijia Wei,Ruien Zhang,ITF Women Shenyang - SF,2026-09-19 02:00:00,0.7276968186006751,0.27230318139932513,0.7596153846153847,0.3067484662576687,250,2026-09-18 18:26:42,2026-09-18 18:19:39,2026-09-19 02:00:00,3733219225
winegar|j|withrow|n,winegar|j,withrow|n,Jean-Julien Rojer / Theo Winegar,Nathaniel Lammons / Jackson Withrow,ATP Hangzhou - Doubles,2026-09-25 08:40:00,0.46918160678027165,0.5308183932197285,0.5,0.5614035087719298,150,2026-09-24 15:30:57,2026-09-24 15:28:51,2026-09-25 08:50:00,3740521255
wolff|v|zhao|c,wolff|v,zhao|c,Vivian Wolff,Carol Zhao,WTA Beijing - Qualifiers,2026-09-28 03:00:00,0.6553506104057316,0.34464938959426833,0.6763754045307443,0.3663003663003663,250,2026-09-27 23:29:27,2026-09-27 23:28:38,2026-09-28 03:00:00,3745159447
wong|c|zhang|z,wong|c,zhang|z,Chak Lam Coleman Wong,Zhizhen Zhang,ATP Hangzhou - R1,2026-09-24 13:00:00,0.6184554126420599,0.3815445873579401,0.635036496350365,0.39840637450199207,250,2026-09-22 09:32:05,2026-09-22 09:22:32,2026-09-24 13:00:00,3738260064
wong|s|zeballos|m,wong|s,zeballos|m,Siu Chi Nicholas Cheng / Tsz Fu Wong,Murkel Dellien / Federico Zeballos,Davis Cup - Doubles,2026-09-19 20:00:00,0.05532105769067197,0.944678942309328,0.09328358208955223,0.9677419354838709,125,2026-09-19 12:05:37,2026-09-19 12:03:57,2026-09-19 20:00:00,3734146750
wu|h|ye|y,wu|h,ye|y,Hao Ching Chan / Fang-Hsien Wu,Ya-Hsin Lee / Qiu Yu Ye,WTA Seoul - Doubles,2026-09-27 04:00:00,0.6242217892526684,0.37577821074733164,0.6539792387543253,0.4065040650406504,125,2026-09-26 14:50:38,2026-09-26 14:48:36,2026-09-27 04:00:00,3742792795
wu|h|yuan|e,wu|h,yuan|e,Hao Ching Chan / Fang-Hsien Wu,En Shuo Liang / Yue Yuan,WTA Seoul - Doubles,2026-09-26 04:30:00,0.5308183932197285,0.46918160678027165,0.5614035087719298,0.5,150,2026-09-24 15:30:57,2026-09-24 15:28:51,2026-09-26 04:30:00,3740519238
wu|r|ye|s,wu|r,ye|s,Ru Xi Wu,Shiyu Ye,ITF Women Maanshan - R1,2026-09-22 05:32:14,0.3204885952792276,0.6795114047207725,0.35460992907801414,0.7118155619596541,150,2026-09-21 12:45:50,2026-09-21 12:44:33,2026-09-22 05:32:14,3737700533
yamaguchi|m|zheng|w,yamaguchi|m,zheng|w,Mei Yamaguchi,Wushuang Zheng,WTA 125k Jingshan - R1,2026-09-28 04:00:00,0.5563979455303343,0.4436020544696657,0.5798319327731092,0.4672897196261683,200,2026-09-27 17:38:57,2026-09-27 17:36:35,2026-09-28 03:14:32,3744814427
yang|m|ye|y,yang|m,ye|y,Meiqi Guo / Yidi Yang,Ya-Hsin Lee / Qiu Yu Ye,WTA 125k Jingshan - Doubles,2026-09-29 09:30:00,0.33445097101798654,0.6655490289820135,0.37735849056603776,0.7058823529411764,150,2026-09-27 15:41:27,2026-09-27 15:35:39,2026-09-29 09:30:00,3744602347
yashina|p|zheng|h,yashina|p,zheng|h,Priska Nugroho / Ekaterina Yashina,Hiroko Kuwata / Wushuang Zheng,WTA 125k Jingshan - Doubles,2026-09-29 09:40:00,0.3526532009172022,0.6473467990827976,0.390625,0.6835443037974683,175,2026-09-28 17:19:44,2026-09-28 17:19:43,2026-09-29 09:40:00,3745592802
yoruk|i|zaytseva|k,yoruk|i,zaytseva|k,Ilay Yoruk,Ksenia Zaytseva,WTA 125K Ankara - Qualifiers,2026-09-21 09:00:00,0.05740270256809582,0.9425972974319041,0.08481764206955048,0.9615236629472874,200,2026-09-20 16:45:19,2026-09-20 16:36:54,2026-09-21 09:00:00,3736916551
zamarripa|a|zimmermann|m,zamarripa|a,zimmermann|m,Anna Rogers / Allura Zamarripa,Michaela Bayerlova / Kimberley Zimmermann,WTA Sao Paulo - Doubles,2026-09-16 21:00:00,0.7857578241104662,0.2142421758895338,0.8087954110898662,0.23923444976076558,500,2026-09-16 19:13:15,2026-09-16 19:01:39,2026-09-16 21:00:00,3731271212
zaytseva|k|zidansek|t,zaytseva|k,zidansek|t,Ksenia Zaytseva,Tamara Zidansek,WTA Beijing - Qualifiers,2026-09-28 08:45:00,0.35128063149610383,0.6487193685038961,0.373134328358209,0.66996699669967,250,2026-09-27 23:38:13,2026-09-27 23:28:38,2026-09-28 08:45:00,3745163643
zeng|y|zheng|m,zeng|y,zheng|m,Yaojie Zeng,Michael Zheng,ATP Challenger Jingshan - R1,2026-09-29 06:30:00,0.022974241706384395,0.9770257582936157,0.03961965134706815,0.9867742362121413,100,2026-09-28 19:37:48,2026-09-28 19:36:16,2026-09-29 06:30:00,3745668825
zhang|r|zheng|w,zhang|r,zheng|w,Ruien Zhang,Wushuang Zheng,ITF Women Shenyang - QF,2026-09-18 02:53:00,0.5523759983316987,0.44762400166830135,0.5850622406639003,0.4807692307692307,375,2026-09-17 15:12:18,2026-09-17 15:09:24,2026-09-18 02:53:00,3732014960
zhang|y|zheng|h,zhang|y,zheng|h,Yu-Yun Li / Ying Zhang,Hiroko Kuwata / Wushuang Zheng,WTA 125k Jingshan - Doubles,2026-10-01 04:30:00,0.7385545303201854,0.26144546967981463,0.7777777777777779,0.3048780487804878,500,2026-09-30 16:27:30,2026-09-30 16:24:13,2026-10-01 04:30:00,3747338196
